image_id,class
1,DogEye
2,CatNose
3,CatNose
4,DogFace
5,DogMouth
6,CatNose
7,CatMouth
8,DogEye
9,DogMouth
10,CatFace
11,CatFace
12,CatNose
13,CatNose
14,CatMouth
15,CatFace
16,DogNose
17,DogMouth
18,DogMouth
19,DogNose
20,DogEye
21,CatMouth
22,CatEye
23,DogMouth
24,DogMouth
25,CatEye
26,CatNose
27,DogFace
28,CatNose
29,DogFace
30,DogMouth
31,DogMouth
32,CatEye
33,DogNose
34,CatEye
35,DogMouth
36,CatEye
37,DogNose
38,CatEye
39,CatMouth
40,CatEye
41,CatMouth
42,DogEye
43,CatMouth
44,CatEye
45,DogFace
46,DogEye
47,CatEye
48,DogMouth
49,CatMouth
50,CatEye
51,CatFace
52,CatFace
53,CatEye
54,CatMouth
55,CatEye
56,DogEye
57,CatFace
58,CatEye
59,DogEye
60,CatNose
61,CatEye
62,CatNose
63,DogFace
64,CatEye
65,CatNose
66,CatNose
67,DogFace
68,CatNose
69,DogNose
70,DogFace
71,DogNose
72,DogMouth
73,CatEye
74,CatEye
75,DogEye
76,DogFace
77,DogMouth
78,CatEye
79,DogNose
80,DogEye
81,CatEye
82,DogMouth
83,DogFace
84,CatEye
85,DogFace
86,CatEye
87,CatEye
88,DogMouth
89,DogEye
90,CatFace
91,CatEye
92,DogMouth
93,DogEye
94,DogMouth
95,DogEye
96,DogFace
97,CatEye
98,CatMouth
99,DogFace
100,DogEye
101,CatMouth
102,DogMouth
103,DogEye
104,DogNose
105,CatFace
106,DogFace
107,CatFace
108,CatEye
109,DogMouth
110,CatNose
111,CatNose
112,CatNose
113,DogFace
114,DogFace
115,CatMouth
116,CatNose
117,CatNose
118,DogNose
119,CatEye
120,CatNose
121,CatEye
122,CatEye
123,DogNose
124,CatMouth
125,CatEye
126,DogNose
127,CatEye
128,CatNose
129,DogEye
130,CatEye
131,CatEye
132,CatFace
133,CatEye
134,CatMouth
135,DogMouth
136,CatEye
137,DogFace
138,DogEye
139,DogNose
140,CatMouth
141,DogEye
142,DogNose
143,CatFace
144,DogEye
145,CatEye
146,DogNose
147,CatEye
148,CatFace
149,CatNose
150,DogEye
151,CatNose
152,CatMouth
153,CatEye
154,DogFace
155,DogEye
156,CatEye
157,CatEye
158,DogFace
159,DogMouth
160,CatMouth
161,CatEye
162,CatMouth
163,CatNose
164,DogEye
165,CatEye
166,DogNose
167,CatFace
168,DogEye
169,DogEye
170,CatEye
171,DogFace
172,DogEye
173,CatMouth
174,DogNose
175,CatNose
176,CatEye
177,CatMouth
178,DogEye
179,CatFace
180,DogNose
181,CatEye
182,DogMouth
183,CatEye
184,CatFace
185,CatMouth
186,DogMouth
187,DogNose
188,CatMouth
189,DogFace
190,CatEye
191,CatFace
192,DogNose
193,CatMouth
194,DogEye
195,DogFace
196,CatFace
197,DogFace
198,CatMouth
199,DogMouth
200,DogFace
201,DogMouth
202,DogEye
203,CatMouth
204,CatFace
205,CatNose
206,CatMouth
207,DogEye
208,CatNose
209,DogEye
210,DogEye
211,CatFace
212,DogMouth
213,DogNose
214,DogEye
215,CatFace
216,DogFace
217,CatMouth
218,CatNose
219,CatEye
220,CatNose
221,DogMouth
222,CatEye
223,DogMouth
224,CatEye
225,DogNose
226,DogEye
227,CatFace
228,DogMouth
229,CatFace
230,CatFace
231,DogMouth
232,CatFace
233,DogEye
234,CatNose
235,CatNose
236,DogNose
237,DogEye
238,CatFace
239,CatNose
240,CatFace
241,CatNose
242,CatFace
243,CatMouth
244,DogFace
245,CatFace
246,CatEye
247,CatNose
248,DogEye
249,DogNose
250,CatEye
251,CatFace
252,CatNose
253,DogFace
254,CatMouth
255,DogNose
256,CatNose
257,CatMouth
258,CatFace
259,DogFace
260,CatNose
261,CatEye
262,DogEye
263,CatFace
264,CatEye
265,CatEye
266,DogNose
267,DogEye
268,DogNose
269,CatMouth
270,CatEye
271,CatMouth
272,DogFace
273,DogMouth
274,CatEye
275,DogEye
276,DogEye
277,CatMouth
278,CatNose
279,CatFace
280,DogFace
281,DogEye
282,CatEye
283,DogEye
284,DogMouth
285,DogNose
286,DogNose
287,CatEye
288,DogMouth
289,CatEye
290,CatEye
291,CatEye
292,CatEye
293,CatMouth
294,CatEye
295,DogMouth
296,DogMouth
297,CatMouth
298,CatMouth
299,CatEye
300,DogNose
301,CatEye
302,CatEye
303,DogEye
304,CatMouth
305,DogEye
306,DogEye
307,CatMouth
308,DogEye
309,CatEye
310,CatNose
311,DogNose
312,DogNose
313,CatMouth
314,CatEye
315,DogMouth
316,DogEye
317,CatFace
318,CatEye
319,CatFace
320,DogNose
321,DogEye
322,CatFace
323,DogMouth
324,DogFace
325,DogEye
326,DogNose
327,CatEye
328,CatEye
329,DogNose
330,DogNose
331,CatEye
332,CatMouth
333,DogEye
334,CatNose
335,DogNose
336,CatMouth
337,DogFace
338,CatFace
339,CatEye
340,DogEye
341,CatMouth
342,DogEye
343,CatMouth
344,DogMouth
345,DogEye
346,CatEye
347,CatMouth
348,DogMouth
349,CatMouth
350,CatNose
351,CatEye
352,DogFace
353,CatMouth
354,DogEye
355,DogNose
356,DogNose
357,DogEye
358,DogEye
359,DogFace
360,CatEye
361,CatEye
362,DogEye
363,CatFace
364,DogNose
365,DogFace
366,DogNose
367,CatFace
368,DogFace
369,CatMouth
370,DogNose
371,DogMouth
372,CatMouth
373,DogMouth
374,CatFace
375,CatMouth
376,CatEye
377,DogFace
378,CatFace
379,CatNose
380,CatEye
381,DogFace
382,CatNose
383,DogFace
384,CatEye
385,DogMouth
386,CatMouth
387,DogNose
388,DogMouth
389,DogFace
390,DogMouth
391,CatMouth
392,CatMouth
393,CatEye
394,DogFace
395,CatMouth
396,DogFace
397,DogNose
398,DogEye
399,DogEye
400,DogEye
401,DogMouth
402,DogEye
403,DogFace
404,CatMouth
405,CatFace
406,CatNose
407,DogEye
408,CatEye
409,DogFace
410,CatNose
411,CatFace
412,DogMouth
413,DogFace
414,CatNose
415,DogNose
416,CatEye
417,DogNose
418,CatEye
419,CatEye
420,CatFace
421,CatEye
422,DogMouth
423,CatEye
424,CatFace
425,CatEye
426,CatMouth
427,CatFace
428,CatEye
429,CatMouth
430,CatMouth
431,DogFace
432,CatEye
433,DogFace
434,CatNose
435,DogFace
436,DogFace
437,CatMouth
438,CatMouth
439,DogNose
440,CatEye
441,CatNose
442,CatFace
443,CatFace
444,CatNose
445,CatFace
446,DogEye
447,CatFace
448,DogEye
449,DogMouth
450,CatFace
451,CatNose
452,CatEye
453,CatNose
454,DogFace
455,CatMouth
456,DogNose
457,DogEye
458,CatEye
459,DogNose
460,DogNose
461,DogFace
462,CatEye
463,DogNose
464,DogMouth
465,CatEye
466,DogEye
467,DogEye
468,DogMouth
469,DogNose
470,DogEye
471,DogFace
472,CatEye
473,CatMouth
474,CatNose
475,CatMouth
476,DogNose
477,CatEye
478,CatMouth
479,CatEye
480,DogNose
481,CatEye
482,CatEye
483,CatEye
484,DogEye
485,CatEye
486,CatEye
487,CatFace
488,CatEye
489,CatNose
490,DogFace
491,DogMouth
492,DogEye
493,DogNose
494,DogNose
495,CatNose
496,DogFace
497,CatFace
498,CatMouth
499,CatFace
500,DogFace
501,DogFace
502,CatEye
503,DogMouth
504,DogMouth
505,DogFace
506,CatMouth
507,CatMouth
508,DogNose
509,CatEye
510,DogNose
511,DogMouth
512,DogNose
513,CatNose
514,CatEye
515,DogMouth
516,CatMouth
517,CatEye
518,CatNose
519,DogMouth
520,CatFace
521,CatNose
522,DogNose
523,DogEye
524,DogEye
525,DogMouth
526,CatEye
527,DogNose
528,CatMouth
529,DogMouth
530,CatMouth
531,CatFace
532,DogEye
533,CatFace
534,DogNose
535,DogNose
536,DogFace
537,DogFace
538,CatFace
539,DogFace
540,DogEye
541,DogMouth
542,CatFace
543,CatEye
544,DogNose
545,CatFace
546,CatEye
547,CatFace
548,DogEye
549,DogFace
550,CatMouth
551,DogMouth
552,CatEye
553,DogFace
554,CatFace
555,DogEye
556,DogEye
557,DogNose
558,DogFace
559,CatEye
560,DogNose
561,DogNose
562,DogMouth
563,DogEye
564,DogEye
565,DogMouth
566,CatNose
567,DogEye
568,DogMouth
569,DogFace
570,CatFace
571,CatFace
572,CatFace
573,CatMouth
574,CatEye
575,CatFace
576,DogEye
577,DogFace
578,CatMouth
579,DogEye
580,DogNose
581,DogEye
582,CatNose
583,CatEye
584,CatEye
585,CatEye
586,DogEye
587,CatFace
588,DogMouth
589,CatEye
590,CatMouth
591,DogNose
592,DogMouth
593,CatMouth
594,DogMouth
595,DogMouth
596,DogNose
597,DogEye
598,DogEye
599,DogNose
600,DogMouth
601,CatEye
602,CatNose
603,CatMouth
604,CatEye
605,CatFace
606,CatEye
607,CatEye
608,CatMouth
609,CatMouth
610,CatEye
611,CatEye
612,CatMouth
613,CatNose
614,DogFace
615,DogNose
616,CatEye
617,CatMouth
618,CatMouth
619,CatNose
620,CatNose
621,DogFace
622,CatEye
623,DogFace
624,CatEye
625,CatEye
626,DogMouth
627,CatNose
628,DogFace
629,CatFace
630,DogMouth
631,DogNose
632,DogNose
633,DogEye
634,DogFace
635,DogMouth
636,DogEye
637,CatFace
638,DogFace
639,DogEye
640,CatMouth
641,CatFace
642,DogFace
643,CatMouth
644,CatEye
645,DogNose
646,DogMouth
647,CatMouth
648,CatNose
649,DogFace
650,DogEye
651,CatFace
652,DogEye
653,CatMouth
654,DogEye
655,DogFace
656,DogFace
657,CatMouth
658,CatEye
659,CatEye
660,CatNose
661,CatEye
662,CatMouth
663,DogNose
664,CatNose
665,CatFace
666,CatNose
667,CatFace
668,DogMouth
669,CatNose
670,DogFace
671,DogFace
672,CatFace
673,CatMouth
674,CatEye
675,CatEye
676,DogFace
677,DogFace
678,DogFace
679,DogMouth
680,CatEye
681,DogFace
682,CatFace
683,DogEye
684,CatEye
685,CatNose
686,CatEye
687,CatFace
688,DogMouth
689,CatFace
690,CatEye
691,CatEye
692,DogFace
693,DogEye
694,DogNose
695,CatFace
696,DogEye
697,DogNose
698,DogNose
699,DogEye
700,CatFace
701,DogEye
702,DogFace
703,DogEye
704,DogFace
705,DogNose
706,CatEye
707,CatFace
708,CatEye
709,DogFace
710,DogMouth
711,CatNose
712,CatMouth
713,CatMouth
714,CatMouth
715,DogNose
716,DogNose
717,CatFace
718,DogMouth
719,DogNose
720,CatNose
721,DogFace
722,CatNose
723,DogFace
724,DogEye
725,DogMouth
726,DogFace
727,DogEye
728,CatFace
729,DogFace
730,CatNose
731,CatNose
732,DogFace
733,DogFace
734,CatMouth
735,DogNose
736,CatEye
737,DogNose
738,CatNose
739,CatMouth
740,DogMouth
741,CatNose
742,DogMouth
743,CatEye
744,CatFace
745,DogFace
746,CatMouth
747,DogFace
748,DogNose
749,CatEye
750,CatMouth
751,CatEye
752,CatMouth
753,DogNose
754,DogEye
755,DogEye
756,DogEye
757,CatNose
758,CatMouth
759,CatNose
760,CatNose
761,CatEye
762,CatMouth
763,DogEye
764,DogEye
765,DogEye
766,DogMouth
767,DogEye
768,DogNose
769,DogNose
770,CatFace
771,CatFace
772,CatNose
773,CatMouth
774,DogNose
775,DogMouth
776,DogFace
777,DogMouth
778,DogMouth
779,DogNose
780,CatMouth
781,DogFace
782,DogMouth
783,CatNose
784,CatMouth
785,CatFace
786,DogNose
787,CatEye
788,CatEye
789,CatNose
790,CatEye
791,CatEye
792,DogEye
793,DogEye
794,CatFace
795,DogNose
796,DogEye
797,DogMouth
798,DogNose
799,CatFace
800,CatEye
801,DogFace
802,CatNose
803,DogMouth
804,CatNose
805,DogNose
806,DogEye
807,DogFace
808,DogMouth
809,DogFace
810,CatEye
811,CatEye
812,DogMouth
813,CatNose
814,CatEye
815,DogFace
816,CatEye
817,DogNose
818,CatMouth
819,CatMouth
820,DogMouth
821,DogMouth
822,DogMouth
823,DogEye
824,DogMouth
825,DogNose
826,CatFace
827,CatEye
828,DogEye
829,DogFace
830,DogEye
831,DogNose
832,DogEye
833,DogMouth
834,CatEye
835,DogMouth
836,DogEye
837,DogEye
838,DogNose
839,CatNose
840,CatEye
841,CatNose
842,DogEye
843,DogFace
844,CatEye
845,DogEye
846,DogFace
847,CatEye
848,DogFace
849,CatEye
850,DogNose
851,DogMouth
852,CatEye
853,CatFace
854,DogMouth
855,DogNose
856,CatEye
857,CatFace
858,DogEye
859,CatFace
860,DogNose
861,DogFace
862,CatEye
863,DogEye
864,DogNose
865,DogNose
866,CatMouth
867,DogNose
868,DogFace
869,CatNose
870,DogFace
871,DogNose
872,DogMouth
873,DogEye
874,DogEye
875,CatNose
876,DogMouth
877,CatNose
878,DogNose
879,CatFace
880,CatEye
881,CatFace
882,CatMouth
883,CatEye
884,DogFace
885,CatFace
886,DogEye
887,CatEye
888,CatMouth
889,CatNose
890,CatNose
891,DogFace
892,CatNose
893,DogMouth
894,DogMouth
895,DogFace
896,DogFace
897,CatEye
898,DogNose
899,DogNose
900,CatEye
901,DogNose
902,DogMouth
903,DogNose
904,DogFace
905,DogNose
906,DogMouth
907,CatEye
908,DogEye
909,CatMouth
910,CatNose
911,CatMouth
912,CatMouth
913,DogNose
914,CatMouth
915,CatMouth
916,CatFace
917,CatMouth
918,DogNose
919,DogMouth
920,DogFace
921,DogNose
922,CatNose
923,CatFace
924,DogEye
925,CatEye
926,CatFace
927,DogNose
928,DogMouth
929,CatNose
930,DogEye
931,DogEye
932,CatEye
933,DogNose
934,DogMouth
935,DogFace
936,CatMouth
937,CatEye
938,DogNose
939,CatNose
940,CatMouth
941,CatNose
942,DogNose
943,DogMouth
944,CatFace
945,DogNose
946,CatEye
947,CatFace
948,CatEye
949,DogMouth
950,CatNose
951,DogEye
952,DogFace
953,DogFace
954,CatNose
955,CatEye
956,DogNose
957,DogFace
958,CatMouth
959,CatEye
960,DogMouth
961,DogMouth
962,DogFace
963,CatFace
964,CatNose
965,CatEye
966,CatEye
967,DogMouth
968,CatMouth
969,CatNose
970,CatEye
971,CatFace
972,DogMouth
973,DogFace
974,DogEye
975,CatNose
976,CatFace
977,DogMouth
978,CatEye
979,DogNose
980,CatMouth
981,DogNose
982,DogNose
983,DogNose
984,DogMouth
985,CatNose
986,DogFace
987,CatMouth
988,DogMouth
989,CatNose
990,DogMouth
991,DogEye
992,CatNose
993,DogEye
994,CatNose
995,DogMouth
996,CatNose
997,DogFace
998,CatMouth
999,DogNose
1000,CatEye
1001,CatNose
1002,CatEye
1003,CatEye
1004,CatMouth
1005,CatEye
1006,DogEye
1007,DogEye
1008,CatFace
1009,CatFace
1010,DogNose
1011,CatEye
1012,CatNose
1013,DogNose
1014,CatFace
1015,DogEye
1016,CatFace
1017,CatMouth
1018,CatEye
1019,CatFace
1020,DogFace
1021,DogEye
1022,CatMouth
1023,DogMouth
1024,CatNose
1025,CatMouth
1026,CatEye
1027,DogEye
1028,CatNose
1029,CatEye
1030,DogEye
1031,CatNose
1032,CatEye
1033,DogEye
1034,CatFace
1035,DogEye
1036,DogFace
1037,CatNose
1038,CatMouth
1039,CatEye
1040,CatMouth
1041,DogEye
1042,DogMouth
1043,CatFace
1044,CatNose
1045,CatFace
1046,CatFace
1047,CatFace
1048,DogNose
1049,DogNose
1050,CatEye
1051,DogFace
1052,CatNose
1053,CatMouth
1054,CatMouth
1055,CatFace
1056,DogFace
1057,CatMouth
1058,CatNose
1059,CatMouth
1060,CatEye
1061,DogMouth
1062,CatMouth
1063,CatMouth
1064,CatNose
1065,CatNose
1066,CatEye
1067,CatEye
1068,CatNose
1069,CatFace
1070,CatMouth
1071,DogMouth
1072,DogEye
1073,CatFace
1074,DogNose
1075,DogMouth
1076,CatEye
1077,CatMouth
1078,DogMouth
1079,DogMouth
1080,DogFace
1081,CatNose
1082,CatEye
1083,CatMouth
1084,DogMouth
1085,DogEye
1086,CatMouth
1087,CatMouth
1088,DogNose
1089,CatFace
1090,CatNose
1091,DogEye
1092,CatEye
1093,CatEye
1094,CatEye
1095,DogMouth
1096,DogMouth
1097,CatFace
1098,CatEye
1099,CatFace
1100,DogNose
1101,DogNose
1102,CatMouth
1103,CatEye
1104,CatMouth
1105,DogMouth
1106,DogNose
1107,DogFace
1108,DogFace
1109,DogNose
1110,DogEye
1111,CatFace
1112,CatNose
1113,DogEye
1114,DogMouth
1115,CatMouth
1116,DogMouth
1117,CatMouth
1118,DogEye
1119,CatEye
1120,DogEye
1121,DogMouth
1122,CatNose
1123,DogFace
1124,DogEye
1125,CatNose
1126,DogFace
1127,CatNose
1128,DogMouth
1129,DogEye
1130,DogMouth
1131,CatMouth
1132,DogEye
1133,CatMouth
1134,DogNose
1135,DogEye
1136,CatFace
1137,DogMouth
1138,DogEye
1139,DogNose
1140,DogFace
1141,DogNose
1142,CatNose
1143,DogMouth
1144,DogFace
1145,CatMouth
1146,DogMouth
1147,CatEye
1148,CatEye
1149,DogFace
1150,CatFace
1151,CatEye
1152,CatNose
1153,DogNose
1154,DogFace
1155,DogEye
1156,DogEye
1157,DogEye
1158,DogNose
1159,CatFace
1160,CatFace
1161,CatNose
1162,CatNose
1163,CatNose
1164,CatEye
1165,DogFace
1166,DogMouth
1167,DogFace
1168,CatFace
1169,CatNose
1170,CatFace
1171,CatNose
1172,CatFace
1173,CatMouth
1174,CatNose
1175,CatNose
1176,CatEye
1177,DogNose
1178,CatMouth
1179,CatEye
1180,CatMouth
1181,CatEye
1182,CatNose
1183,CatMouth
1184,DogNose
1185,CatFace
1186,CatEye
1187,CatMouth
1188,CatEye
1189,CatMouth
1190,DogMouth
1191,CatEye
1192,DogFace
1193,CatFace
1194,CatMouth
1195,CatEye
1196,DogMouth
1197,CatEye
1198,DogMouth
1199,DogNose
1200,CatEye
1201,DogMouth
1202,CatMouth
1203,DogEye
1204,CatMouth
1205,DogMouth
1206,CatEye
1207,DogNose
1208,CatNose
1209,DogEye
1210,CatEye
1211,DogEye
1212,DogNose
1213,CatFace
1214,DogMouth
1215,DogMouth
1216,DogEye
1217,CatEye
1218,DogFace
1219,DogNose
1220,CatEye
1221,DogNose
1222,CatEye
1223,DogEye
1224,CatMouth
1225,DogEye
1226,DogMouth
1227,CatNose
1228,CatEye
1229,CatFace
1230,CatMouth
1231,CatFace
1232,DogMouth
1233,DogEye
1234,CatFace
1235,CatNose
1236,CatFace
1237,CatMouth
1238,CatMouth
1239,DogEye
1240,DogMouth
1241,DogEye
1242,DogFace
1243,DogNose
1244,CatMouth
1245,CatMouth
1246,CatEye
1247,DogMouth
1248,CatMouth
1249,CatEye
1250,CatEye
1251,CatEye
1252,DogEye
1253,DogNose
1254,DogFace
1255,DogNose
1256,CatEye
1257,CatEye
1258,DogFace
1259,CatEye
1260,CatMouth
1261,CatFace
1262,DogMouth
1263,CatEye
1264,CatEye
1265,CatNose
1266,CatEye
1267,CatFace
1268,DogNose
1269,DogNose
1270,DogEye
1271,DogEye
1272,CatNose
1273,DogEye
1274,CatNose
1275,DogEye
1276,DogMouth
1277,DogMouth
1278,DogFace
1279,CatEye
1280,CatMouth
1281,CatNose
1282,CatNose
1283,CatEye
1284,DogEye
1285,CatMouth
1286,DogEye
1287,CatFace
1288,DogMouth
1289,CatNose
1290,CatMouth
1291,DogEye
1292,DogMouth
1293,DogEye
1294,DogMouth
1295,CatMouth
1296,CatNose
1297,CatMouth
1298,DogFace
1299,CatNose
1300,CatFace
1301,CatFace
1302,CatEye
1303,CatEye
1304,DogNose
1305,DogEye
1306,CatEye
1307,CatMouth
1308,DogNose
1309,DogNose
1310,DogMouth
1311,CatMouth
1312,DogMouth
1313,CatNose
1314,CatMouth
1315,DogMouth
1316,CatFace
1317,CatEye
1318,CatEye
1319,CatMouth
1320,CatEye
1321,DogEye
1322,DogEye
1323,CatEye
1324,DogFace
1325,CatFace
1326,DogFace
1327,CatFace
1328,CatEye
1329,CatEye
1330,CatEye
1331,DogFace
1332,CatFace
1333,CatMouth
1334,CatNose
1335,CatMouth
1336,CatNose
1337,DogNose
1338,CatEye
1339,CatMouth
1340,CatFace
1341,CatMouth
1342,DogNose
1343,CatNose
1344,DogNose
1345,CatEye
1346,DogNose
1347,DogEye
1348,DogEye
1349,CatNose
1350,DogEye
1351,CatFace
1352,CatFace
1353,DogNose
1354,CatFace
1355,DogNose
1356,CatEye
1357,DogEye
1358,DogNose
1359,CatNose
1360,CatMouth
1361,DogFace
1362,CatEye
1363,DogNose
1364,DogFace
1365,DogMouth
1366,DogMouth
1367,CatEye
1368,CatFace
1369,DogEye
1370,CatNose
1371,CatEye
1372,DogNose
1373,DogMouth
1374,CatEye
1375,CatMouth
1376,CatNose
1377,DogEye
1378,CatFace
1379,CatMouth
1380,CatNose
1381,CatNose
1382,DogNose
1383,DogMouth
1384,DogEye
1385,CatEye
1386,DogNose
1387,CatFace
1388,CatEye
1389,CatEye
1390,CatNose
1391,DogMouth
1392,CatEye
1393,CatEye
1394,CatMouth
1395,DogEye
1396,DogMouth
1397,DogMouth
1398,DogFace
1399,CatEye
1400,DogNose
1401,DogNose
1402,CatNose
1403,CatEye
1404,DogEye
1405,CatFace
1406,CatNose
1407,CatEye
1408,DogFace
1409,CatEye
1410,CatEye
1411,DogFace
1412,CatEye
1413,DogNose
1414,CatNose
1415,CatMouth
1416,DogNose
1417,DogEye
1418,DogMouth
1419,CatEye
1420,DogFace
1421,DogNose
1422,CatMouth
1423,CatMouth
1424,DogNose
1425,DogMouth
1426,DogMouth
1427,DogNose
1428,CatMouth
1429,DogEye
1430,DogEye
1431,CatEye
1432,CatFace
1433,CatEye
1434,CatNose
1435,DogEye
1436,CatEye
1437,CatFace
1438,DogEye
1439,CatMouth
1440,DogMouth
1441,CatMouth
1442,CatMouth
1443,DogFace
1444,CatFace
1445,CatEye
1446,CatEye
1447,DogEye
1448,CatEye
1449,CatMouth
1450,CatMouth
1451,DogNose
1452,CatFace
1453,DogNose
1454,CatFace
1455,CatMouth
1456,CatEye
1457,DogEye
1458,DogEye
1459,CatNose
1460,DogEye
1461,CatMouth
1462,DogFace
1463,DogMouth
1464,DogFace
1465,CatFace
1466,CatMouth
1467,DogMouth
1468,CatMouth
1469,CatEye
1470,CatMouth
1471,CatEye
1472,CatNose
1473,DogNose
1474,DogEye
1475,CatNose
1476,DogMouth
1477,CatMouth
1478,DogEye
1479,DogFace
1480,CatMouth
1481,CatEye
1482,DogNose
1483,CatFace
1484,DogMouth
1485,DogFace
1486,CatNose
1487,DogMouth
1488,CatMouth
1489,CatNose
1490,DogNose
1491,CatMouth
1492,CatEye
1493,DogNose
1494,CatEye
1495,DogFace
1496,CatEye
1497,DogMouth
1498,CatFace
1499,CatNose
1500,DogMouth
1501,DogMouth
1502,CatMouth
1503,DogEye
1504,CatFace
1505,CatFace
1506,DogEye
1507,DogFace
1508,CatMouth
1509,CatEye
1510,CatFace
1511,CatMouth
1512,DogMouth
1513,CatFace
1514,DogNose
1515,CatEye
1516,CatEye
1517,CatEye
1518,CatMouth
1519,DogMouth
1520,CatEye
1521,DogEye
1522,DogNose
1523,DogEye
1524,DogEye
1525,CatNose
1526,DogFace
1527,DogMouth
1528,DogFace
1529,CatEye
1530,DogNose
1531,CatMouth
1532,CatFace
1533,DogMouth
1534,CatEye
1535,DogNose
1536,DogEye
1537,DogEye
1538,CatMouth
1539,CatNose
1540,CatMouth
1541,DogNose
1542,DogEye
1543,CatMouth
1544,DogNose
1545,CatEye
1546,CatNose
1547,DogNose
1548,CatEye
1549,CatEye
1550,DogNose
1551,DogEye
1552,CatNose
1553,CatMouth
1554,DogNose
1555,CatNose
1556,CatNose
1557,CatEye
1558,CatEye
1559,DogEye
1560,DogEye
1561,DogMouth
1562,CatEye
1563,DogMouth
1564,DogEye
1565,DogEye
1566,CatFace
1567,CatMouth
1568,DogEye
1569,DogMouth
1570,CatNose
1571,DogEye
1572,DogEye
1573,DogMouth
1574,DogFace
1575,DogFace
1576,DogNose
1577,DogEye
1578,CatNose
1579,CatMouth
1580,CatEye
1581,DogMouth
1582,CatFace
1583,DogNose
1584,DogMouth
1585,CatFace
1586,DogNose
1587,DogNose
1588,CatFace
1589,DogFace
1590,CatFace
1591,CatMouth
1592,DogEye
1593,DogEye
1594,DogNose
1595,CatNose
1596,DogMouth
1597,CatMouth
1598,CatFace
1599,CatEye
1600,DogMouth
1601,DogEye
1602,DogFace
1603,DogFace
1604,CatNose
1605,CatFace
1606,CatFace
1607,CatNose
1608,DogFace
1609,DogEye
1610,CatEye
1611,CatEye
1612,DogEye
1613,DogNose
1614,CatMouth
1615,CatMouth
1616,DogEye
1617,CatEye
1618,CatNose
1619,CatMouth
1620,DogMouth
1621,DogNose
1622,CatMouth
1623,CatNose
1624,CatMouth
1625,CatNose
1626,DogFace
1627,DogNose
1628,DogMouth
1629,CatFace
1630,CatNose
1631,DogNose
1632,CatMouth
1633,CatFace
1634,DogMouth
1635,CatFace
1636,CatEye
1637,DogMouth
1638,CatEye
1639,DogFace
1640,CatMouth
1641,CatNose
1642,DogMouth
1643,CatFace
1644,CatEye
1645,DogNose
1646,CatMouth
1647,DogNose
1648,DogEye
1649,CatMouth
1650,DogEye
1651,CatMouth
1652,CatEye
1653,DogEye
1654,DogMouth
1655,DogFace
1656,CatMouth
1657,CatFace
1658,DogFace
1659,DogFace
1660,CatFace
1661,DogFace
1662,DogMouth
1663,DogFace
1664,DogMouth
1665,DogNose
1666,DogNose
1667,CatFace
1668,DogFace
1669,DogNose
1670,DogNose
1671,DogEye
1672,DogMouth
1673,DogNose
1674,CatMouth
1675,DogEye
1676,CatEye
1677,CatFace
1678,CatFace
1679,CatMouth
1680,CatEye
1681,DogMouth
1682,DogMouth
1683,DogNose
1684,CatNose
1685,CatNose
1686,DogNose
1687,DogEye
1688,CatFace
1689,CatFace
1690,DogEye
1691,DogEye
1692,DogEye
1693,CatFace
1694,CatEye
1695,DogNose
1696,CatNose
1697,DogEye
1698,DogEye
1699,CatEye
1700,DogEye
1701,DogFace
1702,CatEye
1703,CatNose
1704,CatMouth
1705,DogMouth
1706,DogNose
1707,DogMouth
1708,CatFace
1709,DogMouth
1710,CatMouth
1711,DogEye
1712,CatMouth
1713,CatFace
1714,DogEye
1715,DogFace
1716,DogFace
1717,CatMouth
1718,CatMouth
1719,CatFace
1720,CatEye
1721,CatEye
1722,CatEye
1723,CatEye
1724,CatEye
1725,DogFace
1726,DogFace
1727,CatFace
1728,DogEye
1729,DogMouth
1730,CatNose
1731,DogEye
1732,CatEye
1733,DogMouth
1734,CatMouth
1735,CatMouth
1736,DogEye
1737,DogMouth
1738,DogNose
1739,CatEye
1740,DogEye
1741,CatNose
1742,DogFace
1743,DogFace
1744,DogEye
1745,DogMouth
1746,CatFace
1747,CatFace
1748,CatEye
1749,CatEye
1750,DogFace
1751,DogEye
1752,DogNose
1753,CatFace
1754,CatMouth
1755,CatNose
1756,CatNose
1757,CatEye
1758,DogNose
1759,CatEye
1760,CatFace
1761,DogEye
1762,CatNose
1763,CatNose
1764,DogNose
1765,DogNose
1766,DogMouth
1767,DogMouth
1768,DogFace
1769,DogEye
1770,CatNose
1771,CatFace
1772,DogEye
1773,CatMouth
1774,CatMouth
1775,CatFace
1776,CatNose
1777,CatFace
1778,CatFace
1779,CatEye
1780,CatMouth
1781,DogMouth
1782,DogMouth
1783,CatNose
1784,CatEye
1785,DogEye
1786,DogMouth
1787,DogMouth
1788,DogMouth
1789,CatMouth
1790,DogFace
1791,DogNose
1792,CatNose
1793,CatNose
1794,DogNose
1795,DogFace
1796,DogFace
1797,CatEye
1798,DogFace
1799,DogMouth
1800,CatMouth
1801,CatFace
1802,DogEye
1803,CatNose
1804,DogFace
1805,CatEye
1806,DogEye
1807,DogNose
1808,DogEye
1809,DogEye
1810,DogMouth
1811,CatMouth
1812,DogFace
1813,CatNose
1814,DogMouth
1815,DogMouth
1816,DogNose
1817,CatNose
1818,DogEye
1819,CatEye
1820,DogMouth
1821,DogFace
1822,CatEye
1823,DogEye
1824,DogMouth
1825,DogNose
1826,CatNose
1827,DogEye
1828,CatFace
1829,CatNose
1830,CatMouth
1831,CatEye
1832,DogNose
1833,DogMouth
1834,DogEye
1835,CatEye
1836,DogNose
1837,CatMouth
1838,CatFace
1839,CatMouth
1840,CatFace
1841,CatFace
1842,DogNose
1843,DogFace
1844,CatNose
1845,DogMouth
1846,DogMouth
1847,CatMouth
1848,CatFace
1849,DogMouth
1850,DogFace
1851,DogNose
1852,CatNose
1853,DogFace
1854,DogMouth
1855,DogMouth
1856,DogFace
1857,DogMouth
1858,CatFace
1859,CatFace
1860,CatMouth
1861,CatEye
1862,CatEye
1863,DogMouth
1864,CatFace
1865,DogNose
1866,DogMouth
1867,CatNose
1868,DogNose
1869,CatEye
1870,CatEye
1871,CatMouth
1872,CatMouth
1873,DogEye
1874,CatMouth
1875,DogEye
1876,CatEye
1877,CatFace
1878,DogFace
1879,CatMouth
1880,DogMouth
1881,DogNose
1882,DogNose
1883,CatFace
1884,CatMouth
1885,CatFace
1886,DogMouth
1887,DogFace
1888,CatNose
1889,CatFace
1890,CatEye
1891,DogFace
1892,CatMouth
1893,CatFace
1894,DogFace
1895,DogMouth
1896,CatNose
1897,DogMouth
1898,DogEye
1899,DogFace
1900,DogFace
1901,CatEye
1902,DogEye
1903,CatEye
1904,DogEye
1905,CatNose
1906,CatEye
1907,DogMouth
1908,DogEye
1909,DogEye
1910,DogNose
1911,CatEye
1912,CatFace
1913,DogEye
1914,CatFace
1915,DogMouth
1916,DogEye
1917,DogNose
1918,DogNose
1919,DogFace
1920,DogFace
1921,CatEye
1922,DogNose
1923,CatNose
1924,CatMouth
1925,CatEye
1926,DogNose
1927,CatMouth
1928,CatNose
1929,DogEye
1930,DogEye
1931,DogFace
1932,DogEye
1933,DogMouth
1934,DogEye
1935,DogNose
1936,DogMouth
1937,CatMouth
1938,CatFace
1939,CatNose
1940,CatNose
1941,DogNose
1942,CatFace
1943,DogMouth
1944,CatEye
1945,DogFace
1946,CatEye
1947,CatFace
1948,DogEye
1949,CatFace
1950,DogEye
1951,CatFace
1952,CatMouth
1953,CatFace
1954,CatEye
1955,CatNose
1956,CatEye
1957,DogMouth
1958,CatMouth
1959,CatEye
1960,CatEye
1961,DogNose
1962,CatNose
1963,CatFace
1964,DogFace
1965,CatMouth
1966,CatMouth
1967,DogEye
1968,DogNose
1969,CatEye
1970,DogFace
1971,DogMouth
1972,CatNose
1973,DogFace
1974,DogNose
1975,CatMouth
1976,CatMouth
1977,DogEye
1978,DogFace
1979,DogFace
1980,CatEye
1981,CatMouth
1982,CatEye
1983,CatNose
1984,CatNose
1985,DogEye
1986,CatNose
1987,CatFace
1988,CatNose
1989,DogMouth
1990,CatEye
1991,DogFace
1992,DogNose
1993,DogEye
1994,CatFace
1995,CatNose
1996,CatFace
1997,DogFace
1998,DogFace
1999,DogMouth
2000,CatEye
2001,DogEye
2002,CatMouth
2003,CatNose
2004,DogFace
2005,CatNose
2006,CatNose
2007,DogNose
2008,DogMouth
2009,CatFace
2010,CatEye
2011,DogMouth
2012,DogEye
2013,CatEye
2014,DogEye
2015,CatMouth
2016,DogFace
2017,CatEye
2018,CatEye
2019,CatEye
2020,DogEye
2021,DogNose
2022,DogEye
2023,DogFace
2024,CatMouth
2025,DogMouth
2026,CatNose
2027,DogMouth
2028,CatFace
2029,CatEye
2030,CatFace
2031,DogFace
2032,DogFace
2033,DogEye
2034,CatFace
2035,DogEye
2036,DogEye
2037,DogFace
2038,CatEye
2039,CatEye
2040,DogMouth
2041,CatNose
2042,CatEye
2043,DogFace
2044,DogMouth
2045,CatFace
2046,CatEye
2047,DogEye
2048,CatMouth
2049,CatEye
2050,CatNose
2051,DogFace
2052,DogFace
2053,CatNose
2054,CatEye
2055,DogEye
2056,DogFace
2057,DogEye
2058,DogEye
2059,DogMouth
2060,DogEye
2061,CatFace
2062,DogMouth
2063,DogEye
2064,DogFace
2065,CatMouth
2066,DogMouth
2067,CatMouth
2068,CatNose
2069,CatFace
2070,CatEye
2071,DogEye
2072,DogMouth
2073,DogMouth
2074,CatNose
2075,CatMouth
2076,CatNose
2077,DogFace
2078,CatMouth
2079,CatNose
2080,CatMouth
2081,CatEye
2082,DogEye
2083,CatFace
2084,CatFace
2085,CatMouth
2086,CatMouth
2087,DogFace
2088,DogNose
2089,CatEye
2090,CatEye
2091,DogEye
2092,CatMouth
2093,DogNose
2094,DogMouth
2095,DogMouth
2096,CatEye
2097,CatEye
2098,CatEye
2099,CatNose
2100,DogMouth
2101,CatFace
2102,CatEye
2103,DogFace
2104,DogMouth
2105,CatEye
2106,DogFace
2107,DogEye
2108,DogFace
2109,DogFace
2110,DogEye
2111,CatEye
2112,CatMouth
2113,DogEye
2114,DogFace
2115,DogFace
2116,CatMouth
2117,CatMouth
2118,DogEye
2119,CatEye
2120,CatNose
2121,DogFace
2122,DogFace
2123,DogNose
2124,CatFace
2125,DogMouth
2126,CatNose
2127,DogEye
2128,DogNose
2129,CatMouth
2130,DogNose
2131,CatNose
2132,CatEye
2133,CatFace
2134,DogFace
2135,CatEye
2136,CatNose
2137,CatFace
2138,CatFace
2139,DogEye
2140,DogFace
2141,DogNose
2142,CatFace
2143,CatMouth
2144,CatMouth
2145,DogNose
2146,DogEye
2147,DogEye
2148,CatMouth
2149,CatNose
2150,CatEye
2151,CatEye
2152,DogEye
2153,CatEye
2154,DogEye
2155,DogEye
2156,CatMouth
2157,DogFace
2158,CatEye
2159,CatFace
2160,CatMouth
2161,CatEye
2162,CatMouth
2163,DogEye
2164,DogEye
2165,CatFace
2166,CatEye
2167,DogEye
2168,DogNose
2169,CatNose
2170,CatMouth
2171,CatEye
2172,CatNose
2173,DogEye
2174,DogEye
2175,CatEye
2176,CatEye
2177,CatMouth
2178,DogNose
2179,CatEye
2180,DogFace
2181,DogMouth
2182,DogFace
2183,CatFace
2184,CatEye
2185,CatFace
2186,DogEye
2187,CatEye
2188,CatNose
2189,CatMouth
2190,CatEye
2191,CatNose
2192,DogFace
2193,CatMouth
2194,DogNose
2195,CatFace
2196,DogMouth
2197,CatMouth
2198,DogMouth
2199,CatNose
2200,CatNose
2201,DogEye
2202,CatEye
2203,CatFace
2204,DogFace
2205,CatMouth
2206,CatEye
2207,DogEye
2208,DogFace
2209,DogEye
2210,CatEye
2211,CatEye
2212,CatFace
2213,CatEye
2214,DogMouth
2215,DogFace
2216,CatMouth
2217,CatFace
2218,CatMouth
2219,CatNose
2220,DogFace
2221,CatEye
2222,CatEye
2223,CatMouth
2224,CatMouth
2225,DogEye
2226,DogMouth
2227,DogEye
2228,DogEye
2229,DogMouth
2230,DogEye
2231,CatNose
2232,CatFace
2233,CatEye
2234,CatEye
2235,CatNose
2236,DogEye
2237,CatNose
2238,CatEye
2239,DogEye
2240,CatMouth
2241,CatFace
2242,CatFace
2243,CatNose
2244,DogEye
2245,CatMouth
2246,DogFace
2247,DogMouth
2248,DogEye
2249,DogFace
2250,DogMouth
2251,CatMouth
2252,CatNose
2253,DogEye
2254,DogNose
2255,CatEye
2256,DogMouth
2257,DogNose
2258,CatFace
2259,CatMouth
2260,DogEye
2261,DogEye
2262,DogEye
2263,CatNose
2264,DogEye
2265,CatEye
2266,DogFace
2267,DogMouth
2268,DogEye
2269,DogFace
2270,CatEye
2271,CatNose
2272,CatFace
2273,DogEye
2274,CatFace
2275,CatNose
2276,CatNose
2277,DogNose
2278,CatEye
2279,DogMouth
2280,CatMouth
2281,DogFace
2282,DogMouth
2283,CatFace
2284,DogEye
2285,DogMouth
2286,DogEye
2287,CatEye
2288,CatNose
2289,CatFace
2290,CatMouth
2291,CatFace
2292,DogEye
2293,CatEye
2294,CatFace
2295,CatMouth
2296,CatFace
2297,CatNose
2298,DogNose
2299,DogFace
2300,CatEye
2301,DogEye
2302,CatMouth
2303,DogNose
2304,DogMouth
2305,DogEye
2306,CatEye
2307,DogNose
2308,DogEye
2309,CatMouth
2310,CatEye
2311,DogMouth
2312,CatFace
2313,CatMouth
2314,DogFace
2315,DogMouth
2316,DogFace
2317,DogNose
2318,CatEye
2319,DogEye
2320,DogNose
2321,CatEye
2322,DogFace
2323,DogEye
2324,CatFace
2325,DogFace
2326,CatFace
2327,DogEye
2328,CatFace
2329,DogFace
2330,DogNose
2331,DogFace
2332,CatNose
2333,CatNose
2334,DogEye
2335,DogFace
2336,CatNose
2337,DogMouth
2338,DogNose
2339,CatMouth
2340,CatMouth
2341,CatMouth
2342,DogFace
2343,CatMouth
2344,CatNose
2345,CatEye
2346,CatMouth
2347,CatNose
2348,CatEye
2349,CatMouth
2350,DogEye
2351,CatEye
2352,DogEye
2353,CatMouth
2354,DogEye
2355,DogEye
2356,DogMouth
2357,CatMouth
2358,DogFace
2359,DogEye
2360,CatEye
2361,DogEye
2362,DogMouth
2363,CatEye
2364,CatEye
2365,CatEye
2366,DogEye
2367,CatFace
2368,CatMouth
2369,DogMouth
2370,CatMouth
2371,CatNose
2372,DogNose
2373,DogEye
2374,DogNose
2375,CatEye
2376,CatEye
2377,CatMouth
2378,DogMouth
2379,DogFace
2380,DogEye
2381,CatEye
2382,DogEye
2383,CatNose
2384,DogEye
2385,CatMouth
2386,CatFace
2387,DogNose
2388,DogNose
2389,DogEye
2390,DogMouth
2391,CatNose
2392,CatFace
2393,DogNose
2394,CatFace
2395,CatNose
2396,DogMouth
2397,DogNose
2398,DogFace
2399,DogNose
2400,CatNose
2401,DogEye
2402,DogNose
2403,CatFace
2404,CatNose
2405,DogMouth
2406,CatNose
2407,CatEye
2408,DogFace
2409,CatEye
2410,CatEye
2411,CatEye
2412,DogMouth
2413,CatNose
2414,DogNose
2415,CatMouth
2416,CatEye
2417,CatMouth
2418,CatMouth
2419,DogEye
2420,DogNose
2421,CatNose
2422,DogFace
2423,DogFace
2424,CatEye
2425,CatFace
2426,CatFace
2427,CatEye
2428,DogFace
2429,CatMouth
2430,DogMouth
2431,DogEye
2432,DogMouth
2433,CatFace
2434,CatMouth
2435,CatFace
2436,CatMouth
2437,DogMouth
2438,DogMouth
2439,CatMouth
2440,CatMouth
2441,DogFace
2442,CatFace
2443,CatEye
2444,CatFace
2445,CatEye
2446,CatEye
2447,DogEye
2448,CatMouth
2449,CatEye
2450,CatMouth
2451,CatEye
2452,CatFace
2453,DogFace
2454,DogNose
2455,CatMouth
2456,CatEye
2457,DogFace
2458,CatEye
2459,DogEye
2460,CatMouth
2461,CatFace
2462,DogNose
2463,DogMouth
2464,DogNose
2465,DogMouth
2466,CatEye
2467,CatEye
2468,DogNose
2469,DogFace
2470,DogFace
2471,CatFace
2472,DogNose
2473,DogFace
2474,CatNose
2475,DogNose
2476,DogMouth
2477,CatNose
2478,DogFace
2479,CatMouth
2480,DogMouth
2481,CatEye
2482,DogMouth
2483,CatNose
2484,DogEye
2485,CatNose
2486,DogEye
2487,CatEye
2488,DogEye
2489,CatMouth
2490,DogMouth
2491,CatMouth
2492,CatFace
2493,DogEye
2494,CatFace
2495,DogFace
2496,CatNose
2497,DogEye
2498,CatEye
2499,DogMouth
2500,CatEye
2501,CatNose
2502,DogMouth
2503,CatFace
2504,DogEye
2505,DogEye
2506,CatEye
2507,DogMouth
2508,DogEye
2509,CatFace
2510,DogFace
2511,DogEye
2512,CatMouth
2513,DogFace
2514,DogFace
2515,CatMouth
2516,DogEye
2517,DogNose
2518,CatNose
2519,CatFace
2520,CatEye
2521,DogNose
2522,CatNose
2523,CatEye
2524,DogNose
2525,DogNose
2526,CatFace
2527,CatNose
2528,DogMouth
2529,DogFace
2530,DogFace
2531,DogNose
2532,CatFace
2533,DogMouth
2534,CatMouth
2535,DogEye
2536,DogFace
2537,CatNose
2538,CatMouth
2539,CatMouth
2540,DogNose
2541,DogFace
2542,DogEye
2543,DogFace
2544,CatFace
2545,DogFace
2546,CatMouth
2547,DogEye
2548,DogNose
2549,CatEye
2550,DogEye
2551,DogEye
2552,CatNose
2553,CatEye
2554,CatEye
2555,CatEye
2556,DogFace
2557,DogFace
2558,CatEye
2559,CatEye
2560,DogEye
2561,DogNose
2562,CatNose
2563,CatMouth
2564,CatEye
2565,CatFace
2566,CatFace
2567,CatEye
2568,CatMouth
2569,CatMouth
2570,CatFace
2571,DogFace
2572,CatFace
2573,CatNose
2574,CatEye
2575,CatMouth
2576,CatNose
2577,CatEye
2578,DogEye
2579,DogEye
2580,DogMouth
2581,DogNose
2582,DogFace
2583,CatNose
2584,DogNose
2585,DogEye
2586,CatMouth
2587,CatNose
2588,CatEye
2589,CatEye
2590,DogFace
2591,DogNose
2592,DogNose
2593,DogEye
2594,DogFace
2595,DogMouth
2596,CatNose
2597,CatEye
2598,CatEye
2599,CatEye
2600,DogNose
2601,CatMouth
2602,DogMouth
2603,DogMouth
2604,CatNose
2605,CatEye
2606,DogEye
2607,DogEye
2608,CatEye
2609,CatNose
2610,CatEye
2611,CatFace
2612,CatNose
2613,CatNose
2614,DogMouth
2615,CatNose
2616,CatMouth
2617,DogNose
2618,CatMouth
2619,DogFace
2620,DogFace
2621,CatEye
2622,CatEye
2623,CatEye
2624,DogEye
2625,CatNose
2626,DogFace
2627,CatEye
2628,DogFace
2629,DogNose
2630,CatMouth
2631,CatMouth
2632,CatNose
2633,DogFace
2634,CatEye
2635,CatEye
2636,DogFace
2637,DogFace
2638,CatMouth
2639,DogEye
2640,DogEye
2641,DogEye
2642,CatFace
2643,DogNose
2644,CatEye
2645,CatNose
2646,DogMouth
2647,CatEye
2648,CatEye
2649,DogFace
2650,CatEye
2651,DogMouth
2652,DogEye
2653,CatEye
2654,CatFace
2655,CatFace
2656,DogEye
2657,CatMouth
2658,DogEye
2659,CatNose
2660,DogNose
2661,CatMouth
2662,CatFace
2663,DogMouth
2664,DogNose
2665,CatEye
2666,CatMouth
2667,DogNose
2668,DogNose
2669,DogMouth
2670,CatNose
2671,CatMouth
2672,CatMouth
2673,DogMouth
2674,DogNose
2675,DogFace
2676,CatEye
2677,CatNose
2678,DogFace
2679,CatEye
2680,CatFace
2681,CatFace
2682,CatMouth
2683,CatMouth
2684,CatEye
2685,CatEye
2686,CatFace
2687,CatMouth
2688,DogEye
2689,DogNose
2690,CatEye
2691,DogNose
2692,CatFace
2693,CatFace
2694,DogEye
2695,CatEye
2696,CatMouth
2697,CatFace
2698,DogEye
2699,CatFace
2700,DogMouth
2701,CatEye
2702,DogNose
2703,CatNose
2704,DogEye
2705,CatEye
2706,CatFace
2707,CatEye
2708,CatFace
2709,DogMouth
2710,CatMouth
2711,CatMouth
2712,DogMouth
2713,DogEye
2714,DogFace
2715,DogFace
2716,CatEye
2717,CatFace
2718,CatFace
2719,CatEye
2720,DogEye
2721,CatEye
2722,DogMouth
2723,CatMouth
2724,CatMouth
2725,CatMouth
2726,DogEye
2727,CatNose
2728,DogEye
2729,CatMouth
2730,CatFace
2731,CatFace
2732,DogNose
2733,CatFace
2734,CatFace
2735,DogFace
2736,CatNose
2737,DogMouth
2738,CatFace
2739,DogFace
2740,DogMouth
2741,DogMouth
2742,DogNose
2743,DogMouth
2744,CatEye
2745,CatMouth
2746,CatMouth
2747,DogEye
2748,DogNose
2749,DogMouth
2750,DogFace
2751,DogMouth
2752,DogEye
2753,CatFace
2754,DogMouth
2755,DogEye
2756,DogEye
2757,CatMouth
2758,CatFace
2759,DogNose
2760,CatMouth
2761,DogNose
2762,CatFace
2763,DogEye
2764,CatEye
2765,CatEye
2766,DogNose
2767,DogNose
2768,CatMouth
2769,DogFace
2770,CatMouth
2771,CatFace
2772,CatNose
2773,CatNose
2774,DogEye
2775,DogNose
2776,DogEye
2777,DogFace
2778,CatEye
2779,CatEye
2780,DogNose
2781,DogEye
2782,DogNose
2783,DogEye
2784,DogEye
2785,DogMouth
2786,DogEye
2787,CatMouth
2788,CatFace
2789,CatMouth
2790,DogFace
2791,DogNose
2792,CatNose
2793,CatFace
2794,CatEye
2795,CatMouth
2796,CatMouth
2797,CatEye
2798,CatMouth
2799,CatFace
2800,CatEye
2801,CatFace
2802,DogMouth
2803,DogEye
2804,DogNose
2805,DogFace
2806,CatNose
2807,DogEye
2808,DogNose
2809,DogMouth
2810,CatEye
2811,CatFace
2812,DogNose
2813,DogNose
2814,CatEye
2815,DogMouth
2816,DogFace
2817,CatFace
2818,DogEye
2819,DogFace
2820,CatEye
2821,DogNose
2822,DogEye
2823,CatNose
2824,DogNose
2825,CatEye
2826,CatMouth
2827,CatEye
2828,DogNose
2829,CatFace
2830,CatFace
2831,DogNose
2832,CatNose
2833,CatFace
2834,CatMouth
2835,DogEye
2836,CatEye
2837,DogFace
2838,CatMouth
2839,DogNose
2840,CatNose
2841,DogFace
2842,CatMouth
2843,CatNose
2844,CatFace
2845,CatEye
2846,CatEye
2847,DogMouth
2848,DogNose
2849,DogEye
2850,CatMouth
2851,DogEye
2852,DogEye
2853,CatNose
2854,CatNose
2855,CatMouth
2856,CatEye
2857,DogEye
2858,CatMouth
2859,CatNose
2860,DogFace
2861,DogMouth
2862,DogFace
2863,DogEye
2864,CatEye
2865,CatEye
2866,DogEye
2867,DogMouth
2868,CatEye
2869,DogNose
2870,CatEye
2871,CatMouth
2872,CatNose
2873,CatMouth
2874,CatFace
2875,CatFace
2876,DogEye
2877,DogNose
2878,DogEye
2879,DogEye
2880,DogEye
2881,CatMouth
2882,DogFace
2883,CatNose
2884,DogMouth
2885,CatEye
2886,CatEye
2887,CatNose
2888,CatNose
2889,DogEye
2890,DogMouth
2891,DogMouth
2892,CatNose
2893,DogMouth
2894,CatNose
2895,CatNose
2896,CatMouth
2897,DogEye
2898,CatMouth
2899,DogFace
2900,CatNose
2901,DogEye
2902,CatFace
2903,DogNose
2904,DogMouth
2905,CatMouth
2906,CatMouth
2907,DogEye
2908,CatEye
2909,DogMouth
2910,CatEye
2911,DogMouth
2912,DogFace
2913,DogEye
2914,CatMouth
2915,CatFace
2916,DogFace
2917,DogFace
2918,DogMouth
2919,DogEye
2920,CatMouth
2921,CatFace
2922,CatFace
2923,CatFace
2924,CatNose
2925,CatMouth
2926,DogFace
2927,CatNose
2928,CatEye
2929,CatMouth
2930,CatMouth
2931,DogEye
2932,CatNose
2933,DogMouth
2934,CatMouth
2935,DogEye
2936,CatMouth
2937,DogEye
2938,CatEye
2939,CatEye
2940,DogMouth
2941,DogEye
2942,DogEye
2943,DogNose
2944,CatFace
2945,CatFace
2946,CatEye
2947,CatEye
2948,CatFace
2949,CatEye
2950,DogEye
2951,DogNose
2952,DogMouth
2953,DogFace
2954,DogMouth
2955,CatEye
2956,DogEye
2957,DogMouth
2958,CatNose
2959,CatEye
2960,CatMouth
2961,DogFace
2962,CatNose
2963,CatNose
2964,DogEye
2965,CatEye
2966,DogFace
2967,CatNose
2968,DogNose
2969,DogNose
2970,DogFace
2971,DogFace
2972,CatFace
2973,CatNose
2974,CatEye
2975,DogEye
2976,CatFace
2977,CatNose
2978,CatNose
2979,CatMouth
2980,DogMouth
2981,CatNose
2982,CatEye
2983,CatNose
2984,DogNose
2985,DogEye
2986,CatMouth
2987,DogFace
2988,DogFace
2989,CatEye
2990,DogEye
2991,CatFace
2992,CatEye
2993,CatFace
2994,CatFace
2995,CatEye
2996,CatFace
2997,DogEye
2998,CatEye
2999,DogFace
3000,DogFace
3001,CatEye
3002,CatEye
3003,CatEye
3004,CatFace
3005,DogNose
3006,DogFace
3007,CatFace
3008,CatFace
3009,DogFace
3010,CatMouth
3011,DogFace
3012,DogEye
3013,DogMouth
3014,DogFace
3015,DogFace
3016,DogFace
3017,CatNose
3018,DogFace
3019,CatEye
3020,CatNose
3021,DogMouth
3022,CatNose
3023,DogMouth
3024,DogEye
3025,CatFace
3026,CatEye
3027,CatMouth
3028,DogNose
3029,CatMouth
3030,CatFace
3031,CatEye
3032,CatEye
3033,DogNose
3034,CatNose
3035,CatNose
3036,CatEye
3037,CatEye
3038,DogMouth
3039,DogEye
3040,CatMouth
3041,DogEye
3042,DogFace
3043,DogNose
3044,DogEye
3045,DogMouth
3046,CatFace
3047,CatMouth
3048,DogMouth
3049,CatEye
3050,CatNose
3051,CatFace
3052,DogNose
3053,DogFace
3054,CatEye
3055,CatFace
3056,DogNose
3057,DogFace
3058,DogFace
3059,CatMouth
3060,DogMouth
3061,CatMouth
3062,CatEye
3063,CatNose
3064,CatMouth
3065,DogNose
3066,CatEye
3067,CatNose
3068,CatMouth
3069,DogMouth
3070,DogNose
3071,DogEye
3072,CatFace
3073,DogMouth
3074,CatNose
3075,DogFace
3076,CatEye
3077,DogFace
3078,CatFace
3079,CatEye
3080,CatNose
3081,CatEye
3082,DogEye
3083,CatMouth
3084,CatEye
3085,DogMouth
3086,DogNose
3087,DogMouth
3088,DogEye
3089,CatFace
3090,DogFace
3091,DogMouth
3092,CatFace
3093,CatFace
3094,DogEye
3095,CatFace
3096,DogEye
3097,CatEye
3098,DogNose
3099,CatNose
3100,CatFace
3101,CatFace
3102,CatNose
3103,CatNose
3104,CatFace
3105,CatMouth
3106,CatEye
3107,CatEye
3108,DogNose
3109,CatNose
3110,CatNose
3111,DogEye
3112,DogMouth
3113,CatNose
3114,DogEye
3115,DogEye
3116,DogEye
3117,DogFace
3118,CatEye
3119,DogFace
3120,DogEye
3121,DogEye
3122,DogEye
3123,CatNose
3124,DogFace
3125,DogFace
3126,CatMouth
3127,DogNose
3128,DogNose
3129,CatFace
3130,CatEye
3131,DogFace
3132,DogMouth
3133,CatMouth
3134,DogEye
3135,CatEye
3136,DogEye
3137,CatNose
3138,DogMouth
3139,CatEye
3140,CatFace
3141,CatMouth
3142,CatFace
3143,DogMouth
3144,DogEye
3145,CatFace
3146,DogEye
3147,CatMouth
3148,DogMouth
3149,DogMouth
3150,CatEye
3151,CatNose
3152,DogNose
3153,CatFace
3154,DogMouth
3155,CatEye
3156,DogEye
3157,DogNose
3158,CatEye
3159,DogFace
3160,DogFace
3161,DogEye
3162,DogNose
3163,CatEye
3164,CatMouth
3165,DogFace
3166,DogFace
3167,DogMouth
3168,DogMouth
3169,DogMouth
3170,CatEye
3171,DogEye
3172,DogEye
3173,CatMouth
3174,DogMouth
3175,DogFace
3176,DogFace
3177,DogMouth
3178,DogNose
3179,CatNose
3180,CatMouth
3181,DogFace
3182,DogEye
3183,CatFace
3184,CatMouth
3185,CatFace
3186,CatEye
3187,DogMouth
3188,CatFace
3189,CatEye
3190,CatEye
3191,DogEye
3192,DogMouth
3193,CatMouth
3194,CatFace
3195,CatFace
3196,CatEye
3197,DogEye
3198,CatEye
3199,DogEye
3200,CatEye
3201,DogFace
3202,CatEye
3203,CatEye
3204,CatNose
3205,CatEye
3206,CatEye
3207,CatMouth
3208,CatNose
3209,CatNose
3210,CatEye
3211,CatFace
3212,CatMouth
3213,DogEye
3214,CatNose
3215,CatNose
3216,CatFace
3217,CatFace
3218,CatMouth
3219,CatEye
3220,DogEye
3221,DogNose
3222,DogMouth
3223,CatEye
3224,CatEye
3225,DogFace
3226,CatEye
3227,DogEye
3228,CatFace
3229,CatFace
3230,DogFace
3231,CatMouth
3232,CatEye
3233,DogFace
3234,DogEye
3235,DogNose
3236,CatNose
3237,DogFace
3238,CatNose
3239,DogEye
3240,DogFace
3241,CatNose
3242,CatNose
3243,CatEye
3244,CatFace
3245,CatNose
3246,DogEye
3247,DogEye
3248,DogMouth
3249,DogMouth
3250,DogEye
3251,DogFace
3252,DogMouth
3253,CatEye
3254,DogFace
3255,DogEye
3256,DogFace
3257,DogFace
3258,CatMouth
3259,CatNose
3260,CatFace
3261,DogFace
3262,DogNose
3263,DogMouth
3264,CatNose
3265,CatMouth
3266,CatMouth
3267,DogEye
3268,DogNose
3269,CatNose
3270,DogEye
3271,CatEye
3272,DogFace
3273,DogFace
3274,CatFace
3275,DogEye
3276,DogFace
3277,DogFace
3278,DogNose
3279,DogMouth
3280,DogEye
3281,CatNose
3282,CatMouth
3283,CatNose
3284,DogEye
3285,DogEye
3286,CatMouth
3287,CatEye
3288,DogMouth
3289,DogMouth
3290,CatEye
3291,DogNose
3292,DogEye
3293,DogNose
3294,CatMouth
3295,DogEye
3296,DogEye
3297,CatMouth
3298,CatFace
3299,DogFace
3300,DogMouth
3301,CatNose
3302,CatMouth
3303,DogMouth
3304,CatFace
3305,CatFace
3306,DogEye
3307,DogNose
3308,DogEye
3309,CatMouth
3310,CatNose
3311,DogNose
3312,DogEye
3313,CatNose
3314,CatNose
3315,DogEye
3316,CatFace
3317,DogNose
3318,DogFace
3319,CatFace
3320,CatFace
3321,DogNose
3322,DogEye
3323,CatMouth
3324,DogEye
3325,DogFace
3326,CatEye
3327,CatEye
3328,DogMouth
3329,DogFace
3330,CatEye
3331,CatMouth
3332,CatNose
3333,DogFace
3334,DogFace
3335,DogMouth
3336,CatFace
3337,CatFace
3338,DogNose
3339,CatEye
3340,CatMouth
3341,DogFace
3342,DogNose
3343,CatFace
3344,CatFace
3345,DogNose
3346,CatFace
3347,CatNose
3348,DogEye
3349,CatNose
3350,DogEye
3351,CatMouth
3352,DogEye
3353,DogNose
3354,CatEye
3355,CatNose
3356,CatFace
3357,DogFace
3358,DogNose
3359,DogEye
3360,CatMouth
3361,DogFace
3362,CatEye
3363,CatEye
3364,DogMouth
3365,CatEye
3366,DogFace
3367,CatFace
3368,CatMouth
3369,DogNose
3370,DogEye
3371,DogNose
3372,DogNose
3373,DogEye
3374,DogEye
3375,DogMouth
3376,CatEye
3377,CatEye
3378,DogMouth
3379,DogEye
3380,CatFace
3381,CatEye
3382,CatEye
3383,CatNose
3384,DogEye
3385,DogFace
3386,DogEye
3387,CatFace
3388,CatEye
3389,CatEye
3390,CatNose
3391,DogMouth
3392,DogMouth
3393,CatNose
3394,DogNose
3395,DogEye
3396,CatEye
3397,CatEye
3398,DogFace
3399,CatMouth
3400,DogNose
3401,DogEye
3402,DogMouth
3403,DogNose
3404,CatEye
3405,CatMouth
3406,DogMouth
3407,CatFace
3408,DogEye
3409,CatNose
3410,DogNose
3411,CatMouth
3412,DogEye
3413,CatMouth
3414,CatEye
3415,CatMouth
3416,CatEye
3417,CatNose
3418,CatFace
3419,DogEye
3420,CatMouth
3421,DogNose
3422,DogEye
3423,DogEye
3424,CatMouth
3425,CatFace
3426,CatEye
3427,CatMouth
3428,DogMouth
3429,CatNose
3430,CatEye
3431,CatEye
3432,DogMouth
3433,CatNose
3434,CatEye
3435,CatNose
3436,DogNose
3437,CatNose
3438,CatFace
3439,CatEye
3440,DogFace
3441,DogMouth
3442,DogEye
3443,DogFace
3444,DogMouth
3445,DogMouth
3446,DogMouth
3447,DogNose
3448,CatFace
3449,CatMouth
3450,DogMouth
3451,DogMouth
3452,CatNose
3453,CatFace
3454,DogFace
3455,CatEye
3456,DogNose
3457,DogNose
3458,DogNose
3459,CatEye
3460,DogFace
3461,CatFace
3462,CatNose
3463,CatFace
3464,CatNose
3465,DogNose
3466,DogEye
3467,CatFace
3468,CatFace
3469,DogMouth
3470,CatEye
3471,CatEye
3472,DogMouth
3473,DogNose
3474,DogEye
3475,DogMouth
3476,DogMouth
3477,CatNose
3478,CatEye
3479,CatNose
3480,DogNose
3481,DogMouth
3482,DogEye
3483,DogEye
3484,CatEye
3485,DogMouth
3486,DogFace
3487,CatNose
3488,CatEye
3489,DogFace
3490,DogNose
3491,CatMouth
3492,DogFace
3493,DogEye
3494,DogEye
3495,CatFace
3496,CatEye
3497,CatEye
3498,CatMouth
3499,DogNose
3500,CatFace
3501,CatEye
3502,DogMouth
3503,CatEye
3504,CatNose
3505,DogFace
3506,CatEye
3507,CatMouth
3508,DogFace
3509,CatNose
3510,CatMouth
3511,CatFace
3512,DogMouth
3513,DogEye
3514,DogEye
3515,DogFace
3516,CatEye
3517,DogNose
3518,CatNose
3519,DogMouth
3520,CatNose
3521,CatMouth
3522,CatMouth
3523,CatMouth
3524,CatMouth
3525,DogNose
3526,CatEye
3527,CatEye
3528,CatFace
3529,CatMouth
3530,DogFace
3531,DogNose
3532,DogFace
3533,DogEye
3534,CatEye
3535,DogNose
3536,CatFace
3537,CatNose
3538,CatMouth
3539,CatMouth
3540,DogMouth
3541,CatEye
3542,DogEye
3543,CatFace
3544,DogEye
3545,CatNose
3546,DogFace
3547,CatEye
3548,DogEye
3549,CatMouth
3550,CatMouth
3551,CatNose
3552,CatMouth
3553,DogMouth
3554,DogNose
3555,DogNose
3556,CatEye
3557,DogMouth
3558,CatMouth
3559,CatEye
3560,DogEye
3561,CatFace
3562,CatMouth
3563,DogNose
3564,CatNose
3565,CatMouth
3566,DogFace
3567,DogEye
3568,DogEye
3569,DogMouth
3570,CatNose
3571,CatMouth
3572,CatNose
3573,DogEye
3574,DogEye
3575,CatEye
3576,DogFace
3577,DogNose
3578,DogMouth
3579,DogEye
3580,CatFace
3581,CatFace
3582,DogMouth
3583,DogNose
3584,DogFace
3585,DogMouth
3586,CatFace
3587,DogMouth
3588,CatEye
3589,DogEye
3590,DogMouth
3591,CatFace
3592,DogEye
3593,DogMouth
3594,CatFace
3595,DogNose
3596,DogEye
3597,DogEye
3598,CatMouth
3599,CatEye
3600,DogNose
3601,CatFace
3602,DogNose
3603,CatNose
3604,DogEye
3605,DogEye
3606,DogNose
3607,DogMouth
3608,CatMouth
3609,CatEye
3610,DogNose
3611,DogEye
3612,CatFace
3613,CatEye
3614,CatMouth
3615,DogMouth
3616,CatEye
3617,CatEye
3618,CatNose
3619,DogMouth
3620,DogEye
3621,CatEye
3622,DogFace
3623,CatMouth
3624,CatMouth
3625,CatNose
3626,CatEye
3627,CatEye
3628,DogNose
3629,CatFace
3630,DogNose
3631,DogMouth
3632,DogEye
3633,DogEye
3634,CatEye
3635,CatFace
3636,DogNose
3637,DogMouth
3638,DogNose
3639,CatEye
3640,CatEye
3641,CatFace
3642,DogFace
3643,DogEye
3644,DogEye
3645,DogEye
3646,CatEye
3647,CatFace
3648,DogEye
3649,DogNose
3650,DogEye
3651,CatEye
3652,DogFace
3653,DogNose
3654,CatNose
3655,CatEye
3656,CatEye
3657,CatNose
3658,DogNose
3659,DogMouth
3660,DogNose
3661,DogEye
3662,DogEye
3663,CatNose
3664,DogNose
3665,CatEye
3666,DogNose
3667,CatMouth
3668,DogNose
3669,DogFace
3670,CatFace
3671,DogFace
3672,CatFace
3673,CatMouth
3674,CatNose
3675,CatMouth
3676,CatNose
3677,CatNose
3678,CatFace
3679,CatMouth
3680,DogFace
3681,CatNose
3682,CatEye
3683,CatMouth
3684,CatEye
3685,DogFace
3686,DogNose
3687,DogFace
3688,CatFace
3689,CatNose
3690,CatFace
3691,CatEye
3692,DogFace
3693,DogEye
3694,CatFace
3695,DogFace
3696,DogEye
3697,DogEye
3698,DogMouth
3699,DogEye
3700,CatEye
3701,DogEye
3702,CatFace
3703,DogEye
3704,DogFace
3705,CatEye
3706,CatEye
3707,DogMouth
3708,DogNose
3709,DogMouth
3710,DogFace
3711,CatMouth
3712,CatEye
3713,DogMouth
3714,CatEye
3715,DogFace
3716,CatEye
3717,DogFace
3718,DogNose
3719,DogMouth
3720,DogFace
3721,CatMouth
3722,CatEye
3723,DogMouth
3724,CatFace
3725,CatFace
3726,CatFace
3727,CatNose
3728,DogNose
3729,DogEye
3730,CatEye
3731,CatEye
3732,CatMouth
3733,CatFace
3734,DogNose
3735,DogMouth
3736,CatFace
3737,CatNose
3738,CatFace
3739,DogFace
3740,CatEye
3741,CatMouth
3742,CatEye
3743,DogNose
3744,CatFace
3745,CatFace
3746,DogFace
3747,DogFace
3748,CatFace
3749,CatNose
3750,CatFace
3751,CatNose
3752,CatMouth
3753,CatMouth
3754,DogNose
3755,CatFace
3756,CatEye
3757,CatEye
3758,DogMouth
3759,CatFace
3760,CatMouth
3761,DogEye
3762,DogEye
3763,DogMouth
3764,CatMouth
3765,DogEye
3766,CatMouth
3767,DogMouth
3768,DogNose
3769,CatFace
3770,CatNose
3771,DogNose
3772,DogMouth
3773,CatEye
3774,DogMouth
3775,CatNose
3776,DogEye
3777,CatFace
3778,CatNose
3779,CatNose
3780,CatEye
3781,DogEye
3782,CatNose
3783,CatEye
3784,DogFace
3785,DogEye
3786,CatFace
3787,DogFace
3788,CatFace
3789,CatNose
3790,DogEye
3791,DogNose
3792,CatEye
3793,DogMouth
3794,DogMouth
3795,DogNose
3796,CatMouth
3797,DogNose
3798,CatMouth
3799,DogNose
3800,CatEye
3801,CatNose
3802,DogNose
3803,DogEye
3804,DogMouth
3805,CatEye
3806,CatEye
3807,CatEye
3808,DogEye
3809,CatEye
3810,CatEye
3811,CatMouth
3812,CatFace
3813,DogFace
3814,CatEye
3815,DogMouth
3816,CatMouth
3817,CatFace
3818,CatEye
3819,DogEye
3820,CatEye
3821,CatFace
3822,DogFace
3823,CatEye
3824,CatFace
3825,DogMouth
3826,DogFace
3827,DogNose
3828,CatFace
3829,DogFace
3830,DogFace
3831,CatNose
3832,CatEye
3833,DogNose
3834,CatNose
3835,CatMouth
3836,DogMouth
3837,DogFace
3838,CatEye
3839,DogEye
3840,CatNose
3841,CatEye
3842,DogEye
3843,DogMouth
3844,CatMouth
3845,CatFace
3846,DogEye
3847,CatMouth
3848,CatMouth
3849,DogEye
3850,DogEye
3851,DogFace
3852,CatFace
3853,DogEye
3854,DogNose
3855,CatEye
3856,CatEye
3857,DogFace
3858,CatMouth
3859,DogNose
3860,CatNose
3861,DogMouth
3862,DogMouth
3863,CatEye
3864,DogFace
3865,CatNose
3866,CatMouth
3867,DogEye
3868,DogEye
3869,CatNose
3870,DogEye
3871,CatEye
3872,DogEye
3873,DogEye
3874,CatMouth
3875,DogEye
3876,CatMouth
3877,CatEye
3878,DogEye
3879,DogNose
3880,CatNose
3881,DogFace
3882,CatEye
3883,CatFace
3884,CatNose
3885,DogMouth
3886,DogEye
3887,CatMouth
3888,CatEye
3889,DogEye
3890,DogFace
3891,CatNose
3892,DogFace
3893,DogEye
3894,DogMouth
3895,DogEye
3896,CatNose
3897,CatMouth
3898,DogFace
3899,DogFace
3900,DogNose
3901,CatNose
3902,CatNose
3903,CatEye
3904,DogEye
3905,CatMouth
3906,DogNose
3907,CatMouth
3908,DogMouth
3909,DogMouth
3910,CatEye
3911,DogFace
3912,CatNose
3913,CatNose
3914,DogFace
3915,DogFace
3916,DogFace
3917,DogNose
3918,CatEye
3919,DogEye
3920,CatEye
3921,DogEye
3922,DogMouth
3923,DogEye
3924,DogFace
3925,DogNose
3926,DogMouth
3927,CatMouth
3928,DogNose
3929,CatFace
3930,DogMouth
3931,CatMouth
3932,CatEye
3933,DogNose
3934,DogFace
3935,CatEye
3936,DogNose
3937,CatFace
3938,DogMouth
3939,CatNose
3940,DogFace
3941,DogEye
3942,DogMouth
3943,CatEye
3944,CatEye
3945,CatNose
3946,DogNose
3947,DogEye
3948,DogEye
3949,DogEye
3950,CatMouth
3951,CatFace
3952,CatNose
3953,DogNose
3954,CatEye
3955,DogMouth
3956,CatNose
3957,CatNose
3958,CatMouth
3959,DogNose
3960,DogFace
3961,CatEye
3962,CatNose
3963,DogFace
3964,CatFace
3965,CatNose
3966,DogNose
3967,CatFace
3968,DogNose
3969,DogNose
3970,DogEye
3971,DogMouth
3972,CatNose
3973,CatFace
3974,CatEye
3975,DogFace
3976,CatNose
3977,DogEye
3978,CatMouth
3979,CatMouth
3980,DogNose
3981,CatMouth
3982,CatEye
3983,CatMouth
3984,DogEye
3985,CatMouth
3986,CatFace
3987,DogEye
3988,DogNose
3989,DogFace
3990,CatFace
3991,CatMouth
3992,DogMouth
3993,CatEye
3994,DogMouth
3995,CatMouth
3996,CatNose
3997,CatNose
3998,CatMouth
3999,CatFace
4000,DogNose
4001,DogMouth
4002,CatFace
4003,CatNose
4004,DogEye
4005,CatFace
4006,CatNose
4007,DogEye
4008,CatNose
4009,DogFace
4010,DogFace
4011,CatNose
4012,DogNose
4013,DogEye
4014,DogNose
4015,DogFace
4016,DogMouth
4017,DogEye
4018,DogFace
4019,CatEye
4020,CatEye
4021,CatEye
4022,CatMouth
4023,DogNose
4024,DogFace
4025,CatMouth
4026,CatFace
4027,CatEye
4028,CatMouth
4029,DogNose
4030,DogFace
4031,DogNose
4032,DogMouth
4033,CatEye
4034,CatNose
4035,DogFace
4036,DogNose
4037,DogEye
4038,DogEye
4039,CatNose
4040,DogEye
4041,CatFace
4042,CatNose
4043,CatEye
4044,DogEye
4045,CatMouth
4046,DogNose
4047,DogFace
4048,DogFace
4049,CatFace
4050,CatEye
4051,CatEye
4052,DogMouth
4053,DogEye
4054,CatEye
4055,CatEye
4056,CatEye
4057,DogNose
4058,CatEye
4059,DogEye
4060,DogEye
4061,CatMouth
4062,CatMouth
4063,DogEye
4064,DogFace
4065,CatNose
4066,DogNose
4067,DogNose
4068,CatEye
4069,CatEye
4070,CatMouth
4071,CatEye
4072,CatNose
4073,CatEye
4074,DogMouth
4075,CatEye
4076,CatEye
4077,CatNose
4078,DogNose
4079,DogFace
4080,CatMouth
4081,CatNose
4082,DogEye
4083,CatFace
4084,CatEye
4085,CatEye
4086,CatEye
4087,DogFace
4088,DogEye
4089,DogFace
4090,DogMouth
4091,DogNose
4092,CatEye
4093,DogMouth
4094,DogFace
4095,CatMouth
4096,CatMouth
4097,DogEye
4098,DogFace
4099,CatEye
4100,CatNose
4101,DogNose
4102,CatNose
4103,CatFace
4104,DogEye
4105,CatFace
4106,DogEye
4107,CatFace
4108,CatEye
4109,DogEye
4110,DogNose
4111,CatEye
4112,CatFace
4113,CatNose
4114,CatEye
4115,CatEye
4116,DogFace
4117,DogMouth
4118,DogMouth
4119,CatEye
4120,DogNose
4121,CatMouth
4122,CatMouth
4123,DogNose
4124,DogMouth
4125,CatNose
4126,DogEye
4127,DogEye
4128,DogNose
4129,DogNose
4130,DogFace
4131,DogEye
4132,DogEye
4133,DogMouth
4134,CatEye
4135,DogFace
4136,DogEye
4137,CatEye
4138,CatFace
4139,DogEye
4140,DogNose
4141,CatEye
4142,CatNose
4143,CatFace
4144,DogFace
4145,DogNose
4146,CatFace
4147,DogMouth
4148,CatFace
4149,DogMouth
4150,CatEye
4151,CatMouth
4152,CatNose
4153,CatEye
4154,CatEye
4155,CatEye
4156,DogEye
4157,CatEye
4158,CatMouth
4159,DogEye
4160,CatMouth
4161,CatFace
4162,DogMouth
4163,CatEye
4164,CatMouth
4165,DogMouth
4166,CatEye
4167,CatEye
4168,CatFace
4169,CatEye
4170,CatNose
4171,CatFace
4172,DogFace
4173,DogFace
4174,CatEye
4175,DogFace
4176,CatNose
4177,DogNose
4178,CatEye
4179,CatEye
4180,DogEye
4181,CatEye
4182,DogNose
4183,DogEye
4184,DogFace
4185,CatFace
4186,DogFace
4187,DogEye
4188,CatFace
4189,DogEye
4190,CatEye
4191,DogNose
4192,DogEye
4193,DogFace
4194,CatFace
4195,DogNose
4196,CatNose
4197,CatFace
4198,CatFace
4199,DogFace
4200,CatEye
4201,CatEye
4202,DogEye
4203,DogMouth
4204,DogMouth
4205,CatEye
4206,DogNose
4207,CatEye
4208,DogMouth
4209,DogMouth
4210,CatEye
4211,CatFace
4212,DogNose
4213,DogEye
4214,DogFace
4215,DogFace
4216,DogMouth
4217,CatNose
4218,DogEye
4219,CatFace
4220,DogEye
4221,DogFace
4222,DogMouth
4223,CatFace
4224,DogEye
4225,CatEye
4226,CatFace
4227,CatFace
4228,CatMouth
4229,CatNose
4230,DogMouth
4231,CatFace
4232,DogFace
4233,DogFace
4234,CatNose
4235,DogNose
4236,DogMouth
4237,DogNose
4238,DogEye
4239,CatMouth
4240,DogEye
4241,DogNose
4242,DogFace
4243,DogMouth
4244,DogNose
4245,CatEye
4246,CatEye
4247,DogEye
4248,CatNose
4249,DogNose
4250,CatNose
4251,DogFace
4252,DogEye
4253,CatFace
4254,DogNose
4255,CatEye
4256,DogNose
4257,DogEye
4258,CatEye
4259,DogEye
4260,CatMouth
4261,CatFace
4262,CatEye
4263,CatMouth
4264,DogFace
4265,CatEye
4266,DogEye
4267,CatMouth
4268,DogFace
4269,DogFace
4270,CatEye
4271,DogMouth
4272,CatEye
4273,DogEye
4274,CatEye
4275,CatFace
4276,DogEye
4277,CatFace
4278,DogMouth
4279,CatMouth
4280,DogNose
4281,DogMouth
4282,DogMouth
4283,DogEye
4284,CatEye
4285,CatFace
4286,CatMouth
4287,DogEye
4288,CatMouth
4289,DogMouth
4290,DogFace
4291,CatFace
4292,DogNose
4293,CatNose
4294,DogFace
4295,CatFace
4296,CatMouth
4297,CatFace
4298,DogFace
4299,DogEye
4300,CatFace
4301,DogFace
4302,DogFace
4303,CatEye
4304,CatEye
4305,DogNose
4306,DogMouth
4307,CatEye
4308,CatFace
4309,DogNose
4310,CatNose
4311,DogNose
4312,DogFace
4313,DogEye
4314,CatMouth
4315,CatNose
4316,CatNose
4317,CatEye
4318,DogEye
4319,CatEye
4320,DogNose
4321,DogFace
4322,CatEye
4323,CatEye
4324,CatMouth
4325,CatNose
4326,DogEye
4327,CatNose
4328,CatFace
4329,CatMouth
4330,DogNose
4331,DogMouth
4332,CatNose
4333,DogMouth
4334,DogFace
4335,DogMouth
4336,CatNose
4337,CatEye
4338,CatFace
4339,DogEye
4340,CatEye
4341,DogEye
4342,DogMouth
4343,CatNose
4344,CatEye
4345,DogNose
4346,DogEye
4347,CatFace
4348,CatEye
4349,DogFace
4350,CatNose
4351,DogEye
4352,CatMouth
4353,DogEye
4354,DogMouth
4355,DogFace
4356,DogEye
4357,CatFace
4358,DogFace
4359,CatNose
4360,DogMouth
4361,DogEye
4362,CatMouth
4363,CatEye
4364,CatFace
4365,DogEye
4366,DogMouth
4367,DogEye
4368,DogEye
4369,CatMouth
4370,DogFace
4371,CatNose
4372,CatEye
4373,CatEye
4374,DogFace
4375,CatFace
4376,CatEye
4377,DogEye
4378,DogEye
4379,CatEye
4380,CatEye
4381,DogNose
4382,DogFace
4383,DogFace
4384,DogFace
4385,DogEye
4386,DogMouth
4387,CatFace
4388,CatEye
4389,CatMouth
4390,CatMouth
4391,DogNose
4392,DogEye
4393,CatNose
4394,DogNose
4395,DogNose
4396,CatFace
4397,CatNose
4398,DogFace
4399,DogMouth
4400,CatFace
4401,CatNose
4402,CatNose
4403,CatMouth
4404,DogNose
4405,CatFace
4406,DogEye
4407,DogNose
4408,DogFace
4409,CatFace
4410,CatFace
4411,CatEye
4412,CatFace
4413,CatFace
4414,CatEye
4415,CatFace
4416,DogEye
4417,CatFace
4418,CatFace
4419,CatEye
4420,DogMouth
4421,DogEye
4422,DogEye
4423,CatMouth
4424,DogMouth
4425,DogNose
4426,CatFace
4427,CatFace
4428,DogNose
4429,CatMouth
4430,DogFace
4431,CatNose
4432,CatEye
4433,DogNose
4434,CatEye
4435,CatMouth
4436,CatFace
4437,DogFace
4438,CatNose
4439,DogNose
4440,DogMouth
4441,CatFace
4442,CatNose
4443,CatEye
4444,CatFace
4445,CatMouth
4446,CatMouth
4447,CatFace
4448,DogFace
4449,DogFace
4450,DogFace
4451,CatFace
4452,CatMouth
4453,DogFace
4454,CatEye
4455,DogNose
4456,DogMouth
4457,DogEye
4458,CatNose
4459,CatEye
4460,DogMouth
4461,DogEye
4462,DogMouth
4463,CatMouth
4464,CatNose
4465,CatEye
4466,CatFace
4467,DogEye
4468,DogNose
4469,DogEye
4470,CatNose
4471,CatMouth
4472,DogEye
4473,DogEye
4474,CatMouth
4475,DogMouth
4476,CatEye
4477,CatNose
4478,DogNose
4479,DogFace
4480,CatEye
4481,CatMouth
4482,CatFace
4483,DogEye
4484,CatEye
4485,DogMouth
4486,CatMouth
4487,CatEye
4488,DogEye
4489,CatFace
4490,CatMouth
4491,DogEye
4492,CatMouth
4493,CatEye
4494,CatNose
4495,DogNose
4496,DogFace
4497,CatNose
4498,DogEye
4499,DogMouth
4500,DogFace
4501,CatMouth
4502,CatFace
4503,CatMouth
4504,CatNose
4505,CatMouth
4506,CatMouth
4507,CatNose
4508,CatFace
4509,DogFace
4510,DogEye
4511,DogEye
4512,DogFace
4513,CatNose
4514,DogFace
4515,CatFace
4516,CatNose
4517,CatMouth
4518,CatEye
4519,DogFace
4520,DogEye
4521,DogNose
4522,CatNose
4523,CatMouth
4524,DogNose
4525,DogFace
4526,CatEye
4527,CatEye
4528,DogNose
4529,CatEye
4530,CatFace
4531,CatFace
4532,CatFace
4533,CatEye
4534,DogFace
4535,CatEye
4536,DogMouth
4537,CatEye
4538,DogNose
4539,DogFace
4540,CatEye
4541,CatFace
4542,CatNose
4543,DogMouth
4544,DogFace
4545,DogMouth
4546,CatMouth
4547,CatEye
4548,DogFace
4549,CatMouth
4550,CatFace
4551,CatEye
4552,CatFace
4553,DogEye
4554,DogFace
4555,CatNose
4556,CatEye
4557,DogEye
4558,CatEye
4559,DogNose
4560,DogNose
4561,DogMouth
4562,DogEye
4563,DogMouth
4564,DogEye
4565,DogNose
4566,CatFace
4567,CatMouth
4568,DogMouth
4569,CatEye
4570,CatMouth
4571,CatMouth
4572,DogMouth
4573,DogNose
4574,DogNose
4575,CatEye
4576,DogMouth
4577,DogMouth
4578,DogMouth
4579,DogNose
4580,DogNose
4581,DogFace
4582,DogMouth
4583,CatEye
4584,DogMouth
4585,CatNose
4586,CatEye
4587,DogNose
4588,DogFace
4589,CatNose
4590,DogMouth
4591,CatFace
4592,CatFace
4593,DogNose
4594,CatFace
4595,DogFace
4596,DogNose
4597,DogEye
4598,CatFace
4599,DogMouth
4600,DogNose
4601,CatEye
4602,DogEye
4603,CatEye
4604,DogEye
4605,DogNose
4606,CatEye
4607,CatEye
4608,CatFace
4609,DogEye
4610,CatEye
4611,DogMouth
4612,DogNose
4613,CatMouth
4614,CatNose
4615,DogEye
4616,CatEye
4617,CatMouth
4618,DogEye
4619,CatMouth
4620,CatMouth
4621,CatNose
4622,CatMouth
4623,CatNose
4624,DogNose
4625,DogMouth
4626,CatNose
4627,DogNose
4628,DogMouth
4629,DogMouth
4630,CatEye
4631,DogFace
4632,CatEye
4633,CatFace
4634,DogFace
4635,CatNose
4636,CatFace
4637,CatMouth
4638,DogEye
4639,DogFace
4640,DogFace
4641,CatEye
4642,DogNose
4643,CatNose
4644,DogNose
4645,CatEye
4646,DogEye
4647,CatFace
4648,CatNose
4649,CatFace
4650,DogEye
4651,CatFace
4652,CatNose
4653,DogEye
4654,DogEye
4655,CatFace
4656,DogEye
4657,CatMouth
4658,DogEye
4659,CatMouth
4660,DogEye
4661,DogNose
4662,DogEye
4663,DogMouth
4664,CatMouth
4665,CatMouth
4666,DogFace
4667,CatFace
4668,DogFace
4669,CatMouth
4670,CatEye
4671,DogFace
4672,DogEye
4673,CatFace
4674,CatFace
4675,CatFace
4676,DogMouth
4677,DogMouth
4678,CatNose
4679,CatEye
4680,CatEye
4681,DogMouth
4682,DogEye
4683,CatNose
4684,DogFace
4685,DogFace
4686,DogEye
4687,DogMouth
4688,DogFace
4689,DogEye
4690,DogEye
4691,DogNose
4692,DogNose
4693,DogEye
4694,CatMouth
4695,CatEye
4696,CatNose
4697,CatNose
4698,CatMouth
4699,CatMouth
4700,DogNose
4701,CatNose
4702,CatNose
4703,CatNose
4704,CatMouth
4705,CatMouth
4706,DogFace
4707,CatNose
4708,DogMouth
4709,CatNose
4710,CatMouth
4711,CatEye
4712,CatMouth
4713,DogNose
4714,DogEye
4715,CatMouth
4716,CatEye
4717,CatEye
4718,CatEye
4719,CatNose
4720,CatMouth
4721,CatEye
4722,CatEye
4723,DogFace
4724,CatNose
4725,CatNose
4726,CatMouth
4727,CatEye
4728,DogFace
4729,DogFace
4730,DogFace
4731,CatMouth
4732,DogMouth
4733,CatEye
4734,DogNose
4735,CatMouth
4736,DogNose
4737,CatFace
4738,CatFace
4739,CatFace
4740,DogFace
4741,CatEye
4742,CatEye
4743,DogFace
4744,DogEye
4745,DogNose
4746,DogFace
4747,CatMouth
4748,DogFace
4749,CatMouth
4750,DogMouth
4751,DogNose
4752,DogEye
4753,DogMouth
4754,DogMouth
4755,CatMouth
4756,DogFace
4757,DogEye
4758,DogNose
4759,CatFace
4760,CatFace
4761,DogNose
4762,CatFace
4763,DogNose
4764,CatEye
4765,DogMouth
4766,DogFace
4767,DogFace
4768,CatNose
4769,CatEye
4770,CatEye
4771,DogFace
4772,DogEye
4773,DogFace
4774,CatNose
4775,DogFace
4776,DogEye
4777,CatNose
4778,DogMouth
4779,DogNose
4780,DogEye
4781,CatNose
4782,DogNose
4783,CatNose
4784,CatFace
4785,CatMouth
4786,CatMouth
4787,CatEye
4788,CatEye
4789,DogEye
4790,CatEye
4791,DogNose
4792,CatMouth
4793,CatFace
4794,DogEye
4795,CatEye
4796,CatNose
4797,DogMouth
4798,CatEye
4799,CatFace
4800,DogNose
4801,CatFace
4802,DogEye
4803,DogNose
4804,DogFace
4805,DogNose
4806,DogMouth
4807,DogMouth
4808,DogEye
4809,CatEye
4810,CatEye
4811,DogMouth
4812,DogFace
4813,DogMouth
4814,DogFace
4815,CatFace
4816,CatMouth
4817,DogEye
4818,DogEye
4819,DogFace
4820,DogEye
4821,CatEye
4822,CatEye
4823,CatFace
4824,DogMouth
4825,DogMouth
4826,CatNose
4827,CatNose
4828,DogFace
4829,DogMouth
4830,CatMouth
4831,CatEye
4832,DogEye
4833,CatMouth
4834,CatEye
4835,DogFace
4836,DogEye
4837,CatNose
4838,DogMouth
4839,DogMouth
4840,DogFace
4841,CatNose
4842,DogEye
4843,CatEye
4844,CatFace
4845,DogFace
4846,DogEye
4847,DogMouth
4848,CatNose
4849,DogFace
4850,DogNose
4851,CatFace
4852,CatFace
4853,DogMouth
4854,DogNose
4855,CatNose
4856,CatEye
4857,DogFace
4858,DogMouth
4859,DogFace
4860,DogMouth
4861,DogNose
4862,DogEye
4863,CatEye
4864,CatNose
4865,DogMouth
4866,CatFace
4867,CatEye
4868,CatEye
4869,CatFace
4870,DogFace
4871,DogFace
4872,DogFace
4873,CatMouth
4874,DogNose
4875,DogNose
4876,CatMouth
4877,DogEye
4878,DogNose
4879,CatNose
4880,DogEye
4881,CatNose
4882,CatFace
4883,DogFace
4884,CatEye
4885,DogFace
4886,CatEye
4887,CatEye
4888,DogFace
4889,DogMouth
4890,DogEye
4891,DogEye
4892,CatFace
4893,DogNose
4894,DogNose
4895,CatMouth
4896,DogFace
4897,DogEye
4898,CatFace
4899,CatMouth
4900,DogFace
4901,DogNose
4902,CatFace
4903,DogEye
4904,DogEye
4905,CatEye
4906,DogNose
4907,CatEye
4908,DogFace
4909,CatFace
4910,DogEye
4911,CatEye
4912,DogNose
4913,CatEye
4914,DogMouth
4915,CatEye
4916,CatFace
4917,DogFace
4918,DogMouth
4919,DogNose
4920,CatFace
4921,DogNose
4922,DogEye
4923,CatEye
4924,CatMouth
4925,DogEye
4926,CatFace
4927,DogFace
4928,CatFace
4929,DogEye
4930,CatEye
4931,CatNose
4932,CatFace
4933,DogNose
4934,CatEye
4935,DogEye
4936,DogEye
4937,DogFace
4938,DogMouth
4939,CatEye
4940,CatMouth
4941,CatFace
4942,CatNose
4943,DogEye
4944,DogNose
4945,DogMouth
4946,DogFace
4947,CatNose
4948,DogFace
4949,DogNose
4950,CatEye
4951,DogFace
4952,DogNose
4953,CatNose
4954,DogNose
4955,DogEye
4956,CatNose
4957,DogNose
4958,DogNose
4959,DogMouth
4960,DogEye
4961,CatFace
4962,CatMouth
4963,DogNose
4964,CatMouth
4965,CatEye
4966,DogFace
4967,CatFace
4968,CatFace
4969,DogNose
4970,CatEye
4971,CatEye
4972,CatMouth
4973,CatEye
4974,DogEye
4975,DogNose
4976,DogFace
4977,DogMouth
4978,CatNose
4979,DogFace
4980,CatMouth
4981,DogFace
4982,CatEye
4983,CatNose
4984,CatNose
4985,CatMouth
4986,CatMouth
4987,DogNose
4988,DogMouth
4989,CatNose
4990,DogEye
4991,DogNose
4992,CatEye
4993,DogNose
4994,CatEye
4995,DogNose
4996,DogFace
4997,DogMouth
4998,DogFace
4999,DogEye
5000,CatNose
5001,CatFace
5002,CatEye
5003,CatNose
5004,CatEye
5005,CatNose
5006,CatEye
5007,CatEye
5008,DogFace
5009,DogFace
5010,CatMouth
5011,CatMouth
5012,CatEye
5013,CatNose
5014,CatEye
5015,DogNose
5016,CatEye
5017,DogEye
5018,CatMouth
5019,CatFace
5020,CatNose
5021,DogEye
5022,DogNose
5023,CatNose
5024,CatEye
5025,CatEye
5026,CatMouth
5027,CatMouth
5028,DogFace
5029,CatFace
5030,DogEye
5031,CatFace
5032,DogEye
5033,CatEye
5034,CatFace
5035,CatEye
5036,DogNose
5037,DogMouth
5038,DogNose
5039,CatEye
5040,CatEye
5041,DogMouth
5042,CatNose
5043,DogEye
5044,DogEye
5045,DogMouth
5046,CatMouth
5047,CatEye
5048,CatEye
5049,DogFace
5050,CatNose
5051,CatNose
5052,CatMouth
5053,DogMouth
5054,DogNose
5055,DogMouth
5056,DogFace
5057,CatNose
5058,DogMouth
5059,DogNose
5060,CatNose
5061,CatFace
5062,CatEye
5063,CatEye
5064,CatEye
5065,CatEye
5066,CatNose
5067,CatFace
5068,DogMouth
5069,CatNose
5070,DogFace
5071,DogMouth
5072,DogFace
5073,CatNose
5074,CatNose
5075,DogEye
5076,CatNose
5077,CatEye
5078,DogMouth
5079,DogEye
5080,DogFace
5081,CatEye
5082,DogNose
5083,CatNose
5084,CatEye
5085,CatFace
5086,DogFace
5087,DogEye
5088,CatNose
5089,DogMouth
5090,DogFace
5091,CatEye
5092,CatFace
5093,CatMouth
5094,DogFace
5095,DogEye
5096,DogEye
5097,CatNose
5098,CatNose
5099,CatEye
5100,DogFace
5101,CatNose
5102,CatFace
5103,DogNose
5104,DogNose
5105,CatNose
5106,DogNose
5107,CatNose
5108,CatEye
5109,CatFace
5110,CatFace
5111,DogEye
5112,CatFace
5113,CatFace
5114,DogNose
5115,CatEye
5116,DogEye
5117,DogEye
5118,DogEye
5119,CatMouth
5120,CatMouth
5121,CatNose
5122,CatEye
5123,DogEye
5124,CatFace
5125,CatMouth
5126,CatEye
5127,CatFace
5128,CatMouth
5129,DogNose
5130,DogEye
5131,DogFace
5132,CatNose
5133,DogNose
5134,DogFace
5135,DogFace
5136,DogNose
5137,CatEye
5138,CatFace
5139,DogEye
5140,DogEye
5141,CatEye
5142,DogNose
5143,CatNose
5144,DogMouth
5145,DogNose
5146,CatEye
5147,CatEye
5148,DogMouth
5149,CatFace
5150,DogEye
5151,CatEye
5152,CatEye
5153,CatFace
5154,CatEye
5155,DogNose
5156,DogMouth
5157,CatFace
5158,CatMouth
5159,CatFace
5160,DogFace
5161,CatEye
5162,DogNose
5163,CatNose
5164,CatFace
5165,CatFace
5166,DogEye
5167,DogFace
5168,CatMouth
5169,DogEye
5170,CatMouth
5171,DogEye
5172,DogMouth
5173,CatNose
5174,CatMouth
5175,DogNose
5176,CatFace
5177,CatNose
5178,CatEye
5179,CatFace
5180,DogMouth
5181,DogFace
5182,CatMouth
5183,CatEye
5184,CatNose
5185,CatEye
5186,DogEye
5187,CatEye
5188,CatEye
5189,CatEye
5190,DogMouth
5191,DogEye
5192,DogNose
5193,DogFace
5194,DogMouth
5195,CatNose
5196,DogFace
5197,CatFace
5198,CatNose
5199,DogNose
5200,DogFace
5201,CatEye
5202,CatNose
5203,DogEye
5204,CatFace
5205,CatEye
5206,DogEye
5207,DogEye
5208,CatFace
5209,DogFace
5210,DogFace
5211,DogMouth
5212,CatNose
5213,CatNose
5214,CatMouth
5215,DogMouth
5216,DogMouth
5217,DogMouth
5218,CatEye
5219,CatEye
5220,CatFace
5221,DogFace
5222,DogEye
5223,DogNose
5224,CatFace
5225,DogFace
5226,CatNose
5227,DogEye
5228,CatMouth
5229,CatFace
5230,DogFace
5231,CatEye
5232,CatEye
5233,CatFace
5234,CatFace
5235,CatMouth
5236,CatFace
5237,CatEye
5238,CatFace
5239,DogNose
5240,DogEye
5241,CatEye
5242,CatFace
5243,CatMouth
5244,DogEye
5245,CatEye
5246,CatEye
5247,CatFace
5248,CatFace
5249,DogNose
5250,CatMouth
5251,CatMouth
5252,DogNose
5253,DogEye
5254,CatEye
5255,DogFace
5256,DogEye
5257,DogMouth
5258,DogNose
5259,CatMouth
5260,CatFace
5261,CatNose
5262,CatNose
5263,CatNose
5264,DogNose
5265,CatNose
5266,CatFace
5267,DogMouth
5268,DogNose
5269,CatEye
5270,CatMouth
5271,CatMouth
5272,CatEye
5273,CatEye
5274,DogNose
5275,CatNose
5276,DogMouth
5277,CatEye
5278,DogEye
5279,CatMouth
5280,CatFace
5281,CatEye
5282,DogFace
5283,DogNose
5284,DogMouth
5285,CatMouth
5286,CatMouth
5287,CatEye
5288,DogFace
5289,DogEye
5290,DogNose
5291,DogNose
5292,DogEye
5293,DogNose
5294,DogNose
5295,CatEye
5296,CatEye
5297,DogNose
5298,DogNose
5299,DogFace
5300,CatNose
5301,CatEye
5302,CatMouth
5303,CatFace
5304,CatFace
5305,CatMouth
5306,DogMouth
5307,CatNose
5308,CatNose
5309,DogMouth
5310,CatMouth
5311,CatEye
5312,DogEye
5313,DogFace
5314,CatEye
5315,DogNose
5316,DogEye
5317,CatNose
5318,CatEye
5319,DogMouth
5320,DogFace
5321,DogMouth
5322,CatMouth
5323,DogEye
5324,DogEye
5325,DogEye
5326,CatNose
5327,CatEye
5328,DogFace
5329,CatMouth
5330,CatMouth
5331,CatNose
5332,CatEye
5333,DogEye
5334,CatNose
5335,CatFace
5336,CatFace
5337,DogFace
5338,DogEye
5339,DogEye
5340,DogMouth
5341,CatMouth
5342,DogFace
5343,DogNose
5344,CatFace
5345,CatNose
5346,DogFace
5347,DogNose
5348,DogFace
5349,CatEye
5350,DogMouth
5351,DogFace
5352,DogEye
5353,CatNose
5354,DogEye
5355,CatFace
5356,DogFace
5357,CatEye
5358,CatMouth
5359,CatMouth
5360,CatEye
5361,DogEye
5362,DogNose
5363,CatFace
5364,CatEye
5365,DogNose
5366,CatNose
5367,DogEye
5368,CatEye
5369,DogFace
5370,DogFace
5371,CatFace
5372,CatEye
5373,CatEye
5374,CatMouth
5375,CatNose
5376,DogNose
5377,DogNose
5378,DogEye
5379,CatNose
5380,DogEye
5381,DogNose
5382,CatEye
5383,CatEye
5384,DogNose
5385,CatFace
5386,CatEye
5387,DogFace
5388,CatEye
5389,DogFace
5390,CatEye
5391,CatEye
5392,DogNose
5393,CatNose
5394,CatMouth
5395,CatNose
5396,CatMouth
5397,DogEye
5398,DogFace
5399,DogNose
5400,DogNose
5401,DogFace
5402,DogMouth
5403,CatMouth
5404,DogEye
5405,CatEye
5406,CatFace
5407,CatMouth
5408,CatEye
5409,CatFace
5410,DogEye
5411,DogEye
5412,DogEye
5413,CatMouth
5414,DogEye
5415,DogNose
5416,DogEye
5417,DogNose
5418,DogMouth
5419,CatFace
5420,DogMouth
5421,CatEye
5422,DogFace
5423,DogEye
5424,CatFace
5425,CatNose
5426,DogEye
5427,DogEye
5428,CatMouth
5429,DogFace
5430,DogEye
5431,CatMouth
5432,DogEye
5433,CatNose
5434,CatFace
5435,CatEye
5436,CatEye
5437,DogMouth
5438,CatEye
5439,CatNose
5440,CatNose
5441,CatMouth
5442,DogEye
5443,CatFace
5444,CatFace
5445,DogEye
5446,CatEye
5447,CatNose
5448,DogFace
5449,DogMouth
5450,CatEye
5451,DogNose
5452,CatEye
5453,DogEye
5454,CatEye
5455,DogNose
5456,DogNose
5457,DogNose
5458,DogEye
5459,DogMouth
5460,DogNose
5461,CatFace
5462,DogNose
5463,DogMouth
5464,CatMouth
5465,DogMouth
5466,DogFace
5467,DogNose
5468,CatNose
5469,CatFace
5470,CatFace
5471,DogFace
5472,CatNose
5473,DogEye
5474,DogMouth
5475,DogNose
5476,DogMouth
5477,DogEye
5478,CatMouth
5479,DogMouth
5480,CatFace
5481,CatNose
5482,CatNose
5483,CatMouth
5484,CatMouth
5485,DogFace
5486,DogNose
5487,CatMouth
5488,DogMouth
5489,CatEye
5490,DogNose
5491,CatEye
5492,DogMouth
5493,DogFace
5494,CatNose
5495,DogMouth
5496,CatMouth
5497,DogNose
5498,CatMouth
5499,CatEye
5500,CatFace
5501,CatFace
5502,DogMouth
5503,CatFace
5504,DogEye
5505,CatFace
5506,DogEye
5507,CatFace
5508,CatMouth
5509,CatEye
5510,CatFace
5511,DogNose
5512,CatMouth
5513,DogFace
5514,CatEye
5515,CatMouth
5516,CatFace
5517,DogMouth
5518,DogMouth
5519,CatNose
5520,CatEye
5521,DogNose
5522,CatFace
5523,DogEye
5524,CatFace
5525,DogFace
5526,CatEye
5527,DogMouth
5528,DogEye
5529,CatEye
5530,DogNose
5531,DogFace
5532,DogFace
5533,DogEye
5534,CatEye
5535,CatFace
5536,DogEye
5537,DogFace
5538,CatNose
5539,CatNose
5540,DogFace
5541,DogNose
5542,CatMouth
5543,DogEye
5544,CatNose
5545,CatMouth
5546,CatFace
5547,DogFace
5548,DogNose
5549,DogFace
5550,DogNose
5551,CatMouth
5552,DogEye
5553,DogFace
5554,CatFace
5555,CatFace
5556,DogFace
5557,DogNose
5558,DogFace
5559,DogNose
5560,DogMouth
5561,CatMouth
5562,DogFace
5563,CatFace
5564,DogMouth
5565,CatEye
5566,DogMouth
5567,CatNose
5568,CatEye
5569,DogEye
5570,DogEye
5571,CatEye
5572,CatEye
5573,DogNose
5574,DogFace
5575,CatFace
5576,CatFace
5577,DogFace
5578,CatNose
5579,DogEye
5580,DogNose
5581,DogNose
5582,CatNose
5583,DogNose
5584,DogFace
5585,CatEye
5586,DogNose
5587,CatMouth
5588,DogEye
5589,CatNose
5590,DogNose
5591,CatNose
5592,CatNose
5593,DogNose
5594,DogFace
5595,DogNose
5596,CatEye
5597,DogMouth
5598,CatEye
5599,DogNose
5600,DogMouth
5601,CatFace
5602,CatEye
5603,CatEye
5604,CatNose
5605,DogFace
5606,DogMouth
5607,CatEye
5608,DogMouth
5609,CatFace
5610,CatMouth
5611,CatEye
5612,DogMouth
5613,DogNose
5614,CatNose
5615,CatFace
5616,DogFace
5617,DogFace
5618,CatNose
5619,CatFace
5620,CatEye
5621,DogMouth
5622,CatNose
5623,CatNose
5624,CatEye
5625,DogNose
5626,CatFace
5627,DogEye
5628,CatMouth
5629,CatFace
5630,DogMouth
5631,DogMouth
5632,DogEye
5633,CatFace
5634,DogFace
5635,DogEye
5636,CatNose
5637,DogEye
5638,CatEye
5639,CatMouth
5640,CatMouth
5641,CatEye
5642,CatMouth
5643,DogFace
5644,CatFace
5645,CatMouth
5646,CatMouth
5647,CatNose
5648,DogNose
5649,CatEye
5650,DogMouth
5651,CatEye
5652,DogMouth
5653,DogMouth
5654,CatEye
5655,CatFace
5656,DogFace
5657,DogFace
5658,DogNose
5659,CatEye
5660,DogMouth
5661,DogNose
5662,CatEye
5663,DogMouth
5664,DogEye
5665,CatMouth
5666,DogFace
5667,CatEye
5668,CatNose
5669,DogMouth
5670,CatMouth
5671,CatMouth
5672,CatEye
5673,CatEye
5674,DogFace
5675,CatMouth
5676,CatEye
5677,CatEye
5678,DogFace
5679,CatFace
5680,CatFace
5681,CatNose
5682,DogNose
5683,CatMouth
5684,DogEye
5685,CatEye
5686,CatEye
5687,CatFace
5688,DogEye
5689,CatMouth
5690,DogEye
5691,DogNose
5692,CatEye
5693,DogMouth
5694,DogFace
5695,DogMouth
5696,CatFace
5697,CatFace
5698,DogMouth
5699,DogFace
5700,CatFace
5701,CatEye
5702,CatMouth
5703,CatEye
5704,DogEye
5705,DogMouth
5706,CatMouth
5707,DogFace
5708,CatEye
5709,DogEye
5710,CatEye
5711,DogMouth
5712,CatFace
5713,CatEye
5714,DogMouth
5715,DogFace
5716,CatMouth
5717,CatMouth
5718,DogMouth
5719,CatNose
5720,CatEye
5721,DogEye
5722,DogFace
5723,CatMouth
5724,CatEye
5725,DogFace
5726,CatFace
5727,DogMouth
5728,CatFace
5729,DogEye
5730,DogFace
5731,DogNose
5732,CatEye
5733,CatEye
5734,CatMouth
5735,DogFace
5736,CatFace
5737,CatMouth
5738,DogMouth
5739,CatNose
5740,CatEye
5741,CatEye
5742,CatMouth
5743,CatEye
5744,CatEye
5745,DogNose
5746,CatMouth
5747,DogMouth
5748,DogEye
5749,DogFace
5750,DogNose
5751,DogMouth
5752,DogEye
5753,DogEye
5754,DogNose
5755,DogFace
5756,DogMouth
5757,DogEye
5758,CatNose
5759,CatEye
5760,DogNose
5761,DogMouth
5762,DogNose
5763,DogMouth
5764,CatEye
5765,CatEye
5766,CatEye
5767,CatMouth
5768,CatFace
5769,DogEye
5770,DogEye
5771,DogNose
5772,CatNose
5773,DogEye
5774,CatFace
5775,DogFace
5776,CatFace
5777,DogFace
5778,CatNose
5779,DogMouth
5780,DogNose
5781,DogFace
5782,CatEye
5783,CatNose
5784,DogNose
5785,DogEye
5786,DogFace
5787,DogEye
5788,DogMouth
5789,CatMouth
5790,DogFace
5791,DogNose
5792,DogEye
5793,DogEye
5794,CatFace
5795,DogNose
5796,CatMouth
5797,CatEye
5798,DogMouth
5799,CatEye
5800,CatFace
5801,DogMouth
5802,CatEye
5803,DogEye
5804,DogEye
5805,DogNose
5806,CatMouth
5807,CatEye
5808,CatNose
5809,DogFace
5810,DogMouth
5811,CatEye
5812,DogNose
5813,CatMouth
5814,DogMouth
5815,CatFace
5816,CatMouth
5817,CatMouth
5818,DogFace
5819,DogEye
5820,CatNose
5821,CatNose
5822,CatFace
5823,CatFace
5824,CatMouth
5825,DogFace
5826,CatNose
5827,CatEye
5828,CatEye
5829,DogFace
5830,CatMouth
5831,CatMouth
5832,DogEye
5833,CatMouth
5834,DogEye
5835,DogMouth
5836,CatFace
5837,DogEye
5838,DogNose
5839,CatFace
5840,CatFace
5841,DogFace
5842,DogEye
5843,DogMouth
5844,CatNose
5845,CatEye
5846,CatEye
5847,CatEye
5848,CatMouth
5849,CatEye
5850,CatNose
5851,CatFace
5852,CatNose
5853,CatEye
5854,DogMouth
5855,CatEye
5856,DogFace
5857,DogMouth
5858,CatNose
5859,CatFace
5860,CatMouth
5861,DogNose
5862,DogMouth
5863,DogFace
5864,DogNose
5865,DogFace
5866,CatEye
5867,CatNose
5868,DogNose
5869,DogNose
5870,DogMouth
5871,CatEye
5872,CatNose
5873,DogEye
5874,CatMouth
5875,DogMouth
5876,CatEye
5877,DogEye
5878,DogNose
5879,DogFace
5880,CatEye
5881,CatEye
5882,CatMouth
5883,DogFace
5884,CatMouth
5885,CatEye
5886,DogMouth
5887,DogNose
5888,DogFace
5889,DogEye
5890,DogFace
5891,CatMouth
5892,CatEye
5893,CatEye
5894,CatMouth
5895,CatNose
5896,CatEye
5897,CatEye
5898,DogMouth
5899,DogEye
5900,CatNose
5901,DogMouth
5902,DogEye
5903,DogFace
5904,CatFace
5905,DogMouth
5906,CatNose
5907,DogFace
5908,CatNose
5909,CatMouth
5910,DogFace
5911,DogFace
5912,DogFace
5913,CatNose
5914,CatMouth
5915,CatMouth
5916,DogNose
5917,CatEye
5918,CatEye
5919,CatMouth
5920,CatNose
5921,CatMouth
5922,CatMouth
5923,DogNose
5924,CatMouth
5925,CatEye
5926,DogEye
5927,CatEye
5928,CatEye
5929,DogFace
5930,CatNose
5931,DogFace
5932,CatMouth
5933,DogEye
5934,DogMouth
5935,DogEye
5936,DogNose
5937,CatFace
5938,DogFace
5939,DogEye
5940,DogFace
5941,CatEye
5942,CatFace
5943,DogEye
5944,DogFace
5945,CatEye
5946,CatMouth
5947,DogMouth
5948,CatFace
5949,CatFace
5950,DogNose
5951,DogEye
5952,CatFace
5953,DogEye
5954,CatEye
5955,CatMouth
5956,DogEye
5957,DogNose
5958,CatFace
5959,CatNose
5960,CatEye
5961,DogFace
5962,CatNose
5963,DogNose
5964,CatEye
5965,CatMouth
5966,CatFace
5967,DogFace
5968,CatMouth
5969,DogMouth
5970,DogMouth
5971,CatEye
5972,DogFace
5973,DogFace
5974,DogEye
5975,DogEye
5976,CatMouth
5977,DogEye
5978,CatNose
5979,DogEye
5980,DogMouth
5981,CatFace
5982,CatEye
5983,DogFace
5984,DogFace
5985,DogMouth
5986,DogFace
5987,DogFace
5988,DogNose
5989,DogEye
5990,CatEye
5991,DogNose
5992,DogNose
5993,DogMouth
5994,CatEye
5995,DogMouth
5996,DogMouth
5997,DogMouth
5998,DogFace
5999,CatNose
6000,DogNose
6001,CatMouth
6002,CatEye
6003,CatMouth
6004,DogMouth
6005,CatEye
6006,CatMouth
6007,CatMouth
6008,CatFace
6009,CatFace
6010,CatMouth
6011,DogMouth
6012,DogEye
6013,CatFace
6014,DogEye
6015,DogEye
6016,DogFace
6017,DogFace
6018,CatEye
6019,CatEye
6020,CatNose
6021,CatEye
6022,DogEye
6023,DogNose
6024,DogMouth
6025,CatNose
6026,DogEye
6027,DogEye
6028,CatEye
6029,CatFace
6030,CatFace
6031,CatNose
6032,CatMouth
6033,DogFace
6034,CatNose
6035,DogEye
6036,DogMouth
6037,DogEye
6038,CatEye
6039,CatMouth
6040,CatFace
6041,CatEye
6042,CatEye
6043,CatNose
6044,DogFace
6045,DogMouth
6046,CatNose
6047,DogEye
6048,CatNose
6049,CatNose
6050,CatFace
6051,CatNose
6052,CatFace
6053,DogNose
6054,CatNose
6055,DogMouth
6056,DogMouth
6057,DogMouth
6058,CatFace
6059,DogNose
6060,DogMouth
6061,DogNose
6062,CatMouth
6063,DogNose
6064,CatFace
6065,CatMouth
6066,DogFace
6067,DogFace
6068,CatNose
6069,CatEye
6070,DogMouth
6071,CatEye
6072,CatEye
6073,DogNose
6074,DogFace
6075,DogFace
6076,DogNose
6077,DogEye
6078,CatNose
6079,DogMouth
6080,CatEye
6081,CatEye
6082,DogMouth
6083,CatMouth
6084,CatMouth
6085,DogMouth
6086,CatFace
6087,CatMouth
6088,CatEye
6089,CatNose
6090,DogFace
6091,DogNose
6092,CatMouth
6093,DogFace
6094,DogNose
6095,DogMouth
6096,DogEye
6097,CatMouth
6098,DogNose
6099,CatNose
6100,CatNose
6101,CatNose
6102,CatEye
6103,DogEye
6104,DogNose
6105,DogFace
6106,CatFace
6107,CatNose
6108,CatNose
6109,CatMouth
6110,DogEye
6111,CatEye
6112,DogNose
6113,CatEye
6114,CatNose
6115,CatNose
6116,CatMouth
6117,DogEye
6118,CatFace
6119,CatFace
6120,DogFace
6121,CatFace
6122,CatEye
6123,CatEye
6124,CatFace
6125,DogFace
6126,CatMouth
6127,DogMouth
6128,DogFace
6129,CatFace
6130,CatEye
6131,CatMouth
6132,DogNose
6133,CatFace
6134,CatNose
6135,DogFace
6136,DogEye
6137,DogEye
6138,DogFace
6139,CatEye
6140,CatNose
6141,CatNose
6142,DogMouth
6143,DogNose
6144,DogEye
6145,CatEye
6146,DogMouth
6147,DogMouth
6148,CatNose
6149,CatEye
6150,CatEye
6151,CatMouth
6152,CatFace
6153,DogMouth
6154,DogEye
6155,CatEye
6156,DogFace
6157,CatNose
6158,DogEye
6159,CatFace
6160,CatNose
6161,DogFace
6162,DogEye
6163,DogEye
6164,CatMouth
6165,CatFace
6166,CatFace
6167,DogFace
6168,DogNose
6169,CatEye
6170,DogNose
6171,CatFace
6172,DogMouth
6173,DogFace
6174,DogEye
6175,DogMouth
6176,CatEye
6177,CatEye
6178,DogMouth
6179,DogEye
6180,CatFace
6181,CatFace
6182,CatEye
6183,DogFace
6184,DogNose
6185,DogMouth
6186,CatNose
6187,DogFace
6188,DogNose
6189,CatEye
6190,CatFace
6191,DogNose
6192,CatMouth
6193,CatNose
6194,CatFace
6195,DogFace
6196,DogEye
6197,CatMouth
6198,CatMouth
6199,DogFace
6200,CatMouth
6201,CatFace
6202,CatMouth
6203,CatMouth
6204,DogFace
6205,CatNose
6206,DogMouth
6207,DogMouth
6208,DogMouth
6209,CatMouth
6210,CatEye
6211,CatFace
6212,DogNose
6213,CatFace
6214,CatFace
6215,CatEye
6216,CatFace
6217,DogFace
6218,CatEye
6219,CatMouth
6220,CatMouth
6221,DogMouth
6222,CatNose
6223,DogFace
6224,CatMouth
6225,CatNose
6226,CatFace
6227,CatMouth
6228,DogNose
6229,DogEye
6230,DogNose
6231,CatEye
6232,CatNose
6233,CatEye
6234,CatEye
6235,CatNose
6236,CatMouth
6237,CatMouth
6238,CatMouth
6239,DogMouth
6240,DogMouth
6241,DogNose
6242,DogEye
6243,DogNose
6244,CatEye
6245,CatEye
6246,DogFace
6247,CatNose
6248,DogMouth
6249,DogEye
6250,DogMouth
6251,CatEye
6252,CatFace
6253,CatEye
6254,CatEye
6255,DogNose
6256,DogFace
6257,CatMouth
6258,CatEye
6259,CatMouth
6260,DogFace
6261,CatFace
6262,CatEye
6263,DogFace
6264,DogMouth
6265,CatFace
6266,DogFace
6267,DogFace
6268,CatFace
6269,CatFace
6270,DogEye
6271,CatFace
6272,DogMouth
6273,CatNose
6274,CatMouth
6275,DogFace
6276,CatNose
6277,CatEye
6278,DogFace
6279,DogNose
6280,DogFace
6281,CatEye
6282,CatFace
6283,CatEye
6284,DogMouth
6285,CatFace
6286,DogEye
6287,DogNose
6288,DogMouth
6289,DogFace
6290,CatEye
6291,DogEye
6292,CatFace
6293,CatMouth
6294,DogEye
6295,CatMouth
6296,CatMouth
6297,CatEye
6298,CatMouth
6299,CatEye
6300,DogNose
6301,DogNose
6302,DogMouth
6303,DogMouth
6304,CatFace
6305,DogNose
6306,CatFace
6307,CatMouth
6308,DogFace
6309,CatEye
6310,CatNose
6311,DogFace
6312,CatNose
6313,CatMouth
6314,DogFace
6315,DogFace
6316,CatEye
6317,CatEye
6318,DogMouth
6319,CatMouth
6320,CatEye
6321,CatMouth
6322,DogEye
6323,DogEye
6324,CatFace
6325,CatNose
6326,CatMouth
6327,CatNose
6328,CatEye
6329,DogMouth
6330,CatFace
6331,CatEye
6332,DogMouth
6333,DogNose
6334,CatFace
6335,DogNose
6336,DogFace
6337,CatMouth
6338,CatNose
6339,DogEye
6340,CatNose
6341,CatFace
6342,CatMouth
6343,CatEye
6344,DogEye
6345,DogMouth
6346,DogEye
6347,CatMouth
6348,CatMouth
6349,CatMouth
6350,DogFace
6351,CatNose
6352,DogFace
6353,CatEye
6354,DogFace
6355,DogFace
6356,DogMouth
6357,CatMouth
6358,DogMouth
6359,CatEye
6360,CatMouth
6361,CatMouth
6362,DogEye
6363,CatEye
6364,DogMouth
6365,CatNose
6366,CatMouth
6367,CatEye
6368,CatMouth
6369,CatEye
6370,DogNose
6371,CatMouth
6372,CatMouth
6373,DogNose
6374,DogNose
6375,CatEye
6376,CatNose
6377,CatMouth
6378,DogNose
6379,DogFace
6380,CatEye
6381,CatFace
6382,CatNose
6383,CatMouth
6384,DogNose
6385,DogEye
6386,DogFace
6387,DogEye
6388,CatNose
6389,CatEye
6390,DogFace
6391,DogFace
6392,DogEye
6393,DogMouth
6394,CatFace
6395,DogMouth
6396,DogEye
6397,CatFace
6398,DogNose
6399,DogNose
6400,DogMouth
6401,DogEye
6402,CatMouth
6403,CatMouth
6404,DogNose
6405,DogEye
6406,DogNose
6407,CatEye
6408,DogNose
6409,CatFace
6410,DogFace
6411,CatFace
6412,CatFace
6413,DogFace
6414,DogNose
6415,CatFace
6416,CatEye
6417,CatEye
6418,DogFace
6419,DogMouth
6420,CatNose
6421,DogMouth
6422,DogEye
6423,DogMouth
6424,CatEye
6425,CatEye
6426,DogMouth
6427,DogFace
6428,DogEye
6429,CatFace
6430,CatMouth
6431,CatMouth
6432,DogFace
6433,CatMouth
6434,DogEye
6435,DogEye
6436,CatNose
6437,DogFace
6438,CatMouth
6439,CatEye
6440,CatNose
6441,CatEye
6442,CatEye
6443,CatFace
6444,DogMouth
6445,DogFace
6446,CatFace
6447,DogEye
6448,DogEye
6449,CatEye
6450,CatNose
6451,DogNose
6452,DogEye
6453,DogNose
6454,DogNose
6455,DogMouth
6456,DogEye
6457,DogMouth
6458,CatEye
6459,DogEye
6460,CatFace
6461,CatFace
6462,DogNose
6463,DogEye
6464,DogEye
6465,DogMouth
6466,CatMouth
6467,CatEye
6468,DogEye
6469,DogMouth
6470,DogEye
6471,DogMouth
6472,DogMouth
6473,DogMouth
6474,DogNose
6475,DogEye
6476,DogFace
6477,DogMouth
6478,DogFace
6479,CatEye
6480,DogMouth
6481,DogEye
6482,DogEye
6483,DogMouth
6484,CatNose
6485,CatNose
6486,DogEye
6487,DogMouth
6488,DogEye
6489,DogNose
6490,CatEye
6491,CatEye
6492,CatEye
6493,DogNose
6494,DogNose
6495,CatMouth
6496,DogFace
6497,DogMouth
6498,DogFace
6499,CatEye
6500,CatNose
6501,DogNose
6502,DogEye
6503,DogFace
6504,DogNose
6505,CatFace
6506,CatMouth
6507,DogFace
6508,CatEye
6509,DogEye
6510,CatFace
6511,CatEye
6512,DogEye
6513,DogNose
6514,DogMouth
6515,DogMouth
6516,CatMouth
6517,CatEye
6518,DogEye
6519,DogMouth
6520,CatNose
6521,DogNose
6522,CatFace
6523,DogEye
6524,DogMouth
6525,DogEye
6526,DogNose
6527,CatNose
6528,DogEye
6529,CatEye
6530,CatMouth
6531,DogFace
6532,CatMouth
6533,DogEye
6534,DogFace
6535,DogEye
6536,DogEye
6537,DogEye
6538,CatEye
6539,CatEye
6540,DogEye
6541,CatNose
6542,CatFace
6543,DogNose
6544,DogFace
6545,CatNose
6546,DogEye
6547,CatEye
6548,CatNose
6549,CatNose
6550,CatFace
6551,DogEye
6552,DogFace
6553,DogNose
6554,DogFace
6555,DogEye
6556,CatMouth
6557,CatEye
6558,DogFace
6559,DogNose
6560,DogEye
6561,CatMouth
6562,CatFace
6563,DogMouth
6564,DogMouth
6565,DogMouth
6566,CatMouth
6567,DogNose
6568,DogFace
6569,CatMouth
6570,DogEye
6571,CatEye
6572,CatFace
6573,CatFace
6574,DogMouth
6575,CatMouth
6576,DogEye
6577,CatEye
6578,CatNose
6579,CatMouth
6580,DogEye
6581,DogNose
6582,CatNose
6583,DogNose
6584,DogMouth
6585,CatNose
6586,DogEye
6587,DogFace
6588,DogFace
6589,DogEye
6590,DogNose
6591,DogMouth
6592,CatFace
6593,CatEye
6594,DogEye
6595,DogFace
6596,DogNose
6597,CatEye
6598,CatMouth
6599,DogNose
6600,CatEye
6601,CatNose
6602,CatMouth
6603,CatFace
6604,CatEye
6605,DogEye
6606,DogFace
6607,DogNose
6608,DogNose
6609,CatNose
6610,DogEye
6611,DogFace
6612,DogFace
6613,CatEye
6614,DogNose
6615,DogEye
6616,DogEye
6617,CatMouth
6618,CatMouth
6619,CatMouth
6620,DogEye
6621,DogMouth
6622,CatEye
6623,CatMouth
6624,CatMouth
6625,DogEye
6626,CatNose
6627,CatNose
6628,DogFace
6629,DogEye
6630,CatEye
6631,DogEye
6632,CatEye
6633,CatNose
6634,CatMouth
6635,CatEye
6636,DogFace
6637,DogNose
6638,CatMouth
6639,DogMouth
6640,DogFace
6641,CatFace
6642,CatMouth
6643,DogEye
6644,DogNose
6645,CatEye
6646,CatEye
6647,CatMouth
6648,CatFace
6649,DogMouth
6650,DogFace
6651,CatMouth
6652,DogEye
6653,CatFace
6654,DogFace
6655,CatNose
6656,CatEye
6657,CatEye
6658,DogNose
6659,DogMouth
6660,DogMouth
6661,CatEye
6662,CatEye
6663,DogEye
6664,DogEye
6665,CatEye
6666,DogNose
6667,CatEye
6668,CatEye
6669,CatEye
6670,CatEye
6671,CatMouth
6672,CatMouth
6673,CatNose
6674,DogNose
6675,DogMouth
6676,CatMouth
6677,DogFace
6678,DogNose
6679,DogFace
6680,DogNose
6681,CatNose
6682,DogMouth
6683,CatNose
6684,DogMouth
6685,DogMouth
6686,CatMouth
6687,CatMouth
6688,CatEye
6689,CatNose
6690,CatEye
6691,DogNose
6692,DogMouth
6693,DogMouth
6694,DogNose
6695,DogFace
6696,DogNose
6697,DogNose
6698,DogNose
6699,CatEye
6700,DogMouth
6701,CatEye
6702,CatNose
6703,DogEye
6704,CatNose
6705,DogFace
6706,DogMouth
6707,DogEye
6708,CatEye
6709,DogEye
6710,CatFace
6711,CatNose
6712,CatMouth
6713,DogFace
6714,DogNose
6715,CatFace
6716,CatMouth
6717,DogFace
6718,DogMouth
6719,CatMouth
6720,DogMouth
6721,DogEye
6722,CatNose
6723,DogMouth
6724,DogFace
6725,DogEye
6726,CatEye
6727,CatMouth
6728,DogEye
6729,DogNose
6730,CatEye
6731,CatEye
6732,DogFace
6733,CatFace
6734,CatFace
6735,DogEye
6736,CatMouth
6737,CatFace
6738,DogMouth
6739,DogMouth
6740,CatFace
6741,DogEye
6742,CatFace
6743,CatNose
6744,DogEye
6745,DogMouth
6746,CatEye
6747,DogEye
6748,CatEye
6749,CatMouth
6750,DogEye
6751,CatMouth
6752,CatFace
6753,CatFace
6754,CatNose
6755,CatNose
6756,DogEye
6757,CatFace
6758,CatEye
6759,DogEye
6760,CatNose
6761,CatEye
6762,DogNose
6763,DogFace
6764,DogFace
6765,DogFace
6766,DogMouth
6767,CatNose
6768,CatNose
6769,DogFace
6770,CatFace
6771,CatNose
6772,CatFace
6773,DogEye
6774,DogNose
6775,DogNose
6776,DogMouth
6777,CatFace
6778,CatFace
6779,DogMouth
6780,CatEye
6781,CatMouth
6782,DogEye
6783,CatFace
6784,DogFace
6785,DogEye
6786,CatMouth
6787,DogNose
6788,DogMouth
6789,CatEye
6790,DogFace
6791,CatEye
6792,CatFace
6793,DogNose
6794,CatEye
6795,CatFace
6796,DogMouth
6797,CatNose
6798,CatNose
6799,CatEye
6800,CatNose
6801,CatNose
6802,DogMouth
6803,DogEye
6804,DogMouth
6805,CatNose
6806,CatMouth
6807,DogNose
6808,DogMouth
6809,DogEye
6810,CatMouth
6811,DogNose
6812,DogFace
6813,DogEye
6814,CatMouth
6815,DogFace
6816,CatNose
6817,DogNose
6818,CatMouth
6819,DogNose
6820,DogMouth
6821,DogFace
6822,CatMouth
6823,DogEye
6824,CatNose
6825,CatNose
6826,DogNose
6827,DogMouth
6828,DogMouth
6829,DogNose
6830,DogEye
6831,CatNose
6832,DogNose
6833,CatMouth
6834,CatEye
6835,CatNose
6836,DogEye
6837,CatNose
6838,CatFace
6839,DogEye
6840,CatEye
6841,CatMouth
6842,DogFace
6843,CatEye
6844,CatNose
6845,DogEye
6846,DogFace
6847,CatNose
6848,CatEye
6849,DogEye
6850,CatEye
6851,DogMouth
6852,CatMouth
6853,DogEye
6854,DogFace
6855,DogEye
6856,CatFace
6857,DogMouth
6858,DogFace
6859,CatMouth
6860,DogNose
6861,DogFace
6862,DogFace
6863,CatEye
6864,CatFace
6865,DogEye
6866,CatFace
6867,CatMouth
6868,CatNose
6869,CatEye
6870,DogEye
6871,CatNose
6872,CatEye
6873,CatMouth
6874,DogFace
6875,CatFace
6876,DogFace
6877,CatMouth
6878,DogFace
6879,DogMouth
6880,CatMouth
6881,CatMouth
6882,CatFace
6883,DogFace
6884,DogNose
6885,CatMouth
6886,DogEye
6887,DogEye
6888,CatNose
6889,DogFace
6890,DogEye
6891,DogMouth
6892,DogEye
6893,DogMouth
6894,CatMouth
6895,DogMouth
6896,DogMouth
6897,DogEye
6898,DogEye
6899,CatEye
6900,DogNose
6901,DogNose
6902,DogMouth
6903,CatFace
6904,CatMouth
6905,CatMouth
6906,DogEye
6907,CatEye
6908,DogNose
6909,DogFace
6910,CatEye
6911,CatFace
6912,DogMouth
6913,DogEye
6914,CatNose
6915,DogMouth
6916,CatMouth
6917,CatEye
6918,CatNose
6919,DogEye
6920,DogFace
6921,CatFace
6922,DogMouth
6923,DogMouth
6924,CatMouth
6925,DogMouth
6926,DogEye
6927,DogFace
6928,CatMouth
6929,DogNose
6930,CatFace
6931,DogEye
6932,DogFace
6933,DogEye
6934,CatEye
6935,DogFace
6936,DogFace
6937,DogMouth
6938,DogEye
6939,DogNose
6940,DogNose
6941,DogNose
6942,CatFace
6943,DogEye
6944,DogFace
6945,CatEye
6946,DogFace
6947,CatNose
6948,CatMouth
6949,CatEye
6950,CatMouth
6951,CatNose
6952,CatNose
6953,DogEye
6954,CatEye
6955,CatNose
6956,DogFace
6957,CatEye
6958,DogMouth
6959,DogFace
6960,CatMouth
6961,CatEye
6962,DogMouth
6963,CatMouth
6964,DogEye
6965,CatFace
6966,DogNose
6967,DogNose
6968,CatNose
6969,CatNose
6970,CatMouth
6971,CatEye
6972,CatMouth
6973,CatFace
6974,CatFace
6975,DogEye
6976,CatNose
6977,DogEye
6978,CatFace
6979,DogFace
6980,DogEye
6981,DogFace
6982,DogEye
6983,CatFace
6984,CatNose
6985,DogNose
6986,CatEye
6987,DogMouth
6988,CatNose
6989,DogNose
6990,DogFace
6991,CatMouth
6992,CatMouth
6993,CatMouth
6994,DogEye
6995,CatFace
6996,CatFace
6997,DogEye
6998,DogEye
6999,CatMouth
7000,DogNose
7001,DogFace
7002,DogEye
7003,DogNose
7004,CatEye
7005,CatNose
7006,DogMouth
7007,CatNose
7008,CatMouth
7009,CatNose
7010,CatNose
7011,DogNose
7012,DogEye
7013,CatEye
7014,CatFace
7015,DogMouth
7016,DogNose
7017,DogEye
7018,DogNose
7019,DogMouth
7020,DogFace
7021,CatEye
7022,DogEye
7023,DogMouth
7024,DogNose
7025,DogMouth
7026,CatNose
7027,DogNose
7028,DogNose
7029,CatEye
7030,CatEye
7031,DogEye
7032,DogNose
7033,CatFace
7034,DogNose
7035,CatMouth
7036,CatFace
7037,CatEye
7038,DogFace
7039,CatEye
7040,DogMouth
7041,DogFace
7042,CatEye
7043,CatFace
7044,DogNose
7045,DogMouth
7046,CatMouth
7047,DogEye
7048,CatNose
7049,CatEye
7050,DogEye
7051,CatEye
7052,DogEye
7053,DogEye
7054,CatNose
7055,CatNose
7056,CatEye
7057,DogEye
7058,DogMouth
7059,DogFace
7060,DogNose
7061,CatMouth
7062,CatFace
7063,DogNose
7064,CatNose
7065,DogMouth
7066,DogNose
7067,DogMouth
7068,CatNose
7069,CatNose
7070,CatMouth
7071,CatMouth
7072,DogMouth
7073,CatEye
7074,CatEye
7075,DogEye
7076,CatEye
7077,CatFace
7078,DogNose
7079,DogFace
7080,CatMouth
7081,CatNose
7082,DogMouth
7083,DogMouth
7084,DogMouth
7085,CatNose
7086,CatMouth
7087,DogEye
7088,DogNose
7089,CatEye
7090,CatEye
7091,CatEye
7092,CatFace
7093,CatMouth
7094,CatEye
7095,DogMouth
7096,CatEye
7097,DogMouth
7098,DogEye
7099,CatEye
7100,DogMouth
7101,DogEye
7102,CatFace
7103,CatEye
7104,CatMouth
7105,CatMouth
7106,DogFace
7107,DogNose
7108,DogFace
7109,DogEye
7110,CatEye
7111,DogEye
7112,CatMouth
7113,CatNose
7114,DogNose
7115,DogNose
7116,CatNose
7117,CatMouth
7118,DogEye
7119,DogFace
7120,DogMouth
7121,DogMouth
7122,CatEye
7123,DogEye
7124,CatNose
7125,DogMouth
7126,CatFace
7127,DogMouth
7128,DogNose
7129,DogFace
7130,DogNose
7131,CatMouth
7132,DogEye
7133,DogMouth
7134,CatNose
7135,DogEye
7136,CatEye
7137,DogMouth
7138,DogEye
7139,CatFace
7140,CatEye
7141,DogFace
7142,DogEye
7143,DogEye
7144,DogFace
7145,CatFace
7146,DogNose
7147,DogMouth
7148,CatFace
7149,DogMouth
7150,DogFace
7151,DogNose
7152,CatEye
7153,DogMouth
7154,CatEye
7155,CatEye
7156,DogMouth
7157,CatFace
7158,CatFace
7159,DogNose
7160,CatNose
7161,CatEye
7162,DogMouth
7163,DogFace
7164,CatEye
7165,DogMouth
7166,CatEye
7167,CatEye
7168,DogMouth
7169,CatMouth
7170,CatEye
7171,CatNose
7172,DogMouth
7173,CatMouth
7174,CatNose
7175,CatMouth
7176,CatFace
7177,CatNose
7178,DogEye
7179,DogEye
7180,CatFace
7181,DogNose
7182,DogMouth
7183,DogMouth
7184,CatFace
7185,DogNose
7186,DogEye
7187,CatMouth
7188,CatNose
7189,CatMouth
7190,DogMouth
7191,CatEye
7192,CatEye
7193,DogMouth
7194,DogNose
7195,DogEye
7196,CatMouth
7197,DogMouth
7198,CatEye
7199,DogMouth
7200,DogEye
7201,DogMouth
7202,CatNose
7203,CatEye
7204,DogFace
7205,DogMouth
7206,DogFace
7207,CatFace
7208,DogMouth
7209,CatEye
7210,CatNose
7211,CatNose
7212,CatNose
7213,CatFace
7214,DogEye
7215,DogMouth
7216,CatMouth
7217,DogFace
7218,CatMouth
7219,DogMouth
7220,DogEye
7221,CatNose
7222,DogEye
7223,DogNose
7224,CatEye
7225,DogEye
7226,DogFace
7227,DogFace
7228,DogFace
7229,DogNose
7230,DogMouth
7231,DogMouth
7232,DogEye
7233,DogNose
7234,DogNose
7235,CatNose
7236,CatEye
7237,DogNose
7238,CatMouth
7239,CatNose
7240,CatNose
7241,DogMouth
7242,DogNose
7243,CatFace
7244,DogFace
7245,DogFace
7246,DogFace
7247,DogEye
7248,DogEye
7249,CatFace
7250,CatEye
7251,CatMouth
7252,DogMouth
7253,CatFace
7254,DogEye
7255,DogMouth
7256,DogFace
7257,DogFace
7258,CatMouth
7259,DogMouth
7260,CatMouth
7261,DogFace
7262,DogFace
7263,CatFace
7264,CatNose
7265,DogNose
7266,DogNose
7267,DogFace
7268,DogNose
7269,CatNose
7270,DogNose
7271,DogMouth
7272,CatNose
7273,CatMouth
7274,CatFace
7275,CatMouth
7276,DogEye
7277,CatMouth
7278,CatNose
7279,CatEye
7280,CatEye
7281,DogNose
7282,CatMouth
7283,CatEye
7284,DogEye
7285,DogFace
7286,DogFace
7287,DogFace
7288,DogNose
7289,CatNose
7290,CatNose
7291,CatEye
7292,CatFace
7293,DogMouth
7294,DogMouth
7295,CatEye
7296,CatMouth
7297,CatNose
7298,CatNose
7299,CatEye
7300,DogNose
7301,CatNose
7302,CatEye
7303,CatMouth
7304,CatFace
7305,DogFace
7306,CatNose
7307,CatMouth
7308,CatEye
7309,DogEye
7310,CatMouth
7311,CatNose
7312,DogFace
7313,DogNose
7314,DogNose
7315,CatEye
7316,DogNose
7317,DogFace
7318,CatMouth
7319,DogFace
7320,CatMouth
7321,CatFace
7322,DogEye
7323,DogFace
7324,CatFace
7325,CatNose
7326,DogFace
7327,CatEye
7328,CatEye
7329,DogFace
7330,DogEye
7331,CatFace
7332,DogNose
7333,CatEye
7334,CatMouth
7335,CatMouth
7336,DogFace
7337,CatMouth
7338,CatNose
7339,CatNose
7340,CatFace
7341,DogMouth
7342,CatMouth
7343,DogEye
7344,DogFace
7345,DogMouth
7346,CatEye
7347,DogFace
7348,DogFace
7349,DogMouth
7350,DogEye
7351,CatNose
7352,CatFace
7353,CatFace
7354,DogMouth
7355,CatMouth
7356,CatMouth
7357,CatMouth
7358,CatMouth
7359,CatNose
7360,CatFace
7361,DogFace
7362,DogEye
7363,CatNose
7364,CatEye
7365,CatEye
7366,CatNose
7367,DogMouth
7368,CatMouth
7369,CatNose
7370,CatEye
7371,DogNose
7372,DogEye
7373,CatEye
7374,CatNose
7375,DogNose
7376,CatFace
7377,DogFace
7378,DogMouth
7379,DogEye
7380,CatNose
7381,DogEye
7382,DogEye
7383,CatFace
7384,DogEye
7385,CatMouth
7386,DogFace
7387,CatMouth
7388,CatFace
7389,DogMouth
7390,DogNose
7391,CatEye
7392,CatMouth
7393,CatNose
7394,CatFace
7395,DogMouth
7396,CatEye
7397,DogNose
7398,CatMouth
7399,DogEye
7400,CatMouth
7401,DogFace
7402,DogMouth
7403,CatMouth
7404,DogMouth
7405,DogNose
7406,CatFace
7407,DogEye
7408,CatFace
7409,CatFace
7410,DogEye
7411,CatNose
7412,CatEye
7413,CatMouth
7414,CatFace
7415,DogMouth
7416,DogEye
7417,CatEye
7418,DogEye
7419,DogFace
7420,CatNose
7421,CatEye
7422,CatEye
7423,CatEye
7424,DogMouth
7425,DogEye
7426,CatFace
7427,CatEye
7428,CatEye
7429,DogEye
7430,DogNose
7431,CatFace
7432,DogEye
7433,DogFace
7434,DogMouth
7435,CatNose
7436,CatEye
7437,DogNose
7438,DogEye
7439,DogEye
7440,CatEye
7441,CatMouth
7442,CatMouth
7443,DogFace
7444,DogFace
7445,CatNose
7446,DogFace
7447,DogFace
7448,DogEye
7449,CatFace
7450,CatEye
7451,CatFace
7452,CatEye
7453,DogEye
7454,CatFace
7455,CatNose
7456,DogNose
7457,DogNose
7458,CatEye
7459,DogEye
7460,CatFace
7461,CatNose
7462,DogEye
7463,CatFace
7464,CatMouth
7465,DogNose
7466,DogNose
7467,CatNose
7468,DogEye
7469,CatNose
7470,CatEye
7471,CatEye
7472,DogNose
7473,DogNose
7474,CatFace
7475,CatNose
7476,DogMouth
7477,DogMouth
7478,DogMouth
7479,CatMouth
7480,DogNose
7481,DogMouth
7482,DogFace
7483,CatEye
7484,DogFace
7485,CatFace
7486,DogNose
7487,CatEye
7488,DogEye
7489,CatNose
7490,DogEye
7491,CatNose
7492,CatFace
7493,CatEye
7494,DogNose
7495,CatMouth
7496,CatMouth
7497,CatEye
7498,CatEye
7499,DogEye
7500,DogMouth
7501,CatFace
7502,DogFace
7503,DogFace
7504,DogMouth
7505,DogFace
7506,DogMouth
7507,DogNose
7508,CatFace
7509,DogMouth
7510,DogEye
7511,CatMouth
7512,DogEye
7513,DogMouth
7514,CatEye
7515,DogEye
7516,CatEye
7517,DogEye
7518,DogEye
7519,CatNose
7520,CatFace
7521,DogMouth
7522,CatNose
7523,CatMouth
7524,CatMouth
7525,CatEye
7526,CatEye
7527,CatFace
7528,DogFace
7529,DogFace
7530,CatNose
7531,DogFace
7532,DogNose
7533,CatEye
7534,CatNose
7535,DogMouth
7536,CatFace
7537,CatFace
7538,DogFace
7539,DogMouth
7540,CatNose
7541,CatMouth
7542,CatFace
7543,DogEye
7544,CatNose
7545,DogFace
7546,DogEye
7547,CatEye
7548,DogMouth
7549,DogNose
7550,DogFace
7551,CatEye
7552,DogEye
7553,DogEye
7554,DogEye
7555,CatNose
7556,DogEye
7557,CatMouth
7558,DogNose
7559,CatEye
7560,CatMouth
7561,DogFace
7562,DogMouth
7563,DogFace
7564,CatNose
7565,DogEye
7566,CatEye
7567,DogNose
7568,CatNose
7569,DogEye
7570,CatMouth
7571,CatMouth
7572,CatFace
7573,DogNose
7574,DogFace
7575,DogMouth
7576,CatNose
7577,CatFace
7578,CatNose
7579,CatEye
7580,CatFace
7581,DogMouth
7582,DogMouth
7583,CatEye
7584,DogEye
7585,CatFace
7586,CatEye
7587,CatEye
7588,DogEye
7589,CatNose
7590,DogEye
7591,CatFace
7592,CatMouth
7593,DogNose
7594,DogFace
7595,CatMouth
7596,DogMouth
7597,CatMouth
7598,DogEye
7599,CatEye
7600,DogFace
7601,CatEye
7602,DogNose
7603,DogEye
7604,DogFace
7605,CatMouth
7606,CatNose
7607,DogEye
7608,CatFace
7609,DogEye
7610,CatEye
7611,CatNose
7612,DogEye
7613,CatNose
7614,DogMouth
7615,DogEye
7616,DogNose
7617,CatFace
7618,CatEye
7619,CatEye
7620,CatEye
7621,CatMouth
7622,DogNose
7623,CatNose
7624,DogNose
7625,CatNose
7626,CatMouth
7627,CatNose
7628,DogEye
7629,DogNose
7630,CatMouth
7631,CatNose
7632,CatMouth
7633,CatFace
7634,DogEye
7635,CatMouth
7636,CatNose
7637,DogMouth
7638,DogMouth
7639,CatMouth
7640,CatEye
7641,CatFace
7642,DogMouth
7643,DogEye
7644,DogNose
7645,CatNose
7646,CatNose
7647,CatFace
7648,CatMouth
7649,CatEye
7650,DogFace
7651,DogEye
7652,CatMouth
7653,DogMouth
7654,DogEye
7655,DogFace
7656,CatMouth
7657,CatEye
7658,DogMouth
7659,CatFace
7660,DogEye
7661,DogEye
7662,CatMouth
7663,CatMouth
7664,CatEye
7665,DogFace
7666,CatFace
7667,CatEye
7668,CatFace
7669,DogMouth
7670,CatMouth
7671,DogNose
7672,CatEye
7673,CatMouth
7674,DogFace
7675,CatMouth
7676,DogFace
7677,DogMouth
7678,DogEye
7679,CatFace
7680,CatFace
7681,DogNose
7682,CatFace
7683,CatMouth
7684,DogEye
7685,DogNose
7686,CatMouth
7687,DogNose
7688,CatFace
7689,CatNose
7690,CatFace
7691,CatMouth
7692,DogFace
7693,CatNose
7694,CatEye
7695,DogEye
7696,DogEye
7697,DogNose
7698,CatMouth
7699,CatNose
7700,DogNose
7701,CatMouth
7702,CatFace
7703,CatNose
7704,DogEye
7705,DogEye
7706,CatFace
7707,CatFace
7708,DogEye
7709,CatEye
7710,DogNose
7711,CatEye
7712,CatNose
7713,DogFace
7714,CatEye
7715,CatEye
7716,CatNose
7717,CatNose
7718,DogMouth
7719,CatFace
7720,CatFace
7721,DogFace
7722,DogEye
7723,DogMouth
7724,DogNose
7725,CatNose
7726,CatFace
7727,DogEye
7728,DogFace
7729,DogEye
7730,DogEye
7731,DogNose
7732,CatMouth
7733,CatFace
7734,DogFace
7735,CatMouth
7736,DogEye
7737,DogMouth
7738,CatEye
7739,DogNose
7740,DogMouth
7741,CatFace
7742,CatEye
7743,DogNose
7744,CatEye
7745,DogFace
7746,DogFace
7747,CatMouth
7748,CatMouth
7749,DogNose
7750,CatMouth
7751,CatEye
7752,DogEye
7753,CatNose
7754,CatEye
7755,CatEye
7756,CatMouth
7757,CatFace
7758,CatMouth
7759,DogEye
7760,DogEye
7761,CatNose
7762,DogFace
7763,CatEye
7764,CatEye
7765,DogNose
7766,CatMouth
7767,CatNose
7768,DogEye
7769,DogFace
7770,CatFace
7771,DogMouth
7772,DogNose
7773,DogFace
7774,CatNose
7775,CatMouth
7776,CatFace
7777,DogNose
7778,DogEye
7779,CatMouth
7780,CatFace
7781,CatNose
7782,DogEye
7783,CatFace
7784,CatMouth
7785,DogFace
7786,DogNose
7787,DogEye
7788,DogEye
7789,CatFace
7790,CatMouth
7791,CatNose
7792,CatEye
7793,CatEye
7794,CatNose
7795,DogNose
7796,DogNose
7797,DogEye
7798,CatFace
7799,CatMouth
7800,CatNose
7801,CatEye
7802,DogEye
7803,CatNose
7804,DogFace
7805,DogEye
7806,CatNose
7807,DogMouth
7808,DogNose
7809,CatFace
7810,CatEye
7811,DogMouth
7812,DogNose
7813,CatFace
7814,CatEye
7815,DogMouth
7816,CatMouth
7817,CatNose
7818,DogFace
7819,DogFace
7820,DogFace
7821,DogFace
7822,CatFace
7823,DogNose
7824,DogNose
7825,DogEye
7826,DogEye
7827,DogEye
7828,DogNose
7829,CatEye
7830,DogEye
7831,CatEye
7832,DogEye
7833,CatEye
7834,CatFace
7835,DogFace
7836,DogEye
7837,DogEye
7838,DogEye
7839,CatFace
7840,DogEye
7841,DogFace
7842,CatFace
7843,CatNose
7844,DogFace
7845,CatFace
7846,DogNose
7847,CatFace
7848,DogFace
7849,DogEye
7850,DogEye
7851,DogNose
7852,CatMouth
7853,CatNose
7854,CatMouth
7855,DogNose
7856,CatFace
7857,CatEye
7858,CatNose
7859,DogMouth
7860,DogNose
7861,DogNose
7862,CatNose
7863,DogNose
7864,DogNose
7865,DogFace
7866,CatNose
7867,CatEye
7868,DogFace
7869,DogNose
7870,DogMouth
7871,CatMouth
7872,DogEye
7873,DogEye
7874,CatFace
7875,DogMouth
7876,CatMouth
7877,CatEye
7878,CatFace
7879,DogFace
7880,CatNose
7881,DogNose
7882,CatMouth
7883,CatEye
7884,CatEye
7885,CatMouth
7886,CatEye
7887,DogNose
7888,CatEye
7889,DogEye
7890,DogFace
7891,CatMouth
7892,CatEye
7893,DogFace
7894,DogFace
7895,CatEye
7896,CatNose
7897,CatNose
7898,DogFace
7899,CatEye
7900,DogNose
7901,DogEye
7902,CatFace
7903,CatMouth
7904,CatEye
7905,CatEye
7906,DogFace
7907,DogMouth
7908,DogFace
7909,CatNose
7910,CatMouth
7911,DogFace
7912,DogNose
7913,CatEye
7914,CatEye
7915,DogMouth
7916,CatMouth
7917,CatNose
7918,DogFace
7919,CatNose
7920,DogNose
7921,CatEye
7922,CatFace
7923,CatNose
7924,DogFace
7925,CatMouth
7926,DogFace
7927,CatEye
7928,DogMouth
7929,DogMouth
7930,CatEye
7931,DogNose
7932,CatEye
7933,DogMouth
7934,CatFace
7935,CatFace
7936,DogFace
7937,DogEye
7938,DogEye
7939,CatMouth
7940,CatMouth
7941,CatEye
7942,CatEye
7943,DogEye
7944,DogNose
7945,CatFace
7946,CatNose
7947,CatNose
7948,DogNose
7949,CatMouth
7950,DogNose
7951,DogFace
7952,DogMouth
7953,CatEye
7954,CatNose
7955,DogEye
7956,DogEye
7957,DogMouth
7958,DogEye
7959,DogEye
7960,CatNose
7961,DogEye
7962,CatMouth
7963,DogMouth
7964,DogNose
7965,CatFace
7966,CatEye
7967,CatNose
7968,CatNose
7969,CatEye
7970,CatEye
7971,DogMouth
7972,CatFace
7973,CatEye
7974,DogEye
7975,DogNose
7976,CatEye
7977,CatMouth
7978,DogMouth
7979,DogMouth
7980,DogEye
7981,DogFace
7982,CatEye
7983,CatNose
7984,DogFace
7985,CatFace
7986,CatFace
7987,CatEye
7988,CatMouth
7989,CatNose
7990,DogEye
7991,CatFace
7992,CatEye
7993,CatNose
7994,CatNose
7995,DogNose
7996,DogFace
7997,CatNose
7998,CatNose
7999,CatEye
8000,CatFace
8001,DogNose
8002,CatFace
8003,CatMouth
8004,DogMouth
8005,DogFace
8006,DogEye
8007,CatNose
8008,CatNose
8009,DogEye
8010,CatEye
8011,DogEye
8012,CatMouth
8013,CatNose
8014,DogNose
8015,CatEye
8016,CatMouth
8017,DogNose
8018,DogNose
8019,CatFace
8020,CatFace
8021,DogNose
8022,DogFace
8023,CatEye
8024,CatMouth
8025,CatEye
8026,CatMouth
8027,DogNose
8028,CatEye
8029,DogEye
8030,CatMouth
8031,DogMouth
8032,DogEye
8033,CatFace
8034,CatMouth
8035,CatNose
8036,CatEye
8037,CatMouth
8038,CatFace
8039,DogEye
8040,DogMouth
8041,CatNose
8042,CatMouth
8043,DogEye
8044,CatEye
8045,CatFace
8046,CatFace
8047,DogNose
8048,DogMouth
8049,CatFace
8050,DogMouth
8051,CatFace
8052,CatEye
8053,CatFace
8054,CatMouth
8055,CatEye
8056,CatMouth
8057,CatEye
8058,CatFace
8059,CatFace
8060,CatMouth
8061,CatNose
8062,DogEye
8063,DogMouth
8064,CatFace
8065,DogNose
8066,DogNose
8067,CatEye
8068,CatFace
8069,CatEye
8070,CatEye
8071,DogMouth
8072,CatMouth
8073,DogEye
8074,CatMouth
8075,DogEye
8076,CatMouth
8077,DogEye
8078,DogEye
8079,CatEye
8080,CatEye
8081,DogFace
8082,DogMouth
8083,CatNose
8084,CatMouth
8085,CatFace
8086,DogEye
8087,DogEye
8088,DogEye
8089,DogFace
8090,DogNose
8091,CatFace
8092,DogFace
8093,CatFace
8094,CatEye
8095,CatFace
8096,DogNose
8097,CatMouth
8098,DogFace
8099,CatMouth
8100,DogFace
8101,CatFace
8102,CatFace
8103,CatEye
8104,CatEye
8105,DogNose
8106,DogEye
8107,CatNose
8108,CatNose
8109,DogEye
8110,CatNose
8111,DogMouth
8112,CatFace
8113,CatMouth
8114,DogEye
8115,CatMouth
8116,DogMouth
8117,DogFace
8118,DogEye
8119,DogFace
8120,DogEye
8121,CatFace
8122,CatEye
8123,CatFace
8124,CatNose
8125,DogEye
8126,DogNose
8127,CatNose
8128,CatNose
8129,CatEye
8130,CatEye
8131,CatMouth
8132,CatFace
8133,CatFace
8134,CatNose
8135,DogFace
8136,DogNose
8137,CatEye
8138,CatEye
8139,DogFace
8140,CatMouth
8141,DogNose
8142,CatEye
8143,DogFace
8144,CatFace
8145,CatEye
8146,CatEye
8147,DogEye
8148,CatMouth
8149,DogFace
8150,DogEye
8151,DogNose
8152,CatNose
8153,CatFace
8154,DogMouth
8155,CatNose
8156,CatEye
8157,CatMouth
8158,CatEye
8159,CatFace
8160,CatNose
8161,CatNose
8162,CatFace
8163,CatFace
8164,DogNose
8165,CatEye
8166,CatEye
8167,DogMouth
8168,CatEye
8169,DogNose
8170,CatNose
8171,CatNose
8172,DogEye
8173,CatNose
8174,DogNose
8175,CatEye
8176,DogFace
8177,DogMouth
8178,CatEye
8179,DogFace
8180,CatEye
8181,DogNose
8182,CatMouth
8183,DogEye
8184,CatFace
8185,CatEye
8186,CatEye
8187,CatEye
8188,DogNose
8189,DogFace
8190,CatNose
8191,CatNose
8192,DogFace
8193,DogEye
8194,DogFace
8195,CatNose
8196,DogFace
8197,CatEye
8198,CatEye
8199,CatFace
8200,CatMouth
8201,CatMouth
8202,DogNose
8203,DogFace
8204,CatFace
8205,CatEye
8206,DogNose
8207,DogEye
8208,DogNose
8209,DogNose
8210,CatEye
8211,DogFace
8212,CatMouth
8213,DogEye
8214,DogEye
8215,CatEye
8216,DogMouth
8217,DogMouth
8218,CatNose
8219,DogFace
8220,DogFace
8221,CatFace
8222,DogFace
8223,CatMouth
8224,DogFace
8225,DogEye
8226,DogFace
8227,DogEye
8228,CatEye
8229,DogNose
8230,CatEye
8231,DogNose
8232,CatMouth
8233,CatEye
8234,DogFace
8235,CatFace
8236,CatEye
8237,CatNose
8238,CatMouth
8239,CatEye
8240,CatEye
8241,DogMouth
8242,CatNose
8243,CatEye
8244,DogNose
8245,DogFace
8246,DogNose
8247,CatFace
8248,CatFace
8249,DogEye
8250,CatFace
8251,DogNose
8252,CatEye
8253,DogEye
8254,CatMouth
8255,DogMouth
8256,DogFace
8257,CatFace
8258,CatEye
8259,CatEye
8260,DogFace
8261,CatMouth
8262,CatEye
8263,CatMouth
8264,DogNose
8265,DogNose
8266,DogFace
8267,CatFace
8268,DogNose
8269,CatMouth
8270,DogNose
8271,DogEye
8272,DogEye
8273,DogEye
8274,DogFace
8275,CatNose
8276,CatMouth
8277,DogNose
8278,DogFace
8279,DogEye
8280,DogEye
8281,DogFace
8282,DogMouth
8283,DogEye
8284,CatNose
8285,DogMouth
8286,CatEye
8287,DogNose
8288,CatFace
8289,DogMouth
8290,DogEye
8291,CatNose
8292,DogEye
8293,DogFace
8294,DogEye
8295,CatEye
8296,DogEye
8297,CatMouth
8298,DogMouth
8299,DogMouth
8300,CatMouth
8301,DogEye
8302,DogNose
8303,CatNose
8304,CatFace
8305,CatEye
8306,CatNose
8307,CatFace
8308,DogFace
8309,CatFace
8310,CatNose
8311,CatNose
8312,DogMouth
8313,CatEye
8314,CatFace
8315,CatMouth
8316,DogMouth
8317,DogEye
8318,DogFace
8319,CatNose
8320,CatEye
8321,CatFace
8322,DogFace
8323,CatMouth
8324,CatEye
8325,CatNose
8326,CatFace
8327,CatEye
8328,CatMouth
8329,DogEye
8330,DogMouth
8331,CatMouth
8332,CatNose
8333,DogFace
8334,CatFace
8335,CatFace
8336,DogEye
8337,DogNose
8338,CatMouth
8339,CatFace
8340,CatEye
8341,DogMouth
8342,DogMouth
8343,CatFace
8344,CatFace
8345,CatMouth
8346,DogFace
8347,CatMouth
8348,CatEye
8349,CatEye
8350,CatNose
8351,CatMouth
8352,CatEye
8353,DogNose
8354,DogNose
8355,CatEye
8356,DogMouth
8357,CatEye
8358,CatNose
8359,DogEye
8360,DogMouth
8361,DogNose
8362,DogMouth
8363,DogEye
8364,CatMouth
8365,DogMouth
8366,CatEye
8367,DogNose
8368,DogFace
8369,DogNose
8370,CatMouth
8371,DogNose
8372,CatNose
8373,DogFace
8374,DogFace
8375,CatEye
8376,CatFace
8377,CatMouth
8378,CatEye
8379,CatFace
8380,CatFace
8381,DogMouth
8382,DogFace
8383,DogFace
8384,CatMouth
8385,CatMouth
8386,CatNose
8387,CatMouth
8388,CatFace
8389,CatEye
8390,CatMouth
8391,CatFace
8392,DogNose
8393,DogFace
8394,CatMouth
8395,DogEye
8396,DogMouth
8397,CatNose
8398,DogFace
8399,CatEye
8400,DogFace
8401,DogEye
8402,DogNose
8403,DogFace
8404,DogEye
8405,CatFace
8406,CatNose
8407,DogEye
8408,DogNose
8409,CatNose
8410,DogEye
8411,CatEye
8412,DogEye
8413,CatMouth
8414,DogMouth
8415,CatFace
8416,DogFace
8417,CatEye
8418,DogNose
8419,DogFace
8420,CatFace
8421,DogFace
8422,DogNose
8423,CatEye
8424,CatFace
8425,DogMouth
8426,DogEye
8427,DogMouth
8428,DogFace
8429,CatMouth
8430,CatEye
8431,CatFace
8432,DogMouth
8433,DogNose
8434,CatNose
8435,DogEye
8436,CatFace
8437,CatFace
8438,DogMouth
8439,DogMouth
8440,CatNose
8441,DogMouth
8442,CatEye
8443,DogFace
8444,CatEye
8445,DogMouth
8446,CatFace
8447,CatMouth
8448,DogEye
8449,CatFace
8450,DogFace
8451,DogEye
8452,CatEye
8453,DogEye
8454,CatEye
8455,CatMouth
8456,DogMouth
8457,CatMouth
8458,DogMouth
8459,CatFace
8460,CatNose
8461,CatNose
8462,CatNose
8463,DogEye
8464,DogNose
8465,CatFace
8466,DogEye
8467,DogNose
8468,CatFace
8469,CatFace
8470,CatFace
8471,DogEye
8472,DogFace
8473,DogFace
8474,DogEye
8475,CatEye
8476,DogMouth
8477,CatNose
8478,CatEye
8479,CatMouth
8480,DogNose
8481,DogEye
8482,CatNose
8483,DogFace
8484,DogEye
8485,DogNose
8486,CatEye
8487,DogNose
8488,CatNose
8489,DogFace
8490,DogMouth
8491,CatFace
8492,DogEye
8493,DogFace
8494,CatMouth
8495,DogMouth
8496,DogFace
8497,DogMouth
8498,CatNose
8499,CatFace
8500,DogNose
8501,CatEye
8502,CatEye
8503,CatEye
8504,CatMouth
8505,DogEye
8506,CatNose
8507,CatEye
8508,DogNose
8509,CatMouth
8510,CatFace
8511,CatEye
8512,DogFace
8513,DogFace
8514,DogEye
8515,CatMouth
8516,DogNose
8517,CatNose
8518,DogFace
8519,CatMouth
8520,CatFace
8521,CatNose
8522,CatFace
8523,DogMouth
8524,DogMouth
8525,CatFace
8526,CatNose
8527,DogEye
8528,CatMouth
8529,DogEye
8530,CatFace
8531,CatFace
8532,CatMouth
8533,DogFace
8534,DogNose
8535,CatMouth
8536,DogFace
8537,CatEye
8538,CatFace
8539,DogEye
8540,CatEye
8541,DogMouth
8542,DogFace
8543,CatEye
8544,DogNose
8545,DogFace
8546,DogFace
8547,CatNose
8548,DogFace
8549,DogEye
8550,CatMouth
8551,DogMouth
8552,DogFace
8553,DogMouth
8554,CatFace
8555,DogEye
8556,DogMouth
8557,DogNose
8558,CatFace
8559,DogMouth
8560,DogMouth
8561,DogNose
8562,CatNose
8563,DogEye
8564,DogFace
8565,DogEye
8566,DogFace
8567,CatMouth
8568,DogMouth
8569,CatEye
8570,CatNose
8571,DogEye
8572,CatFace
8573,CatEye
8574,CatFace
8575,DogEye
8576,DogEye
8577,CatFace
8578,CatFace
8579,CatFace
8580,DogFace
8581,DogMouth
8582,DogFace
8583,CatMouth
8584,DogEye
8585,CatMouth
8586,CatFace
8587,DogFace
8588,CatFace
8589,DogFace
8590,DogEye
8591,CatNose
8592,DogFace
8593,CatNose
8594,CatNose
8595,DogFace
8596,DogMouth
8597,DogMouth
8598,CatNose
8599,CatEye
8600,CatFace
8601,DogNose
8602,DogNose
8603,DogEye
8604,CatEye
8605,CatMouth
8606,CatFace
8607,DogFace
8608,CatFace
8609,CatNose
8610,DogNose
8611,CatEye
8612,DogEye
8613,CatNose
8614,CatMouth
8615,DogEye
8616,CatEye
8617,CatMouth
8618,CatFace
8619,CatEye
8620,CatNose
8621,CatFace
8622,DogMouth
8623,CatMouth
8624,DogEye
8625,CatMouth
8626,CatNose
8627,DogEye
8628,CatNose
8629,DogFace
8630,DogFace
8631,DogNose
8632,CatNose
8633,CatMouth
8634,CatEye
8635,CatFace
8636,DogEye
8637,CatEye
8638,DogMouth
8639,CatFace
8640,DogEye
8641,CatFace
8642,DogNose
8643,DogMouth
8644,CatFace
8645,DogMouth
8646,DogMouth
8647,CatEye
8648,CatEye
8649,CatNose
8650,CatFace
8651,CatEye
8652,DogEye
8653,DogNose
8654,DogMouth
8655,CatEye
8656,DogFace
8657,DogEye
8658,DogMouth
8659,DogEye
8660,DogMouth
8661,CatMouth
8662,DogFace
8663,CatFace
8664,DogMouth
8665,DogNose
8666,CatNose
8667,CatEye
8668,CatFace
8669,CatNose
8670,CatEye
8671,DogEye
8672,DogEye
8673,CatFace
8674,DogEye
8675,CatNose
8676,CatFace
8677,DogNose
8678,CatNose
8679,CatNose
8680,CatMouth
8681,DogNose
8682,CatEye
8683,CatEye
8684,CatMouth
8685,CatMouth
8686,CatFace
8687,DogFace
8688,CatFace
8689,DogMouth
8690,CatNose
8691,CatMouth
8692,CatNose
8693,CatMouth
8694,DogFace
8695,DogMouth
8696,DogEye
8697,CatFace
8698,CatFace
8699,DogNose
8700,CatNose
8701,CatMouth
8702,CatEye
8703,DogFace
8704,CatMouth
8705,DogEye
8706,CatNose
8707,DogNose
8708,CatNose
8709,CatFace
8710,CatFace
8711,CatEye
8712,DogEye
8713,CatEye
8714,CatNose
8715,DogFace
8716,CatFace
8717,CatMouth
8718,CatFace
8719,DogEye
8720,DogNose
8721,DogMouth
8722,DogFace
8723,CatFace
8724,DogNose
8725,DogNose
8726,CatNose
8727,DogEye
8728,CatEye
8729,DogEye
8730,DogEye
8731,CatNose
8732,DogMouth
8733,DogFace
8734,CatMouth
8735,CatFace
8736,DogNose
8737,CatMouth
8738,DogMouth
8739,CatFace
8740,DogEye
8741,CatEye
8742,CatNose
8743,CatEye
8744,DogNose
8745,DogMouth
8746,DogEye
8747,CatNose
8748,CatNose
8749,DogMouth
8750,CatMouth
8751,DogMouth
8752,CatFace
8753,CatMouth
8754,DogNose
8755,CatFace
8756,CatNose
8757,CatNose
8758,CatEye
8759,CatFace
8760,DogEye
8761,DogEye
8762,DogEye
8763,CatEye
8764,CatEye
8765,DogEye
8766,CatNose
8767,CatEye
8768,DogFace
8769,CatEye
8770,DogEye
8771,DogMouth
8772,DogEye
8773,CatMouth
8774,CatMouth
8775,CatEye
8776,DogMouth
8777,DogMouth
8778,DogNose
8779,CatNose
8780,DogMouth
8781,DogMouth
8782,CatEye
8783,CatFace
8784,DogEye
8785,DogMouth
8786,CatEye
8787,DogNose
8788,CatFace
8789,DogEye
8790,DogNose
8791,CatNose
8792,CatMouth
8793,DogNose
8794,DogNose
8795,DogNose
8796,CatMouth
8797,CatFace
8798,CatFace
8799,CatEye
8800,DogNose
8801,CatEye
8802,DogFace
8803,DogFace
8804,DogEye
8805,CatNose
8806,CatNose
8807,CatEye
8808,DogEye
8809,DogEye
8810,DogMouth
8811,CatEye
8812,DogFace
8813,CatMouth
8814,DogEye
8815,CatMouth
8816,CatNose
8817,DogEye
8818,DogNose
8819,CatNose
8820,CatNose
8821,CatFace
8822,CatFace
8823,CatMouth
8824,CatEye
8825,CatMouth
8826,CatEye
8827,CatFace
8828,DogFace
8829,DogNose
8830,DogEye
8831,CatFace
8832,DogFace
8833,DogEye
8834,CatNose
8835,DogEye
8836,CatNose
8837,CatEye
8838,CatNose
8839,CatNose
8840,CatMouth
8841,CatFace
8842,DogNose
8843,DogMouth
8844,DogFace
8845,CatMouth
8846,DogMouth
8847,DogEye
8848,DogNose
8849,DogEye
8850,DogEye
8851,DogMouth
8852,CatNose
8853,DogMouth
8854,DogNose
8855,CatNose
8856,CatNose
8857,DogEye
8858,CatMouth
8859,DogFace
8860,CatMouth
8861,DogMouth
8862,DogMouth
8863,DogNose
8864,DogEye
8865,CatMouth
8866,DogMouth
8867,CatMouth
8868,CatFace
8869,CatEye
8870,DogMouth
8871,CatNose
8872,DogEye
8873,CatMouth
8874,CatNose
8875,DogNose
8876,CatEye
8877,CatEye
8878,DogMouth
8879,DogEye
8880,DogFace
8881,DogEye
8882,CatFace
8883,CatEye
8884,DogEye
8885,CatFace
8886,DogNose
8887,CatMouth
8888,CatNose
8889,CatFace
8890,DogMouth
8891,CatMouth
8892,DogNose
8893,DogEye
8894,CatMouth
8895,DogMouth
8896,DogEye
8897,CatFace
8898,DogMouth
8899,CatFace
8900,DogEye
8901,CatNose
8902,CatFace
8903,CatNose
8904,DogFace
8905,DogNose
8906,DogMouth
8907,CatMouth
8908,DogFace
8909,DogFace
8910,DogFace
8911,DogMouth
8912,CatEye
8913,DogFace
8914,DogNose
8915,CatNose
8916,CatFace
8917,CatEye
8918,DogNose
8919,DogFace
8920,CatEye
8921,CatMouth
8922,DogFace
8923,CatNose
8924,DogEye
8925,DogMouth
8926,CatEye
8927,CatMouth
8928,DogEye
8929,CatEye
8930,DogNose
8931,DogNose
8932,DogEye
8933,DogEye
8934,DogFace
8935,CatNose
8936,DogEye
8937,CatFace
8938,CatNose
8939,CatNose
8940,DogEye
8941,DogEye
8942,CatEye
8943,CatNose
8944,DogFace
8945,CatEye
8946,DogMouth
8947,DogNose
8948,CatMouth
8949,CatNose
8950,DogNose
8951,DogFace
8952,CatFace
8953,CatEye
8954,DogEye
8955,DogFace
8956,CatEye
8957,CatFace
8958,DogMouth
8959,CatFace
8960,DogFace
8961,DogNose
8962,DogMouth
8963,CatMouth
8964,DogEye
8965,CatMouth
8966,CatEye
8967,DogNose
8968,DogEye
8969,CatFace
8970,CatFace
8971,CatEye
8972,CatMouth
8973,CatMouth
8974,CatEye
8975,DogFace
8976,DogNose
8977,DogNose
8978,CatEye
8979,DogEye
8980,CatEye
8981,CatFace
8982,DogMouth
8983,DogNose
8984,CatMouth
8985,DogMouth
8986,DogMouth
8987,DogFace
8988,DogFace
8989,CatNose
8990,DogEye
8991,DogMouth
8992,DogMouth
8993,DogFace
8994,CatMouth
8995,CatFace
8996,DogMouth
8997,DogMouth
8998,CatMouth
8999,CatNose
9000,CatMouth
9001,DogMouth
9002,DogNose
9003,DogMouth
9004,CatMouth
9005,DogNose
9006,DogMouth
9007,CatEye
9008,DogFace
9009,CatEye
9010,CatNose
9011,CatEye
9012,DogEye
9013,DogEye
9014,DogEye
9015,CatEye
9016,CatFace
9017,DogFace
9018,DogNose
9019,DogFace
9020,CatNose
9021,CatFace
9022,DogMouth
9023,DogFace
9024,CatEye
9025,DogFace
9026,CatNose
9027,DogNose
9028,CatFace
9029,CatEye
9030,DogNose
9031,CatMouth
9032,DogNose
9033,CatEye
9034,CatNose
9035,DogFace
9036,CatEye
9037,DogMouth
9038,DogFace
9039,CatEye
9040,DogNose
9041,CatEye
9042,DogEye
9043,CatMouth
9044,DogEye
9045,CatFace
9046,DogNose
9047,DogEye
9048,DogNose
9049,CatEye
9050,CatEye
9051,CatMouth
9052,DogEye
9053,CatEye
9054,CatFace
9055,DogNose
9056,CatEye
9057,CatNose
9058,DogEye
9059,DogFace
9060,DogEye
9061,DogEye
9062,CatFace
9063,DogFace
9064,CatNose
9065,CatNose
9066,CatMouth
9067,CatMouth
9068,CatFace
9069,DogNose
9070,DogFace
9071,DogFace
9072,DogEye
9073,DogEye
9074,DogFace
9075,DogNose
9076,CatFace
9077,DogNose
9078,DogMouth
9079,CatNose
9080,DogNose
9081,DogFace
9082,DogEye
9083,DogNose
9084,CatEye
9085,DogFace
9086,DogMouth
9087,DogFace
9088,DogMouth
9089,DogNose
9090,DogEye
9091,DogEye
9092,DogFace
9093,DogMouth
9094,CatEye
9095,CatMouth
9096,CatMouth
9097,DogEye
9098,DogNose
9099,CatEye
9100,CatEye
9101,DogEye
9102,DogNose
9103,CatFace
9104,CatFace
9105,DogMouth
9106,CatFace
9107,DogMouth
9108,DogEye
9109,CatMouth
9110,CatNose
9111,CatNose
9112,CatNose
9113,CatNose
9114,CatNose
9115,CatMouth
9116,DogFace
9117,CatFace
9118,DogEye
9119,DogNose
9120,DogEye
9121,DogNose
9122,CatMouth
9123,CatFace
9124,DogEye
9125,DogEye
9126,DogNose
9127,CatEye
9128,DogEye
9129,CatMouth
9130,CatEye
9131,DogEye
9132,DogFace
9133,CatMouth
9134,CatEye
9135,CatNose
9136,CatNose
9137,CatEye
9138,DogFace
9139,DogNose
9140,DogMouth
9141,CatMouth
9142,CatFace
9143,CatNose
9144,CatEye
9145,DogEye
9146,DogFace
9147,CatEye
9148,DogNose
9149,DogFace
9150,DogFace
9151,CatFace
9152,CatMouth
9153,CatEye
9154,CatNose
9155,CatEye
9156,CatEye
9157,DogNose
9158,DogNose
9159,DogEye
9160,DogNose
9161,DogEye
9162,CatNose
9163,DogEye
9164,DogNose
9165,CatEye
9166,CatEye
9167,DogMouth
9168,DogEye
9169,CatMouth
9170,DogEye
9171,DogFace
9172,DogEye
9173,CatNose
9174,CatMouth
9175,CatFace
9176,CatNose
9177,CatNose
9178,CatEye
9179,DogNose
9180,DogFace
9181,CatEye
9182,CatFace
9183,DogFace
9184,DogMouth
9185,DogEye
9186,DogMouth
9187,CatNose
9188,DogMouth
9189,DogNose
9190,CatEye
9191,CatNose
9192,DogNose
9193,CatEye
9194,DogMouth
9195,DogMouth
9196,DogEye
9197,DogFace
9198,DogEye
9199,CatEye
9200,CatEye
9201,CatEye
9202,CatEye
9203,DogNose
9204,DogNose
9205,CatNose
9206,CatNose
9207,DogNose
9208,DogMouth
9209,DogEye
9210,DogMouth
9211,CatNose
9212,CatFace
9213,DogFace
9214,DogNose
9215,CatEye
9216,CatNose
9217,CatMouth
9218,CatEye
9219,CatMouth
9220,DogNose
9221,CatNose
9222,CatFace
9223,CatMouth
9224,DogEye
9225,DogNose
9226,CatEye
9227,DogNose
9228,CatMouth
9229,CatMouth
9230,DogMouth
9231,DogFace
9232,CatNose
9233,DogMouth
9234,DogMouth
9235,DogEye
9236,CatMouth
9237,DogNose
9238,DogMouth
9239,CatNose
9240,CatEye
9241,DogEye
9242,DogMouth
9243,DogMouth
9244,DogFace
9245,CatEye
9246,DogNose
9247,DogNose
9248,DogNose
9249,CatEye
9250,CatEye
9251,CatFace
9252,CatFace
9253,CatMouth
9254,CatEye
9255,CatNose
9256,DogFace
9257,DogMouth
9258,CatEye
9259,CatNose
9260,CatFace
9261,CatMouth
9262,DogNose
9263,DogEye
9264,DogNose
9265,DogEye
9266,DogMouth
9267,CatMouth
9268,DogMouth
9269,CatEye
9270,CatNose
9271,CatNose
9272,CatFace
9273,DogMouth
9274,DogEye
9275,DogNose
9276,DogNose
9277,CatEye
9278,CatMouth
9279,CatEye
9280,CatEye
9281,CatFace
9282,CatFace
9283,DogNose
9284,DogMouth
9285,DogNose
9286,DogFace
9287,DogFace
9288,DogFace
9289,CatFace
9290,DogEye
9291,DogMouth
9292,DogEye
9293,DogMouth
9294,DogEye
9295,CatFace
9296,DogEye
9297,DogMouth
9298,CatEye
9299,DogEye
9300,DogEye
9301,DogEye
9302,CatEye
9303,DogEye
9304,DogFace
9305,CatEye
9306,CatEye
9307,DogNose
9308,DogFace
9309,CatEye
9310,CatEye
9311,DogNose
9312,DogNose
9313,CatFace
9314,CatEye
9315,CatMouth
9316,DogNose
9317,DogEye
9318,CatFace
9319,DogMouth
9320,DogFace
9321,DogEye
9322,DogMouth
9323,CatNose
9324,DogMouth
9325,CatFace
9326,CatNose
9327,DogFace
9328,DogEye
9329,DogMouth
9330,DogEye
9331,DogFace
9332,CatNose
9333,CatFace
9334,CatNose
9335,DogEye
9336,CatEye
9337,CatEye
9338,DogMouth
9339,DogNose
9340,DogEye
9341,DogEye
9342,DogNose
9343,DogFace
9344,DogMouth
9345,DogMouth
9346,CatFace
9347,DogNose
9348,DogNose
9349,CatMouth
9350,DogNose
9351,CatEye
9352,DogEye
9353,DogMouth
9354,CatMouth
9355,CatFace
9356,CatEye
9357,DogNose
9358,DogMouth
9359,CatMouth
9360,CatNose
9361,CatEye
9362,CatMouth
9363,DogEye
9364,DogMouth
9365,DogEye
9366,CatEye
9367,DogMouth
9368,CatMouth
9369,CatEye
9370,CatMouth
9371,CatEye
9372,DogNose
9373,CatEye
9374,CatEye
9375,DogNose
9376,CatEye
9377,DogEye
9378,DogEye
9379,DogEye
9380,DogFace
9381,CatMouth
9382,CatEye
9383,DogNose
9384,CatFace
9385,DogMouth
9386,DogEye
9387,DogNose
9388,DogFace
9389,DogEye
9390,DogEye
9391,DogEye
9392,DogMouth
9393,CatMouth
9394,DogEye
9395,DogMouth
9396,CatNose
9397,DogNose
9398,CatNose
9399,CatEye
9400,DogNose
9401,DogNose
9402,DogEye
9403,CatNose
9404,CatEye
9405,DogFace
9406,DogFace
9407,DogMouth
9408,CatMouth
9409,CatMouth
9410,CatMouth
9411,DogNose
9412,CatFace
9413,DogFace
9414,DogMouth
9415,CatFace
9416,CatFace
9417,DogNose
9418,DogFace
9419,DogFace
9420,CatFace
9421,DogEye
9422,CatFace
9423,CatFace
9424,CatMouth
9425,DogEye
9426,CatFace
9427,DogEye
9428,CatNose
9429,CatFace
9430,DogEye
9431,DogFace
9432,DogEye
9433,DogNose
9434,CatEye
9435,DogMouth
9436,CatNose
9437,DogFace
9438,DogFace
9439,CatMouth
9440,DogNose
9441,DogMouth
9442,DogEye
9443,DogEye
9444,DogMouth
9445,DogMouth
9446,DogEye
9447,CatNose
9448,DogEye
9449,DogMouth
9450,CatFace
9451,DogMouth
9452,CatFace
9453,CatMouth
9454,DogEye
9455,DogMouth
9456,DogNose
9457,DogMouth
9458,DogMouth
9459,DogNose
9460,DogEye
9461,DogMouth
9462,CatNose
9463,DogFace
9464,CatNose
9465,CatNose
9466,DogFace
9467,DogFace
9468,CatEye
9469,CatFace
9470,CatMouth
9471,DogNose
9472,DogMouth
9473,CatMouth
9474,CatFace
9475,CatMouth
9476,DogFace
9477,DogNose
9478,DogFace
9479,DogEye
9480,DogFace
9481,DogNose
9482,CatNose
9483,DogEye
9484,DogMouth
9485,DogFace
9486,DogNose
9487,DogNose
9488,CatFace
9489,DogFace
9490,CatNose
9491,CatMouth
9492,DogEye
9493,DogMouth
9494,CatMouth
9495,CatMouth
9496,CatFace
9497,DogMouth
9498,DogEye
9499,CatNose
9500,CatFace
9501,DogEye
9502,CatNose
9503,DogEye
9504,CatFace
9505,DogNose
9506,CatNose
9507,DogMouth
9508,CatNose
9509,DogEye
9510,CatNose
9511,DogNose
9512,CatNose
9513,CatNose
9514,DogMouth
9515,CatEye
9516,DogNose
9517,DogMouth
9518,DogEye
9519,CatNose
9520,DogFace
9521,CatFace
9522,CatMouth
9523,CatEye
9524,DogFace
9525,CatNose
9526,CatFace
9527,DogFace
9528,CatFace
9529,CatFace
9530,CatEye
9531,CatFace
9532,DogFace
9533,CatFace
9534,DogFace
9535,DogNose
9536,CatEye
9537,DogNose
9538,DogEye
9539,CatEye
9540,DogEye
9541,CatEye
9542,DogNose
9543,CatEye
9544,CatNose
9545,DogEye
9546,DogEye
9547,CatMouth
9548,DogNose
9549,CatNose
9550,CatEye
9551,DogFace
9552,CatFace
9553,DogMouth
9554,CatFace
9555,DogMouth
9556,DogEye
9557,CatFace
9558,CatNose
9559,DogNose
9560,DogNose
9561,DogFace
9562,CatEye
9563,CatMouth
9564,CatEye
9565,CatFace
9566,DogNose
9567,DogNose
9568,DogEye
9569,CatEye
9570,CatFace
9571,CatEye
9572,CatNose
9573,CatMouth
9574,CatNose
9575,CatNose
9576,DogMouth
9577,CatEye
9578,DogFace
9579,CatNose
9580,DogEye
9581,DogMouth
9582,CatEye
9583,DogFace
9584,DogFace
9585,CatFace
9586,CatNose
9587,CatNose
9588,CatFace
9589,CatEye
9590,DogEye
9591,CatFace
9592,CatMouth
9593,CatNose
9594,DogFace
9595,DogMouth
9596,DogFace
9597,CatFace
9598,DogNose
9599,CatEye
9600,CatNose
9601,DogFace
9602,CatMouth
9603,DogNose
9604,DogMouth
9605,DogMouth
9606,DogEye
9607,CatMouth
9608,CatEye
9609,DogEye
9610,DogEye
9611,CatFace
9612,DogFace
9613,DogNose
9614,DogFace
9615,CatFace
9616,DogMouth
9617,DogFace
9618,DogNose
9619,DogFace
9620,CatEye
9621,DogFace
9622,DogEye
9623,CatEye
9624,CatEye
9625,CatMouth
9626,DogEye
9627,CatEye
9628,DogNose
9629,DogMouth
9630,CatEye
9631,CatEye
9632,CatEye
9633,DogEye
9634,DogMouth
9635,DogFace
9636,DogEye
9637,CatFace
9638,DogNose
9639,DogFace
9640,DogNose
9641,DogEye
9642,DogNose
9643,DogEye
9644,DogNose
9645,CatFace
9646,DogEye
9647,DogFace
9648,CatFace
9649,DogNose
9650,CatFace
9651,DogEye
9652,CatMouth
9653,CatFace
9654,CatNose
9655,CatMouth
9656,CatFace
9657,DogMouth
9658,CatEye
9659,CatFace
9660,CatEye
9661,CatMouth
9662,DogNose
9663,CatNose
9664,DogNose
9665,CatFace
9666,DogEye
9667,CatFace
9668,CatMouth
9669,CatNose
9670,DogNose
9671,CatMouth
9672,CatNose
9673,DogFace
9674,DogNose
9675,DogNose
9676,DogFace
9677,CatFace
9678,CatFace
9679,DogEye
9680,CatEye
9681,CatEye
9682,CatEye
9683,DogFace
9684,CatMouth
9685,CatMouth
9686,DogFace
9687,DogNose
9688,CatEye
9689,DogMouth
9690,CatNose
9691,DogNose
9692,DogFace
9693,DogEye
9694,DogEye
9695,DogFace
9696,DogNose
9697,CatMouth
9698,DogEye
9699,CatNose
9700,CatMouth
9701,CatMouth
9702,DogNose
9703,DogNose
9704,CatNose
9705,DogFace
9706,DogMouth
9707,DogEye
9708,CatFace
9709,CatFace
9710,DogNose
9711,DogMouth
9712,DogEye
9713,DogEye
9714,DogMouth
9715,CatEye
9716,DogNose
9717,CatEye
9718,CatNose
9719,CatFace
9720,DogNose
9721,DogNose
9722,DogMouth
9723,CatFace
9724,DogFace
9725,DogMouth
9726,CatNose
9727,CatFace
9728,CatNose
9729,CatFace
9730,DogEye
9731,CatEye
9732,CatEye
9733,CatMouth
9734,DogMouth
9735,CatEye
9736,CatEye
9737,CatMouth
9738,CatEye
9739,CatMouth
9740,CatNose
9741,CatFace
9742,CatFace
9743,DogEye
9744,CatMouth
9745,CatMouth
9746,CatNose
9747,CatNose
9748,CatEye
9749,CatFace
9750,CatMouth
9751,CatEye
9752,CatEye
9753,CatEye
9754,DogFace
9755,CatNose
9756,CatEye
9757,CatNose
9758,CatNose
9759,DogNose
9760,CatEye
9761,CatFace
9762,CatNose
9763,CatNose
9764,DogNose
9765,DogFace
9766,DogMouth
9767,CatEye
9768,CatNose
9769,DogEye
9770,DogMouth
9771,DogNose
9772,CatEye
9773,DogFace
9774,CatMouth
9775,CatFace
9776,DogMouth
9777,CatNose
9778,CatMouth
9779,CatMouth
9780,DogEye
9781,DogMouth
9782,DogMouth
9783,DogNose
9784,CatFace
9785,CatNose
9786,CatMouth
9787,CatEye
9788,DogMouth
9789,DogFace
9790,CatMouth
9791,CatMouth
9792,CatMouth
9793,DogMouth
9794,DogMouth
9795,DogEye
9796,CatFace
9797,CatMouth
9798,DogMouth
9799,CatFace
9800,DogNose
9801,CatEye
9802,DogNose
9803,CatNose
9804,CatMouth
9805,CatEye
9806,DogMouth
9807,CatEye
9808,CatMouth
9809,DogFace
9810,DogNose
9811,CatNose
9812,DogEye
9813,CatEye
9814,DogEye
9815,DogNose
9816,DogFace
9817,CatFace
9818,DogMouth
9819,DogNose
9820,CatFace
9821,DogEye
9822,DogMouth
9823,CatMouth
9824,DogEye
9825,CatFace
9826,DogMouth
9827,CatEye
9828,DogMouth
9829,CatFace
9830,CatNose
9831,CatMouth
9832,DogMouth
9833,DogMouth
9834,DogMouth
9835,CatMouth
9836,DogFace
9837,CatMouth
9838,CatMouth
9839,DogMouth
9840,CatNose
9841,DogFace
9842,CatFace
9843,CatNose
9844,CatFace
9845,CatNose
9846,CatEye
9847,DogFace
9848,CatNose
9849,DogEye
9850,CatEye
9851,DogFace
9852,CatMouth
9853,CatMouth
9854,DogNose
9855,CatMouth
9856,DogFace
9857,CatMouth
9858,DogEye
9859,CatEye
9860,DogFace
9861,CatNose
9862,CatMouth
9863,CatEye
9864,CatEye
9865,CatEye
9866,CatNose
9867,DogMouth
9868,DogFace
9869,CatMouth
9870,CatEye
9871,DogMouth
9872,CatFace
9873,CatNose
9874,CatFace
9875,CatNose
9876,CatFace
9877,DogFace
9878,CatEye
9879,CatNose
9880,CatEye
9881,DogNose
9882,DogNose
9883,CatNose
9884,DogFace
9885,DogNose
9886,DogFace
9887,DogEye
9888,CatEye
9889,DogMouth
9890,CatNose
9891,DogNose
9892,DogMouth
9893,CatFace
9894,CatEye
9895,DogFace
9896,DogMouth
9897,CatMouth
9898,CatNose
9899,DogEye
9900,CatEye
9901,DogMouth
9902,DogNose
9903,DogEye
9904,DogMouth
9905,CatNose
9906,CatEye
9907,DogNose
9908,CatNose
9909,CatMouth
9910,CatEye
9911,CatFace
9912,CatMouth
9913,CatFace
9914,CatNose
9915,CatNose
9916,DogFace
9917,DogNose
9918,DogEye
9919,DogNose
9920,DogFace
9921,CatEye
9922,DogNose
9923,DogEye
9924,CatEye
9925,CatEye
9926,DogMouth
9927,DogEye
9928,CatNose
9929,CatFace
9930,CatFace
9931,DogFace
9932,CatEye
9933,CatEye
9934,CatEye
9935,CatEye
9936,CatMouth
9937,CatEye
9938,DogNose
9939,CatEye
9940,DogEye
9941,DogEye
9942,CatFace
9943,DogMouth
9944,CatMouth
9945,CatEye
9946,CatEye
9947,CatNose
9948,DogEye
9949,DogNose
9950,DogMouth
9951,DogEye
9952,DogEye
9953,CatFace
9954,DogEye
9955,CatMouth
9956,DogMouth
9957,CatMouth
9958,DogEye
9959,DogEye
9960,CatMouth
9961,CatNose
9962,DogEye
9963,DogFace
9964,CatMouth
9965,CatMouth
9966,CatNose
9967,DogFace
9968,DogMouth
9969,DogNose
9970,CatEye
9971,DogFace
9972,CatMouth
9973,DogEye
9974,DogNose
9975,CatFace
9976,CatEye
9977,CatEye
9978,CatFace
9979,DogMouth
9980,CatFace
9981,CatNose
9982,DogEye
9983,DogNose
9984,CatMouth
9985,DogEye
9986,DogFace
9987,DogNose
9988,CatEye
9989,DogFace
9990,CatEye
9991,DogMouth
9992,CatFace
9993,CatMouth
9994,DogEye
9995,CatEye
9996,DogFace
9997,CatNose
9998,DogNose
9999,CatMouth
10000,CatEye
10001,CatNose
10002,DogEye
10003,CatFace
10004,DogEye
10005,CatFace
10006,DogMouth
10007,DogMouth
10008,DogFace
10009,DogFace
10010,DogNose
10011,CatNose
10012,DogFace
10013,DogMouth
10014,CatFace
10015,CatNose
10016,CatMouth
10017,CatMouth
10018,CatNose
10019,DogMouth
10020,DogFace
10021,CatFace
10022,CatMouth
10023,DogNose
10024,DogFace
10025,CatMouth
10026,DogMouth
10027,DogEye
10028,CatNose
10029,CatFace
10030,DogMouth
10031,DogFace
10032,DogFace
10033,DogNose
10034,CatFace
10035,CatMouth
10036,CatEye
10037,DogNose
10038,DogEye
10039,DogEye
10040,CatEye
10041,DogMouth
10042,CatFace
10043,DogNose
10044,DogNose
10045,CatNose
10046,CatFace
10047,CatFace
10048,DogFace
10049,DogMouth
10050,DogMouth
10051,CatNose
10052,CatFace
10053,CatMouth
10054,CatNose
10055,DogFace
10056,DogFace
10057,CatEye
10058,CatFace
10059,DogEye
10060,CatNose
10061,DogMouth
10062,DogMouth
10063,DogFace
10064,DogFace
10065,CatNose
10066,CatNose
10067,DogNose
10068,DogFace
10069,DogMouth
10070,CatEye
10071,CatFace
10072,CatMouth
10073,CatFace
10074,DogNose
10075,DogNose
10076,DogEye
10077,DogFace
10078,DogEye
10079,DogFace
10080,DogEye
10081,DogNose
10082,DogFace
10083,DogNose
10084,CatEye
10085,CatEye
10086,CatFace
10087,CatFace
10088,CatNose
10089,DogNose
10090,DogMouth
10091,DogFace
10092,DogNose
10093,DogFace
10094,DogFace
10095,CatEye
10096,DogMouth
10097,DogNose
10098,CatFace
10099,DogNose
10100,DogMouth
10101,CatNose
10102,DogMouth
10103,CatFace
10104,DogFace
10105,CatNose
10106,DogNose
10107,DogEye
10108,DogNose
10109,DogNose
10110,DogNose
10111,DogMouth
10112,DogEye
10113,DogFace
10114,DogFace
10115,CatMouth
10116,CatMouth
10117,DogEye
10118,CatFace
10119,DogNose
10120,CatNose
10121,DogMouth
10122,DogNose
10123,CatMouth
10124,DogMouth
10125,CatMouth
10126,CatNose
10127,DogNose
10128,CatEye
10129,DogMouth
10130,CatNose
10131,DogEye
10132,DogNose
10133,DogFace
10134,DogMouth
10135,CatEye
10136,CatFace
10137,DogEye
10138,DogMouth
10139,CatMouth
10140,CatEye
10141,CatFace
10142,DogFace
10143,DogEye
10144,DogNose
10145,DogMouth
10146,CatEye
10147,CatMouth
10148,CatEye
10149,DogNose
10150,DogEye
10151,DogFace
10152,DogMouth
10153,DogNose
10154,CatFace
10155,CatNose
10156,CatNose
10157,CatNose
10158,CatEye
10159,DogEye
10160,CatMouth
10161,DogMouth
10162,CatMouth
10163,DogMouth
10164,DogEye
10165,CatEye
10166,DogMouth
10167,CatNose
10168,DogMouth
10169,DogEye
10170,CatEye
10171,CatNose
10172,DogMouth
10173,DogNose
10174,DogMouth
10175,DogNose
10176,DogNose
10177,DogFace
10178,DogFace
10179,DogEye
10180,DogEye
10181,DogFace
10182,DogFace
10183,CatNose
10184,CatMouth
10185,DogEye
10186,CatFace
10187,CatEye
10188,DogEye
10189,DogFace
10190,CatNose
10191,CatMouth
10192,DogMouth
10193,DogEye
10194,CatEye
10195,DogMouth
10196,DogFace
10197,CatMouth
10198,CatFace
10199,DogEye
10200,DogMouth
10201,CatEye
10202,CatEye
10203,CatFace
10204,CatNose
10205,CatNose
10206,DogEye
10207,CatEye
10208,DogNose
10209,CatFace
10210,CatNose
10211,DogMouth
10212,DogNose
10213,DogFace
10214,CatEye
10215,DogMouth
10216,DogEye
10217,CatFace
10218,DogEye
10219,CatNose
10220,DogNose
10221,DogNose
10222,CatNose
10223,DogEye
10224,DogFace
10225,CatNose
10226,CatFace
10227,CatMouth
10228,CatEye
10229,DogMouth
10230,CatFace
10231,CatEye
10232,DogFace
10233,CatEye
10234,DogMouth
10235,CatEye
10236,DogNose
10237,DogEye
10238,DogFace
10239,DogMouth
10240,CatEye
10241,CatFace
10242,CatEye
10243,CatEye
10244,DogFace
10245,CatEye
10246,CatNose
10247,CatFace
10248,CatEye
10249,CatEye
10250,CatNose
10251,DogMouth
10252,CatNose
10253,CatNose
10254,CatEye
10255,CatMouth
10256,DogNose
10257,CatNose
10258,DogNose
10259,CatNose
10260,DogMouth
10261,CatFace
10262,DogFace
10263,CatFace
10264,CatEye
10265,DogNose
10266,DogNose
10267,DogFace
10268,CatFace
10269,DogNose
10270,CatEye
10271,DogMouth
10272,DogFace
10273,DogNose
10274,DogMouth
10275,CatMouth
10276,CatEye
10277,CatMouth
10278,CatNose
10279,CatNose
10280,CatFace
10281,DogFace
10282,CatMouth
10283,DogEye
10284,CatFace
10285,DogEye
10286,CatFace
10287,DogNose
10288,CatEye
10289,DogEye
10290,DogFace
10291,CatFace
10292,CatEye
10293,DogMouth
10294,CatFace
10295,CatEye
10296,CatNose
10297,DogEye
10298,CatMouth
10299,DogNose
10300,DogFace
10301,DogEye
10302,DogMouth
10303,DogFace
10304,CatNose
10305,DogEye
10306,CatEye
10307,DogEye
10308,DogFace
10309,DogEye
10310,DogFace
10311,CatFace
10312,CatFace
10313,CatFace
10314,CatNose
10315,CatMouth
10316,CatMouth
10317,DogNose
10318,DogNose
10319,DogEye
10320,DogNose
10321,DogEye
10322,CatFace
10323,DogNose
10324,CatNose
10325,DogMouth
10326,CatFace
10327,CatNose
10328,CatFace
10329,CatEye
10330,DogEye
10331,CatFace
10332,DogMouth
10333,DogNose
10334,DogMouth
10335,CatMouth
10336,DogMouth
10337,CatMouth
10338,CatFace
10339,DogNose
10340,DogFace
10341,CatMouth
10342,DogNose
10343,DogNose
10344,CatMouth
10345,DogMouth
10346,CatFace
10347,CatMouth
10348,DogNose
10349,DogFace
10350,DogEye
10351,DogFace
10352,CatNose
10353,CatFace
10354,CatEye
10355,DogMouth
10356,CatNose
10357,CatMouth
10358,CatMouth
10359,DogMouth
10360,DogMouth
10361,DogFace
10362,CatEye
10363,DogMouth
10364,DogMouth
10365,DogNose
10366,DogEye
10367,DogFace
10368,CatNose
10369,DogEye
10370,DogMouth
10371,DogFace
10372,CatFace
10373,DogMouth
10374,DogEye
10375,DogMouth
10376,CatFace
10377,DogEye
10378,CatFace
10379,DogFace
10380,DogFace
10381,CatMouth
10382,CatEye
10383,DogFace
10384,DogFace
10385,CatNose
10386,DogEye
10387,DogEye
10388,DogEye
10389,CatMouth
10390,DogMouth
10391,CatNose
10392,CatEye
10393,DogMouth
10394,CatFace
10395,CatNose
10396,DogMouth
10397,DogEye
10398,DogEye
10399,DogMouth
10400,DogMouth
10401,DogEye
10402,DogNose
10403,CatNose
10404,DogFace
10405,DogEye
10406,CatNose
10407,CatMouth
10408,CatMouth
10409,DogEye
10410,DogNose
10411,CatFace
10412,CatFace
10413,CatEye
10414,CatFace
10415,CatNose
10416,DogMouth
10417,CatNose
10418,DogMouth
10419,DogNose
10420,CatMouth
10421,CatFace
10422,CatNose
10423,CatNose
10424,DogFace
10425,DogNose
10426,DogFace
10427,CatFace
10428,CatEye
10429,DogEye
10430,CatEye
10431,DogEye
10432,CatFace
10433,DogEye
10434,DogFace
10435,DogMouth
10436,DogMouth
10437,CatNose
10438,DogEye
10439,DogMouth
10440,CatNose
10441,CatMouth
10442,DogEye
10443,DogFace
10444,CatMouth
10445,DogNose
10446,CatEye
10447,CatEye
10448,DogMouth
10449,CatEye
10450,CatNose
10451,DogFace
10452,DogNose
10453,CatNose
10454,CatMouth
10455,CatNose
10456,CatEye
10457,CatFace
10458,DogNose
10459,CatFace
10460,DogEye
10461,DogFace
10462,DogMouth
10463,CatMouth
10464,DogEye
10465,CatNose
10466,CatEye
10467,CatMouth
10468,CatMouth
10469,CatEye
10470,CatEye
10471,DogNose
10472,DogNose
10473,DogFace
10474,DogMouth
10475,CatFace
10476,DogEye
10477,DogEye
10478,CatEye
10479,DogNose
10480,DogFace
10481,DogEye
10482,DogFace
10483,DogFace
10484,DogNose
10485,DogEye
10486,CatEye
10487,CatNose
10488,CatEye
10489,CatNose
10490,CatNose
10491,CatMouth
10492,DogMouth
10493,DogMouth
10494,CatNose
10495,DogFace
10496,CatMouth
10497,DogEye
10498,CatFace
10499,CatFace
10500,DogFace
10501,CatFace
10502,CatNose
10503,DogNose
10504,DogMouth
10505,DogFace
10506,CatEye
10507,CatEye
10508,DogEye
10509,CatEye
10510,CatMouth
10511,CatMouth
10512,DogEye
10513,DogNose
10514,DogMouth
10515,CatFace
10516,CatMouth
10517,CatFace
10518,CatEye
10519,CatNose
10520,CatMouth
10521,DogNose
10522,CatEye
10523,CatFace
10524,DogMouth
10525,CatNose
10526,CatNose
10527,CatMouth
10528,DogNose
10529,DogNose
10530,DogNose
10531,DogMouth
10532,DogFace
10533,DogFace
10534,CatMouth
10535,CatEye
10536,DogMouth
10537,CatNose
10538,CatNose
10539,CatMouth
10540,CatMouth
10541,DogMouth
10542,CatMouth
10543,CatEye
10544,CatMouth
10545,CatEye
10546,DogNose
10547,CatEye
10548,CatEye
10549,CatEye
10550,CatFace
10551,DogMouth
10552,DogFace
10553,CatEye
10554,CatFace
10555,CatFace
10556,DogFace
10557,CatFace
10558,CatNose
10559,DogMouth
10560,DogEye
10561,DogEye
10562,DogNose
10563,DogMouth
10564,CatEye
10565,CatMouth
10566,CatFace
10567,CatEye
10568,DogNose
10569,DogMouth
10570,CatMouth
10571,CatMouth
10572,CatNose
10573,DogFace
10574,DogFace
10575,CatMouth
10576,CatMouth
10577,DogMouth
10578,CatEye
10579,CatNose
10580,CatMouth
10581,CatEye
10582,CatNose
10583,CatFace
10584,CatFace
10585,DogFace
10586,CatMouth
10587,DogFace
10588,CatFace
10589,CatEye
10590,CatFace
10591,CatMouth
10592,CatNose
10593,CatFace
10594,CatMouth
10595,DogFace
10596,CatFace
10597,DogMouth
10598,DogEye
10599,DogFace
10600,CatMouth
10601,CatEye
10602,DogNose
10603,CatEye
10604,DogEye
10605,CatMouth
10606,CatEye
10607,CatEye
10608,CatEye
10609,CatMouth
10610,DogFace
10611,DogNose
10612,DogEye
10613,DogNose
10614,CatMouth
10615,CatEye
10616,DogEye
10617,CatNose
10618,CatMouth
10619,DogMouth
10620,CatMouth
10621,DogNose
10622,CatMouth
10623,DogNose
10624,DogMouth
10625,CatFace
10626,CatNose
10627,CatFace
10628,CatNose
10629,CatEye
10630,CatNose
10631,DogFace
10632,DogFace
10633,DogEye
10634,CatNose
10635,CatMouth
10636,DogFace
10637,DogEye
10638,DogMouth
10639,CatMouth
10640,DogEye
10641,DogNose
10642,DogMouth
10643,DogFace
10644,DogFace
10645,DogNose
10646,CatEye
10647,DogNose
10648,DogNose
10649,DogMouth
10650,CatEye
10651,CatFace
10652,CatEye
10653,DogFace
10654,CatEye
10655,CatEye
10656,CatFace
10657,CatFace
10658,DogMouth
10659,DogNose
10660,CatEye
10661,CatFace
10662,DogMouth
10663,DogEye
10664,DogEye
10665,CatMouth
10666,CatNose
10667,DogEye
10668,CatMouth
10669,DogNose
10670,DogFace
10671,DogMouth
10672,DogEye
10673,DogFace
10674,CatEye
10675,DogMouth
10676,CatEye
10677,CatFace
10678,CatMouth
10679,DogFace
10680,DogMouth
10681,CatEye
10682,DogFace
10683,CatEye
10684,DogNose
10685,CatEye
10686,CatEye
10687,DogNose
10688,DogEye
10689,DogEye
10690,CatEye
10691,CatNose
10692,CatEye
10693,DogMouth
10694,DogNose
10695,DogNose
10696,DogMouth
10697,CatFace
10698,CatEye
10699,CatNose
10700,DogFace
10701,CatMouth
10702,CatNose
10703,DogEye
10704,CatMouth
10705,CatNose
10706,CatNose
10707,CatEye
10708,DogMouth
10709,DogNose
10710,CatEye
10711,CatEye
10712,CatMouth
10713,DogMouth
10714,DogNose
10715,CatEye
10716,DogMouth
10717,CatEye
10718,CatMouth
10719,CatNose
10720,CatFace
10721,DogNose
10722,CatFace
10723,CatEye
10724,CatNose
10725,CatEye
10726,DogEye
10727,CatNose
10728,DogFace
10729,CatNose
10730,CatFace
10731,CatFace
10732,DogNose
10733,CatEye
10734,CatEye
10735,DogFace
10736,DogFace
10737,DogEye
10738,DogMouth
10739,DogFace
10740,CatMouth
10741,DogEye
10742,DogEye
10743,CatEye
10744,DogEye
10745,DogEye
10746,CatMouth
10747,CatEye
10748,CatNose
10749,CatNose
10750,CatEye
10751,CatNose
10752,DogNose
10753,CatMouth
10754,DogMouth
10755,DogMouth
10756,CatNose
10757,DogEye
10758,DogEye
10759,CatMouth
10760,DogNose
10761,CatEye
10762,DogFace
10763,CatFace
10764,CatEye
10765,CatNose
10766,CatMouth
10767,DogNose
10768,CatEye
10769,CatEye
10770,DogFace
10771,DogMouth
10772,CatFace
10773,CatMouth
10774,CatEye
10775,CatMouth
10776,CatNose
10777,DogEye
10778,CatEye
10779,CatMouth
10780,CatFace
10781,CatMouth
10782,CatMouth
10783,CatEye
10784,CatNose
10785,CatMouth
10786,DogFace
10787,DogFace
10788,CatNose
10789,DogNose
10790,DogMouth
10791,CatFace
10792,CatEye
10793,CatEye
10794,CatNose
10795,CatNose
10796,CatEye
10797,CatFace
10798,DogEye
10799,CatEye
10800,CatMouth
10801,DogNose
10802,CatFace
10803,CatNose
10804,CatFace
10805,DogMouth
10806,DogMouth
10807,CatEye
10808,DogMouth
10809,CatEye
10810,CatNose
10811,CatMouth
10812,DogMouth
10813,CatEye
10814,CatNose
10815,CatMouth
10816,DogMouth
10817,CatFace
10818,CatFace
10819,DogEye
10820,DogMouth
10821,CatNose
10822,DogFace
10823,DogMouth
10824,DogNose
10825,CatNose
10826,CatFace
10827,CatMouth
10828,DogFace
10829,DogMouth
10830,DogEye
10831,DogFace
10832,DogFace
10833,CatFace
10834,DogEye
10835,CatFace
10836,CatFace
10837,CatEye
10838,CatNose
10839,DogEye
10840,CatFace
10841,DogEye
10842,CatFace
10843,DogEye
10844,CatEye
10845,CatFace
10846,DogNose
10847,DogFace
10848,DogNose
10849,CatEye
10850,CatFace
10851,DogNose
10852,DogEye
10853,DogEye
10854,CatEye
10855,CatEye
10856,CatFace
10857,CatNose
10858,CatEye
10859,DogFace
10860,CatEye
10861,CatFace
10862,DogNose
10863,DogFace
10864,DogEye
10865,CatMouth
10866,DogNose
10867,DogEye
10868,CatEye
10869,DogMouth
10870,DogFace
10871,CatEye
10872,DogMouth
10873,DogNose
10874,DogEye
10875,DogFace
10876,DogEye
10877,DogMouth
10878,DogEye
10879,CatMouth
10880,DogEye
10881,CatFace
10882,DogFace
10883,DogEye
10884,CatNose
10885,CatFace
10886,CatEye
10887,DogMouth
10888,CatFace
10889,DogMouth
10890,DogNose
10891,CatFace
10892,CatNose
10893,CatFace
10894,DogFace
10895,CatNose
10896,CatNose
10897,CatNose
10898,DogEye
10899,CatNose
10900,CatFace
10901,CatMouth
10902,DogEye
10903,CatNose
10904,CatFace
10905,CatNose
10906,DogEye
10907,DogEye
10908,DogNose
10909,DogFace
10910,CatNose
10911,DogEye
10912,DogNose
10913,CatFace
10914,CatMouth
10915,DogNose
10916,CatFace
10917,CatNose
10918,CatFace
10919,CatFace
10920,CatNose
10921,CatMouth
10922,DogEye
10923,CatEye
10924,DogMouth
10925,DogEye
10926,CatNose
10927,DogEye
10928,CatFace
10929,DogMouth
10930,CatFace
10931,DogFace
10932,CatMouth
10933,DogNose
10934,CatNose
10935,DogFace
10936,DogFace
10937,CatEye
10938,CatFace
10939,CatEye
10940,DogNose
10941,CatEye
10942,DogEye
10943,DogMouth
10944,CatFace
10945,CatEye
10946,CatMouth
10947,DogNose
10948,DogMouth
10949,DogFace
10950,CatFace
10951,CatMouth
10952,CatEye
10953,DogEye
10954,CatFace
10955,CatNose
10956,CatMouth
10957,CatFace
10958,DogEye
10959,CatFace
10960,CatNose
10961,DogMouth
10962,CatEye
10963,CatNose
10964,CatEye
10965,DogMouth
10966,CatNose
10967,CatMouth
10968,DogNose
10969,DogEye
10970,CatMouth
10971,CatMouth
10972,CatEye
10973,CatFace
10974,CatFace
10975,CatFace
10976,DogEye
10977,CatFace
10978,DogMouth
10979,CatEye
10980,DogMouth
10981,DogFace
10982,CatFace
10983,DogNose
10984,DogFace
10985,CatNose
10986,DogMouth
10987,DogFace
10988,CatNose
10989,DogMouth
10990,DogEye
10991,CatMouth
10992,DogMouth
10993,DogFace
10994,CatNose
10995,DogMouth
10996,CatNose
10997,CatNose
10998,DogFace
10999,CatNose
11000,DogFace
11001,CatMouth
11002,CatMouth
11003,DogEye
11004,CatMouth
11005,DogFace
11006,DogMouth
11007,DogEye
11008,DogEye
11009,DogEye
11010,DogFace
11011,DogMouth
11012,DogFace
11013,CatEye
11014,CatEye
11015,DogEye
11016,CatFace
11017,CatFace
11018,DogFace
11019,DogFace
11020,CatFace
11021,DogFace
11022,CatFace
11023,DogMouth
11024,CatNose
11025,CatMouth
11026,DogEye
11027,CatMouth
11028,CatEye
11029,CatEye
11030,DogEye
11031,CatEye
11032,CatFace
11033,CatNose
11034,CatMouth
11035,CatFace
11036,DogMouth
11037,CatMouth
11038,DogFace
11039,DogEye
11040,CatMouth
11041,DogMouth
11042,CatFace
11043,CatNose
11044,CatEye
11045,DogMouth
11046,DogMouth
11047,DogFace
11048,DogMouth
11049,CatFace
11050,CatFace
11051,CatMouth
11052,CatEye
11053,CatNose
11054,DogEye
11055,DogMouth
11056,CatEye
11057,CatEye
11058,DogEye
11059,DogEye
11060,DogNose
11061,CatFace
11062,CatEye
11063,DogNose
11064,DogMouth
11065,CatFace
11066,DogNose
11067,DogMouth
11068,CatMouth
11069,CatEye
11070,CatMouth
11071,CatMouth
11072,DogEye
11073,DogNose
11074,CatNose
11075,DogMouth
11076,DogMouth
11077,DogFace
11078,CatFace
11079,CatEye
11080,CatEye
11081,DogNose
11082,CatNose
11083,CatMouth
11084,CatNose
11085,DogEye
11086,CatFace
11087,CatEye
11088,CatMouth
11089,CatMouth
11090,CatFace
11091,CatMouth
11092,DogMouth
11093,CatEye
11094,DogFace
11095,CatEye
11096,CatNose
11097,DogEye
11098,DogEye
11099,DogMouth
11100,CatEye
11101,DogNose
11102,DogEye
11103,DogMouth
11104,DogFace
11105,CatFace
11106,DogFace
11107,DogFace
11108,DogEye
11109,CatMouth
11110,DogNose
11111,DogMouth
11112,CatNose
11113,DogNose
11114,CatMouth
11115,CatNose
11116,CatFace
11117,CatMouth
11118,CatNose
11119,CatEye
11120,CatEye
11121,DogEye
11122,CatEye
11123,CatFace
11124,DogEye
11125,CatEye
11126,DogNose
11127,CatNose
11128,CatNose
11129,DogEye
11130,DogMouth
11131,CatNose
11132,CatEye
11133,CatMouth
11134,DogEye
11135,CatNose
11136,CatNose
11137,CatMouth
11138,CatFace
11139,CatFace
11140,CatNose
11141,CatNose
11142,DogFace
11143,CatMouth
11144,CatNose
11145,DogNose
11146,CatMouth
11147,DogFace
11148,DogEye
11149,DogEye
11150,CatFace
11151,CatNose
11152,DogNose
11153,DogEye
11154,CatEye
11155,CatMouth
11156,DogFace
11157,DogNose
11158,DogFace
11159,CatMouth
11160,CatNose
11161,DogEye
11162,DogMouth
11163,DogFace
11164,CatFace
11165,CatNose
11166,DogEye
11167,CatMouth
11168,DogMouth
11169,CatMouth
11170,CatEye
11171,DogNose
11172,CatFace
11173,CatNose
11174,CatEye
11175,CatNose
11176,DogNose
11177,DogEye
11178,CatNose
11179,CatFace
11180,DogNose
11181,DogFace
11182,DogNose
11183,DogMouth
11184,DogMouth
11185,DogFace
11186,CatNose
11187,DogMouth
11188,DogNose
11189,CatMouth
11190,CatFace
11191,DogEye
11192,CatFace
11193,DogNose
11194,CatMouth
11195,DogMouth
11196,DogEye
11197,CatNose
11198,CatFace
11199,DogMouth
11200,CatFace
11201,CatMouth
11202,DogFace
11203,DogNose
11204,DogEye
11205,CatFace
11206,CatFace
11207,CatNose
11208,DogNose
11209,CatNose
11210,DogMouth
11211,DogEye
11212,DogEye
11213,CatFace
11214,DogEye
11215,CatEye
11216,DogNose
11217,DogFace
11218,CatMouth
11219,DogFace
11220,DogMouth
11221,DogFace
11222,CatFace
11223,DogEye
11224,DogFace
11225,CatNose
11226,CatEye
11227,DogFace
11228,CatNose
11229,DogMouth
11230,CatMouth
11231,DogMouth
11232,DogEye
11233,DogFace
11234,CatNose
11235,DogNose
11236,CatFace
11237,CatMouth
11238,DogMouth
11239,DogFace
11240,CatNose
11241,CatFace
11242,CatMouth
11243,DogNose
11244,CatFace
11245,CatNose
11246,DogEye
11247,CatFace
11248,CatNose
11249,DogFace
11250,DogMouth
11251,CatNose
11252,DogFace
11253,DogNose
11254,CatMouth
11255,DogEye
11256,CatNose
11257,DogEye
11258,DogNose
11259,DogFace
11260,CatFace
11261,DogNose
11262,CatNose
11263,DogFace
11264,CatMouth
11265,CatMouth
11266,DogNose
11267,DogMouth
11268,CatEye
11269,CatEye
11270,CatEye
11271,DogMouth
11272,DogNose
11273,CatEye
11274,DogFace
11275,DogMouth
11276,DogEye
11277,CatMouth
11278,CatNose
11279,CatNose
11280,DogEye
11281,CatEye
11282,DogFace
11283,CatEye
11284,CatNose
11285,DogMouth
11286,DogEye
11287,DogFace
11288,DogNose
11289,DogEye
11290,DogMouth
11291,DogEye
11292,CatNose
11293,CatNose
11294,CatEye
11295,DogEye
11296,CatFace
11297,DogMouth
11298,CatEye
11299,DogNose
11300,CatEye
11301,CatFace
11302,DogEye
11303,CatFace
11304,DogMouth
11305,DogFace
11306,CatEye
11307,CatFace
11308,DogEye
11309,DogEye
11310,DogEye
11311,CatMouth
11312,DogEye
11313,DogEye
11314,CatNose
11315,DogEye
11316,DogMouth
11317,CatNose
11318,DogEye
11319,DogFace
11320,CatEye
11321,CatMouth
11322,DogMouth
11323,CatEye
11324,CatFace
11325,CatNose
11326,DogEye
11327,CatEye
11328,CatEye
11329,CatEye
11330,CatMouth
11331,DogFace
11332,CatMouth
11333,DogMouth
11334,CatMouth
11335,CatFace
11336,CatEye
11337,CatFace
11338,CatMouth
11339,CatNose
11340,CatEye
11341,CatMouth
11342,DogFace
11343,DogMouth
11344,CatNose
11345,DogMouth
11346,DogEye
11347,DogNose
11348,DogNose
11349,CatFace
11350,CatFace
11351,DogFace
11352,DogMouth
11353,CatMouth
11354,DogMouth
11355,DogEye
11356,DogMouth
11357,CatEye
11358,DogFace
11359,DogFace
11360,DogEye
11361,CatMouth
11362,DogEye
11363,DogMouth
11364,DogEye
11365,CatFace
11366,DogNose
11367,DogNose
11368,CatNose
11369,DogMouth
11370,CatFace
11371,CatEye
11372,CatMouth
11373,CatNose
11374,DogNose
11375,CatEye
11376,DogFace
11377,CatEye
11378,DogMouth
11379,CatEye
11380,CatEye
11381,CatMouth
11382,CatFace
11383,CatNose
11384,CatEye
11385,CatEye
11386,CatMouth
11387,DogFace
11388,CatFace
11389,DogNose
11390,CatEye
11391,CatEye
11392,DogEye
11393,CatMouth
11394,CatNose
11395,DogNose
11396,CatEye
11397,CatEye
11398,DogFace
11399,DogMouth
11400,DogFace
11401,CatEye
11402,DogNose
11403,CatNose
11404,CatFace
11405,CatNose
11406,CatNose
11407,DogEye
11408,CatFace
11409,DogMouth
11410,DogNose
11411,CatFace
11412,CatEye
11413,CatNose
11414,DogFace
11415,CatEye
11416,DogEye
11417,DogFace
11418,CatMouth
11419,CatMouth
11420,CatNose
11421,DogNose
11422,DogEye
11423,CatFace
11424,CatMouth
11425,DogMouth
11426,DogEye
11427,DogFace
11428,DogEye
11429,DogMouth
11430,DogNose
11431,DogFace
11432,DogFace
11433,CatFace
11434,DogFace
11435,DogEye
11436,DogMouth
11437,DogEye
11438,CatMouth
11439,CatNose
11440,DogMouth
11441,DogEye
11442,CatMouth
11443,CatMouth
11444,CatMouth
11445,DogEye
11446,DogNose
11447,DogNose
11448,CatEye
11449,DogFace
11450,DogNose
11451,DogEye
11452,DogFace
11453,DogFace
11454,CatNose
11455,CatEye
11456,DogNose
11457,DogMouth
11458,DogNose
11459,CatNose
11460,DogMouth
11461,DogEye
11462,DogMouth
11463,CatFace
11464,CatEye
11465,CatNose
11466,DogNose
11467,DogEye
11468,DogEye
11469,DogMouth
11470,DogMouth
11471,DogMouth
11472,CatMouth
11473,CatFace
11474,DogFace
11475,DogFace
11476,DogNose
11477,DogFace
11478,DogEye
11479,CatNose
11480,CatFace
11481,DogEye
11482,DogEye
11483,DogFace
11484,DogEye
11485,CatNose
11486,CatNose
11487,DogNose
11488,DogMouth
11489,CatNose
11490,CatMouth
11491,CatEye
11492,CatEye
11493,DogMouth
11494,CatFace
11495,CatFace
11496,CatNose
11497,DogNose
11498,DogNose
11499,DogNose
11500,CatMouth
11501,CatNose
11502,CatEye
11503,DogEye
11504,DogEye
11505,CatNose
11506,DogFace
11507,CatEye
11508,DogFace
11509,CatMouth
11510,CatFace
11511,CatMouth
11512,CatMouth
11513,DogFace
11514,DogMouth
11515,DogNose
11516,CatFace
11517,CatEye
11518,CatMouth
11519,DogMouth
11520,CatEye
11521,CatNose
11522,DogMouth
11523,DogFace
11524,CatNose
11525,CatNose
11526,CatFace
11527,DogEye
11528,CatFace
11529,CatNose
11530,CatMouth
11531,DogNose
11532,CatMouth
11533,CatMouth
11534,DogMouth
11535,DogMouth
11536,CatFace
11537,CatFace
11538,DogFace
11539,CatMouth
11540,CatNose
11541,DogNose
11542,CatEye
11543,CatEye
11544,CatFace
11545,DogEye
11546,DogEye
11547,DogFace
11548,DogEye
11549,CatFace
11550,DogMouth
11551,DogFace
11552,CatEye
11553,DogNose
11554,CatFace
11555,CatMouth
11556,DogMouth
11557,DogMouth
11558,CatFace
11559,DogMouth
11560,CatNose
11561,CatFace
11562,DogMouth
11563,CatEye
11564,CatEye
11565,CatNose
11566,DogNose
11567,CatNose
11568,DogEye
11569,DogEye
11570,CatNose
11571,DogFace
11572,DogMouth
11573,CatNose
11574,CatNose
11575,CatEye
11576,CatFace
11577,CatFace
11578,DogMouth
11579,DogFace
11580,DogEye
11581,CatMouth
11582,DogEye
11583,CatNose
11584,CatMouth
11585,CatEye
11586,CatEye
11587,DogMouth
11588,DogEye
11589,CatFace
11590,CatFace
11591,DogFace
11592,CatEye
11593,DogEye
11594,DogNose
11595,CatFace
11596,DogMouth
11597,DogNose
11598,CatEye
11599,CatNose
11600,CatMouth
11601,CatEye
11602,CatFace
11603,CatMouth
11604,DogEye
11605,DogEye
11606,DogEye
11607,CatEye
11608,DogMouth
11609,DogFace
11610,DogNose
11611,CatFace
11612,CatEye
11613,CatMouth
11614,DogFace
11615,DogFace
11616,CatEye
11617,CatEye
11618,CatNose
11619,CatNose
11620,CatMouth
11621,DogEye
11622,CatFace
11623,DogEye
11624,CatEye
11625,CatNose
11626,CatEye
11627,CatNose
11628,DogNose
11629,DogFace
11630,CatNose
11631,CatMouth
11632,DogNose
11633,DogEye
11634,CatFace
11635,DogMouth
11636,CatEye
11637,DogEye
11638,DogMouth
11639,CatEye
11640,CatNose
11641,CatFace
11642,CatFace
11643,DogEye
11644,DogNose
11645,CatEye
11646,DogEye
11647,CatMouth
11648,DogEye
11649,CatFace
11650,DogNose
11651,DogEye
11652,DogFace
11653,CatEye
11654,DogMouth
11655,DogEye
11656,CatEye
11657,CatEye
11658,DogFace
11659,CatFace
11660,CatMouth
11661,DogMouth
11662,DogMouth
11663,DogFace
11664,CatFace
11665,DogNose
11666,DogFace
11667,CatEye
11668,DogFace
11669,DogNose
11670,DogMouth
11671,CatEye
11672,DogMouth
11673,CatMouth
11674,DogEye
11675,DogEye
11676,DogFace
11677,DogNose
11678,DogEye
11679,CatMouth
11680,CatEye
11681,DogNose
11682,CatEye
11683,CatFace
11684,DogMouth
11685,CatFace
11686,CatNose
11687,CatFace
11688,CatNose
11689,CatMouth
11690,CatFace
11691,DogEye
11692,CatNose
11693,DogEye
11694,DogNose
11695,DogFace
11696,DogFace
11697,CatEye
11698,CatFace
11699,CatEye
11700,CatMouth
11701,CatFace
11702,CatMouth
11703,CatNose
11704,DogEye
11705,CatEye
11706,CatEye
11707,DogMouth
11708,DogEye
11709,CatNose
11710,CatMouth
11711,DogEye
11712,CatEye
11713,CatMouth
11714,CatEye
11715,CatMouth
11716,DogFace
11717,DogEye
11718,CatEye
11719,CatMouth
11720,CatFace
11721,CatFace
11722,DogMouth
11723,DogNose
11724,CatMouth
11725,CatMouth
11726,DogFace
11727,DogEye
11728,CatFace
11729,DogEye
11730,CatNose
11731,CatNose
11732,CatEye
11733,DogEye
11734,CatNose
11735,CatFace
11736,CatMouth
11737,CatMouth
11738,DogNose
11739,CatEye
11740,DogNose
11741,CatEye
11742,DogMouth
11743,DogEye
11744,DogNose
11745,DogMouth
11746,DogMouth
11747,DogNose
11748,DogEye
11749,DogEye
11750,CatFace
11751,DogNose
11752,DogFace
11753,CatMouth
11754,CatFace
11755,CatMouth
11756,DogFace
11757,CatMouth
11758,CatFace
11759,DogEye
11760,DogEye
11761,CatMouth
11762,CatMouth
11763,DogNose
11764,CatMouth
11765,DogNose
11766,DogEye
11767,DogEye
11768,DogEye
11769,DogMouth
11770,DogEye
11771,CatMouth
11772,CatEye
11773,DogMouth
11774,CatNose
11775,DogNose
11776,CatEye
11777,CatEye
11778,DogEye
11779,CatEye
11780,DogMouth
11781,CatFace
11782,DogMouth
11783,DogNose
11784,DogEye
11785,DogEye
11786,CatEye
11787,DogFace
11788,DogEye
11789,DogEye
11790,DogEye
11791,DogEye
11792,DogFace
11793,DogNose
11794,DogMouth
11795,CatEye
11796,CatNose
11797,CatMouth
11798,CatNose
11799,CatNose
11800,DogNose
11801,CatEye
11802,DogMouth
11803,CatEye
11804,DogMouth
11805,CatEye
11806,DogMouth
11807,DogMouth
11808,CatNose
11809,DogFace
11810,CatFace
11811,DogFace
11812,CatMouth
11813,CatFace
11814,DogEye
11815,CatEye
11816,DogEye
11817,DogEye
11818,DogNose
11819,DogFace
11820,DogFace
11821,DogMouth
11822,DogMouth
11823,DogEye
11824,DogMouth
11825,CatNose
11826,DogFace
11827,CatMouth
11828,CatEye
11829,DogEye
11830,CatMouth
11831,DogNose
11832,CatMouth
11833,DogEye
11834,CatMouth
11835,CatMouth
11836,CatMouth
11837,CatEye
11838,CatNose
11839,CatEye
11840,DogEye
11841,DogFace
11842,DogEye
11843,DogMouth
11844,DogFace
11845,CatEye
11846,CatNose
11847,DogEye
11848,DogFace
11849,DogEye
11850,CatEye
11851,DogFace
11852,DogFace
11853,DogMouth
11854,DogFace
11855,CatMouth
11856,DogMouth
11857,DogFace
11858,CatNose
11859,DogMouth
11860,DogNose
11861,DogMouth
11862,CatFace
11863,DogEye
11864,DogFace
11865,DogFace
11866,CatEye
11867,CatNose
11868,CatFace
11869,CatNose
11870,CatMouth
11871,DogMouth
11872,CatMouth
11873,DogNose
11874,CatNose
11875,CatNose
11876,CatFace
11877,DogNose
11878,CatNose
11879,CatNose
11880,CatMouth
11881,CatFace
11882,CatFace
11883,DogEye
11884,CatFace
11885,CatEye
11886,DogFace
11887,CatEye
11888,DogFace
11889,CatNose
11890,DogMouth
11891,CatMouth
11892,CatFace
11893,CatNose
11894,DogFace
11895,CatFace
11896,CatEye
11897,DogFace
11898,CatEye
11899,DogFace
11900,CatMouth
11901,DogMouth
11902,CatMouth
11903,CatEye
11904,DogFace
11905,CatEye
11906,CatMouth
11907,DogFace
11908,DogMouth
11909,DogEye
11910,CatMouth
11911,DogNose
11912,DogEye
11913,DogEye
11914,CatEye
11915,DogNose
11916,CatMouth
11917,CatMouth
11918,DogEye
11919,CatFace
11920,DogNose
11921,DogFace
11922,CatEye
11923,CatMouth
11924,CatEye
11925,CatFace
11926,CatFace
11927,DogFace
11928,DogMouth
11929,CatNose
11930,CatMouth
11931,CatNose
11932,DogMouth
11933,CatFace
11934,CatEye
11935,CatFace
11936,CatEye
11937,CatFace
11938,CatMouth
11939,DogEye
11940,DogFace
11941,DogNose
11942,DogEye
11943,DogFace
11944,CatEye
11945,DogMouth
11946,DogEye
11947,DogFace
11948,DogEye
11949,CatNose
11950,CatEye
11951,CatMouth
11952,DogEye
11953,CatMouth
11954,DogNose
11955,DogNose
11956,DogEye
11957,CatNose
11958,DogEye
11959,CatNose
11960,CatMouth
11961,CatEye
11962,DogEye
11963,DogMouth
11964,DogEye
11965,DogMouth
11966,CatNose
11967,CatEye
11968,CatEye
11969,CatFace
11970,CatNose
11971,CatEye
11972,CatNose
11973,CatMouth
11974,DogEye
11975,DogEye
11976,DogNose
11977,CatEye
11978,DogFace
11979,CatMouth
11980,CatEye
11981,CatMouth
11982,CatFace
11983,CatFace
11984,DogEye
11985,DogNose
11986,CatNose
11987,CatMouth
11988,DogNose
11989,CatEye
11990,CatFace
11991,CatEye
11992,CatFace
11993,DogNose
11994,CatNose
11995,CatEye
11996,CatFace
11997,DogFace
11998,CatFace
11999,CatMouth
12000,DogMouth
12001,CatFace
12002,DogNose
12003,CatNose
12004,DogEye
12005,DogNose
12006,CatNose
12007,DogFace
12008,DogNose
12009,DogFace
12010,DogMouth
12011,CatEye
12012,DogNose
12013,CatEye
12014,DogFace
12015,CatNose
12016,CatFace
12017,DogEye
12018,CatMouth
12019,DogMouth
12020,CatFace
12021,CatEye
12022,DogMouth
12023,CatMouth
12024,DogNose
12025,CatEye
12026,DogNose
12027,CatMouth
12028,CatEye
12029,DogNose
12030,CatNose
12031,DogFace
12032,CatMouth
12033,DogEye
12034,DogMouth
12035,CatEye
12036,CatMouth
12037,DogMouth
12038,DogNose
12039,CatFace
12040,CatMouth
12041,CatMouth
12042,DogEye
12043,CatEye
12044,CatFace
12045,DogEye
12046,CatNose
12047,DogMouth
12048,CatFace
12049,CatFace
12050,DogEye
12051,CatMouth
12052,CatNose
12053,DogEye
12054,DogMouth
12055,CatFace
12056,CatMouth
12057,DogNose
12058,DogFace
12059,DogEye
12060,DogFace
12061,CatNose
12062,DogFace
12063,DogEye
12064,DogMouth
12065,DogEye
12066,CatFace
12067,CatEye
12068,CatEye
12069,CatEye
12070,CatFace
12071,CatNose
12072,DogMouth
12073,CatEye
12074,CatFace
12075,CatNose
12076,CatEye
12077,DogFace
12078,DogFace
12079,CatFace
12080,CatEye
12081,DogMouth
12082,CatFace
12083,DogMouth
12084,DogFace
12085,CatEye
12086,DogFace
12087,DogMouth
12088,DogNose
12089,CatEye
12090,DogMouth
12091,DogEye
12092,CatMouth
12093,DogFace
12094,DogMouth
12095,CatNose
12096,CatNose
12097,DogEye
12098,CatFace
12099,CatNose
12100,CatFace
12101,DogMouth
12102,CatMouth
12103,DogFace
12104,DogFace
12105,DogEye
12106,DogFace
12107,DogNose
12108,DogEye
12109,CatMouth
12110,CatFace
12111,DogNose
12112,CatNose
12113,CatFace
12114,DogMouth
12115,DogEye
12116,DogMouth
12117,CatMouth
12118,CatFace
12119,CatMouth
12120,CatEye
12121,CatEye
12122,DogMouth
12123,CatMouth
12124,CatEye
12125,DogMouth
12126,CatFace
12127,CatEye
12128,DogNose
12129,CatMouth
12130,DogEye
12131,CatEye
12132,CatNose
12133,DogMouth
12134,DogFace
12135,CatMouth
12136,CatEye
12137,CatFace
12138,CatEye
12139,CatEye
12140,DogNose
12141,CatMouth
12142,DogMouth
12143,DogMouth
12144,DogEye
12145,DogFace
12146,DogFace
12147,CatMouth
12148,CatMouth
12149,CatFace
12150,CatFace
12151,CatFace
12152,CatNose
12153,CatMouth
12154,CatMouth
12155,CatNose
12156,DogEye
12157,DogNose
12158,DogEye
12159,CatNose
12160,DogNose
12161,DogEye
12162,CatEye
12163,DogEye
12164,DogEye
12165,DogMouth
12166,CatMouth
12167,CatNose
12168,DogMouth
12169,CatMouth
12170,DogEye
12171,DogEye
12172,DogMouth
12173,CatFace
12174,DogNose
12175,DogNose
12176,DogFace
12177,CatMouth
12178,CatMouth
12179,CatNose
12180,CatNose
12181,CatFace
12182,CatNose
12183,DogNose
12184,DogFace
12185,DogEye
12186,CatEye
12187,DogNose
12188,DogNose
12189,DogNose
12190,CatFace
12191,DogFace
12192,CatFace
12193,CatEye
12194,CatFace
12195,DogEye
12196,CatNose
12197,DogMouth
12198,CatEye
12199,CatNose
12200,DogFace
12201,CatFace
12202,CatMouth
12203,DogNose
12204,CatNose
12205,DogFace
12206,CatMouth
12207,DogEye
12208,DogFace
12209,CatFace
12210,CatEye
12211,CatEye
12212,DogNose
12213,DogNose
12214,DogEye
12215,CatEye
12216,CatEye
12217,CatEye
12218,CatNose
12219,CatFace
12220,CatFace
12221,DogFace
12222,DogMouth
12223,DogMouth
12224,DogNose
12225,DogMouth
12226,CatMouth
12227,DogEye
12228,DogEye
12229,DogEye
12230,DogEye
12231,CatEye
12232,DogEye
12233,CatMouth
12234,DogNose
12235,CatNose
12236,DogMouth
12237,DogNose
12238,CatMouth
12239,CatNose
12240,CatNose
12241,DogFace
12242,DogEye
12243,DogMouth
12244,CatFace
12245,CatNose
12246,CatFace
12247,DogMouth
12248,CatMouth
12249,DogNose
12250,DogNose
12251,DogNose
12252,DogEye
12253,CatMouth
12254,CatMouth
12255,DogNose
12256,DogEye
12257,DogFace
12258,CatFace
12259,CatMouth
12260,CatEye
12261,CatNose
12262,DogNose
12263,CatFace
12264,DogMouth
12265,CatEye
12266,CatNose
12267,CatEye
12268,DogNose
12269,DogMouth
12270,DogFace
12271,CatFace
12272,DogFace
12273,CatEye
12274,CatEye
12275,DogFace
12276,DogFace
12277,CatNose
12278,CatEye
12279,DogNose
12280,DogFace
12281,DogMouth
12282,CatFace
12283,CatNose
12284,DogFace
12285,DogFace
12286,CatFace
12287,CatFace
12288,DogFace
12289,DogFace
12290,DogFace
12291,CatFace
12292,DogFace
12293,CatNose
12294,CatNose
12295,CatMouth
12296,CatEye
12297,CatEye
12298,CatFace
12299,CatNose
12300,CatMouth
12301,CatEye
12302,DogEye
12303,DogEye
12304,DogFace
12305,CatMouth
12306,CatNose
12307,CatNose
12308,DogEye
12309,DogFace
12310,DogNose
12311,DogEye
12312,CatFace
12313,CatMouth
12314,CatEye
12315,DogEye
12316,DogNose
12317,DogEye
12318,DogNose
12319,DogEye
12320,CatFace
12321,DogFace
12322,DogEye
12323,DogMouth
12324,DogEye
12325,CatMouth
12326,CatFace
12327,DogMouth
12328,CatFace
12329,CatNose
12330,CatNose
12331,DogEye
12332,DogMouth
12333,DogMouth
12334,CatMouth
12335,CatMouth
12336,CatNose
12337,DogMouth
12338,DogNose
12339,DogMouth
12340,DogNose
12341,DogEye
12342,DogMouth
12343,DogFace
12344,DogEye
12345,DogFace
12346,DogNose
12347,DogEye
12348,CatEye
12349,DogEye
12350,CatMouth
12351,CatMouth
12352,DogNose
12353,DogEye
12354,DogMouth
12355,CatNose
12356,CatEye
12357,CatEye
12358,CatMouth
12359,CatFace
12360,CatNose
12361,DogMouth
12362,CatMouth
12363,CatMouth
12364,CatMouth
12365,DogFace
12366,DogEye
12367,DogMouth
12368,DogNose
12369,CatMouth
12370,CatFace
12371,DogNose
12372,DogMouth
12373,DogEye
12374,CatNose
12375,CatNose
12376,CatEye
12377,DogNose
12378,CatNose
12379,DogNose
12380,DogEye
12381,CatMouth
12382,DogFace
12383,CatEye
12384,CatMouth
12385,CatEye
12386,CatMouth
12387,DogFace
12388,CatNose
12389,CatMouth
12390,CatEye
12391,CatEye
12392,CatMouth
12393,CatEye
12394,CatEye
12395,DogMouth
12396,CatFace
12397,DogEye
12398,CatFace
12399,DogMouth
12400,CatNose
12401,CatEye
12402,DogNose
12403,CatNose
12404,DogNose
12405,DogFace
12406,CatNose
12407,CatEye
12408,DogEye
12409,CatNose
12410,CatFace
12411,CatNose
12412,DogMouth
12413,CatMouth
12414,CatMouth
12415,DogMouth
12416,DogMouth
12417,CatFace
12418,CatNose
12419,CatFace
12420,DogMouth
12421,DogMouth
12422,CatMouth
12423,CatFace
12424,DogNose
12425,DogNose
12426,CatNose
12427,CatFace
12428,CatMouth
12429,DogNose
12430,CatEye
12431,CatFace
12432,DogFace
12433,CatEye
12434,CatFace
12435,DogEye
12436,CatFace
12437,CatMouth
12438,CatMouth
12439,CatNose
12440,DogNose
12441,DogEye
12442,CatFace
12443,CatMouth
12444,DogMouth
12445,CatNose
12446,DogFace
12447,DogMouth
12448,DogMouth
12449,CatFace
12450,CatFace
12451,CatEye
12452,DogEye
12453,CatMouth
12454,DogFace
12455,CatEye
12456,CatEye
12457,DogNose
12458,CatEye
12459,DogEye
12460,DogFace
12461,DogNose
12462,DogEye
12463,DogEye
12464,DogNose
12465,DogMouth
12466,CatNose
12467,CatFace
12468,DogMouth
12469,CatFace
12470,CatMouth
12471,CatMouth
12472,DogEye
12473,CatEye
12474,DogNose
12475,CatNose
12476,CatFace
12477,DogNose
12478,CatMouth
12479,DogMouth
12480,CatMouth
12481,CatEye
12482,DogFace
12483,CatEye
12484,DogFace
12485,CatMouth
12486,CatMouth
12487,CatNose
12488,DogEye
12489,DogNose
12490,DogFace
12491,DogMouth
12492,DogMouth
12493,DogNose
12494,CatEye
12495,DogMouth
12496,CatEye
12497,DogEye
12498,DogFace
12499,CatEye
12500,CatMouth
12501,CatMouth
12502,CatNose
12503,DogMouth
12504,DogEye
12505,CatMouth
12506,DogMouth
12507,CatEye
12508,CatFace
12509,DogMouth
12510,CatFace
12511,CatMouth
12512,CatEye
12513,CatFace
12514,CatFace
12515,DogNose
12516,CatFace
12517,DogEye
12518,DogFace
12519,CatMouth
12520,CatEye
12521,CatEye
12522,DogNose
12523,DogEye
12524,DogFace
12525,DogFace
12526,DogNose
12527,CatEye
12528,DogEye
12529,CatMouth
12530,CatNose
12531,CatMouth
12532,CatEye
12533,DogEye
12534,CatMouth
12535,CatFace
12536,CatFace
12537,DogMouth
12538,DogEye
12539,CatNose
12540,DogFace
12541,DogEye
12542,DogFace
12543,DogFace
12544,DogEye
12545,DogFace
12546,CatEye
12547,DogEye
12548,CatFace
12549,DogFace
12550,CatNose
12551,DogEye
12552,CatEye
12553,CatMouth
12554,CatEye
12555,DogEye
12556,CatEye
12557,CatEye
12558,CatNose
12559,DogNose
12560,CatMouth
12561,CatEye
12562,DogEye
12563,DogEye
12564,DogEye
12565,DogEye
12566,CatNose
12567,CatNose
12568,CatNose
12569,CatEye
12570,CatFace
12571,DogNose
12572,CatEye
12573,CatEye
12574,DogMouth
12575,CatFace
12576,DogEye
12577,CatMouth
12578,CatFace
12579,DogFace
12580,CatNose
12581,DogNose
12582,DogMouth
12583,CatEye
12584,DogFace
12585,DogMouth
12586,CatEye
12587,DogFace
12588,DogFace
12589,DogEye
12590,DogNose
12591,CatEye
12592,CatFace
12593,CatEye
12594,CatMouth
12595,DogFace
12596,CatNose
12597,CatEye
12598,CatFace
12599,CatNose
12600,DogEye
12601,DogFace
12602,DogMouth
12603,DogNose
12604,CatEye
12605,CatNose
12606,CatNose
12607,CatNose
12608,CatEye
12609,CatEye
12610,CatEye
12611,CatEye
12612,CatNose
12613,DogNose
12614,CatNose
12615,CatNose
12616,CatEye
12617,DogMouth
12618,CatMouth
12619,CatEye
12620,DogNose
12621,CatFace
12622,DogMouth
12623,CatEye
12624,CatMouth
12625,CatNose
12626,DogEye
12627,DogFace
12628,CatEye
12629,CatEye
12630,CatEye
12631,DogNose
12632,CatEye
12633,DogFace
12634,CatMouth
12635,DogFace
12636,DogMouth
12637,DogNose
12638,CatMouth
12639,DogFace
12640,CatNose
12641,DogFace
12642,DogMouth
12643,DogMouth
12644,CatNose
12645,CatMouth
12646,DogMouth
12647,DogMouth
12648,CatFace
12649,CatEye
12650,DogNose
12651,DogMouth
12652,DogFace
12653,DogEye
12654,CatFace
12655,CatEye
12656,DogEye
12657,DogNose
12658,CatMouth
12659,DogFace
12660,DogMouth
12661,CatEye
12662,DogNose
12663,DogFace
12664,DogMouth
12665,CatMouth
12666,CatFace
12667,DogEye
12668,CatEye
12669,DogFace
12670,CatFace
12671,CatMouth
12672,DogEye
12673,CatEye
12674,CatMouth
12675,DogFace
12676,DogMouth
12677,CatFace
12678,DogFace
12679,DogNose
12680,DogMouth
12681,DogMouth
12682,DogNose
12683,CatEye
12684,CatEye
12685,DogMouth
12686,DogFace
12687,CatEye
12688,DogMouth
12689,CatEye
12690,CatMouth
12691,CatMouth
12692,DogFace
12693,DogEye
12694,CatNose
12695,CatNose
12696,CatNose
12697,DogMouth
12698,DogNose
12699,CatEye
12700,DogMouth
12701,DogNose
12702,DogFace
12703,CatNose
12704,CatMouth
12705,CatEye
12706,DogEye
12707,CatFace
12708,DogNose
12709,CatEye
12710,DogEye
12711,DogMouth
12712,DogEye
12713,CatFace
12714,CatFace
12715,DogNose
12716,DogFace
12717,DogNose
12718,DogEye
12719,DogMouth
12720,CatEye
12721,CatFace
12722,CatNose
12723,DogMouth
12724,DogMouth
12725,DogMouth
12726,CatEye
12727,DogFace
12728,DogMouth
12729,DogEye
12730,CatEye
12731,DogNose
12732,DogNose
12733,CatFace
12734,DogEye
12735,DogMouth
12736,CatMouth
12737,DogEye
12738,CatFace
12739,CatFace
12740,CatNose
12741,CatEye
12742,DogMouth
12743,CatMouth
12744,CatMouth
12745,DogEye
12746,DogNose
12747,DogFace
12748,CatEye
12749,CatEye
12750,DogMouth
12751,CatFace
12752,DogMouth
12753,CatFace
12754,CatEye
12755,CatEye
12756,CatEye
12757,CatEye
12758,CatMouth
12759,DogFace
12760,CatEye
12761,DogNose
12762,CatMouth
12763,CatMouth
12764,DogEye
12765,CatMouth
12766,CatFace
12767,CatMouth
12768,DogMouth
12769,CatEye
12770,CatNose
12771,CatNose
12772,DogFace
12773,DogEye
12774,DogFace
12775,DogMouth
12776,DogNose
12777,CatNose
12778,CatNose
12779,CatEye
12780,DogFace
12781,DogFace
12782,DogFace
12783,CatFace
12784,CatNose
12785,CatFace
12786,DogMouth
12787,DogNose
12788,DogFace
12789,CatMouth
12790,DogEye
12791,DogEye
12792,DogFace
12793,CatFace
12794,CatFace
12795,CatFace
12796,DogMouth
12797,CatEye
12798,DogFace
12799,DogEye
12800,CatEye
12801,CatEye
12802,DogNose
12803,DogEye
12804,CatEye
12805,DogEye
12806,CatEye
12807,CatFace
12808,DogNose
12809,CatNose
12810,CatNose
12811,CatMouth
12812,DogMouth
12813,CatFace
12814,DogEye
12815,DogMouth
12816,DogNose
12817,CatEye
12818,CatEye
12819,DogEye
12820,CatNose
12821,CatNose
12822,CatEye
12823,CatEye
12824,DogFace
12825,CatMouth
12826,DogMouth
12827,DogEye
12828,CatFace
12829,CatEye
12830,CatEye
12831,DogMouth
12832,DogNose
12833,DogNose
12834,DogEye
12835,DogEye
12836,CatMouth
12837,CatEye
12838,DogEye
12839,DogFace
12840,CatFace
12841,CatFace
12842,CatFace
12843,DogFace
12844,CatEye
12845,CatEye
12846,DogNose
12847,CatEye
12848,CatFace
12849,CatEye
12850,CatMouth
12851,DogEye
12852,CatEye
12853,CatFace
12854,DogEye
12855,DogEye
12856,CatMouth
12857,CatFace
12858,CatFace
12859,CatNose
12860,DogEye
12861,DogMouth
12862,DogEye
12863,DogFace
12864,CatMouth
12865,CatEye
12866,CatFace
12867,CatFace
12868,DogNose
12869,DogNose
12870,DogFace
12871,DogFace
12872,DogNose
12873,DogEye
12874,DogNose
12875,CatMouth
12876,CatNose
12877,CatMouth
12878,DogNose
12879,DogEye
12880,CatFace
12881,CatFace
12882,DogFace
12883,CatEye
12884,DogEye
12885,DogEye
12886,CatMouth
12887,DogNose
12888,CatFace
12889,DogEye
12890,CatMouth
12891,DogMouth
12892,DogNose
12893,DogFace
12894,DogMouth
12895,CatFace
12896,DogFace
12897,CatMouth
12898,CatFace
12899,DogEye
12900,CatMouth
12901,CatEye
12902,CatEye
12903,CatFace
12904,CatNose
12905,DogMouth
12906,CatNose
12907,CatMouth
12908,CatEye
12909,CatEye
12910,DogMouth
12911,DogNose
12912,CatNose
12913,CatMouth
12914,CatMouth
12915,CatEye
12916,CatMouth
12917,DogMouth
12918,CatEye
12919,DogEye
12920,CatNose
12921,DogEye
12922,CatMouth
12923,CatMouth
12924,CatEye
12925,DogNose
12926,CatMouth
12927,DogFace
12928,DogNose
12929,CatNose
12930,DogFace
12931,DogMouth
12932,DogFace
12933,CatEye
12934,DogFace
12935,DogNose
12936,DogNose
12937,DogMouth
12938,DogEye
12939,CatEye
12940,DogNose
12941,DogNose
12942,DogMouth
12943,CatEye
12944,CatMouth
12945,CatMouth
12946,CatFace
12947,DogNose
12948,DogMouth
12949,CatMouth
12950,DogNose
12951,CatEye
12952,CatNose
12953,CatMouth
12954,CatEye
12955,CatEye
12956,DogFace
12957,DogFace
12958,CatNose
12959,DogEye
12960,DogMouth
12961,CatEye
12962,DogMouth
12963,CatMouth
12964,CatFace
12965,DogEye
12966,DogEye
12967,CatNose
12968,DogMouth
12969,DogMouth
12970,DogFace
12971,DogEye
12972,CatMouth
12973,CatNose
12974,DogEye
12975,CatNose
12976,DogMouth
12977,DogEye
12978,DogFace
12979,CatFace
12980,DogMouth
12981,DogNose
12982,DogFace
12983,DogEye
12984,DogEye
12985,CatFace
12986,CatEye
12987,DogEye
12988,DogFace
12989,DogNose
12990,CatNose
12991,CatFace
12992,DogFace
12993,CatMouth
12994,CatNose
12995,DogEye
12996,DogMouth
12997,DogMouth
12998,DogNose
12999,DogMouth
13000,CatEye
13001,CatFace
13002,DogFace
13003,CatEye
13004,DogMouth
13005,DogNose
13006,CatMouth
13007,DogFace
13008,DogEye
13009,CatEye
13010,DogMouth
13011,DogFace
13012,DogMouth
13013,DogFace
13014,CatNose
13015,CatFace
13016,DogNose
13017,CatMouth
13018,DogFace
13019,CatFace
13020,DogFace
13021,CatEye
13022,DogMouth
13023,DogNose
13024,CatMouth
13025,CatMouth
13026,DogNose
13027,CatNose
13028,CatMouth
13029,DogMouth
13030,CatEye
13031,CatEye
13032,CatEye
13033,CatNose
13034,CatFace
13035,DogEye
13036,DogMouth
13037,DogEye
13038,DogMouth
13039,DogFace
13040,CatMouth
13041,CatEye
13042,DogNose
13043,DogNose
13044,DogNose
13045,DogMouth
13046,DogNose
13047,CatNose
13048,DogMouth
13049,CatEye
13050,DogEye
13051,DogNose
13052,CatMouth
13053,DogEye
13054,CatEye
13055,DogEye
13056,CatMouth
13057,CatEye
13058,DogEye
13059,CatNose
13060,DogMouth
13061,CatMouth
13062,CatEye
13063,CatMouth
13064,DogEye
13065,CatMouth
13066,DogFace
13067,CatFace
13068,DogNose
13069,CatMouth
13070,DogEye
13071,CatFace
13072,CatFace
13073,CatMouth
13074,CatMouth
13075,CatEye
13076,CatEye
13077,DogMouth
13078,DogMouth
13079,DogFace
13080,CatEye
13081,CatNose
13082,DogMouth
13083,CatNose
13084,DogMouth
13085,DogEye
13086,DogMouth
13087,CatEye
13088,CatNose
13089,DogFace
13090,CatNose
13091,DogEye
13092,DogNose
13093,CatNose
13094,CatMouth
13095,CatEye
13096,CatEye
13097,DogMouth
13098,DogFace
13099,CatMouth
13100,CatNose
13101,CatFace
13102,DogMouth
13103,CatEye
13104,CatEye
13105,CatNose
13106,DogNose
13107,CatMouth
13108,CatMouth
13109,CatNose
13110,CatMouth
13111,DogEye
13112,CatMouth
13113,CatFace
13114,DogNose
13115,CatEye
13116,CatEye
13117,CatMouth
13118,DogNose
13119,CatFace
13120,DogNose
13121,CatMouth
13122,CatFace
13123,CatNose
13124,CatMouth
13125,CatNose
13126,DogNose
13127,CatMouth
13128,DogNose
13129,CatFace
13130,DogMouth
13131,DogFace
13132,DogMouth
13133,CatNose
13134,DogFace
13135,CatEye
13136,CatNose
13137,DogFace
13138,DogEye
13139,DogNose
13140,CatEye
13141,CatEye
13142,DogMouth
13143,CatEye
13144,CatNose
13145,CatEye
13146,CatMouth
13147,DogMouth
13148,CatEye
13149,CatNose
13150,DogEye
13151,DogEye
13152,DogEye
13153,DogNose
13154,CatEye
13155,CatEye
13156,DogEye
13157,CatMouth
13158,DogNose
13159,DogNose
13160,CatEye
13161,DogMouth
13162,DogNose
13163,DogMouth
13164,DogEye
13165,DogEye
13166,CatNose
13167,CatMouth
13168,CatNose
13169,CatFace
13170,DogNose
13171,CatFace
13172,DogEye
13173,DogEye
13174,DogFace
13175,CatFace
13176,DogEye
13177,DogEye
13178,CatEye
13179,CatFace
13180,CatEye
13181,DogMouth
13182,CatEye
13183,DogNose
13184,CatMouth
13185,DogMouth
13186,CatEye
13187,DogFace
13188,DogEye
13189,CatNose
13190,DogNose
13191,DogNose
13192,DogFace
13193,DogFace
13194,DogEye
13195,CatFace
13196,CatEye
13197,CatMouth
13198,DogEye
13199,DogFace
13200,CatFace
13201,DogFace
13202,CatEye
13203,CatEye
13204,DogFace
13205,CatEye
13206,CatNose
13207,CatEye
13208,CatEye
13209,CatEye
13210,DogFace
13211,CatFace
13212,CatEye
13213,DogEye
13214,DogEye
13215,DogEye
13216,DogEye
13217,CatNose
13218,DogEye
13219,DogMouth
13220,CatMouth
13221,CatEye
13222,DogMouth
13223,CatMouth
13224,CatMouth
13225,DogMouth
13226,DogEye
13227,DogEye
13228,DogEye
13229,DogNose
13230,CatNose
13231,DogEye
13232,DogFace
13233,DogMouth
13234,DogNose
13235,CatFace
13236,CatNose
13237,DogEye
13238,DogNose
13239,CatFace
13240,DogEye
13241,CatMouth
13242,CatMouth
13243,DogNose
13244,CatNose
13245,CatMouth
13246,CatMouth
13247,CatEye
13248,CatFace
13249,DogEye
13250,DogFace
13251,DogMouth
13252,DogNose
13253,DogMouth
13254,CatEye
13255,CatMouth
13256,DogEye
13257,DogEye
13258,CatEye
13259,DogFace
13260,DogFace
13261,DogEye
13262,DogNose
13263,DogFace
13264,CatFace
13265,DogFace
13266,DogMouth
13267,DogEye
13268,CatMouth
13269,CatMouth
13270,CatEye
13271,CatEye
13272,DogEye
13273,CatEye
13274,CatFace
13275,CatMouth
13276,DogFace
13277,DogEye
13278,CatEye
13279,CatNose
13280,DogEye
13281,CatNose
13282,CatFace
13283,CatEye
13284,DogNose
13285,CatMouth
13286,DogEye
13287,CatFace
13288,DogMouth
13289,CatEye
13290,CatNose
13291,CatNose
13292,DogMouth
13293,DogMouth
13294,DogFace
13295,CatNose
13296,CatNose
13297,CatFace
13298,CatEye
13299,DogNose
13300,DogEye
13301,DogEye
13302,DogNose
13303,CatEye
13304,DogNose
13305,CatNose
13306,CatFace
13307,DogNose
13308,CatEye
13309,DogEye
13310,CatFace
13311,DogEye
13312,CatEye
13313,DogFace
13314,CatNose
13315,DogNose
13316,DogEye
13317,CatEye
13318,CatMouth
13319,CatMouth
13320,CatMouth
13321,CatFace
13322,DogFace
13323,CatNose
13324,DogEye
13325,CatEye
13326,CatEye
13327,DogNose
13328,DogMouth
13329,DogEye
13330,CatFace
13331,CatNose
13332,CatFace
13333,DogFace
13334,DogEye
13335,DogEye
13336,DogMouth
13337,DogEye
13338,DogFace
13339,DogFace
13340,CatEye
13341,DogFace
13342,CatFace
13343,DogFace
13344,DogMouth
13345,CatEye
13346,CatNose
13347,CatEye
13348,DogNose
13349,CatMouth
13350,CatFace
13351,CatMouth
13352,CatNose
13353,CatMouth
13354,CatMouth
13355,DogMouth
13356,DogEye
13357,CatEye
13358,CatFace
13359,DogNose
13360,CatEye
13361,DogEye
13362,CatEye
13363,CatEye
13364,DogFace
13365,DogFace
13366,CatMouth
13367,DogEye
13368,DogNose
13369,DogEye
13370,CatEye
13371,CatEye
13372,DogFace
13373,CatMouth
13374,DogFace
13375,CatMouth
13376,CatMouth
13377,DogFace
13378,CatEye
13379,DogMouth
13380,CatNose
13381,DogNose
13382,CatMouth
13383,CatFace
13384,DogMouth
13385,DogFace
13386,DogEye
13387,CatMouth
13388,DogMouth
13389,DogEye
13390,CatFace
13391,DogMouth
13392,CatNose
13393,CatMouth
13394,DogMouth
13395,DogFace
13396,CatFace
13397,DogNose
13398,CatMouth
13399,CatFace
13400,DogMouth
13401,CatEye
13402,DogEye
13403,DogMouth
13404,CatFace
13405,CatEye
13406,DogNose
13407,DogNose
13408,CatFace
13409,DogNose
13410,CatNose
13411,CatNose
13412,DogNose
13413,CatMouth
13414,CatFace
13415,DogEye
13416,DogNose
13417,DogEye
13418,DogMouth
13419,DogFace
13420,CatEye
13421,CatMouth
13422,DogFace
13423,CatFace
13424,CatNose
13425,CatMouth
13426,CatNose
13427,DogNose
13428,CatNose
13429,CatFace
13430,CatFace
13431,CatNose
13432,CatNose
13433,DogNose
13434,DogMouth
13435,DogEye
13436,DogFace
13437,CatNose
13438,CatEye
13439,DogFace
13440,DogEye
13441,DogEye
13442,CatNose
13443,CatFace
13444,DogFace
13445,DogMouth
13446,CatFace
13447,DogNose
13448,CatNose
13449,DogEye
13450,CatEye
13451,DogFace
13452,CatMouth
13453,DogNose
13454,CatMouth
13455,CatFace
13456,CatNose
13457,DogMouth
13458,CatMouth
13459,CatEye
13460,DogMouth
13461,DogNose
13462,CatNose
13463,DogMouth
13464,CatMouth
13465,DogEye
13466,DogMouth
13467,CatEye
13468,CatNose
13469,CatEye
13470,CatMouth
13471,CatNose
13472,CatMouth
13473,DogFace
13474,CatFace
13475,DogEye
13476,DogFace
13477,CatFace
13478,CatFace
13479,DogMouth
13480,CatMouth
13481,DogNose
13482,DogFace
13483,DogMouth
13484,DogFace
13485,CatEye
13486,CatNose
13487,CatEye
13488,CatNose
13489,CatFace
13490,CatEye
13491,DogEye
13492,CatEye
13493,DogEye
13494,CatFace
13495,DogFace
13496,CatMouth
13497,DogNose
13498,CatEye
13499,CatFace
13500,CatNose
13501,CatFace
13502,CatMouth
13503,CatNose
13504,CatNose
13505,CatEye
13506,DogEye
13507,DogFace
13508,DogMouth
13509,CatNose
13510,DogFace
13511,CatEye
13512,DogFace
13513,DogEye
13514,DogNose
13515,CatFace
13516,DogFace
13517,CatMouth
13518,CatEye
13519,CatMouth
13520,CatFace
13521,DogEye
13522,CatNose
13523,CatEye
13524,CatEye
13525,DogEye
13526,DogEye
13527,CatEye
13528,CatMouth
13529,CatMouth
13530,DogEye
13531,CatEye
13532,DogEye
13533,CatFace
13534,DogNose
13535,DogNose
13536,DogNose
13537,CatMouth
13538,DogFace
13539,DogEye
13540,CatMouth
13541,CatMouth
13542,CatNose
13543,DogFace
13544,CatMouth
13545,DogNose
13546,DogFace
13547,CatFace
13548,DogEye
13549,CatFace
13550,CatMouth
13551,CatNose
13552,DogFace
13553,DogNose
13554,DogEye
13555,CatEye
13556,CatNose
13557,CatFace
13558,DogMouth
13559,DogNose
13560,DogEye
13561,DogFace
13562,DogEye
13563,DogEye
13564,DogEye
13565,DogMouth
13566,CatMouth
13567,CatFace
13568,DogFace
13569,DogMouth
13570,DogNose
13571,CatEye
13572,DogEye
13573,CatFace
13574,DogMouth
13575,DogEye
13576,CatEye
13577,CatEye
13578,CatEye
13579,DogNose
13580,DogMouth
13581,CatFace
13582,CatEye
13583,CatFace
13584,CatFace
13585,CatEye
13586,CatFace
13587,DogNose
13588,CatMouth
13589,CatFace
13590,DogMouth
13591,DogNose
13592,DogNose
13593,CatNose
13594,CatFace
13595,CatMouth
13596,CatNose
13597,CatEye
13598,CatMouth
13599,DogFace
13600,CatFace
13601,DogMouth
13602,CatFace
13603,CatNose
13604,CatNose
13605,CatEye
13606,CatFace
13607,CatMouth
13608,DogMouth
13609,DogNose
13610,CatEye
13611,DogFace
13612,CatNose
13613,CatNose
13614,DogFace
13615,DogMouth
13616,CatMouth
13617,DogEye
13618,CatMouth
13619,CatEye
13620,DogNose
13621,CatFace
13622,CatMouth
13623,CatFace
13624,DogEye
13625,DogEye
13626,CatFace
13627,CatFace
13628,DogEye
13629,CatEye
13630,DogNose
13631,DogEye
13632,CatFace
13633,CatEye
13634,DogFace
13635,CatFace
13636,DogFace
13637,DogNose
13638,CatNose
13639,DogNose
13640,CatNose
13641,DogMouth
13642,CatMouth
13643,CatFace
13644,CatEye
13645,CatFace
13646,DogFace
13647,DogFace
13648,CatMouth
13649,CatFace
13650,CatFace
13651,CatMouth
13652,CatFace
13653,DogNose
13654,DogNose
13655,DogFace
13656,CatFace
13657,DogNose
13658,DogNose
13659,CatMouth
13660,CatFace
13661,CatNose
13662,CatMouth
13663,DogEye
13664,DogNose
13665,CatMouth
13666,CatEye
13667,CatMouth
13668,CatMouth
13669,CatEye
13670,CatFace
13671,CatNose
13672,CatEye
13673,DogFace
13674,CatFace
13675,CatNose
13676,CatMouth
13677,DogEye
13678,DogNose
13679,DogNose
13680,DogMouth
13681,DogFace
13682,DogFace
13683,DogFace
13684,CatMouth
13685,CatFace
13686,CatFace
13687,CatMouth
13688,CatMouth
13689,CatNose
13690,DogFace
13691,DogMouth
13692,CatEye
13693,CatEye
13694,CatNose
13695,DogEye
13696,DogEye
13697,DogFace
13698,DogMouth
13699,DogFace
13700,DogMouth
13701,CatFace
13702,CatNose
13703,DogNose
13704,DogFace
13705,CatMouth
13706,DogNose
13707,DogEye
13708,DogFace
13709,CatEye
13710,DogFace
13711,CatNose
13712,CatNose
13713,DogNose
13714,CatFace
13715,DogFace
13716,CatFace
13717,DogMouth
13718,DogEye
13719,CatNose
13720,CatNose
13721,DogEye
13722,DogEye
13723,CatMouth
13724,CatNose
13725,CatNose
13726,DogEye
13727,CatMouth
13728,CatMouth
13729,CatFace
13730,CatEye
13731,CatFace
13732,CatNose
13733,CatNose
13734,CatEye
13735,CatMouth
13736,DogNose
13737,DogEye
13738,CatNose
13739,DogMouth
13740,CatFace
13741,CatMouth
13742,DogFace
13743,CatEye
13744,DogMouth
13745,CatMouth
13746,DogEye
13747,CatEye
13748,CatNose
13749,CatEye
13750,CatNose
13751,CatEye
13752,DogFace
13753,DogEye
13754,DogEye
13755,DogFace
13756,DogMouth
13757,DogEye
13758,DogFace
13759,DogEye
13760,DogNose
13761,CatMouth
13762,DogEye
13763,CatNose
13764,CatMouth
13765,CatNose
13766,DogNose
13767,CatEye
13768,CatEye
13769,CatEye
13770,DogMouth
13771,CatFace
13772,DogNose
13773,CatNose
13774,CatFace
13775,CatMouth
13776,CatMouth
13777,CatMouth
13778,DogNose
13779,CatMouth
13780,DogNose
13781,CatEye
13782,DogNose
13783,DogNose
13784,CatMouth
13785,CatMouth
13786,DogEye
13787,DogNose
13788,CatEye
13789,DogFace
13790,CatNose
13791,DogNose
13792,CatFace
13793,DogFace
13794,CatFace
13795,CatFace
13796,CatFace
13797,DogMouth
13798,CatEye
13799,DogNose
13800,DogNose
13801,CatEye
13802,DogFace
13803,CatEye
13804,DogFace
13805,CatEye
13806,DogMouth
13807,DogMouth
13808,CatFace
13809,DogMouth
13810,CatMouth
13811,DogEye
13812,DogNose
13813,CatFace
13814,DogEye
13815,DogFace
13816,DogEye
13817,CatMouth
13818,DogNose
13819,DogNose
13820,DogNose
13821,CatEye
13822,CatMouth
13823,DogNose
13824,CatEye
13825,CatFace
13826,DogEye
13827,CatMouth
13828,DogFace
13829,CatMouth
13830,CatFace
13831,CatNose
13832,DogNose
13833,DogFace
13834,DogFace
13835,DogFace
13836,DogEye
13837,DogEye
13838,DogEye
13839,DogNose
13840,CatNose
13841,CatFace
13842,DogFace
13843,CatMouth
13844,CatNose
13845,DogFace
13846,CatEye
13847,CatEye
13848,DogEye
13849,CatEye
13850,DogFace
13851,CatNose
13852,CatEye
13853,DogMouth
13854,DogFace
13855,DogFace
13856,CatMouth
13857,DogFace
13858,CatEye
13859,CatNose
13860,CatFace
13861,DogNose
13862,DogNose
13863,CatEye
13864,CatMouth
13865,CatEye
13866,CatNose
13867,DogNose
13868,DogEye
13869,DogFace
13870,DogNose
13871,CatEye
13872,DogEye
13873,CatEye
13874,CatEye
13875,CatEye
13876,DogFace
13877,DogFace
13878,CatNose
13879,DogMouth
13880,CatFace
13881,CatFace
13882,DogNose
13883,DogNose
13884,DogEye
13885,CatEye
13886,DogFace
13887,DogNose
13888,DogMouth
13889,CatEye
13890,DogEye
13891,DogNose
13892,DogFace
13893,CatMouth
13894,CatNose
13895,CatNose
13896,CatEye
13897,CatEye
13898,CatNose
13899,CatMouth
13900,DogEye
13901,DogEye
13902,CatFace
13903,DogFace
13904,DogFace
13905,DogEye
13906,DogEye
13907,DogFace
13908,DogNose
13909,DogMouth
13910,CatEye
13911,CatEye
13912,DogMouth
13913,CatEye
13914,DogFace
13915,CatMouth
13916,DogNose
13917,DogMouth
13918,DogEye
13919,CatMouth
13920,CatEye
13921,CatMouth
13922,DogNose
13923,DogMouth
13924,DogEye
13925,DogEye
13926,DogNose
13927,DogFace
13928,CatEye
13929,CatEye
13930,CatMouth
13931,CatFace
13932,DogMouth
13933,DogFace
13934,CatMouth
13935,DogFace
13936,DogEye
13937,CatFace
13938,CatEye
13939,CatNose
13940,DogFace
13941,CatFace
13942,DogEye
13943,CatMouth
13944,DogMouth
13945,DogFace
13946,CatMouth
13947,DogNose
13948,DogNose
13949,DogNose
13950,CatFace
13951,DogFace
13952,CatNose
13953,CatNose
13954,CatNose
13955,CatEye
13956,CatEye
13957,DogMouth
13958,CatEye
13959,DogFace
13960,DogFace
13961,CatMouth
13962,CatEye
13963,CatEye
13964,CatEye
13965,CatMouth
13966,DogNose
13967,DogEye
13968,CatNose
13969,DogFace
13970,DogMouth
13971,DogMouth
13972,DogFace
13973,CatNose
13974,DogNose
13975,CatNose
13976,DogFace
13977,CatFace
13978,CatEye
13979,CatFace
13980,DogEye
13981,CatEye
13982,DogNose
13983,CatNose
13984,CatEye
13985,CatMouth
13986,CatMouth
13987,DogFace
13988,DogEye
13989,DogFace
13990,CatEye
13991,CatMouth
13992,CatEye
13993,DogEye
13994,CatMouth
13995,CatNose
13996,CatNose
13997,DogMouth
13998,CatEye
13999,CatNose
14000,DogNose
14001,CatFace
14002,CatEye
14003,CatNose
14004,DogFace
14005,CatNose
14006,DogMouth
14007,CatEye
14008,DogMouth
14009,DogFace
14010,DogNose
14011,CatFace
14012,DogMouth
14013,CatEye
14014,DogNose
14015,CatFace
14016,DogEye
14017,CatNose
14018,CatEye
14019,DogMouth
14020,CatFace
14021,CatNose
14022,DogNose
14023,DogMouth
14024,CatEye
14025,DogEye
14026,DogMouth
14027,CatFace
14028,DogNose
14029,CatFace
14030,DogFace
14031,CatFace
14032,CatNose
14033,DogNose
14034,CatEye
14035,DogMouth
14036,CatMouth
14037,CatNose
14038,CatNose
14039,DogNose
14040,DogMouth
14041,CatMouth
14042,CatNose
14043,DogEye
14044,DogMouth
14045,DogEye
14046,DogEye
14047,DogFace
14048,DogMouth
14049,CatMouth
14050,CatFace
14051,CatMouth
14052,DogMouth
14053,CatMouth
14054,CatFace
14055,CatNose
14056,CatFace
14057,DogMouth
14058,DogFace
14059,DogNose
14060,CatEye
14061,DogFace
14062,DogFace
14063,DogNose
14064,CatFace
14065,CatEye
14066,DogFace
14067,CatFace
14068,DogEye
14069,DogMouth
14070,DogNose
14071,CatEye
14072,CatEye
14073,CatNose
14074,DogMouth
14075,CatMouth
14076,CatNose
14077,DogNose
14078,CatEye
14079,CatEye
14080,DogFace
14081,DogEye
14082,CatEye
14083,DogNose
14084,CatMouth
14085,CatEye
14086,DogEye
14087,CatEye
14088,DogEye
14089,CatEye
14090,DogEye
14091,CatFace
14092,CatNose
14093,DogEye
14094,CatEye
14095,DogMouth
14096,CatFace
14097,CatFace
14098,CatFace
14099,DogEye
14100,DogEye
14101,CatMouth
14102,DogEye
14103,CatMouth
14104,CatNose
14105,CatFace
14106,DogMouth
14107,DogNose
14108,DogEye
14109,DogEye
14110,CatNose
14111,CatMouth
14112,CatFace
14113,CatNose
14114,CatMouth
14115,CatFace
14116,DogNose
14117,CatFace
14118,DogEye
14119,DogMouth
14120,CatFace
14121,DogNose
14122,CatFace
14123,DogNose
14124,CatEye
14125,DogNose
14126,CatMouth
14127,CatFace
14128,CatEye
14129,CatFace
14130,CatNose
14131,CatNose
14132,CatMouth
14133,CatNose
14134,CatFace
14135,CatFace
14136,CatMouth
14137,CatEye
14138,CatNose
14139,CatMouth
14140,CatNose
14141,DogFace
14142,CatEye
14143,DogNose
14144,DogEye
14145,DogMouth
14146,CatMouth
14147,DogEye
14148,DogEye
14149,CatFace
14150,DogEye
14151,CatEye
14152,DogNose
14153,DogEye
14154,CatMouth
14155,CatNose
14156,DogNose
14157,DogEye
14158,CatMouth
14159,CatNose
14160,DogFace
14161,CatMouth
14162,CatEye
14163,DogFace
14164,DogEye
14165,CatEye
14166,DogFace
14167,CatFace
14168,CatEye
14169,DogFace
14170,DogNose
14171,CatEye
14172,CatEye
14173,CatMouth
14174,CatFace
14175,DogFace
14176,DogEye
14177,DogMouth
14178,CatMouth
14179,CatFace
14180,DogEye
14181,DogMouth
14182,CatNose
14183,DogMouth
14184,DogEye
14185,DogMouth
14186,DogFace
14187,CatEye
14188,CatFace
14189,CatMouth
14190,DogNose
14191,DogEye
14192,CatEye
14193,DogMouth
14194,DogMouth
14195,CatNose
14196,CatMouth
14197,DogMouth
14198,CatEye
14199,DogFace
14200,DogFace
14201,CatMouth
14202,CatMouth
14203,CatMouth
14204,DogFace
14205,CatEye
14206,CatNose
14207,CatEye
14208,DogFace
14209,CatEye
14210,DogEye
14211,DogMouth
14212,CatFace
14213,CatNose
14214,DogEye
14215,CatEye
14216,CatEye
14217,CatFace
14218,CatEye
14219,DogEye
14220,CatFace
14221,DogMouth
14222,DogFace
14223,DogNose
14224,DogNose
14225,CatNose
14226,DogMouth
14227,DogFace
14228,DogEye
14229,DogEye
14230,DogEye
14231,DogFace
14232,DogNose
14233,DogFace
14234,CatEye
14235,DogFace
14236,DogEye
14237,DogEye
14238,CatFace
14239,DogMouth
14240,CatNose
14241,DogEye
14242,CatMouth
14243,CatNose
14244,CatMouth
14245,CatEye
14246,DogMouth
14247,DogMouth
14248,CatNose
14249,DogEye
14250,DogEye
14251,DogEye
14252,DogFace
14253,CatFace
14254,DogMouth
14255,DogMouth
14256,DogEye
14257,DogNose
14258,DogNose
14259,CatMouth
14260,DogNose
14261,DogFace
14262,CatMouth
14263,CatEye
14264,CatMouth
14265,CatNose
14266,DogFace
14267,CatNose
14268,CatNose
14269,DogNose
14270,CatFace
14271,CatNose
14272,DogFace
14273,DogMouth
14274,CatFace
14275,DogMouth
14276,CatMouth
14277,CatEye
14278,CatEye
14279,CatEye
14280,DogNose
14281,DogFace
14282,CatEye
14283,DogEye
14284,CatFace
14285,CatEye
14286,CatMouth
14287,CatFace
14288,CatEye
14289,CatMouth
14290,DogEye
14291,CatNose
14292,DogEye
14293,DogMouth
14294,CatFace
14295,DogNose
14296,DogMouth
14297,DogEye
14298,CatEye
14299,DogMouth
14300,DogFace
14301,CatFace
14302,DogNose
14303,CatFace
14304,CatNose
14305,CatMouth
14306,CatFace
14307,DogFace
14308,DogEye
14309,DogFace
14310,CatMouth
14311,DogMouth
14312,CatNose
14313,DogNose
14314,CatNose
14315,DogEye
14316,DogFace
14317,CatEye
14318,CatEye
14319,CatEye
14320,CatEye
14321,CatNose
14322,CatNose
14323,DogNose
14324,DogEye
14325,DogNose
14326,DogNose
14327,CatFace
14328,DogNose
14329,DogNose
14330,DogEye
14331,DogMouth
14332,CatFace
14333,DogEye
14334,DogNose
14335,CatMouth
14336,DogEye
14337,DogNose
14338,CatEye
14339,CatEye
14340,CatNose
14341,CatNose
14342,DogFace
14343,DogNose
14344,CatEye
14345,CatMouth
14346,DogFace
14347,CatNose
14348,CatMouth
14349,DogEye
14350,DogFace
14351,CatNose
14352,DogEye
14353,CatFace
14354,DogMouth
14355,DogFace
14356,DogFace
14357,DogMouth
14358,CatEye
14359,DogNose
14360,DogNose
14361,DogNose
14362,DogFace
14363,CatEye
14364,DogFace
14365,CatFace
14366,DogNose
14367,CatEye
14368,DogMouth
14369,DogMouth
14370,DogMouth
14371,DogFace
14372,CatFace
14373,CatNose
14374,CatNose
14375,CatNose
14376,CatFace
14377,CatMouth
14378,DogMouth
14379,CatMouth
14380,CatMouth
14381,CatNose
14382,CatFace
14383,DogNose
14384,DogMouth
14385,CatFace
14386,CatNose
14387,DogFace
14388,DogNose
14389,CatFace
14390,CatEye
14391,CatMouth
14392,CatMouth
14393,DogFace
14394,CatMouth
14395,CatNose
14396,DogEye
14397,DogFace
14398,CatFace
14399,CatNose
14400,DogEye
14401,CatNose
14402,CatNose
14403,DogFace
14404,CatEye
14405,CatFace
14406,DogMouth
14407,DogNose
14408,CatMouth
14409,DogNose
14410,CatFace
14411,DogEye
14412,DogMouth
14413,CatNose
14414,DogEye
14415,CatFace
14416,DogEye
14417,CatFace
14418,CatNose
14419,CatNose
14420,CatFace
14421,DogFace
14422,DogEye
14423,DogMouth
14424,CatMouth
14425,CatFace
14426,CatEye
14427,CatEye
14428,DogFace
14429,DogFace
14430,DogMouth
14431,DogEye
14432,DogMouth
14433,CatEye
14434,CatMouth
14435,CatFace
14436,CatNose
14437,DogMouth
14438,DogEye
14439,DogEye
14440,CatMouth
14441,DogFace
14442,CatFace
14443,DogEye
14444,CatFace
14445,CatEye
14446,CatEye
14447,CatEye
14448,CatFace
14449,CatEye
14450,CatNose
14451,CatEye
14452,CatNose
14453,DogMouth
14454,CatMouth
14455,DogEye
14456,DogFace
14457,DogNose
14458,CatMouth
14459,DogFace
14460,CatEye
14461,CatNose
14462,CatEye
14463,CatFace
14464,DogEye
14465,CatMouth
14466,CatFace
14467,CatEye
14468,DogNose
14469,CatNose
14470,CatEye
14471,CatMouth
14472,CatFace
14473,CatFace
14474,CatNose
14475,DogFace
14476,CatNose
14477,DogEye
14478,DogEye
14479,DogFace
14480,CatNose
14481,DogEye
14482,CatEye
14483,CatMouth
14484,CatMouth
14485,CatMouth
14486,CatNose
14487,CatEye
14488,DogEye
14489,DogEye
14490,CatMouth
14491,DogFace
14492,DogMouth
14493,DogEye
14494,DogFace
14495,DogEye
14496,DogNose
14497,CatMouth
14498,CatFace
14499,DogMouth
14500,DogNose
14501,CatMouth
14502,CatNose
14503,DogEye
14504,DogNose
14505,CatEye
14506,DogFace
14507,DogFace
14508,CatNose
14509,CatFace
14510,CatMouth
14511,CatFace
14512,CatNose
14513,DogNose
14514,CatNose
14515,DogMouth
14516,DogFace
14517,CatNose
14518,DogEye
14519,DogNose
14520,CatFace
14521,DogMouth
14522,DogEye
14523,DogFace
14524,DogMouth
14525,CatEye
14526,DogEye
14527,CatNose
14528,DogMouth
14529,CatMouth
14530,CatEye
14531,DogMouth
14532,DogFace
14533,DogFace
14534,CatEye
14535,DogFace
14536,CatEye
14537,CatEye
14538,DogFace
14539,DogMouth
14540,CatEye
14541,DogEye
14542,CatMouth
14543,CatMouth
14544,CatFace
14545,DogFace
14546,CatMouth
14547,CatEye
14548,CatMouth
14549,DogMouth
14550,DogNose
14551,DogNose
14552,DogFace
14553,CatEye
14554,CatFace
14555,CatNose
14556,CatMouth
14557,DogNose
14558,CatFace
14559,CatEye
14560,DogFace
14561,DogEye
14562,DogNose
14563,DogEye
14564,DogEye
14565,CatEye
14566,CatNose
14567,DogNose
14568,CatMouth
14569,CatFace
14570,DogNose
14571,DogMouth
14572,DogNose
14573,CatFace
14574,CatEye
14575,DogFace
14576,CatEye
14577,CatEye
14578,DogNose
14579,CatNose
14580,CatFace
14581,CatNose
14582,DogEye
14583,DogEye
14584,CatMouth
14585,DogEye
14586,DogEye
14587,CatMouth
14588,CatFace
14589,CatMouth
14590,CatEye
14591,DogFace
14592,DogNose
14593,DogMouth
14594,CatEye
14595,CatFace
14596,CatMouth
14597,DogEye
14598,CatFace
14599,CatMouth
14600,DogFace
14601,CatFace
14602,CatFace
14603,DogEye
14604,CatMouth
14605,DogEye
14606,DogNose
14607,DogFace
14608,CatFace
14609,DogEye
14610,CatNose
14611,CatFace
14612,DogFace
14613,DogMouth
14614,CatFace
14615,CatFace
14616,CatEye
14617,DogMouth
14618,CatFace
14619,DogEye
14620,CatEye
14621,CatEye
14622,CatFace
14623,CatMouth
14624,DogNose
14625,DogEye
14626,CatEye
14627,CatNose
14628,DogFace
14629,CatMouth
14630,CatMouth
14631,CatNose
14632,DogFace
14633,CatNose
14634,DogMouth
14635,CatFace
14636,DogMouth
14637,DogMouth
14638,DogEye
14639,DogFace
14640,DogFace
14641,CatMouth
14642,DogFace
14643,CatNose
14644,DogFace
14645,DogNose
14646,DogMouth
14647,DogFace
14648,CatEye
14649,CatNose
14650,DogEye
14651,DogFace
14652,CatFace
14653,CatEye
14654,DogFace
14655,CatNose
14656,CatNose
14657,DogFace
14658,DogEye
14659,DogEye
14660,CatFace
14661,DogEye
14662,CatFace
14663,CatEye
14664,DogMouth
14665,CatMouth
14666,CatNose
14667,DogMouth
14668,DogMouth
14669,DogFace
14670,CatMouth
14671,DogNose
14672,CatMouth
14673,DogEye
14674,DogFace
14675,CatNose
14676,DogFace
14677,CatFace
14678,CatFace
14679,CatMouth
14680,DogNose
14681,CatNose
14682,CatMouth
14683,CatEye
14684,CatFace
14685,DogEye
14686,DogFace
14687,DogNose
14688,DogEye
14689,DogNose
14690,CatEye
14691,DogEye
14692,DogFace
14693,DogFace
14694,CatMouth
14695,CatEye
14696,CatEye
14697,CatNose
14698,CatMouth
14699,DogEye
14700,DogEye
14701,DogEye
14702,DogEye
14703,DogNose
14704,CatEye
14705,DogMouth
14706,DogEye
14707,CatNose
14708,CatEye
14709,DogNose
14710,DogMouth
14711,CatEye
14712,CatNose
14713,CatEye
14714,DogFace
14715,CatMouth
14716,DogFace
14717,DogNose
14718,CatEye
14719,DogMouth
14720,CatMouth
14721,DogNose
14722,CatMouth
14723,CatFace
14724,DogEye
14725,CatNose
14726,CatMouth
14727,CatNose
14728,CatNose
14729,DogEye
14730,CatEye
14731,CatFace
14732,DogNose
14733,CatFace
14734,DogEye
14735,DogEye
14736,DogFace
14737,CatEye
14738,CatEye
14739,CatEye
14740,CatFace
14741,DogEye
14742,CatNose
14743,CatEye
14744,CatNose
14745,DogNose
14746,DogMouth
14747,CatEye
14748,CatMouth
14749,DogFace
14750,CatMouth
14751,CatFace
14752,CatFace
14753,DogMouth
14754,DogMouth
14755,DogEye
14756,CatFace
14757,DogEye
14758,CatFace
14759,DogEye
14760,CatEye
14761,DogMouth
14762,CatEye
14763,CatFace
14764,DogEye
14765,DogMouth
14766,CatNose
14767,CatEye
14768,CatFace
14769,DogNose
14770,DogNose
14771,DogEye
14772,DogFace
14773,DogMouth
14774,CatFace
14775,CatMouth
14776,CatNose
14777,DogNose
14778,CatEye
14779,CatNose
14780,CatFace
14781,DogMouth
14782,DogEye
14783,DogEye
14784,CatNose
14785,DogFace
14786,CatFace
14787,DogEye
14788,DogEye
14789,CatNose
14790,DogEye
14791,CatNose
14792,CatMouth
14793,DogMouth
14794,CatEye
14795,CatMouth
14796,CatEye
14797,CatMouth
14798,DogEye
14799,CatFace
14800,CatMouth
14801,CatMouth
14802,DogMouth
14803,DogMouth
14804,CatEye
14805,CatMouth
14806,CatNose
14807,CatFace
14808,DogMouth
14809,DogNose
14810,CatNose
14811,DogEye
14812,DogMouth
14813,DogNose
14814,CatNose
14815,DogNose
14816,DogNose
14817,CatFace
14818,CatFace
14819,DogFace
14820,CatNose
14821,DogNose
14822,DogMouth
14823,CatNose
14824,DogEye
14825,CatMouth
14826,DogEye
14827,DogNose
14828,CatNose
14829,CatNose
14830,DogNose
14831,DogNose
14832,CatFace
14833,CatEye
14834,DogNose
14835,CatEye
14836,CatMouth
14837,CatEye
14838,DogNose
14839,DogMouth
14840,DogNose
14841,CatNose
14842,DogEye
14843,DogNose
14844,CatFace
14845,CatNose
14846,CatNose
14847,DogEye
14848,DogMouth
14849,DogEye
14850,CatEye
14851,DogFace
14852,DogNose
14853,CatMouth
14854,CatNose
14855,DogNose
14856,CatEye
14857,DogMouth
14858,DogFace
14859,DogFace
14860,DogEye
14861,DogEye
14862,CatFace
14863,CatEye
14864,CatEye
14865,DogMouth
14866,DogFace
14867,CatFace
14868,DogFace
14869,DogFace
14870,DogEye
14871,CatNose
14872,CatFace
14873,CatEye
14874,CatNose
14875,DogEye
14876,DogNose
14877,DogFace
14878,DogNose
14879,CatEye
14880,CatNose
14881,DogFace
14882,CatEye
14883,CatMouth
14884,DogMouth
14885,CatNose
14886,DogEye
14887,DogNose
14888,DogFace
14889,DogMouth
14890,DogMouth
14891,DogNose
14892,DogMouth
14893,DogFace
14894,DogFace
14895,DogFace
14896,CatEye
14897,DogEye
14898,CatEye
14899,CatFace
14900,DogFace
14901,DogEye
14902,CatNose
14903,CatEye
14904,CatEye
14905,DogEye
14906,DogEye
14907,DogEye
14908,DogNose
14909,CatNose
14910,CatMouth
14911,CatEye
14912,CatNose
14913,DogMouth
14914,CatNose
14915,DogNose
14916,CatMouth
14917,DogFace
14918,DogEye
14919,CatFace
14920,DogNose
14921,CatFace
14922,CatMouth
14923,DogEye
14924,CatFace
14925,CatFace
14926,CatNose
14927,CatFace
14928,DogNose
14929,CatNose
14930,CatEye
14931,CatMouth
14932,CatMouth
14933,DogMouth
14934,CatEye
14935,CatEye
14936,CatFace
14937,CatNose
14938,CatEye
14939,CatFace
14940,DogFace
14941,DogMouth
14942,DogFace
14943,DogNose
14944,CatNose
14945,DogEye
14946,CatNose
14947,DogMouth
14948,DogFace
14949,CatFace
14950,DogMouth
14951,DogFace
14952,CatNose
14953,CatFace
14954,CatMouth
14955,DogEye
14956,DogFace
14957,DogEye
14958,CatEye
14959,DogFace
14960,CatNose
14961,CatEye
14962,DogMouth
14963,CatFace
14964,CatFace
14965,DogEye
14966,CatEye
14967,DogEye
14968,CatNose
14969,DogFace
14970,CatMouth
14971,CatEye
14972,CatFace
14973,DogEye
14974,DogEye
14975,DogEye
14976,DogMouth
14977,DogFace
14978,CatEye
14979,CatEye
14980,DogMouth
14981,CatEye
14982,CatFace
14983,DogNose
14984,CatNose
14985,DogFace
14986,CatNose
14987,CatMouth
14988,DogEye
14989,DogEye
14990,CatEye
14991,CatFace
14992,CatMouth
14993,CatMouth
14994,CatFace
14995,DogNose
14996,DogMouth
14997,DogMouth
14998,CatMouth
14999,DogFace
15000,CatFace
15001,DogEye
15002,DogEye
15003,CatNose
15004,DogMouth
15005,CatNose
15006,DogFace
15007,CatEye
15008,CatEye
15009,DogMouth
15010,DogEye
15011,CatEye
15012,CatNose
15013,DogNose
15014,DogEye
15015,DogFace
15016,CatNose
15017,CatEye
15018,DogFace
15019,CatMouth
15020,CatFace
15021,CatFace
15022,DogEye
15023,CatMouth
15024,CatFace
15025,CatMouth
15026,DogMouth
15027,CatFace
15028,CatNose
15029,DogNose
15030,DogNose
15031,DogNose
15032,DogEye
15033,DogFace
15034,DogNose
15035,DogFace
15036,DogNose
15037,DogNose
15038,CatMouth
15039,CatFace
15040,CatMouth
15041,CatEye
15042,DogFace
15043,CatEye
15044,DogNose
15045,CatEye
15046,DogNose
15047,CatMouth
15048,DogEye
15049,CatMouth
15050,DogNose
15051,CatEye
15052,DogMouth
15053,DogFace
15054,CatEye
15055,DogNose
15056,DogMouth
15057,DogFace
15058,CatFace
15059,CatEye
15060,CatFace
15061,CatEye
15062,CatNose
15063,CatEye
15064,CatEye
15065,DogNose
15066,CatFace
15067,CatNose
15068,DogMouth
15069,CatFace
15070,DogFace
15071,CatNose
15072,CatMouth
15073,DogMouth
15074,CatFace
15075,CatNose
15076,CatEye
15077,DogMouth
15078,DogFace
15079,CatMouth
15080,CatNose
15081,DogEye
15082,DogEye
15083,DogNose
15084,CatNose
15085,DogEye
15086,DogMouth
15087,DogNose
15088,CatMouth
15089,CatFace
15090,DogFace
15091,CatMouth
15092,DogFace
15093,DogNose
15094,CatFace
15095,DogEye
15096,DogMouth
15097,DogFace
15098,DogFace
15099,CatEye
15100,CatEye
15101,CatEye
15102,CatEye
15103,CatEye
15104,CatFace
15105,CatMouth
15106,DogNose
15107,DogFace
15108,DogMouth
15109,CatNose
15110,CatMouth
15111,DogEye
15112,DogMouth
15113,DogEye
15114,DogNose
15115,CatEye
15116,DogNose
15117,CatFace
15118,DogEye
15119,DogEye
15120,DogEye
15121,CatEye
15122,CatNose
15123,DogFace
15124,CatFace
15125,DogNose
15126,CatEye
15127,CatEye
15128,DogFace
15129,DogEye
15130,CatNose
15131,CatNose
15132,CatEye
15133,DogNose
15134,CatMouth
15135,CatMouth
15136,DogMouth
15137,DogEye
15138,DogNose
15139,CatFace
15140,DogEye
15141,DogFace
15142,CatMouth
15143,DogEye
15144,CatFace
15145,DogEye
15146,CatNose
15147,CatMouth
15148,DogNose
15149,DogEye
15150,DogEye
15151,CatMouth
15152,DogFace
15153,DogMouth
15154,DogFace
15155,CatEye
15156,DogEye
15157,DogMouth
15158,CatFace
15159,DogFace
15160,CatNose
15161,CatNose
15162,CatFace
15163,DogEye
15164,CatFace
15165,CatMouth
15166,CatEye
15167,CatEye
15168,CatMouth
15169,CatMouth
15170,DogNose
15171,DogFace
15172,CatMouth
15173,DogEye
15174,CatNose
15175,DogEye
15176,DogNose
15177,DogEye
15178,DogFace
15179,CatFace
15180,CatFace
15181,DogEye
15182,CatNose
15183,DogNose
15184,DogEye
15185,CatFace
15186,DogMouth
15187,DogFace
15188,DogNose
15189,CatNose
15190,CatFace
15191,DogMouth
15192,CatEye
15193,DogFace
15194,CatMouth
15195,CatFace
15196,CatEye
15197,DogMouth
15198,CatFace
15199,CatMouth
15200,DogEye
15201,CatEye
15202,DogNose
15203,CatFace
15204,CatEye
15205,DogFace
15206,CatFace
15207,CatMouth
15208,DogEye
15209,DogNose
15210,DogFace
15211,DogNose
15212,DogMouth
15213,CatEye
15214,CatFace
15215,CatMouth
15216,DogNose
15217,DogEye
15218,CatFace
15219,CatEye
15220,CatFace
15221,DogNose
15222,DogNose
15223,CatFace
15224,CatNose
15225,DogFace
15226,CatFace
15227,DogEye
15228,DogFace
15229,CatNose
15230,DogFace
15231,DogNose
15232,CatFace
15233,DogMouth
15234,CatMouth
15235,CatFace
15236,DogFace
15237,DogNose
15238,DogMouth
15239,DogFace
15240,DogNose
15241,DogFace
15242,DogMouth
15243,DogFace
15244,CatMouth
15245,DogMouth
15246,CatFace
15247,CatMouth
15248,CatFace
15249,DogNose
15250,CatMouth
15251,DogMouth
15252,CatFace
15253,CatMouth
15254,CatEye
15255,CatNose
15256,CatEye
15257,DogMouth
15258,DogFace
15259,CatMouth
15260,CatEye
15261,CatMouth
15262,DogMouth
15263,DogEye
15264,CatFace
15265,DogEye
15266,DogNose
15267,CatNose
15268,CatEye
15269,DogFace
15270,CatMouth
15271,CatNose
15272,CatEye
15273,DogEye
15274,DogNose
15275,DogMouth
15276,CatFace
15277,CatNose
15278,DogMouth
15279,CatEye
15280,DogEye
15281,CatEye
15282,DogEye
15283,CatNose
15284,DogMouth
15285,DogNose
15286,CatEye
15287,CatNose
15288,CatMouth
15289,CatEye
15290,DogEye
15291,DogMouth
15292,CatMouth
15293,CatNose
15294,DogNose
15295,DogEye
15296,CatFace
15297,CatMouth
15298,CatEye
15299,DogFace
15300,DogMouth
15301,DogNose
15302,CatNose
15303,CatNose
15304,CatEye
15305,CatFace
15306,DogNose
15307,CatEye
15308,DogFace
15309,DogEye
15310,CatNose
15311,DogMouth
15312,CatFace
15313,DogFace
15314,CatFace
15315,CatFace
15316,CatMouth
15317,CatEye
15318,CatFace
15319,DogMouth
15320,DogNose
15321,CatMouth
15322,DogNose
15323,DogEye
15324,DogMouth
15325,DogFace
15326,DogFace
15327,CatEye
15328,CatMouth
15329,CatEye
15330,CatMouth
15331,CatMouth
15332,CatEye
15333,DogNose
15334,DogEye
15335,CatEye
15336,CatNose
15337,CatMouth
15338,DogNose
15339,CatNose
15340,DogNose
15341,DogMouth
15342,CatFace
15343,CatNose
15344,DogMouth
15345,DogEye
15346,DogEye
15347,DogFace
15348,DogEye
15349,CatEye
15350,DogFace
15351,CatMouth
15352,DogMouth
15353,CatFace
15354,CatFace
15355,CatEye
15356,CatEye
15357,DogFace
15358,CatNose
15359,CatEye
15360,DogMouth
15361,DogFace
15362,DogMouth
15363,CatEye
15364,DogEye
15365,DogFace
15366,DogMouth
15367,CatEye
15368,CatNose
15369,DogFace
15370,CatFace
15371,DogNose
15372,CatFace
15373,DogNose
15374,DogMouth
15375,DogMouth
15376,CatFace
15377,CatNose
15378,CatFace
15379,CatEye
15380,DogFace
15381,CatMouth
15382,DogEye
15383,DogFace
15384,DogMouth
15385,CatFace
15386,DogMouth
15387,DogNose
15388,DogEye
15389,CatFace
15390,DogNose
15391,CatMouth
15392,CatFace
15393,DogEye
15394,CatMouth
15395,DogFace
15396,CatFace
15397,DogMouth
15398,CatEye
15399,CatFace
15400,CatMouth
15401,CatFace
15402,DogMouth
15403,CatFace
15404,CatEye
15405,DogNose
15406,CatFace
15407,DogMouth
15408,CatFace
15409,CatNose
15410,DogFace
15411,DogNose
15412,DogFace
15413,CatMouth
15414,DogNose
15415,DogFace
15416,DogMouth
15417,CatMouth
15418,DogMouth
15419,DogFace
15420,CatEye
15421,CatEye
15422,DogMouth
15423,DogMouth
15424,DogNose
15425,DogMouth
15426,DogMouth
15427,CatFace
15428,DogMouth
15429,CatEye
15430,DogFace
15431,DogNose
15432,DogEye
15433,DogNose
15434,CatFace
15435,DogMouth
15436,DogEye
15437,DogNose
15438,DogFace
15439,DogMouth
15440,DogNose
15441,CatEye
15442,CatNose
15443,DogEye
15444,DogMouth
15445,DogFace
15446,CatFace
15447,CatEye
15448,CatEye
15449,DogMouth
15450,DogEye
15451,CatNose
15452,DogFace
15453,CatMouth
15454,DogEye
15455,DogEye
15456,DogNose
15457,CatFace
15458,DogMouth
15459,DogEye
15460,DogMouth
15461,DogEye
15462,DogFace
15463,CatFace
15464,CatEye
15465,DogEye
15466,DogNose
15467,DogEye
15468,DogNose
15469,DogFace
15470,DogMouth
15471,DogMouth
15472,CatNose
15473,CatEye
15474,DogNose
15475,CatMouth
15476,CatEye
15477,CatFace
15478,CatNose
15479,CatEye
15480,CatNose
15481,DogFace
15482,CatMouth
15483,CatMouth
15484,CatMouth
15485,CatEye
15486,DogNose
15487,CatNose
15488,DogNose
15489,DogFace
15490,DogEye
15491,CatNose
15492,DogMouth
15493,DogFace
15494,CatMouth
15495,CatNose
15496,CatMouth
15497,DogFace
15498,CatEye
15499,CatNose
15500,CatEye
15501,DogNose
15502,DogNose
15503,DogNose
15504,CatEye
15505,DogMouth
15506,CatNose
15507,CatNose
15508,CatNose
15509,DogEye
15510,DogFace
15511,DogMouth
15512,DogNose
15513,CatEye
15514,CatNose
15515,DogEye
15516,CatFace
15517,DogNose
15518,CatFace
15519,DogFace
15520,DogNose
15521,DogEye
15522,CatEye
15523,DogEye
15524,CatMouth
15525,DogFace
15526,DogNose
15527,DogFace
15528,CatNose
15529,DogEye
15530,CatNose
15531,CatNose
15532,DogMouth
15533,DogEye
15534,DogNose
15535,CatMouth
15536,DogNose
15537,CatNose
15538,CatFace
15539,DogNose
15540,CatMouth
15541,DogFace
15542,CatEye
15543,CatEye
15544,DogNose
15545,CatEye
15546,CatFace
15547,CatFace
15548,CatEye
15549,CatFace
15550,DogMouth
15551,CatMouth
15552,CatFace
15553,CatMouth
15554,DogNose
15555,CatFace
15556,CatEye
15557,CatEye
15558,CatMouth
15559,DogFace
15560,CatEye
15561,DogMouth
15562,DogNose
15563,DogMouth
15564,DogFace
15565,CatFace
15566,CatFace
15567,DogMouth
15568,DogFace
15569,CatMouth
15570,CatEye
15571,CatEye
15572,DogNose
15573,DogFace
15574,CatEye
15575,CatNose
15576,DogEye
15577,DogNose
15578,CatFace
15579,DogEye
15580,CatFace
15581,DogMouth
15582,CatEye
15583,DogEye
15584,CatNose
15585,CatFace
15586,CatMouth
15587,DogFace
15588,CatNose
15589,DogNose
15590,DogEye
15591,CatNose
15592,CatFace
15593,CatFace
15594,DogEye
15595,CatEye
15596,DogFace
15597,DogEye
15598,DogNose
15599,DogFace
15600,DogMouth
15601,CatMouth
15602,DogEye
15603,CatEye
15604,CatEye
15605,CatMouth
15606,DogNose
15607,DogMouth
15608,CatEye
15609,CatMouth
15610,DogNose
15611,CatEye
15612,DogNose
15613,CatMouth
15614,DogEye
15615,CatNose
15616,CatEye
15617,CatEye
15618,DogFace
15619,DogNose
15620,CatNose
15621,CatMouth
15622,CatNose
15623,CatEye
15624,DogEye
15625,DogEye
15626,CatNose
15627,CatFace
15628,DogMouth
15629,CatNose
15630,DogMouth
15631,CatEye
15632,DogNose
15633,CatMouth
15634,CatNose
15635,DogEye
15636,DogMouth
15637,CatMouth
15638,CatFace
15639,DogMouth
15640,CatFace
15641,CatNose
15642,DogMouth
15643,DogEye
15644,CatMouth
15645,CatEye
15646,DogMouth
15647,DogMouth
15648,CatMouth
15649,CatEye
15650,DogEye
15651,CatMouth
15652,DogFace
15653,CatNose
15654,DogEye
15655,CatNose
15656,CatEye
15657,DogNose
15658,CatEye
15659,CatEye
15660,DogEye
15661,CatMouth
15662,CatEye
15663,CatFace
15664,DogNose
15665,CatNose
15666,CatFace
15667,DogEye
15668,DogEye
15669,CatNose
15670,DogEye
15671,CatEye
15672,CatMouth
15673,CatEye
15674,CatEye
15675,CatFace
15676,DogNose
15677,CatEye
15678,CatNose
15679,CatFace
15680,CatEye
15681,DogEye
15682,DogFace
15683,CatNose
15684,CatFace
15685,DogFace
15686,CatEye
15687,CatMouth
15688,CatMouth
15689,CatNose
15690,CatMouth
15691,DogEye
15692,DogFace
15693,CatEye
15694,CatEye
15695,CatEye
15696,CatNose
15697,DogFace
15698,DogFace
15699,CatMouth
15700,DogNose
15701,DogMouth
15702,DogNose
15703,DogMouth
15704,DogFace
15705,CatMouth
15706,DogFace
15707,DogMouth
15708,DogEye
15709,CatNose
15710,DogMouth
15711,DogFace
15712,DogFace
15713,CatFace
15714,CatMouth
15715,CatMouth
15716,DogEye
15717,CatNose
15718,DogFace
15719,DogEye
15720,CatMouth
15721,DogNose
15722,CatMouth
15723,CatMouth
15724,DogEye
15725,DogMouth
15726,CatMouth
15727,CatEye
15728,DogMouth
15729,DogNose
15730,CatMouth
15731,DogEye
15732,DogMouth
15733,CatEye
15734,CatEye
15735,DogFace
15736,CatNose
15737,CatEye
15738,CatFace
15739,CatNose
15740,DogFace
15741,CatMouth
15742,CatFace
15743,DogEye
15744,DogMouth
15745,DogFace
15746,CatMouth
15747,CatNose
15748,DogNose
15749,CatMouth
15750,DogFace
15751,DogNose
15752,DogFace
15753,CatFace
15754,CatMouth
15755,CatFace
15756,CatMouth
15757,CatEye
15758,CatNose
15759,CatMouth
15760,CatEye
15761,CatEye
15762,CatMouth
15763,CatFace
15764,CatNose
15765,CatFace
15766,DogMouth
15767,DogEye
15768,DogEye
15769,DogEye
15770,CatEye
15771,DogEye
15772,CatEye
15773,DogMouth
15774,CatEye
15775,CatMouth
15776,CatMouth
15777,DogMouth
15778,CatNose
15779,DogMouth
15780,CatMouth
15781,CatNose
15782,DogEye
15783,DogEye
15784,DogEye
15785,DogNose
15786,DogMouth
15787,CatMouth
15788,CatEye
15789,CatEye
15790,CatEye
15791,CatNose
15792,DogFace
15793,DogEye
15794,DogEye
15795,DogMouth
15796,CatMouth
15797,DogMouth
15798,DogEye
15799,CatMouth
15800,DogFace
15801,CatMouth
15802,CatMouth
15803,CatMouth
15804,CatEye
15805,CatFace
15806,CatEye
15807,DogFace
15808,CatEye
15809,CatEye
15810,CatEye
15811,DogEye
15812,CatFace
15813,CatNose
15814,DogEye
15815,CatEye
15816,CatNose
15817,CatEye
15818,CatEye
15819,CatMouth
15820,CatFace
15821,DogMouth
15822,DogFace
15823,CatNose
15824,DogFace
15825,DogEye
15826,DogNose
15827,CatFace
15828,CatMouth
15829,CatMouth
15830,DogEye
15831,CatFace
15832,CatNose
15833,DogEye
15834,DogNose
15835,CatEye
15836,DogFace
15837,DogNose
15838,DogNose
15839,CatNose
15840,DogFace
15841,CatEye
15842,DogFace
15843,CatFace
15844,DogEye
15845,CatNose
15846,CatMouth
15847,CatEye
15848,CatEye
15849,CatMouth
15850,CatEye
15851,CatFace
15852,DogNose
15853,DogMouth
15854,CatMouth
15855,CatFace
15856,DogNose
15857,CatEye
15858,DogNose
15859,CatEye
15860,CatMouth
15861,CatEye
15862,CatEye
15863,CatFace
15864,CatNose
15865,CatFace
15866,DogEye
15867,CatFace
15868,CatFace
15869,DogMouth
15870,DogEye
15871,CatNose
15872,DogNose
15873,CatFace
15874,DogEye
15875,DogMouth
15876,DogFace
15877,CatNose
15878,DogEye
15879,CatMouth
15880,DogFace
15881,CatFace
15882,DogFace
15883,DogMouth
15884,DogFace
15885,DogEye
15886,CatMouth
15887,CatNose
15888,DogFace
15889,CatMouth
15890,DogNose
15891,DogFace
15892,DogMouth
15893,DogMouth
15894,DogNose
15895,CatMouth
15896,CatNose
15897,DogFace
15898,CatFace
15899,DogEye
15900,DogMouth
15901,DogNose
15902,DogFace
15903,DogMouth
15904,CatMouth
15905,CatEye
15906,CatEye
15907,DogNose
15908,DogMouth
15909,DogFace
15910,DogFace
15911,CatNose
15912,CatEye
15913,DogFace
15914,DogEye
15915,CatNose
15916,CatFace
15917,DogFace
15918,CatFace
15919,DogEye
15920,DogFace
15921,CatEye
15922,DogNose
15923,DogEye
15924,CatFace
15925,DogNose
15926,DogMouth
15927,DogMouth
15928,DogNose
15929,DogMouth
15930,CatMouth
15931,CatNose
15932,DogNose
15933,DogMouth
15934,CatNose
15935,CatNose
15936,DogNose
15937,CatFace
15938,DogFace
15939,CatFace
15940,CatNose
15941,CatFace
15942,DogEye
15943,DogEye
15944,CatEye
15945,DogEye
15946,CatFace
15947,DogEye
15948,DogEye
15949,CatFace
15950,DogFace
15951,CatFace
15952,CatFace
15953,DogMouth
15954,DogMouth
15955,CatFace
15956,DogEye
15957,CatFace
15958,DogNose
15959,DogEye
15960,DogEye
15961,DogNose
15962,CatEye
15963,DogFace
15964,DogNose
15965,CatEye
15966,CatMouth
15967,CatNose
15968,CatFace
15969,DogNose
15970,DogNose
15971,CatEye
15972,CatNose
15973,DogFace
15974,CatEye
15975,DogNose
15976,CatFace
15977,CatEye
15978,CatEye
15979,CatFace
15980,DogNose
15981,CatNose
15982,CatEye
15983,CatFace
15984,DogEye
15985,DogFace
15986,DogNose
15987,DogFace
15988,DogEye
15989,DogEye
15990,CatFace
15991,CatEye
15992,DogMouth
15993,DogFace
15994,DogFace
15995,CatEye
15996,DogNose
15997,CatFace
15998,CatEye
15999,DogEye
16000,DogNose
16001,DogNose
16002,DogMouth
16003,CatFace
16004,CatEye
16005,CatMouth
16006,CatFace
16007,CatMouth
16008,DogMouth
16009,CatEye
16010,CatMouth
16011,DogNose
16012,CatEye
16013,CatMouth
16014,CatNose
16015,CatNose
16016,CatEye
16017,CatNose
16018,DogMouth
16019,CatNose
16020,DogEye
16021,CatFace
16022,CatMouth
16023,DogMouth
16024,DogMouth
16025,DogFace
16026,CatMouth
16027,CatFace
16028,DogFace
16029,CatFace
16030,CatEye
16031,CatNose
16032,CatFace
16033,CatNose
16034,CatEye
16035,CatFace
16036,DogNose
16037,DogEye
16038,CatEye
16039,CatEye
16040,CatMouth
16041,DogEye
16042,DogNose
16043,CatEye
16044,CatFace
16045,CatNose
16046,CatNose
16047,CatMouth
16048,CatEye
16049,DogEye
16050,DogFace
16051,CatNose
16052,DogFace
16053,DogMouth
16054,CatNose
16055,DogEye
16056,CatNose
16057,CatMouth
16058,DogFace
16059,DogNose
16060,DogEye
16061,DogEye
16062,DogNose
16063,DogNose
16064,CatFace
16065,CatNose
16066,CatEye
16067,CatFace
16068,DogNose
16069,DogEye
16070,DogEye
16071,DogEye
16072,CatEye
16073,DogNose
16074,CatMouth
16075,CatEye
16076,DogFace
16077,DogEye
16078,DogFace
16079,DogFace
16080,CatEye
16081,DogFace
16082,CatMouth
16083,DogNose
16084,CatFace
16085,DogNose
16086,CatEye
16087,DogFace
16088,DogNose
16089,CatNose
16090,DogEye
16091,CatEye
16092,DogEye
16093,DogEye
16094,CatNose
16095,CatEye
16096,CatEye
16097,CatMouth
16098,CatNose
16099,DogFace
16100,CatMouth
16101,CatEye
16102,CatEye
16103,DogEye
16104,CatEye
16105,DogEye
16106,CatNose
16107,CatFace
16108,DogMouth
16109,CatEye
16110,CatFace
16111,DogNose
16112,CatNose
16113,CatMouth
16114,CatMouth
16115,DogNose
16116,CatFace
16117,CatFace
16118,DogMouth
16119,CatEye
16120,DogFace
16121,CatEye
16122,DogMouth
16123,CatFace
16124,DogEye
16125,CatEye
16126,CatMouth
16127,DogEye
16128,DogFace
16129,CatEye
16130,DogFace
16131,DogEye
16132,CatEye
16133,DogFace
16134,CatMouth
16135,DogEye
16136,DogFace
16137,DogEye
16138,CatFace
16139,DogMouth
16140,DogEye
16141,CatMouth
16142,CatNose
16143,CatMouth
16144,CatFace
16145,DogNose
16146,DogNose
16147,CatEye
16148,DogFace
16149,DogEye
16150,DogMouth
16151,CatNose
16152,CatFace
16153,CatNose
16154,DogEye
16155,DogFace
16156,DogNose
16157,DogNose
16158,CatNose
16159,CatMouth
16160,DogEye
16161,DogMouth
16162,DogMouth
16163,CatNose
16164,CatFace
16165,CatNose
16166,CatMouth
16167,CatFace
16168,DogFace
16169,DogNose
16170,DogMouth
16171,CatFace
16172,DogNose
16173,DogFace
16174,CatMouth
16175,CatFace
16176,CatMouth
16177,DogNose
16178,DogEye
16179,CatMouth
16180,DogMouth
16181,DogMouth
16182,DogFace
16183,DogEye
16184,DogMouth
16185,DogEye
16186,CatNose
16187,CatFace
16188,CatEye
16189,CatFace
16190,DogNose
16191,CatMouth
16192,CatFace
16193,CatMouth
16194,CatFace
16195,CatMouth
16196,DogNose
16197,DogNose
16198,CatNose
16199,CatMouth
16200,DogMouth
16201,DogEye
16202,CatMouth
16203,CatEye
16204,DogFace
16205,CatMouth
16206,DogMouth
16207,CatMouth
16208,DogNose
16209,DogMouth
16210,CatEye
16211,DogEye
16212,DogMouth
16213,DogEye
16214,DogNose
16215,CatNose
16216,CatFace
16217,CatNose
16218,DogEye
16219,CatMouth
16220,DogNose
16221,CatNose
16222,DogFace
16223,DogEye
16224,CatNose
16225,CatEye
16226,DogMouth
16227,CatMouth
16228,CatNose
16229,DogEye
16230,DogEye
16231,CatNose
16232,DogFace
16233,DogMouth
16234,DogNose
16235,CatEye
16236,CatMouth
16237,DogFace
16238,CatNose
16239,CatEye
16240,CatEye
16241,DogEye
16242,CatMouth
16243,CatEye
16244,CatFace
16245,DogEye
16246,DogNose
16247,CatNose
16248,CatNose
16249,CatEye
16250,CatMouth
16251,DogNose
16252,CatFace
16253,DogMouth
16254,DogEye
16255,CatMouth
16256,DogEye
16257,CatFace
16258,CatNose
16259,CatMouth
16260,DogEye
16261,DogEye
16262,CatMouth
16263,DogEye
16264,DogEye
16265,CatMouth
16266,CatNose
16267,CatMouth
16268,CatEye
16269,CatEye
16270,CatNose
16271,DogFace
16272,CatEye
16273,DogEye
16274,DogFace
16275,CatFace
16276,DogEye
16277,DogEye
16278,CatNose
16279,CatFace
16280,DogFace
16281,CatFace
16282,DogFace
16283,CatMouth
16284,DogNose
16285,DogNose
16286,DogFace
16287,DogFace
16288,DogEye
16289,DogFace
16290,DogEye
16291,DogFace
16292,DogNose
16293,CatMouth
16294,CatEye
16295,DogFace
16296,DogNose
16297,CatMouth
16298,DogMouth
16299,DogFace
16300,CatFace
16301,DogNose
16302,DogNose
16303,DogEye
16304,CatNose
16305,DogMouth
16306,CatFace
16307,DogEye
16308,CatFace
16309,CatNose
16310,DogMouth
16311,DogMouth
16312,DogEye
16313,CatEye
16314,CatMouth
16315,CatEye
16316,CatEye
16317,CatNose
16318,DogEye
16319,DogMouth
16320,CatMouth
16321,DogFace
16322,CatEye
16323,DogEye
16324,CatNose
16325,DogNose
16326,CatNose
16327,DogFace
16328,CatMouth
16329,CatFace
16330,DogNose
16331,CatEye
16332,DogEye
16333,CatNose
16334,CatFace
16335,CatEye
16336,DogEye
16337,DogNose
16338,DogFace
16339,DogMouth
16340,DogEye
16341,DogEye
16342,CatFace
16343,CatNose
16344,DogNose
16345,DogMouth
16346,DogFace
16347,CatEye
16348,CatFace
16349,DogNose
16350,CatFace
16351,CatFace
16352,CatFace
16353,DogEye
16354,DogMouth
16355,DogMouth
16356,CatNose
16357,DogMouth
16358,DogMouth
16359,CatFace
16360,CatMouth
16361,DogMouth
16362,CatNose
16363,DogNose
16364,DogNose
16365,CatFace
16366,CatFace
16367,DogEye
16368,DogNose
16369,DogEye
16370,DogMouth
16371,CatMouth
16372,DogMouth
16373,CatMouth
16374,DogEye
16375,DogEye
16376,CatEye
16377,CatMouth
16378,CatFace
16379,DogNose
16380,CatMouth
16381,DogMouth
16382,CatNose
16383,CatEye
16384,CatFace
16385,CatFace
16386,CatFace
16387,CatEye
16388,CatMouth
16389,CatEye
16390,DogMouth
16391,CatNose
16392,CatMouth
16393,CatEye
16394,DogFace
16395,CatEye
16396,CatMouth
16397,DogEye
16398,DogMouth
16399,CatMouth
16400,CatEye
16401,CatEye
16402,DogFace
16403,CatEye
16404,CatEye
16405,DogMouth
16406,CatEye
16407,CatMouth
16408,CatFace
16409,DogMouth
16410,DogNose
16411,CatMouth
16412,DogFace
16413,DogEye
16414,CatEye
16415,DogEye
16416,DogFace
16417,CatEye
16418,DogEye
16419,CatEye
16420,CatMouth
16421,CatNose
16422,CatNose
16423,CatNose
16424,CatMouth
16425,CatEye
16426,DogNose
16427,CatNose
16428,DogNose
16429,DogMouth
16430,CatEye
16431,CatEye
16432,DogEye
16433,CatFace
16434,DogEye
16435,CatMouth
16436,CatMouth
16437,DogNose
16438,DogNose
16439,DogEye
16440,DogNose
16441,CatEye
16442,DogFace
16443,DogNose
16444,DogNose
16445,DogEye
16446,CatEye
16447,DogEye
16448,DogFace
16449,CatFace
16450,DogMouth
16451,DogMouth
16452,CatNose
16453,DogNose
16454,DogNose
16455,CatEye
16456,CatMouth
16457,DogMouth
16458,DogMouth
16459,CatMouth
16460,CatNose
16461,CatNose
16462,CatFace
16463,CatMouth
16464,DogMouth
16465,CatFace
16466,DogNose
16467,DogFace
16468,CatFace
16469,CatEye
16470,CatNose
16471,CatFace
16472,CatFace
16473,CatNose
16474,CatMouth
16475,CatFace
16476,DogFace
16477,DogNose
16478,CatEye
16479,DogMouth
16480,CatEye
16481,DogMouth
16482,CatEye
16483,CatEye
16484,DogMouth
16485,DogMouth
16486,CatMouth
16487,DogNose
16488,DogFace
16489,CatEye
16490,DogFace
16491,CatMouth
16492,CatMouth
16493,CatEye
16494,DogMouth
16495,CatMouth
16496,DogNose
16497,DogNose
16498,DogFace
16499,CatMouth
16500,CatFace
16501,DogNose
16502,DogNose
16503,CatNose
16504,DogFace
16505,DogFace
16506,DogMouth
16507,DogNose
16508,CatFace
16509,DogFace
16510,DogMouth
16511,DogNose
16512,DogNose
16513,CatEye
16514,CatMouth
16515,CatMouth
16516,DogFace
16517,CatFace
16518,CatNose
16519,CatNose
16520,CatMouth
16521,DogEye
16522,DogFace
16523,CatMouth
16524,CatNose
16525,DogNose
16526,DogNose
16527,CatFace
16528,DogNose
16529,DogEye
16530,CatFace
16531,CatFace
16532,DogNose
16533,CatFace
16534,CatEye
16535,CatMouth
16536,DogMouth
16537,DogEye
16538,DogNose
16539,DogFace
16540,CatEye
16541,CatMouth
16542,DogEye
16543,CatEye
16544,CatFace
16545,CatEye
16546,CatMouth
16547,DogEye
16548,DogFace
16549,CatMouth
16550,DogEye
16551,DogEye
16552,CatEye
16553,CatNose
16554,DogEye
16555,CatEye
16556,DogNose
16557,CatEye
16558,CatMouth
16559,CatNose
16560,CatMouth
16561,CatEye
16562,CatMouth
16563,DogFace
16564,CatFace
16565,CatMouth
16566,CatEye
16567,DogFace
16568,CatMouth
16569,CatEye
16570,CatFace
16571,CatNose
16572,CatFace
16573,CatEye
16574,DogEye
16575,CatEye
16576,CatMouth
16577,DogFace
16578,DogNose
16579,CatNose
16580,DogEye
16581,CatNose
16582,DogNose
16583,DogEye
16584,DogMouth
16585,DogEye
16586,DogMouth
16587,DogMouth
16588,CatNose
16589,DogFace
16590,DogEye
16591,CatMouth
16592,DogMouth
16593,DogMouth
16594,CatFace
16595,CatEye
16596,DogNose
16597,DogMouth
16598,CatFace
16599,DogMouth
16600,DogFace
16601,DogFace
16602,DogEye
16603,CatNose
16604,CatNose
16605,CatMouth
16606,CatFace
16607,DogEye
16608,CatFace
16609,CatEye
16610,DogMouth
16611,CatNose
16612,DogNose
16613,DogFace
16614,CatFace
16615,DogFace
16616,DogMouth
16617,DogMouth
16618,CatNose
16619,CatEye
16620,CatEye
16621,DogNose
16622,CatNose
16623,DogFace
16624,DogNose
16625,DogNose
16626,CatFace
16627,DogNose
16628,DogFace
16629,DogEye
16630,DogNose
16631,DogMouth
16632,CatFace
16633,DogNose
16634,DogMouth
16635,CatMouth
16636,DogEye
16637,DogFace
16638,CatEye
16639,DogEye
16640,CatNose
16641,DogEye
16642,CatFace
16643,CatFace
16644,CatEye
16645,DogEye
16646,CatEye
16647,DogEye
16648,DogMouth
16649,DogMouth
16650,CatEye
16651,CatMouth
16652,CatEye
16653,CatFace
16654,CatNose
16655,CatMouth
16656,DogEye
16657,DogEye
16658,CatEye
16659,DogFace
16660,DogEye
16661,CatNose
16662,CatMouth
16663,DogMouth
16664,DogMouth
16665,CatEye
16666,CatMouth
16667,CatMouth
16668,DogNose
16669,CatEye
16670,DogEye
16671,DogEye
16672,DogEye
16673,DogMouth
16674,CatFace
16675,CatMouth
16676,DogNose
16677,DogNose
16678,DogEye
16679,DogNose
16680,CatMouth
16681,CatMouth
16682,DogEye
16683,CatFace
16684,CatEye
16685,DogMouth
16686,DogNose
16687,CatMouth
16688,CatNose
16689,CatEye
16690,DogMouth
16691,DogFace
16692,DogFace
16693,CatNose
16694,DogFace
16695,DogMouth
16696,CatEye
16697,DogEye
16698,DogEye
16699,DogNose
16700,CatEye
16701,CatEye
16702,CatMouth
16703,CatNose
16704,CatFace
16705,DogFace
16706,CatFace
16707,CatEye
16708,CatMouth
16709,CatMouth
16710,CatFace
16711,CatEye
16712,CatFace
16713,CatEye
16714,DogFace
16715,DogEye
16716,CatNose
16717,CatEye
16718,DogNose
16719,CatEye
16720,CatEye
16721,DogNose
16722,DogFace
16723,CatFace
16724,DogEye
16725,DogFace
16726,DogMouth
16727,DogFace
16728,DogMouth
16729,DogNose
16730,DogEye
16731,CatNose
16732,DogNose
16733,DogFace
16734,DogMouth
16735,DogMouth
16736,CatEye
16737,DogMouth
16738,CatEye
16739,CatEye
16740,DogEye
16741,CatMouth
16742,CatEye
16743,CatNose
16744,DogNose
16745,CatNose
16746,CatMouth
16747,DogEye
16748,DogNose
16749,DogNose
16750,CatFace
16751,CatFace
16752,CatEye
16753,DogEye
16754,CatNose
16755,CatEye
16756,DogMouth
16757,CatMouth
16758,DogNose
16759,DogMouth
16760,CatMouth
16761,CatMouth
16762,DogMouth
16763,DogMouth
16764,CatMouth
16765,CatMouth
16766,DogFace
16767,DogEye
16768,DogEye
16769,CatMouth
16770,DogEye
16771,DogFace
16772,CatNose
16773,CatNose
16774,DogMouth
16775,DogMouth
16776,CatEye
16777,DogFace
16778,DogMouth
16779,DogFace
16780,DogFace
16781,CatNose
16782,CatFace
16783,CatNose
16784,DogMouth
16785,CatMouth
16786,DogEye
16787,DogEye
16788,CatMouth
16789,CatNose
16790,DogMouth
16791,DogEye
16792,CatFace
16793,DogEye
16794,CatEye
16795,DogNose
16796,DogEye
16797,CatNose
16798,DogFace
16799,CatMouth
16800,CatMouth
16801,CatFace
16802,CatFace
16803,DogEye
16804,CatEye
16805,DogFace
16806,DogEye
16807,DogNose
16808,CatEye
16809,CatNose
16810,DogEye
16811,DogEye
16812,CatEye
16813,DogEye
16814,DogMouth
16815,DogEye
16816,CatEye
16817,CatFace
16818,CatMouth
16819,DogMouth
16820,DogNose
16821,DogFace
16822,CatFace
16823,CatNose
16824,DogEye
16825,CatNose
16826,CatNose
16827,DogEye
16828,DogMouth
16829,CatEye
16830,CatNose
16831,DogMouth
16832,DogFace
16833,CatEye
16834,CatFace
16835,DogNose
16836,DogFace
16837,CatEye
16838,CatMouth
16839,CatNose
16840,CatEye
16841,CatMouth
16842,DogEye
16843,DogEye
16844,DogEye
16845,CatNose
16846,DogMouth
16847,CatFace
16848,DogMouth
16849,DogMouth
16850,CatEye
16851,CatEye
16852,DogEye
16853,CatEye
16854,DogMouth
16855,CatFace
16856,DogFace
16857,CatEye
16858,DogEye
16859,DogEye
16860,CatNose
16861,DogMouth
16862,CatMouth
16863,CatFace
16864,CatEye
16865,DogNose
16866,CatFace
16867,CatNose
16868,DogFace
16869,DogFace
16870,DogFace
16871,CatFace
16872,DogNose
16873,DogMouth
16874,DogNose
16875,CatFace
16876,CatFace
16877,CatNose
16878,DogFace
16879,CatFace
16880,CatEye
16881,CatFace
16882,CatFace
16883,CatNose
16884,DogEye
16885,DogNose
16886,DogMouth
16887,DogFace
16888,CatNose
16889,DogEye
16890,CatEye
16891,CatNose
16892,DogEye
16893,CatEye
16894,DogNose
16895,CatEye
16896,DogEye
16897,DogMouth
16898,DogEye
16899,CatEye
16900,CatEye
16901,DogMouth
16902,CatNose
16903,CatFace
16904,CatNose
16905,CatFace
16906,DogFace
16907,CatMouth
16908,DogEye
16909,CatMouth
16910,CatEye
16911,DogFace
16912,CatEye
16913,CatEye
16914,CatNose
16915,CatMouth
16916,DogNose
16917,CatFace
16918,DogNose
16919,CatFace
16920,DogFace
16921,CatEye
16922,DogEye
16923,DogEye
16924,DogMouth
16925,CatNose
16926,DogNose
16927,DogMouth
16928,CatFace
16929,CatEye
16930,CatEye
16931,DogFace
16932,CatNose
16933,DogNose
16934,CatNose
16935,DogMouth
16936,DogFace
16937,CatFace
16938,CatNose
16939,CatMouth
16940,DogNose
16941,DogNose
16942,DogMouth
16943,DogEye
16944,DogNose
16945,DogFace
16946,DogMouth
16947,DogEye
16948,CatEye
16949,DogFace
16950,DogEye
16951,CatEye
16952,CatEye
16953,CatFace
16954,DogFace
16955,DogNose
16956,DogMouth
16957,CatMouth
16958,DogEye
16959,DogEye
16960,CatMouth
16961,DogMouth
16962,CatMouth
16963,CatEye
16964,CatFace
16965,CatFace
16966,DogMouth
16967,DogMouth
16968,CatNose
16969,DogFace
16970,DogEye
16971,DogMouth
16972,CatNose
16973,DogEye
16974,DogMouth
16975,CatFace
16976,CatNose
16977,DogEye
16978,DogNose
16979,CatFace
16980,DogNose
16981,CatMouth
16982,CatMouth
16983,CatEye
16984,CatFace
16985,CatFace
16986,CatMouth
16987,DogEye
16988,DogNose
16989,DogFace
16990,DogFace
16991,DogNose
16992,DogMouth
16993,CatNose
16994,CatNose
16995,CatEye
16996,DogEye
16997,CatEye
16998,CatMouth
16999,CatFace
17000,DogNose
17001,CatEye
17002,DogEye
17003,DogMouth
17004,CatMouth
17005,DogNose
17006,CatNose
17007,CatNose
17008,DogNose
17009,DogMouth
17010,DogNose
17011,CatFace
17012,DogFace
17013,DogMouth
17014,DogEye
17015,DogNose
17016,CatEye
17017,DogFace
17018,DogNose
17019,CatFace
17020,DogEye
17021,DogMouth
17022,CatEye
17023,DogFace
17024,DogEye
17025,CatEye
17026,CatMouth
17027,CatFace
17028,CatEye
17029,DogNose
17030,DogNose
17031,CatNose
17032,DogNose
17033,CatMouth
17034,DogNose
17035,DogMouth
17036,CatMouth
17037,CatFace
17038,DogEye
17039,DogNose
17040,DogEye
17041,CatFace
17042,DogNose
17043,CatEye
17044,CatFace
17045,CatEye
17046,DogMouth
17047,DogNose
17048,CatMouth
17049,DogEye
17050,DogNose
17051,CatEye
17052,CatMouth
17053,DogMouth
17054,DogEye
17055,DogEye
17056,CatMouth
17057,CatEye
17058,CatEye
17059,CatEye
17060,DogEye
17061,CatEye
17062,CatMouth
17063,CatFace
17064,DogMouth
17065,DogMouth
17066,DogMouth
17067,DogFace
17068,CatFace
17069,DogEye
17070,DogFace
17071,CatMouth
17072,DogFace
17073,CatEye
17074,DogEye
17075,DogEye
17076,CatNose
17077,DogFace
17078,DogEye
17079,CatEye
17080,CatMouth
17081,CatFace
17082,DogFace
17083,CatEye
17084,CatFace
17085,DogMouth
17086,CatMouth
17087,CatEye
17088,DogMouth
17089,DogEye
17090,CatFace
17091,CatFace
17092,CatFace
17093,CatEye
17094,CatNose
17095,CatNose
17096,DogMouth
17097,DogMouth
17098,CatFace
17099,DogFace
17100,CatNose
17101,DogNose
17102,DogMouth
17103,CatFace
17104,DogMouth
17105,DogMouth
17106,DogEye
17107,CatEye
17108,DogEye
17109,DogEye
17110,CatNose
17111,CatEye
17112,CatNose
17113,DogEye
17114,DogEye
17115,CatEye
17116,CatEye
17117,CatMouth
17118,CatEye
17119,CatNose
17120,DogMouth
17121,CatMouth
17122,CatEye
17123,DogFace
17124,DogMouth
17125,CatFace
17126,DogMouth
17127,CatEye
17128,CatNose
17129,CatNose
17130,DogFace
17131,CatMouth
17132,DogFace
17133,CatEye
17134,DogNose
17135,DogMouth
17136,CatEye
17137,DogFace
17138,DogFace
17139,DogFace
17140,CatMouth
17141,CatNose
17142,DogMouth
17143,CatNose
17144,CatNose
17145,DogNose
17146,DogNose
17147,CatEye
17148,DogEye
17149,DogFace
17150,DogEye
17151,CatFace
17152,CatMouth
17153,DogMouth
17154,DogEye
17155,CatFace
17156,CatEye
17157,CatNose
17158,DogMouth
17159,DogMouth
17160,CatFace
17161,CatFace
17162,CatEye
17163,DogNose
17164,CatEye
17165,CatMouth
17166,CatEye
17167,DogMouth
17168,CatNose
17169,DogFace
17170,DogMouth
17171,DogEye
17172,DogFace
17173,DogEye
17174,CatFace
17175,CatNose
17176,CatEye
17177,DogEye
17178,DogFace
17179,DogNose
17180,CatMouth
17181,CatNose
17182,CatFace
17183,DogEye
17184,DogMouth
17185,CatEye
17186,CatNose
17187,CatMouth
17188,CatEye
17189,DogEye
17190,CatMouth
17191,DogMouth
17192,CatMouth
17193,CatFace
17194,DogMouth
17195,DogFace
17196,CatMouth
17197,CatNose
17198,DogNose
17199,CatFace
17200,CatNose
17201,DogEye
17202,DogNose
17203,DogNose
17204,CatFace
17205,DogEye
17206,CatNose
17207,CatFace
17208,CatEye
17209,CatFace
17210,CatNose
17211,CatNose
17212,CatFace
17213,CatEye
17214,DogMouth
17215,CatFace
17216,DogFace
17217,CatMouth
17218,DogEye
17219,CatMouth
17220,DogMouth
17221,CatNose
17222,DogNose
17223,CatMouth
17224,DogFace
17225,CatMouth
17226,CatFace
17227,DogEye
17228,DogNose
17229,CatEye
17230,CatMouth
17231,CatEye
17232,CatFace
17233,CatMouth
17234,DogEye
17235,DogFace
17236,CatFace
17237,CatNose
17238,DogEye
17239,CatEye
17240,DogNose
17241,CatEye
17242,CatMouth
17243,DogEye
17244,DogMouth
17245,DogEye
17246,CatFace
17247,CatNose
17248,DogNose
17249,DogMouth
17250,CatEye
17251,CatEye
17252,CatEye
17253,DogEye
17254,DogFace
17255,CatFace
17256,CatEye
17257,DogMouth
17258,DogMouth
17259,CatNose
17260,DogEye
17261,DogNose
17262,CatEye
17263,CatMouth
17264,CatMouth
17265,DogEye
17266,CatEye
17267,CatNose
17268,CatMouth
17269,DogNose
17270,DogEye
17271,CatFace
17272,DogMouth
17273,CatEye
17274,DogEye
17275,CatFace
17276,DogNose
17277,CatNose
17278,CatMouth
17279,CatEye
17280,DogFace
17281,DogFace
17282,DogEye
17283,DogFace
17284,DogFace
17285,CatMouth
17286,DogEye
17287,CatMouth
17288,CatEye
17289,CatFace
17290,DogMouth
17291,DogMouth
17292,CatEye
17293,CatEye
17294,CatEye
17295,CatMouth
17296,DogMouth
17297,DogNose
17298,CatFace
17299,CatMouth
17300,CatMouth
17301,CatEye
17302,CatMouth
17303,DogEye
17304,DogEye
17305,DogNose
17306,CatNose
17307,DogEye
17308,CatMouth
17309,DogFace
17310,CatEye
17311,DogEye
17312,DogNose
17313,DogNose
17314,CatNose
17315,CatEye
17316,CatNose
17317,DogEye
17318,CatMouth
17319,CatNose
17320,CatEye
17321,DogFace
17322,CatEye
17323,CatEye
17324,CatEye
17325,CatEye
17326,CatMouth
17327,DogMouth
17328,CatFace
17329,DogEye
17330,DogMouth
17331,CatFace
17332,CatEye
17333,DogMouth
17334,CatEye
17335,DogFace
17336,DogEye
17337,DogMouth
17338,DogNose
17339,DogMouth
17340,DogEye
17341,CatFace
17342,DogEye
17343,CatMouth
17344,CatMouth
17345,DogMouth
17346,DogMouth
17347,CatEye
17348,DogFace
17349,CatNose
17350,DogMouth
17351,DogNose
17352,DogFace
17353,DogNose
17354,CatFace
17355,DogEye
17356,DogEye
17357,CatEye
17358,DogEye
17359,DogNose
17360,CatNose
17361,CatNose
17362,DogMouth
17363,CatFace
17364,DogEye
17365,CatEye
17366,CatMouth
17367,DogFace
17368,DogMouth
17369,CatFace
17370,CatEye
17371,DogEye
17372,DogEye
17373,CatFace
17374,DogMouth
17375,DogFace
17376,CatEye
17377,DogMouth
17378,CatEye
17379,DogNose
17380,CatFace
17381,CatFace
17382,DogEye
17383,CatEye
17384,DogEye
17385,DogNose
17386,DogMouth
17387,CatEye
17388,CatMouth
17389,DogEye
17390,CatFace
17391,DogFace
17392,CatFace
17393,DogFace
17394,DogNose
17395,DogMouth
17396,DogNose
17397,DogEye
17398,CatFace
17399,DogEye
17400,DogMouth
17401,CatNose
17402,DogMouth
17403,CatNose
17404,DogFace
17405,DogFace
17406,DogEye
17407,DogEye
17408,CatEye
17409,CatMouth
17410,DogMouth
17411,CatEye
17412,DogFace
17413,DogNose
17414,DogNose
17415,DogFace
17416,DogMouth
17417,DogNose
17418,DogFace
17419,DogFace
17420,DogFace
17421,CatMouth
17422,DogEye
17423,CatNose
17424,DogMouth
17425,CatNose
17426,DogNose
17427,CatMouth
17428,CatEye
17429,CatMouth
17430,CatEye
17431,DogFace
17432,CatEye
17433,DogEye
17434,CatNose
17435,CatMouth
17436,CatNose
17437,DogEye
17438,DogNose
17439,DogNose
17440,CatEye
17441,CatEye
17442,CatNose
17443,DogEye
17444,DogEye
17445,CatEye
17446,CatEye
17447,DogNose
17448,DogEye
17449,CatEye
17450,CatNose
17451,CatMouth
17452,CatNose
17453,DogMouth
17454,CatFace
17455,DogFace
17456,DogMouth
17457,DogMouth
17458,CatFace
17459,CatMouth
17460,DogFace
17461,CatNose
17462,DogFace
17463,CatFace
17464,CatEye
17465,DogNose
17466,DogEye
17467,CatMouth
17468,DogNose
17469,DogFace
17470,CatMouth
17471,CatNose
17472,DogMouth
17473,DogNose
17474,DogEye
17475,DogEye
17476,DogNose
17477,CatEye
17478,DogMouth
17479,CatFace
17480,DogNose
17481,CatMouth
17482,DogEye
17483,CatNose
17484,DogNose
17485,DogNose
17486,DogFace
17487,CatMouth
17488,DogNose
17489,CatEye
17490,CatFace
17491,DogEye
17492,DogEye
17493,DogFace
17494,CatNose
17495,DogFace
17496,DogFace
17497,DogEye
17498,CatEye
17499,CatNose
17500,CatMouth
17501,DogFace
17502,CatEye
17503,CatFace
17504,CatEye
17505,DogEye
17506,CatEye
17507,DogEye
17508,DogMouth
17509,DogFace
17510,DogFace
17511,DogNose
17512,CatNose
17513,CatNose
17514,CatNose
17515,DogNose
17516,DogMouth
17517,DogFace
17518,CatFace
17519,DogNose
17520,DogMouth
17521,CatEye
17522,CatEye
17523,CatNose
17524,DogEye
17525,DogFace
17526,DogNose
17527,CatFace
17528,DogEye
17529,CatEye
17530,CatFace
17531,CatFace
17532,CatEye
17533,DogEye
17534,DogMouth
17535,CatEye
17536,DogEye
17537,DogMouth
17538,DogEye
17539,DogFace
17540,DogFace
17541,CatFace
17542,CatEye
17543,DogFace
17544,CatFace
17545,CatMouth
17546,DogEye
17547,CatMouth
17548,DogMouth
17549,CatNose
17550,CatEye
17551,CatFace
17552,DogEye
17553,DogFace
17554,CatEye
17555,DogMouth
17556,DogFace
17557,CatNose
17558,DogNose
17559,CatMouth
17560,DogFace
17561,DogEye
17562,CatEye
17563,CatFace
17564,DogEye
17565,CatFace
17566,DogEye
17567,CatEye
17568,DogNose
17569,CatMouth
17570,CatMouth
17571,DogMouth
17572,CatNose
17573,CatFace
17574,DogMouth
17575,DogEye
17576,CatMouth
17577,DogEye
17578,DogFace
17579,DogFace
17580,CatMouth
17581,DogFace
17582,CatEye
17583,CatEye
17584,DogMouth
17585,DogEye
17586,DogEye
17587,CatMouth
17588,DogFace
17589,DogNose
17590,DogFace
17591,CatEye
17592,DogFace
17593,CatNose
17594,CatEye
17595,DogEye
17596,DogEye
17597,CatEye
17598,DogFace
17599,CatFace
17600,DogEye
17601,DogNose
17602,CatEye
17603,CatMouth
17604,CatNose
17605,CatMouth
17606,CatEye
17607,CatEye
17608,CatMouth
17609,DogEye
17610,CatEye
17611,CatNose
17612,CatFace
17613,DogEye
17614,DogNose
17615,CatNose
17616,DogFace
17617,CatFace
17618,DogEye
17619,CatEye
17620,CatMouth
17621,CatEye
17622,DogMouth
17623,DogMouth
17624,CatFace
17625,DogMouth
17626,DogMouth
17627,CatFace
17628,DogMouth
17629,DogEye
17630,DogNose
17631,CatMouth
17632,CatEye
17633,CatFace
17634,CatMouth
17635,CatEye
17636,CatEye
17637,DogEye
17638,CatNose
17639,DogEye
17640,CatNose
17641,CatMouth
17642,DogMouth
17643,CatNose
17644,DogNose
17645,CatMouth
17646,DogMouth
17647,CatEye
17648,CatMouth
17649,DogFace
17650,CatEye
17651,CatEye
17652,CatFace
17653,DogMouth
17654,DogFace
17655,DogNose
17656,DogFace
17657,DogNose
17658,CatEye
17659,CatNose
17660,DogEye
17661,DogFace
17662,CatMouth
17663,CatMouth
17664,DogEye
17665,DogEye
17666,DogEye
17667,CatFace
17668,DogNose
17669,DogFace
17670,CatFace
17671,DogMouth
17672,DogNose
17673,DogFace
17674,CatFace
17675,CatEye
17676,DogFace
17677,CatNose
17678,DogNose
17679,CatEye
17680,CatNose
17681,CatEye
17682,CatFace
17683,DogFace
17684,CatNose
17685,CatMouth
17686,DogNose
17687,CatNose
17688,CatEye
17689,DogEye
17690,DogEye
17691,DogMouth
17692,CatEye
17693,CatEye
17694,CatFace
17695,CatMouth
17696,DogFace
17697,CatFace
17698,CatNose
17699,CatNose
17700,CatNose
17701,DogMouth
17702,CatEye
17703,CatMouth
17704,CatEye
17705,DogEye
17706,DogEye
17707,CatMouth
17708,CatMouth
17709,CatMouth
17710,CatMouth
17711,CatEye
17712,DogNose
17713,CatNose
17714,DogEye
17715,DogEye
17716,CatNose
17717,DogEye
17718,CatMouth
17719,DogFace
17720,CatMouth
17721,DogEye
17722,CatEye
17723,DogFace
17724,DogEye
17725,DogMouth
17726,CatNose
17727,DogNose
17728,CatFace
17729,CatMouth
17730,CatNose
17731,DogFace
17732,DogEye
17733,CatNose
17734,DogFace
17735,CatNose
17736,CatEye
17737,CatMouth
17738,CatFace
17739,DogFace
17740,DogFace
17741,CatFace
17742,CatEye
17743,CatFace
17744,DogEye
17745,CatEye
17746,DogEye
17747,DogFace
17748,CatFace
17749,CatNose
17750,DogMouth
17751,DogMouth
17752,DogNose
17753,CatNose
17754,DogFace
17755,DogEye
17756,DogNose
17757,CatMouth
17758,CatEye
17759,CatMouth
17760,CatEye
17761,CatMouth
17762,DogEye
17763,DogNose
17764,CatEye
17765,DogNose
17766,CatNose
17767,CatNose
17768,CatFace
17769,DogFace
17770,CatEye
17771,DogEye
17772,DogEye
17773,DogMouth
17774,DogMouth
17775,DogEye
17776,CatNose
17777,DogEye
17778,CatEye
17779,CatFace
17780,CatNose
17781,DogNose
17782,CatMouth
17783,DogFace
17784,CatMouth
17785,DogNose
17786,CatEye
17787,CatNose
17788,CatEye
17789,DogNose
17790,CatFace
17791,DogEye
17792,CatMouth
17793,CatMouth
17794,CatNose
17795,CatEye
17796,DogMouth
17797,DogMouth
17798,CatFace
17799,CatNose
17800,CatFace
17801,CatFace
17802,DogEye
17803,DogEye
17804,DogMouth
17805,CatFace
17806,DogFace
17807,CatEye
17808,CatMouth
17809,DogEye
17810,CatFace
17811,CatNose
17812,CatEye
17813,DogFace
17814,DogFace
17815,DogFace
17816,DogEye
17817,CatMouth
17818,CatEye
17819,CatNose
17820,DogNose
17821,CatFace
17822,DogNose
17823,CatMouth
17824,CatFace
17825,CatMouth
17826,CatMouth
17827,CatFace
17828,DogMouth
17829,DogFace
17830,CatFace
17831,DogEye
17832,CatEye
17833,CatMouth
17834,CatMouth
17835,DogEye
17836,CatFace
17837,CatNose
17838,CatEye
17839,CatEye
17840,DogFace
17841,CatMouth
17842,DogFace
17843,CatNose
17844,DogEye
17845,DogEye
17846,DogFace
17847,CatEye
17848,DogMouth
17849,DogNose
17850,CatNose
17851,DogMouth
17852,CatMouth
17853,DogNose
17854,CatNose
17855,CatEye
17856,DogMouth
17857,CatFace
17858,DogNose
17859,CatMouth
17860,DogNose
17861,DogMouth
17862,DogEye
17863,CatEye
17864,DogEye
17865,DogFace
17866,CatFace
17867,DogNose
17868,DogMouth
17869,DogMouth
17870,CatEye
17871,DogFace
17872,CatEye
17873,CatNose
17874,CatEye
17875,DogMouth
17876,DogEye
17877,CatNose
17878,CatNose
17879,DogEye
17880,DogFace
17881,DogMouth
17882,CatFace
17883,DogFace
17884,CatEye
17885,CatFace
17886,DogMouth
17887,DogEye
17888,DogEye
17889,DogNose
17890,CatMouth
17891,DogFace
17892,DogEye
17893,CatEye
17894,DogMouth
17895,DogEye
17896,CatFace
17897,CatFace
17898,DogNose
17899,DogNose
17900,CatEye
17901,DogEye
17902,DogFace
17903,DogEye
17904,DogMouth
17905,CatMouth
17906,CatMouth
17907,DogFace
17908,CatMouth
17909,CatNose
17910,CatMouth
17911,DogNose
17912,CatMouth
17913,DogNose
17914,DogFace
17915,DogMouth
17916,CatMouth
17917,DogFace
17918,DogMouth
17919,DogFace
17920,CatEye
17921,CatNose
17922,CatMouth
17923,CatNose
17924,CatMouth
17925,CatFace
17926,CatEye
17927,DogMouth
17928,DogNose
17929,DogNose
17930,CatEye
17931,DogFace
17932,CatMouth
17933,CatFace
17934,DogFace
17935,CatMouth
17936,CatMouth
17937,DogEye
17938,CatNose
17939,CatEye
17940,DogEye
17941,CatFace
17942,DogEye
17943,CatMouth
17944,CatNose
17945,CatEye
17946,DogMouth
17947,CatMouth
17948,CatEye
17949,DogFace
17950,DogMouth
17951,DogFace
17952,DogFace
17953,CatNose
17954,CatNose
17955,CatFace
17956,DogFace
17957,CatEye
17958,DogFace
17959,DogFace
17960,CatNose
17961,DogEye
17962,DogMouth
17963,DogFace
17964,CatFace
17965,CatNose
17966,DogFace
17967,DogEye
17968,CatFace
17969,DogEye
17970,DogFace
17971,CatEye
17972,DogMouth
17973,CatEye
17974,DogMouth
17975,DogEye
17976,DogEye
17977,CatNose
17978,DogNose
17979,DogMouth
17980,CatEye
17981,CatMouth
17982,DogEye
17983,CatEye
17984,DogMouth
17985,DogMouth
17986,DogMouth
17987,DogMouth
17988,CatMouth
17989,DogMouth
17990,CatEye
17991,DogNose
17992,DogFace
17993,DogFace
17994,DogNose
17995,DogFace
17996,DogFace
17997,DogNose
17998,DogNose
17999,DogMouth
18000,DogEye
18001,CatFace
18002,DogNose
18003,DogFace
18004,CatFace
18005,DogEye
18006,CatNose
18007,CatFace
18008,DogFace
18009,CatFace
18010,DogNose
18011,CatEye
18012,DogFace
18013,CatEye
18014,CatEye
18015,CatMouth
18016,CatNose
18017,DogEye
18018,CatNose
18019,CatNose
18020,DogEye
18021,CatMouth
18022,DogEye
18023,DogFace
18024,CatMouth
18025,DogEye
18026,DogMouth
18027,DogMouth
18028,DogFace
18029,CatNose
18030,DogNose
18031,DogEye
18032,CatEye
18033,DogEye
18034,DogMouth
18035,CatNose
18036,CatEye
18037,DogEye
18038,DogMouth
18039,CatNose
18040,DogEye
18041,CatNose
18042,CatMouth
18043,DogNose
18044,DogNose
18045,DogEye
18046,DogNose
18047,CatNose
18048,CatNose
18049,DogMouth
18050,CatEye
18051,CatEye
18052,DogEye
18053,CatNose
18054,CatEye
18055,DogFace
18056,DogMouth
18057,CatFace
18058,DogNose
18059,DogEye
18060,CatEye
18061,CatMouth
18062,CatMouth
18063,DogEye
18064,CatMouth
18065,CatNose
18066,CatFace
18067,CatNose
18068,CatEye
18069,DogMouth
18070,CatFace
18071,DogEye
18072,CatNose
18073,CatNose
18074,CatMouth
18075,DogEye
18076,CatFace
18077,DogFace
18078,CatMouth
18079,CatEye
18080,CatFace
18081,CatFace
18082,CatEye
18083,CatNose
18084,CatNose
18085,CatMouth
18086,CatMouth
18087,CatFace
18088,CatMouth
18089,DogMouth
18090,DogEye
18091,DogNose
18092,CatFace
18093,CatEye
18094,DogEye
18095,CatMouth
18096,DogEye
18097,DogMouth
18098,CatFace
18099,CatEye
18100,CatEye
18101,DogNose
18102,DogEye
18103,DogMouth
18104,CatMouth
18105,DogNose
18106,CatNose
18107,CatEye
18108,CatNose
18109,CatNose
18110,CatEye
18111,CatMouth
18112,DogNose
18113,CatNose
18114,CatEye
18115,CatMouth
18116,DogEye
18117,CatFace
18118,DogEye
18119,CatNose
18120,CatEye
18121,CatFace
18122,CatMouth
18123,CatNose
18124,CatNose
18125,CatMouth
18126,DogFace
18127,DogEye
18128,DogMouth
18129,DogNose
18130,CatNose
18131,DogEye
18132,CatNose
18133,CatFace
18134,DogEye
18135,CatMouth
18136,DogNose
18137,DogEye
18138,DogFace
18139,CatNose
18140,CatNose
18141,CatMouth
18142,CatFace
18143,CatEye
18144,CatEye
18145,DogEye
18146,CatNose
18147,DogMouth
18148,CatNose
18149,DogNose
18150,CatEye
18151,DogFace
18152,DogEye
18153,CatEye
18154,DogEye
18155,CatEye
18156,CatMouth
18157,DogFace
18158,CatFace
18159,CatEye
18160,CatFace
18161,DogEye
18162,DogNose
18163,DogFace
18164,CatNose
18165,CatEye
18166,DogNose
18167,DogFace
18168,CatMouth
18169,CatEye
18170,DogMouth
18171,CatEye
18172,DogFace
18173,DogFace
18174,CatFace
18175,CatMouth
18176,CatMouth
18177,CatEye
18178,CatMouth
18179,DogMouth
18180,CatNose
18181,CatNose
18182,CatNose
18183,CatMouth
18184,CatMouth
18185,DogFace
18186,CatNose
18187,CatMouth
18188,CatEye
18189,CatFace
18190,CatFace
18191,DogFace
18192,DogFace
18193,CatFace
18194,CatMouth
18195,DogEye
18196,DogEye
18197,DogMouth
18198,CatNose
18199,CatEye
18200,DogEye
18201,CatEye
18202,DogFace
18203,DogEye
18204,CatEye
18205,CatFace
18206,CatMouth
18207,DogNose
18208,DogEye
18209,DogEye
18210,DogFace
18211,CatFace
18212,CatMouth
18213,CatNose
18214,CatEye
18215,CatEye
18216,DogEye
18217,CatEye
18218,CatNose
18219,CatNose
18220,CatMouth
18221,CatFace
18222,CatMouth
18223,DogEye
18224,CatFace
18225,DogMouth
18226,DogNose
18227,DogMouth
18228,DogMouth
18229,DogEye
18230,CatMouth
18231,DogFace
18232,DogFace
18233,DogEye
18234,CatNose
18235,CatMouth
18236,DogEye
18237,CatFace
18238,DogMouth
18239,CatMouth
18240,CatMouth
18241,CatEye
18242,CatNose
18243,DogFace
18244,CatFace
18245,DogNose
18246,DogNose
18247,DogNose
18248,CatMouth
18249,DogEye
18250,CatFace
18251,DogFace
18252,CatFace
18253,CatFace
18254,CatEye
18255,CatNose
18256,CatNose
18257,DogFace
18258,CatNose
18259,DogNose
18260,CatNose
18261,DogFace
18262,CatMouth
18263,DogEye
18264,CatEye
18265,DogEye
18266,CatFace
18267,DogNose
18268,DogNose
18269,CatFace
18270,DogMouth
18271,CatFace
18272,DogMouth
18273,CatFace
18274,CatEye
18275,CatFace
18276,CatEye
18277,DogNose
18278,CatEye
18279,DogMouth
18280,CatNose
18281,DogFace
18282,CatEye
18283,CatEye
18284,CatMouth
18285,DogFace
18286,CatEye
18287,DogEye
18288,CatEye
18289,DogNose
18290,CatFace
18291,DogEye
18292,DogMouth
18293,DogEye
18294,CatEye
18295,DogEye
18296,CatMouth
18297,CatNose
18298,CatMouth
18299,CatNose
18300,CatEye
18301,CatMouth
18302,CatNose
18303,CatNose
18304,DogNose
18305,CatMouth
18306,CatMouth
18307,CatEye
18308,DogNose
18309,DogEye
18310,DogFace
18311,CatEye
18312,CatNose
18313,CatNose
18314,DogEye
18315,DogEye
18316,DogEye
18317,CatEye
18318,CatMouth
18319,CatNose
18320,DogMouth
18321,DogNose
18322,CatEye
18323,DogMouth
18324,CatMouth
18325,DogMouth
18326,DogMouth
18327,DogEye
18328,CatEye
18329,CatEye
18330,DogMouth
18331,DogNose
18332,DogEye
18333,DogNose
18334,DogFace
18335,CatNose
18336,DogMouth
18337,CatEye
18338,CatFace
18339,DogFace
18340,DogFace
18341,DogFace
18342,CatMouth
18343,DogMouth
18344,CatMouth
18345,CatFace
18346,DogEye
18347,CatFace
18348,CatNose
18349,CatNose
18350,DogEye
18351,CatFace
18352,DogEye
18353,CatMouth
18354,CatNose
18355,CatMouth
18356,DogFace
18357,CatEye
18358,DogEye
18359,DogEye
18360,DogNose
18361,DogMouth
18362,DogNose
18363,CatMouth
18364,DogFace
18365,DogFace
18366,CatNose
18367,CatFace
18368,DogEye
18369,CatFace
18370,DogMouth
18371,CatFace
18372,CatFace
18373,CatMouth
18374,CatFace
18375,CatNose
18376,CatFace
18377,CatEye
18378,CatNose
18379,DogMouth
18380,CatMouth
18381,CatMouth
18382,CatEye
18383,DogEye
18384,DogEye
18385,CatFace
18386,CatEye
18387,CatMouth
18388,CatEye
18389,DogEye
18390,CatFace
18391,CatFace
18392,CatFace
18393,DogFace
18394,DogNose
18395,CatNose
18396,CatNose
18397,CatFace
18398,DogNose
18399,DogEye
18400,DogEye
18401,CatMouth
18402,DogMouth
18403,CatNose
18404,CatFace
18405,DogEye
18406,DogFace
18407,CatFace
18408,DogEye
18409,DogNose
18410,DogFace
18411,CatEye
18412,DogEye
18413,CatMouth
18414,DogNose
18415,CatMouth
18416,DogEye
18417,CatEye
18418,CatMouth
18419,CatMouth
18420,DogEye
18421,CatFace
18422,DogEye
18423,CatFace
18424,DogNose
18425,CatEye
18426,CatNose
18427,DogEye
18428,CatNose
18429,CatMouth
18430,CatEye
18431,CatEye
18432,DogFace
18433,CatNose
18434,DogEye
18435,CatEye
18436,DogEye
18437,CatNose
18438,CatNose
18439,DogEye
18440,CatEye
18441,DogMouth
18442,CatEye
18443,CatFace
18444,DogEye
18445,CatFace
18446,CatNose
18447,DogNose
18448,DogMouth
18449,DogEye
18450,CatNose
18451,DogEye
18452,DogEye
18453,DogNose
18454,DogEye
18455,CatFace
18456,DogEye
18457,DogNose
18458,CatFace
18459,DogFace
18460,DogMouth
18461,DogMouth
18462,DogNose
18463,DogMouth
18464,DogNose
18465,DogEye
18466,DogNose
18467,DogFace
18468,DogFace
18469,DogEye
18470,CatMouth
18471,DogEye
18472,DogMouth
18473,CatFace
18474,CatEye
18475,CatFace
18476,CatEye
18477,DogMouth
18478,CatEye
18479,DogNose
18480,CatEye
18481,CatNose
18482,CatFace
18483,CatFace
18484,DogFace
18485,DogEye
18486,CatEye
18487,DogNose
18488,DogNose
18489,DogNose
18490,DogMouth
18491,CatNose
18492,CatMouth
18493,CatFace
18494,CatEye
18495,DogFace
18496,DogFace
18497,DogFace
18498,CatEye
18499,CatEye
18500,CatFace
18501,DogNose
18502,CatFace
18503,DogNose
18504,DogFace
18505,CatNose
18506,CatEye
18507,CatFace
18508,DogNose
18509,CatFace
18510,DogEye
18511,CatEye
18512,DogEye
18513,DogEye
18514,CatMouth
18515,DogNose
18516,DogMouth
18517,CatEye
18518,CatEye
18519,DogEye
18520,DogEye
18521,DogEye
18522,CatMouth
18523,DogEye
18524,CatNose
18525,CatEye
18526,CatMouth
18527,CatMouth
18528,DogEye
18529,DogEye
18530,DogNose
18531,CatNose
18532,CatNose
18533,CatNose
18534,CatEye
18535,CatFace
18536,CatNose
18537,CatEye
18538,DogNose
18539,DogEye
18540,CatNose
18541,DogMouth
18542,DogFace
18543,DogNose
18544,CatEye
18545,CatNose
18546,DogNose
18547,DogFace
18548,CatEye
18549,CatNose
18550,CatMouth
18551,DogNose
18552,CatEye
18553,DogFace
18554,CatNose
18555,CatFace
18556,DogNose
18557,DogMouth
18558,CatMouth
18559,CatMouth
18560,CatMouth
18561,CatNose
18562,CatFace
18563,CatMouth
18564,CatFace
18565,CatEye
18566,DogEye
18567,CatMouth
18568,DogFace
18569,CatFace
18570,DogFace
18571,DogNose
18572,CatNose
18573,CatEye
18574,DogFace
18575,DogMouth
18576,DogEye
18577,CatEye
18578,CatNose
18579,DogMouth
18580,DogFace
18581,CatMouth
18582,CatFace
18583,DogNose
18584,CatMouth
18585,CatNose
18586,CatEye
18587,CatEye
18588,DogFace
18589,DogEye
18590,CatFace
18591,DogMouth
18592,CatMouth
18593,CatNose
18594,CatEye
18595,CatMouth
18596,CatMouth
18597,CatFace
18598,CatEye
18599,CatMouth
18600,DogNose
18601,CatFace
18602,CatEye
18603,DogFace
18604,CatMouth
18605,DogMouth
18606,DogFace
18607,CatNose
18608,CatMouth
18609,DogMouth
18610,DogMouth
18611,CatMouth
18612,CatMouth
18613,CatFace
18614,DogNose
18615,CatFace
18616,CatNose
18617,CatMouth
18618,CatNose
18619,DogFace
18620,DogMouth
18621,DogEye
18622,DogEye
18623,DogEye
18624,DogNose
18625,CatEye
18626,DogNose
18627,DogNose
18628,CatNose
18629,DogMouth
18630,DogEye
18631,DogFace
18632,DogNose
18633,DogNose
18634,DogNose
18635,DogFace
18636,CatFace
18637,DogNose
18638,CatMouth
18639,DogMouth
18640,CatNose
18641,CatFace
18642,CatEye
18643,CatMouth
18644,DogMouth
18645,CatEye
18646,DogFace
18647,DogFace
18648,DogFace
18649,DogMouth
18650,CatMouth
18651,CatEye
18652,CatMouth
18653,CatEye
18654,DogNose
18655,DogMouth
18656,DogFace
18657,DogFace
18658,CatMouth
18659,CatEye
18660,DogFace
18661,CatNose
18662,CatNose
18663,CatMouth
18664,CatFace
18665,DogMouth
18666,DogNose
18667,CatNose
18668,CatMouth
18669,CatEye
18670,DogEye
18671,CatMouth
18672,CatEye
18673,DogFace
18674,DogNose
18675,CatMouth
18676,DogNose
18677,CatEye
18678,DogEye
18679,DogMouth
18680,CatEye
18681,CatMouth
18682,CatFace
18683,CatEye
18684,CatFace
18685,DogMouth
18686,CatNose
18687,DogEye
18688,CatMouth
18689,CatEye
18690,CatNose
18691,CatNose
18692,DogEye
18693,CatMouth
18694,CatMouth
18695,DogMouth
18696,CatEye
18697,CatNose
18698,CatMouth
18699,DogMouth
18700,CatEye
18701,CatEye
18702,CatFace
18703,CatEye
18704,CatEye
18705,CatNose
18706,CatNose
18707,CatMouth
18708,DogFace
18709,CatMouth
18710,DogNose
18711,DogEye
18712,DogMouth
18713,DogMouth
18714,CatFace
18715,DogFace
18716,CatFace
18717,DogMouth
18718,CatNose
18719,DogFace
18720,DogEye
18721,CatFace
18722,DogNose
18723,CatFace
18724,CatFace
18725,CatNose
18726,DogNose
18727,CatEye
18728,CatMouth
18729,CatNose
18730,DogEye
18731,DogEye
18732,DogMouth
18733,CatEye
18734,DogFace
18735,DogFace
18736,CatEye
18737,DogEye
18738,DogNose
18739,CatEye
18740,DogEye
18741,CatEye
18742,CatNose
18743,CatMouth
18744,CatNose
18745,DogEye
18746,DogEye
18747,DogEye
18748,CatEye
18749,DogNose
18750,DogEye
18751,DogFace
18752,DogEye
18753,CatFace
18754,DogNose
18755,DogMouth
18756,CatEye
18757,CatEye
18758,DogFace
18759,DogEye
18760,CatFace
18761,DogNose
18762,CatFace
18763,DogMouth
18764,CatNose
18765,CatFace
18766,DogNose
18767,CatFace
18768,CatMouth
18769,DogNose
18770,DogEye
18771,CatFace
18772,CatNose
18773,DogMouth
18774,DogEye
18775,CatMouth
18776,DogEye
18777,CatMouth
18778,DogMouth
18779,CatNose
18780,CatNose
18781,DogEye
18782,DogMouth
18783,CatMouth
18784,CatNose
18785,DogFace
18786,DogEye
18787,CatEye
18788,DogFace
18789,CatEye
18790,DogEye
18791,CatEye
18792,CatNose
18793,CatMouth
18794,DogNose
18795,CatEye
18796,CatFace
18797,CatFace
18798,DogFace
18799,CatFace
18800,DogEye
18801,DogEye
18802,DogNose
18803,DogFace
18804,DogNose
18805,CatEye
18806,CatFace
18807,CatFace
18808,CatFace
18809,DogEye
18810,DogMouth
18811,DogEye
18812,CatNose
18813,CatMouth
18814,CatFace
18815,CatNose
18816,DogMouth
18817,DogEye
18818,DogNose
18819,DogNose
18820,DogMouth
18821,DogEye
18822,CatNose
18823,DogNose
18824,CatNose
18825,CatEye
18826,DogFace
18827,CatMouth
18828,CatEye
18829,CatEye
18830,CatFace
18831,DogMouth
18832,DogEye
18833,DogFace
18834,CatEye
18835,DogNose
18836,CatEye
18837,DogFace
18838,DogEye
18839,DogMouth
18840,CatNose
18841,DogEye
18842,DogMouth
18843,DogFace
18844,DogFace
18845,CatMouth
18846,CatEye
18847,DogEye
18848,CatNose
18849,DogNose
18850,CatEye
18851,DogMouth
18852,DogEye
18853,DogNose
18854,CatMouth
18855,CatEye
18856,CatEye
18857,DogNose
18858,DogEye
18859,CatEye
18860,DogNose
18861,DogNose
18862,DogEye
18863,CatEye
18864,CatMouth
18865,CatMouth
18866,CatMouth
18867,CatEye
18868,CatEye
18869,DogMouth
18870,CatMouth
18871,CatEye
18872,CatEye
18873,DogNose
18874,CatEye
18875,DogMouth
18876,DogEye
18877,DogMouth
18878,DogFace
18879,CatMouth
18880,CatEye
18881,DogNose
18882,CatNose
18883,DogFace
18884,CatFace
18885,DogEye
18886,DogEye
18887,CatEye
18888,DogNose
18889,CatEye
18890,DogFace
18891,CatMouth
18892,DogEye
18893,CatEye
18894,CatEye
18895,CatFace
18896,DogEye
18897,CatMouth
18898,DogFace
18899,CatMouth
18900,CatFace
18901,DogNose
18902,DogNose
18903,CatNose
18904,DogMouth
18905,CatEye
18906,CatEye
18907,DogMouth
18908,DogEye
18909,DogEye
18910,DogNose
18911,DogEye
18912,CatEye
18913,CatFace
18914,DogNose
18915,CatMouth
18916,DogFace
18917,CatEye
18918,DogFace
18919,DogMouth
18920,CatNose
18921,DogNose
18922,CatFace
18923,CatEye
18924,DogEye
18925,CatMouth
18926,CatMouth
18927,CatMouth
18928,CatMouth
18929,DogNose
18930,CatEye
18931,DogMouth
18932,CatFace
18933,DogEye
18934,CatMouth
18935,CatFace
18936,DogEye
18937,CatEye
18938,DogNose
18939,DogNose
18940,DogMouth
18941,DogEye
18942,DogEye
18943,CatFace
18944,DogEye
18945,DogMouth
18946,CatNose
18947,CatEye
18948,DogMouth
18949,CatMouth
18950,CatMouth
18951,DogFace
18952,DogNose
18953,DogNose
18954,DogNose
18955,CatFace
18956,DogMouth
18957,CatEye
18958,DogNose
18959,CatNose
18960,DogMouth
18961,DogNose
18962,DogFace
18963,CatEye
18964,DogEye
18965,CatMouth
18966,DogEye
18967,CatMouth
18968,DogFace
18969,DogFace
18970,CatFace
18971,CatEye
18972,DogMouth
18973,DogEye
18974,DogFace
18975,CatEye
18976,CatEye
18977,DogNose
18978,DogEye
18979,DogNose
18980,CatEye
18981,CatMouth
18982,DogEye
18983,DogEye
18984,CatNose
18985,DogMouth
18986,CatEye
18987,DogNose
18988,DogEye
18989,DogNose
18990,CatEye
18991,DogMouth
18992,DogFace
18993,CatEye
18994,CatEye
18995,CatNose
18996,CatEye
18997,CatEye
18998,DogEye
18999,CatMouth
19000,DogEye
19001,CatNose
19002,DogNose
19003,DogEye
19004,DogMouth
19005,CatNose
19006,CatNose
19007,CatEye
19008,DogMouth
19009,DogNose
19010,CatEye
19011,DogMouth
19012,CatEye
19013,CatEye
19014,DogNose
19015,CatMouth
19016,DogMouth
19017,CatEye
19018,CatMouth
19019,CatMouth
19020,CatNose
19021,CatEye
19022,CatNose
19023,CatFace
19024,CatEye
19025,CatEye
19026,DogMouth
19027,CatMouth
19028,CatEye
19029,DogFace
19030,DogEye
19031,DogEye
19032,DogEye
19033,DogEye
19034,DogMouth
19035,CatNose
19036,DogFace
19037,DogEye
19038,CatEye
19039,CatEye
19040,DogFace
19041,CatFace
19042,CatFace
19043,DogEye
19044,CatEye
19045,CatFace
19046,CatFace
19047,DogEye
19048,DogEye
19049,CatMouth
19050,DogNose
19051,CatFace
19052,CatNose
19053,CatEye
19054,CatMouth
19055,DogNose
19056,DogEye
19057,DogMouth
19058,DogNose
19059,DogFace
19060,CatEye
19061,CatEye
19062,DogMouth
19063,CatEye
19064,DogFace
19065,CatEye
19066,CatFace
19067,DogNose
19068,DogNose
19069,CatFace
19070,DogFace
19071,DogEye
19072,DogEye
19073,CatEye
19074,CatEye
19075,DogMouth
19076,CatFace
19077,DogMouth
19078,DogFace
19079,DogFace
19080,CatFace
19081,DogNose
19082,CatEye
19083,CatFace
19084,DogEye
19085,CatEye
19086,DogNose
19087,CatEye
19088,DogFace
19089,CatEye
19090,DogMouth
19091,CatEye
19092,DogNose
19093,CatFace
19094,DogMouth
19095,CatFace
19096,DogMouth
19097,CatFace
19098,CatEye
19099,CatFace
19100,DogNose
19101,DogEye
19102,DogMouth
19103,CatFace
19104,DogEye
19105,CatFace
19106,DogEye
19107,DogEye
19108,CatNose
19109,CatMouth
19110,DogFace
19111,CatEye
19112,DogEye
19113,DogNose
19114,DogNose
19115,CatEye
19116,CatMouth
19117,CatMouth
19118,DogNose
19119,CatNose
19120,CatNose
19121,CatNose
19122,CatFace
19123,CatMouth
19124,CatEye
19125,CatEye
19126,DogEye
19127,CatMouth
19128,DogNose
19129,CatFace
19130,DogNose
19131,DogEye
19132,DogMouth
19133,DogEye
19134,CatFace
19135,DogFace
19136,CatMouth
19137,DogFace
19138,CatMouth
19139,DogMouth
19140,CatEye
19141,CatNose
19142,CatNose
19143,CatFace
19144,CatEye
19145,CatEye
19146,CatFace
19147,CatEye
19148,DogNose
19149,CatMouth
19150,DogFace
19151,DogFace
19152,CatNose
19153,CatFace
19154,DogFace
19155,CatFace
19156,DogFace
19157,DogFace
19158,DogEye
19159,CatFace
19160,DogMouth
19161,CatMouth
19162,DogMouth
19163,CatFace
19164,CatNose
19165,DogFace
19166,DogNose
19167,DogNose
19168,CatFace
19169,CatFace
19170,CatEye
19171,DogEye
19172,DogFace
19173,DogEye
19174,DogEye
19175,CatEye
19176,DogNose
19177,DogMouth
19178,CatNose
19179,DogEye
19180,CatEye
19181,DogNose
19182,DogEye
19183,CatFace
19184,CatFace
19185,CatMouth
19186,DogMouth
19187,CatFace
19188,CatFace
19189,DogNose
19190,CatNose
19191,CatFace
19192,DogNose
19193,DogFace
19194,DogFace
19195,DogFace
19196,CatEye
19197,CatFace
19198,DogEye
19199,CatEye
19200,CatFace
19201,CatEye
19202,DogEye
19203,DogMouth
19204,CatMouth
19205,CatNose
19206,CatNose
19207,DogMouth
19208,DogMouth
19209,DogFace
19210,CatEye
19211,DogMouth
19212,CatEye
19213,DogEye
19214,DogEye
19215,DogMouth
19216,DogEye
19217,CatFace
19218,CatMouth
19219,CatEye
19220,DogMouth
19221,CatEye
19222,CatFace
19223,CatMouth
19224,CatEye
19225,DogEye
19226,CatEye
19227,CatEye
19228,DogMouth
19229,CatMouth
19230,DogNose
19231,CatEye
19232,DogMouth
19233,CatMouth
19234,DogFace
19235,CatMouth
19236,CatFace
19237,CatFace
19238,CatFace
19239,CatMouth
19240,DogMouth
19241,CatNose
19242,DogEye
19243,CatFace
19244,DogFace
19245,CatFace
19246,CatNose
19247,DogNose
19248,CatEye
19249,DogNose
19250,DogFace
19251,DogEye
19252,CatFace
19253,CatMouth
19254,CatFace
19255,DogNose
19256,DogFace
19257,DogFace
19258,DogFace
19259,CatNose
19260,CatMouth
19261,DogFace
19262,CatEye
19263,CatNose
19264,CatEye
19265,CatFace
19266,DogNose
19267,CatEye
19268,CatEye
19269,CatFace
19270,DogMouth
19271,CatFace
19272,CatEye
19273,CatMouth
19274,DogFace
19275,DogEye
19276,CatFace
19277,CatNose
19278,DogNose
19279,CatEye
19280,DogNose
19281,DogEye
19282,DogMouth
19283,DogEye
19284,DogMouth
19285,CatNose
19286,DogFace
19287,CatEye
19288,CatFace
19289,DogEye
19290,DogFace
19291,CatFace
19292,CatEye
19293,DogNose
19294,CatEye
19295,CatEye
19296,DogFace
19297,DogFace
19298,CatNose
19299,CatNose
19300,CatMouth
19301,CatNose
19302,CatFace
19303,DogMouth
19304,CatEye
19305,CatNose
19306,DogNose
19307,DogNose
19308,DogEye
19309,DogFace
19310,DogEye
19311,DogFace
19312,DogEye
19313,CatNose
19314,DogEye
19315,CatFace
19316,DogNose
19317,CatNose
19318,DogMouth
19319,DogMouth
19320,DogMouth
19321,CatFace
19322,CatMouth
19323,CatMouth
19324,DogMouth
19325,CatNose
19326,CatMouth
19327,CatNose
19328,CatNose
19329,DogEye
19330,CatEye
19331,CatFace
19332,CatFace
19333,CatNose
19334,CatFace
19335,CatFace
19336,CatFace
19337,CatNose
19338,DogFace
19339,CatEye
19340,CatNose
19341,CatFace
19342,DogMouth
19343,CatMouth
19344,DogEye
19345,DogEye
19346,DogNose
19347,CatEye
19348,DogEye
19349,CatEye
19350,CatEye
19351,CatEye
19352,DogNose
19353,CatEye
19354,CatMouth
19355,DogMouth
19356,DogEye
19357,DogMouth
19358,DogEye
19359,DogNose
19360,DogNose
19361,DogNose
19362,CatNose
19363,DogNose
19364,CatEye
19365,CatFace
19366,CatNose
19367,CatEye
19368,CatFace
19369,CatMouth
19370,CatMouth
19371,DogEye
19372,DogFace
19373,DogMouth
19374,DogNose
19375,CatNose
19376,CatEye
19377,CatFace
19378,DogFace
19379,DogFace
19380,DogNose
19381,CatEye
19382,DogEye
19383,DogEye
19384,DogMouth
19385,DogNose
19386,DogEye
19387,DogEye
19388,CatMouth
19389,CatEye
19390,DogEye
19391,CatNose
19392,CatEye
19393,CatNose
19394,DogMouth
19395,CatMouth
19396,CatMouth
19397,DogNose
19398,CatNose
19399,DogEye
19400,DogNose
19401,CatMouth
19402,CatMouth
19403,DogFace
19404,DogNose
19405,CatEye
19406,DogNose
19407,CatEye
19408,CatNose
19409,DogNose
19410,DogEye
19411,CatMouth
19412,DogNose
19413,DogFace
19414,DogEye
19415,CatMouth
19416,DogMouth
19417,DogEye
19418,CatFace
19419,CatFace
19420,DogNose
19421,DogMouth
19422,CatNose
19423,DogFace
19424,DogFace
19425,DogFace
19426,CatFace
19427,DogEye
19428,DogFace
19429,CatEye
19430,DogNose
19431,CatNose
19432,DogFace
19433,CatMouth
19434,CatFace
19435,DogFace
19436,DogFace
19437,CatEye
19438,DogEye
19439,DogEye
19440,CatFace
19441,DogNose
19442,DogFace
19443,CatEye
19444,CatNose
19445,CatMouth
19446,CatNose
19447,DogNose
19448,DogNose
19449,CatMouth
19450,CatNose
19451,DogMouth
19452,DogNose
19453,CatNose
19454,DogNose
19455,DogNose
19456,CatFace
19457,DogNose
19458,DogNose
19459,DogEye
19460,DogEye
19461,CatEye
19462,DogMouth
19463,CatEye
19464,CatEye
19465,DogEye
19466,DogNose
19467,CatNose
19468,DogNose
19469,DogFace
19470,CatNose
19471,DogFace
19472,DogMouth
19473,CatNose
19474,CatEye
19475,DogEye
19476,CatFace
19477,CatEye
19478,CatFace
19479,CatNose
19480,CatMouth
19481,DogMouth
19482,CatMouth
19483,CatMouth
19484,DogNose
19485,CatEye
19486,CatMouth
19487,CatFace
19488,DogMouth
19489,CatMouth
19490,CatFace
19491,CatFace
19492,DogNose
19493,CatEye
19494,CatMouth
19495,CatMouth
19496,DogNose
19497,CatFace
19498,DogEye
19499,CatNose
19500,DogNose
19501,DogMouth
19502,CatMouth
19503,DogNose
19504,DogNose
19505,CatEye
19506,DogFace
19507,CatMouth
19508,CatFace
19509,CatFace
19510,DogEye
19511,DogMouth
19512,CatFace
19513,CatMouth
19514,CatEye
19515,CatMouth
19516,DogNose
19517,DogNose
19518,DogEye
19519,DogEye
19520,DogEye
19521,DogFace
19522,CatFace
19523,DogFace
19524,CatMouth
19525,DogMouth
19526,CatEye
19527,CatNose
19528,CatMouth
19529,DogEye
19530,CatEye
19531,DogEye
19532,DogFace
19533,CatNose
19534,CatEye
19535,CatFace
19536,CatFace
19537,CatMouth
19538,DogNose
19539,CatEye
19540,CatMouth
19541,DogEye
19542,DogEye
19543,CatFace
19544,CatNose
19545,CatEye
19546,DogFace
19547,CatFace
19548,CatMouth
19549,DogMouth
19550,DogNose
19551,CatEye
19552,CatNose
19553,DogMouth
19554,DogNose
19555,DogFace
19556,CatNose
19557,CatFace
19558,CatFace
19559,DogFace
19560,DogFace
19561,CatFace
19562,DogMouth
19563,CatEye
19564,DogMouth
19565,DogNose
19566,CatFace
19567,CatFace
19568,DogFace
19569,CatNose
19570,CatFace
19571,DogMouth
19572,CatEye
19573,DogEye
19574,CatEye
19575,DogFace
19576,CatMouth
19577,CatEye
19578,CatEye
19579,CatFace
19580,DogEye
19581,DogFace
19582,CatNose
19583,DogMouth
19584,CatFace
19585,DogNose
19586,CatFace
19587,DogFace
19588,DogEye
19589,CatMouth
19590,CatEye
19591,DogEye
19592,DogNose
19593,CatEye
19594,DogNose
19595,DogFace
19596,CatNose
19597,CatFace
19598,DogEye
19599,DogEye
19600,CatEye
19601,DogMouth
19602,DogNose
19603,DogMouth
19604,DogNose
19605,CatFace
19606,DogFace
19607,CatEye
19608,DogMouth
19609,DogEye
19610,DogFace
19611,DogMouth
19612,CatMouth
19613,DogNose
19614,DogNose
19615,DogEye
19616,CatNose
19617,CatFace
19618,CatNose
19619,DogEye
19620,DogNose
19621,DogEye
19622,CatMouth
19623,DogMouth
19624,CatMouth
19625,DogFace
19626,DogFace
19627,CatFace
19628,CatMouth
19629,CatMouth
19630,DogEye
19631,DogMouth
19632,CatEye
19633,DogFace
19634,DogEye
19635,CatEye
19636,CatFace
19637,CatMouth
19638,DogFace
19639,CatFace
19640,CatMouth
19641,DogEye
19642,DogEye
19643,DogEye
19644,CatNose
19645,DogNose
19646,DogFace
19647,CatNose
19648,CatEye
19649,DogEye
19650,CatFace
19651,DogFace
19652,DogMouth
19653,DogEye
19654,CatMouth
19655,CatEye
19656,CatNose
19657,DogFace
19658,DogMouth
19659,DogNose
19660,CatFace
19661,CatFace
19662,CatEye
19663,CatEye
19664,CatFace
19665,DogFace
19666,DogMouth
19667,DogEye
19668,CatFace
19669,DogFace
19670,CatEye
19671,DogNose
19672,DogFace
19673,DogNose
19674,CatFace
19675,DogFace
19676,DogEye
19677,CatNose
19678,DogFace
19679,DogFace
19680,CatMouth
19681,DogEye
19682,CatFace
19683,CatNose
19684,CatEye
19685,DogMouth
19686,CatMouth
19687,CatMouth
19688,CatFace
19689,DogMouth
19690,CatMouth
19691,CatEye
19692,DogEye
19693,DogNose
19694,DogEye
19695,DogFace
19696,CatNose
19697,DogFace
19698,CatEye
19699,DogEye
19700,DogNose
19701,DogMouth
19702,DogEye
19703,CatFace
19704,DogMouth
19705,CatFace
19706,DogEye
19707,CatNose
19708,CatNose
19709,DogNose
19710,CatFace
19711,CatEye
19712,DogEye
19713,CatFace
19714,CatEye
19715,DogMouth
19716,CatFace
19717,DogNose
19718,CatMouth
19719,CatMouth
19720,DogFace
19721,DogFace
19722,DogFace
19723,DogMouth
19724,CatNose
19725,CatFace
19726,CatFace
19727,DogEye
19728,CatNose
19729,CatMouth
19730,DogEye
19731,DogMouth
19732,DogEye
19733,DogMouth
19734,CatFace
19735,DogNose
19736,DogMouth
19737,DogEye
19738,DogEye
19739,DogEye
19740,CatEye
19741,DogMouth
19742,CatMouth
19743,DogMouth
19744,DogNose
19745,CatMouth
19746,CatMouth
19747,DogMouth
19748,CatEye
19749,DogFace
19750,CatEye
19751,CatEye
19752,CatNose
19753,CatFace
19754,CatEye
19755,DogFace
19756,CatFace
19757,DogFace
19758,CatEye
19759,CatFace
19760,CatEye
19761,DogMouth
19762,DogEye
19763,CatFace
19764,DogNose
19765,DogEye
19766,CatEye
19767,CatFace
19768,CatNose
19769,CatNose
19770,DogEye
19771,DogMouth
19772,DogNose
19773,DogNose
19774,CatNose
19775,CatFace
19776,CatNose
19777,CatEye
19778,DogNose
19779,CatFace
19780,DogFace
19781,CatMouth
19782,CatEye
19783,CatNose
19784,DogFace
19785,CatEye
19786,DogFace
19787,DogMouth
19788,DogFace
19789,DogEye
19790,CatMouth
19791,DogNose
19792,CatNose
19793,CatNose
19794,CatEye
19795,DogMouth
19796,DogEye
19797,DogNose
19798,DogNose
19799,DogFace
19800,CatNose
19801,CatNose
19802,DogEye
19803,DogMouth
19804,CatEye
19805,DogEye
19806,DogEye
19807,DogMouth
19808,CatNose
19809,CatFace
19810,CatFace
19811,DogMouth
19812,DogEye
19813,CatMouth
19814,CatFace
19815,DogFace
19816,CatNose
19817,CatMouth
19818,DogMouth
19819,DogEye
19820,CatEye
19821,CatFace
19822,DogEye
19823,DogMouth
19824,DogEye
19825,DogNose
19826,CatFace
19827,DogNose
19828,DogFace
19829,CatEye
19830,DogNose
19831,DogFace
19832,DogMouth
19833,DogEye
19834,CatNose
19835,DogFace
19836,CatEye
19837,DogEye
19838,DogNose
19839,DogFace
19840,DogMouth
19841,DogMouth
19842,CatNose
19843,DogMouth
19844,CatNose
19845,CatEye
19846,CatNose
19847,DogMouth
19848,DogNose
19849,DogEye
19850,DogNose
19851,DogNose
19852,CatMouth
19853,CatEye
19854,CatNose
19855,CatFace
19856,CatEye
19857,CatMouth
19858,CatEye
19859,DogMouth
19860,DogEye
19861,DogMouth
19862,DogFace
19863,DogMouth
19864,DogEye
19865,CatNose
19866,DogNose
19867,DogEye
19868,CatEye
19869,CatMouth
19870,CatEye
19871,DogMouth
19872,DogEye
19873,CatEye
19874,DogMouth
19875,DogMouth
19876,DogEye
19877,CatNose
19878,CatNose
19879,CatFace
19880,CatNose
19881,CatMouth
19882,DogNose
19883,DogFace
19884,DogEye
19885,CatEye
19886,DogNose
19887,DogFace
19888,DogEye
19889,DogMouth
19890,CatFace
19891,DogEye
19892,CatFace
19893,DogFace
19894,CatFace
19895,DogMouth
19896,CatEye
19897,CatFace
19898,DogNose
19899,DogFace
19900,DogEye
19901,CatNose
19902,CatMouth
19903,DogFace
19904,CatFace
19905,DogNose
19906,CatNose
19907,CatEye
19908,CatNose
19909,CatFace
19910,CatFace
19911,DogEye
19912,CatFace
19913,DogEye
19914,DogEye
19915,CatFace
19916,CatMouth
19917,CatMouth
19918,DogEye
19919,DogFace
19920,CatMouth
19921,DogEye
19922,CatFace
19923,DogEye
19924,DogFace
19925,CatNose
19926,DogFace
19927,CatFace
19928,CatFace
19929,DogEye
19930,CatEye
19931,DogFace
19932,CatFace
19933,DogFace
19934,DogMouth
19935,DogNose
19936,CatEye
19937,CatMouth
19938,CatNose
19939,DogEye
19940,CatFace
19941,CatNose
19942,CatEye
19943,CatFace
19944,CatEye
19945,CatFace
19946,DogEye
19947,DogEye
19948,DogNose
19949,CatNose
19950,DogEye
19951,DogFace
19952,DogEye
19953,CatMouth
19954,CatEye
19955,DogFace
19956,CatEye
19957,CatMouth
19958,DogNose
19959,CatMouth
19960,DogEye
19961,DogFace
19962,CatMouth
19963,CatEye
19964,CatNose
19965,CatEye
19966,CatFace
19967,CatNose
19968,DogMouth
19969,CatNose
19970,DogEye
19971,DogNose
19972,CatMouth
19973,DogMouth
19974,CatNose
19975,CatFace
19976,DogEye
19977,DogMouth
19978,CatNose
19979,CatMouth
19980,DogMouth
19981,DogMouth
19982,CatNose
19983,DogEye
19984,CatEye
19985,DogEye
19986,CatEye
19987,CatEye
19988,CatNose
19989,CatEye
19990,CatMouth
19991,CatEye
19992,DogNose
19993,CatFace
19994,CatMouth
19995,CatEye
19996,DogNose
19997,CatFace
19998,DogNose
19999,DogEye
20000,DogEye
20001,CatFace
20002,DogEye
20003,CatNose
20004,DogFace
20005,CatEye
20006,CatNose
20007,DogNose
20008,CatFace
20009,DogNose
20010,CatFace
20011,CatFace
20012,CatEye
20013,DogEye
20014,CatEye
20015,CatEye
20016,CatFace
20017,DogNose
20018,CatMouth
20019,DogNose
20020,CatNose
20021,DogFace
20022,CatNose
20023,CatMouth
20024,DogMouth
20025,CatFace
20026,DogMouth
20027,DogMouth
20028,CatMouth
20029,CatNose
20030,CatMouth
20031,CatMouth
20032,CatEye
20033,DogMouth
20034,CatFace
20035,CatEye
20036,CatNose
20037,CatNose
20038,CatMouth
20039,CatFace
20040,DogMouth
20041,CatMouth
20042,CatFace
20043,CatMouth
20044,DogNose
20045,CatMouth
20046,CatMouth
20047,CatMouth
20048,DogMouth
20049,DogNose
20050,DogMouth
20051,CatFace
20052,CatNose
20053,DogEye
20054,DogEye
20055,DogMouth
20056,CatMouth
20057,DogMouth
20058,DogNose
20059,DogMouth
20060,CatFace
20061,CatMouth
20062,DogNose
20063,DogNose
20064,DogNose
20065,CatMouth
20066,DogNose
20067,DogFace
20068,DogNose
20069,CatFace
20070,CatEye
20071,DogNose
20072,DogFace
20073,CatNose
20074,DogNose
20075,DogEye
20076,DogEye
20077,CatEye
20078,CatMouth
20079,CatFace
20080,CatEye
20081,CatEye
20082,CatNose
20083,DogFace
20084,DogMouth
20085,CatFace
20086,CatMouth
20087,CatMouth
20088,DogEye
20089,CatEye
20090,CatFace
20091,DogEye
20092,DogEye
20093,CatEye
20094,CatEye
20095,CatEye
20096,DogNose
20097,CatEye
20098,DogEye
20099,CatMouth
20100,DogEye
20101,DogNose
20102,CatFace
20103,CatEye
20104,DogMouth
20105,CatEye
20106,CatEye
20107,DogMouth
20108,CatEye
20109,CatNose
20110,DogNose
20111,CatEye
20112,CatMouth
20113,DogNose
20114,DogFace
20115,CatFace
20116,CatEye
20117,DogMouth
20118,DogNose
20119,DogNose
20120,DogFace
20121,CatNose
20122,DogFace
20123,CatEye
20124,CatNose
20125,DogEye
20126,CatNose
20127,DogMouth
20128,CatNose
20129,DogEye
20130,DogEye
20131,CatMouth
20132,DogEye
20133,DogFace
20134,DogMouth
20135,CatFace
20136,DogMouth
20137,CatNose
20138,DogFace
20139,CatEye
20140,DogMouth
20141,DogEye
20142,DogMouth
20143,CatNose
20144,DogNose
20145,CatFace
20146,DogNose
20147,CatNose
20148,CatFace
20149,DogFace
20150,DogFace
20151,DogFace
20152,CatNose
20153,CatNose
20154,CatEye
20155,DogMouth
20156,DogEye
20157,CatNose
20158,CatFace
20159,DogFace
20160,DogMouth
20161,CatMouth
20162,CatFace
20163,CatEye
20164,CatEye
20165,CatEye
20166,CatMouth
20167,DogFace
20168,CatEye
20169,DogMouth
20170,CatMouth
20171,CatFace
20172,CatNose
20173,DogEye
20174,DogNose
20175,CatFace
20176,DogMouth
20177,CatFace
20178,CatNose
20179,DogNose
20180,DogNose
20181,DogMouth
20182,DogMouth
20183,DogMouth
20184,CatNose
20185,CatNose
20186,CatNose
20187,CatFace
20188,CatEye
20189,CatFace
20190,CatMouth
20191,DogEye
20192,DogEye
20193,DogEye
20194,DogEye
20195,CatEye
20196,CatEye
20197,DogMouth
20198,CatFace
20199,DogEye
20200,DogFace
20201,CatEye
20202,CatFace
20203,DogFace
20204,CatMouth
20205,CatFace
20206,CatFace
20207,CatMouth
20208,DogMouth
20209,CatMouth
20210,CatEye
20211,CatEye
20212,CatEye
20213,DogFace
20214,DogMouth
20215,CatNose
20216,CatFace
20217,CatEye
20218,DogMouth
20219,CatNose
20220,DogFace
20221,DogMouth
20222,CatEye
20223,DogEye
20224,CatMouth
20225,CatNose
20226,CatEye
20227,CatNose
20228,DogEye
20229,DogEye
20230,DogEye
20231,CatEye
20232,CatMouth
20233,DogFace
20234,DogEye
20235,DogEye
20236,DogMouth
20237,CatMouth
20238,CatEye
20239,DogMouth
20240,DogMouth
20241,CatFace
20242,CatNose
20243,CatMouth
20244,DogEye
20245,DogFace
20246,DogEye
20247,CatFace
20248,CatFace
20249,CatFace
20250,DogNose
20251,CatMouth
20252,CatFace
20253,DogFace
20254,CatEye
20255,CatFace
20256,CatFace
20257,CatNose
20258,CatMouth
20259,DogEye
20260,CatEye
20261,CatNose
20262,CatMouth
20263,DogMouth
20264,CatMouth
20265,DogEye
20266,CatFace
20267,DogNose
20268,DogFace
20269,CatNose
20270,CatEye
20271,CatNose
20272,CatMouth
20273,DogMouth
20274,DogMouth
20275,DogFace
20276,DogFace
20277,CatEye
20278,DogFace
20279,CatEye
20280,DogNose
20281,DogNose
20282,CatEye
20283,CatEye
20284,CatFace
20285,DogMouth
20286,DogMouth
20287,CatFace
20288,DogEye
20289,CatEye
20290,CatMouth
20291,DogMouth
20292,DogFace
20293,CatMouth
20294,DogMouth
20295,DogNose
20296,DogEye
20297,DogEye
20298,DogEye
20299,CatMouth
20300,CatEye
20301,DogMouth
20302,CatEye
20303,CatMouth
20304,CatEye
20305,CatFace
20306,CatMouth
20307,CatMouth
20308,DogFace
20309,DogMouth
20310,DogEye
20311,DogNose
20312,CatNose
20313,DogEye
20314,DogFace
20315,DogFace
20316,DogMouth
20317,DogEye
20318,CatNose
20319,DogMouth
20320,CatNose
20321,DogFace
20322,CatFace
20323,DogEye
20324,DogMouth
20325,CatEye
20326,DogEye
20327,DogFace
20328,CatMouth
20329,CatFace
20330,DogMouth
20331,CatFace
20332,DogNose
20333,DogMouth
20334,CatEye
20335,CatEye
20336,DogMouth
20337,DogNose
20338,CatNose
20339,DogMouth
20340,CatNose
20341,DogMouth
20342,DogFace
20343,DogMouth
20344,CatNose
20345,DogFace
20346,CatFace
20347,DogMouth
20348,CatEye
20349,DogEye
20350,CatMouth
20351,CatNose
20352,DogFace
20353,CatNose
20354,DogFace
20355,CatFace
20356,CatMouth
20357,DogFace
20358,CatMouth
20359,DogMouth
20360,DogNose
20361,DogMouth
20362,CatNose
20363,DogEye
20364,DogEye
20365,DogFace
20366,DogNose
20367,DogNose
20368,CatFace
20369,DogMouth
20370,DogMouth
20371,DogFace
20372,CatMouth
20373,CatNose
20374,CatEye
20375,CatMouth
20376,CatMouth
20377,DogNose
20378,CatFace
20379,CatMouth
20380,DogFace
20381,CatNose
20382,DogMouth
20383,DogMouth
20384,CatEye
20385,CatEye
20386,CatFace
20387,CatEye
20388,DogNose
20389,DogEye
20390,CatNose
20391,CatNose
20392,CatNose
20393,CatNose
20394,CatMouth
20395,DogMouth
20396,CatEye
20397,CatMouth
20398,DogNose
20399,DogMouth
20400,DogNose
20401,DogNose
20402,DogNose
20403,CatNose
20404,DogFace
20405,DogFace
20406,CatNose
20407,DogEye
20408,CatEye
20409,CatEye
20410,CatFace
20411,CatFace
20412,DogEye
20413,CatEye
20414,DogNose
20415,CatMouth
20416,CatNose
20417,DogNose
20418,CatMouth
20419,DogEye
20420,DogNose
20421,CatNose
20422,DogNose
20423,DogNose
20424,DogMouth
20425,CatFace
20426,CatEye
20427,DogFace
20428,CatEye
20429,CatMouth
20430,DogEye
20431,CatEye
20432,CatEye
20433,DogFace
20434,DogMouth
20435,CatFace
20436,DogEye
20437,CatMouth
20438,CatEye
20439,CatNose
20440,CatNose
20441,CatEye
20442,CatNose
20443,DogEye
20444,DogEye
20445,CatFace
20446,DogEye
20447,DogEye
20448,DogNose
20449,CatEye
20450,CatMouth
20451,CatNose
20452,DogFace
20453,CatNose
20454,DogFace
20455,DogNose
20456,CatNose
20457,CatMouth
20458,CatFace
20459,CatMouth
20460,DogNose
20461,CatFace
20462,CatMouth
20463,CatFace
20464,CatEye
20465,CatEye
20466,CatEye
20467,DogMouth
20468,CatNose
20469,CatEye
20470,CatEye
20471,DogEye
20472,CatFace
20473,DogNose
20474,DogEye
20475,CatMouth
20476,DogEye
20477,DogMouth
20478,CatFace
20479,CatFace
20480,CatMouth
20481,DogFace
20482,CatNose
20483,DogNose
20484,DogFace
20485,CatEye
20486,DogMouth
20487,DogEye
20488,CatEye
20489,CatNose
20490,CatNose
20491,DogMouth
20492,DogMouth
20493,DogMouth
20494,DogFace
20495,CatFace
20496,DogEye
20497,DogFace
20498,DogMouth
20499,DogFace
20500,CatFace
20501,CatNose
20502,CatNose
20503,DogNose
20504,CatFace
20505,DogEye
20506,DogEye
20507,DogNose
20508,CatEye
20509,CatNose
20510,DogMouth
20511,CatNose
20512,DogNose
20513,CatNose
20514,DogMouth
20515,CatFace
20516,DogEye
20517,CatNose
20518,CatFace
20519,CatEye
20520,DogFace
20521,CatNose
20522,DogEye
20523,DogEye
20524,CatEye
20525,DogEye
20526,CatEye
20527,CatMouth
20528,CatMouth
20529,CatNose
20530,DogNose
20531,CatMouth
20532,CatFace
20533,CatEye
20534,CatEye
20535,CatNose
20536,DogFace
20537,DogFace
20538,CatEye
20539,DogMouth
20540,DogFace
20541,CatEye
20542,DogFace
20543,CatFace
20544,DogNose
20545,CatMouth
20546,CatFace
20547,DogNose
20548,DogNose
20549,DogMouth
20550,DogEye
20551,CatNose
20552,CatFace
20553,CatMouth
20554,DogMouth
20555,DogEye
20556,CatNose
20557,DogMouth
20558,DogEye
20559,CatNose
20560,CatMouth
20561,DogFace
20562,CatFace
20563,DogNose
20564,DogEye
20565,CatNose
20566,CatNose
20567,CatNose
20568,DogMouth
20569,DogNose
20570,DogMouth
20571,CatFace
20572,CatEye
20573,CatFace
20574,DogMouth
20575,DogFace
20576,CatMouth
20577,DogMouth
20578,CatEye
20579,CatMouth
20580,DogEye
20581,DogEye
20582,CatFace
20583,CatFace
20584,DogMouth
20585,DogFace
20586,CatMouth
20587,DogFace
20588,CatMouth
20589,DogNose
20590,DogNose
20591,CatMouth
20592,DogNose
20593,CatEye
20594,DogFace
20595,CatNose
20596,CatNose
20597,DogFace
20598,CatMouth
20599,CatEye
20600,CatEye
20601,CatMouth
20602,DogMouth
20603,CatEye
20604,CatEye
20605,CatNose
20606,DogNose
20607,DogFace
20608,DogNose
20609,DogFace
20610,CatFace
20611,DogNose
20612,CatMouth
20613,CatNose
20614,CatEye
20615,CatFace
20616,DogMouth
20617,CatFace
20618,CatNose
20619,DogNose
20620,DogMouth
20621,DogMouth
20622,CatFace
20623,CatMouth
20624,DogMouth
20625,CatMouth
20626,DogMouth
20627,DogMouth
20628,DogNose
20629,DogNose
20630,CatFace
20631,CatNose
20632,DogMouth
20633,CatNose
20634,CatFace
20635,DogFace
20636,CatMouth
20637,DogEye
20638,DogFace
20639,DogFace
20640,DogMouth
20641,DogNose
20642,DogFace
20643,DogMouth
20644,CatEye
20645,DogFace
20646,DogFace
20647,CatFace
20648,DogEye
20649,CatNose
20650,CatEye
20651,DogNose
20652,CatMouth
20653,CatEye
20654,DogEye
20655,CatMouth
20656,CatFace
20657,CatMouth
20658,CatNose
20659,CatNose
20660,CatMouth
20661,CatFace
20662,CatEye
20663,CatFace
20664,CatMouth
20665,DogEye
20666,DogFace
20667,CatEye
20668,DogEye
20669,CatMouth
20670,CatMouth
20671,CatEye
20672,CatFace
20673,DogFace
20674,CatMouth
20675,DogFace
20676,DogFace
20677,CatEye
20678,DogNose
20679,DogEye
20680,DogEye
20681,CatEye
20682,CatEye
20683,CatNose
20684,DogFace
20685,CatEye
20686,DogNose
20687,CatEye
20688,DogFace
20689,CatFace
20690,DogEye
20691,CatNose
20692,DogNose
20693,CatNose
20694,CatEye
20695,DogFace
20696,DogFace
20697,CatEye
20698,CatFace
20699,CatMouth
20700,DogFace
20701,DogFace
20702,CatEye
20703,DogMouth
20704,CatFace
20705,CatMouth
20706,CatNose
20707,DogFace
20708,CatEye
20709,CatEye
20710,DogFace
20711,DogEye
20712,CatNose
20713,DogFace
20714,DogFace
20715,DogMouth
20716,CatEye
20717,CatFace
20718,DogNose
20719,CatMouth
20720,CatMouth
20721,DogEye
20722,DogEye
20723,DogFace
20724,CatNose
20725,DogMouth
20726,CatNose
20727,DogNose
20728,CatFace
20729,DogMouth
20730,CatNose
20731,CatNose
20732,DogEye
20733,CatEye
20734,DogEye
20735,DogMouth
20736,DogFace
20737,CatFace
20738,DogNose
20739,DogEye
20740,CatFace
20741,DogMouth
20742,CatEye
20743,DogEye
20744,DogEye
20745,CatMouth
20746,DogNose
20747,DogMouth
20748,CatNose
20749,CatNose
20750,DogFace
20751,CatFace
20752,CatEye
20753,DogEye
20754,DogEye
20755,CatFace
20756,CatNose
20757,DogFace
20758,DogEye
20759,CatMouth
20760,CatNose
20761,CatEye
20762,DogEye
20763,CatFace
20764,CatFace
20765,CatMouth
20766,CatEye
20767,CatNose
20768,CatMouth
20769,DogNose
20770,CatEye
20771,DogEye
20772,DogEye
20773,DogMouth
20774,CatMouth
20775,CatEye
20776,DogNose
20777,CatNose
20778,DogEye
20779,CatNose
20780,DogMouth
20781,CatFace
20782,DogNose
20783,CatFace
20784,DogEye
20785,CatNose
20786,CatNose
20787,DogMouth
20788,DogEye
20789,CatFace
20790,DogFace
20791,DogMouth
20792,DogEye
20793,DogNose
20794,CatEye
20795,DogFace
20796,DogEye
20797,DogMouth
20798,DogFace
20799,CatFace
20800,DogEye
20801,CatNose
20802,DogFace
20803,DogFace
20804,DogEye
20805,DogMouth
20806,CatFace
20807,DogFace
20808,CatEye
20809,DogFace
20810,CatMouth
20811,CatNose
20812,CatEye
20813,DogNose
20814,CatNose
20815,DogNose
20816,DogNose
20817,CatFace
20818,DogMouth
20819,DogFace
20820,DogFace
20821,DogNose
20822,CatNose
20823,CatEye
20824,CatFace
20825,CatEye
20826,CatMouth
20827,CatNose
20828,DogEye
20829,CatEye
20830,DogNose
20831,CatNose
20832,DogNose
20833,DogNose
20834,CatNose
20835,CatFace
20836,DogNose
20837,DogNose
20838,CatNose
20839,DogMouth
20840,CatNose
20841,CatFace
20842,DogEye
20843,CatNose
20844,CatNose
20845,CatMouth
20846,CatNose
20847,CatNose
20848,DogFace
20849,CatMouth
20850,DogNose
20851,CatEye
20852,CatNose
20853,CatEye
20854,DogFace
20855,CatNose
20856,DogEye
20857,CatFace
20858,DogNose
20859,CatFace
20860,DogNose
20861,CatNose
20862,CatFace
20863,CatNose
20864,DogNose
20865,CatFace
20866,CatEye
20867,DogMouth
20868,CatMouth
20869,CatFace
20870,CatEye
20871,CatFace
20872,DogMouth
20873,DogFace
20874,CatFace
20875,DogFace
20876,DogEye
20877,DogFace
20878,DogNose
20879,DogNose
20880,DogNose
20881,CatFace
20882,CatMouth
20883,DogMouth
20884,DogFace
20885,DogFace
20886,DogEye
20887,CatEye
20888,CatMouth
20889,CatEye
20890,DogNose
20891,CatMouth
20892,CatEye
20893,DogEye
20894,CatEye
20895,DogMouth
20896,DogNose
20897,CatNose
20898,CatNose
20899,CatEye
20900,CatFace
20901,DogMouth
20902,DogMouth
20903,DogEye
20904,DogMouth
20905,CatMouth
20906,DogNose
20907,DogEye
20908,DogMouth
20909,DogNose
20910,CatNose
20911,DogFace
20912,DogMouth
20913,DogNose
20914,CatNose
20915,DogMouth
20916,CatFace
20917,CatFace
20918,DogFace
20919,DogMouth
20920,DogFace
20921,DogNose
20922,CatEye
20923,CatFace
20924,CatNose
20925,DogNose
20926,DogNose
20927,DogEye
20928,CatMouth
20929,CatFace
20930,DogNose
20931,CatEye
20932,DogFace
20933,CatEye
20934,DogEye
20935,DogNose
20936,DogFace
20937,DogFace
20938,CatMouth
20939,DogNose
20940,CatNose
20941,DogEye
20942,DogMouth
20943,DogFace
20944,DogNose
20945,DogMouth
20946,CatNose
20947,DogEye
20948,DogNose
20949,DogMouth
20950,CatFace
20951,CatMouth
20952,DogNose
20953,DogMouth
20954,DogFace
20955,DogEye
20956,DogEye
20957,CatNose
20958,CatMouth
20959,DogMouth
20960,CatEye
20961,DogEye
20962,CatFace
20963,DogMouth
20964,DogNose
20965,DogMouth
20966,DogFace
20967,CatEye
20968,DogEye
20969,DogNose
20970,DogMouth
20971,CatNose
20972,CatEye
20973,DogNose
20974,CatMouth
20975,CatEye
20976,DogMouth
20977,CatNose
20978,CatNose
20979,DogMouth
20980,CatEye
20981,DogMouth
20982,CatEye
20983,CatNose
20984,DogEye
20985,CatNose
20986,CatEye
20987,CatMouth
20988,CatEye
20989,CatFace
20990,DogEye
20991,CatEye
20992,CatNose
20993,CatFace
20994,CatEye
20995,DogEye
20996,DogNose
20997,CatMouth
20998,DogFace
20999,CatFace
21000,CatMouth
21001,DogFace
21002,DogNose
21003,CatMouth
21004,CatFace
21005,DogFace
21006,CatMouth
21007,CatNose
21008,CatNose
21009,DogEye
21010,CatMouth
21011,DogFace
21012,DogEye
21013,CatEye
21014,DogNose
21015,DogFace
21016,DogFace
21017,CatMouth
21018,DogEye
21019,DogNose
21020,DogFace
21021,CatMouth
21022,CatEye
21023,DogFace
21024,DogEye
21025,CatMouth
21026,DogEye
21027,CatNose
21028,CatEye
21029,DogNose
21030,CatMouth
21031,CatNose
21032,DogEye
21033,CatNose
21034,CatEye
21035,DogEye
21036,CatEye
21037,DogEye
21038,DogMouth
21039,CatFace
21040,CatEye
21041,CatEye
21042,CatNose
21043,DogMouth
21044,CatMouth
21045,DogNose
21046,DogEye
21047,DogMouth
21048,DogMouth
21049,DogNose
21050,DogMouth
21051,DogNose
21052,CatMouth
21053,CatMouth
21054,CatEye
21055,CatMouth
21056,DogNose
21057,CatEye
21058,DogMouth
21059,CatMouth
21060,DogMouth
21061,DogEye
21062,CatEye
21063,DogFace
21064,DogMouth
21065,CatMouth
21066,DogNose
21067,DogMouth
21068,DogFace
21069,CatFace
21070,DogEye
21071,CatNose
21072,DogNose
21073,DogFace
21074,CatFace
21075,CatFace
21076,CatMouth
21077,CatMouth
21078,CatFace
21079,DogFace
21080,DogFace
21081,CatNose
21082,DogEye
21083,DogMouth
21084,CatNose
21085,CatEye
21086,DogFace
21087,DogNose
21088,CatFace
21089,DogMouth
21090,DogFace
21091,CatFace
21092,DogNose
21093,DogEye
21094,DogMouth
21095,DogFace
21096,CatEye
21097,CatMouth
21098,CatMouth
21099,CatEye
21100,CatEye
21101,CatMouth
21102,DogMouth
21103,CatEye
21104,DogEye
21105,CatMouth
21106,CatNose
21107,DogFace
21108,CatEye
21109,CatMouth
21110,CatMouth
21111,DogEye
21112,DogEye
21113,CatNose
21114,CatMouth
21115,DogFace
21116,DogEye
21117,DogEye
21118,CatEye
21119,CatMouth
21120,DogNose
21121,DogMouth
21122,DogEye
21123,CatFace
21124,CatMouth
21125,DogFace
21126,CatEye
21127,DogFace
21128,DogFace
21129,DogNose
21130,CatFace
21131,DogEye
21132,CatEye
21133,CatFace
21134,CatFace
21135,CatMouth
21136,DogNose
21137,DogNose
21138,DogEye
21139,DogEye
21140,CatMouth
21141,DogFace
21142,CatMouth
21143,DogMouth
21144,DogFace
21145,CatEye
21146,CatNose
21147,DogNose
21148,DogEye
21149,CatFace
21150,CatFace
21151,DogEye
21152,DogNose
21153,CatMouth
21154,CatFace
21155,DogNose
21156,DogMouth
21157,CatEye
21158,CatMouth
21159,CatMouth
21160,CatEye
21161,CatFace
21162,CatFace
21163,DogFace
21164,DogEye
21165,DogNose
21166,CatNose
21167,DogMouth
21168,CatEye
21169,CatNose
21170,DogNose
21171,CatEye
21172,CatNose
21173,DogFace
21174,CatNose
21175,CatMouth
21176,DogEye
21177,CatFace
21178,CatMouth
21179,CatEye
21180,CatMouth
21181,DogEye
21182,DogNose
21183,CatEye
21184,DogNose
21185,CatEye
21186,DogMouth
21187,DogEye
21188,DogEye
21189,DogEye
21190,DogEye
21191,DogNose
21192,CatNose
21193,CatEye
21194,CatMouth
21195,DogEye
21196,CatFace
21197,DogFace
21198,DogFace
21199,DogMouth
21200,DogMouth
21201,DogMouth
21202,DogEye
21203,DogNose
21204,CatNose
21205,DogFace
21206,DogNose
21207,CatNose
21208,CatNose
21209,DogNose
21210,DogEye
21211,CatNose
21212,DogFace
21213,DogFace
21214,CatMouth
21215,CatMouth
21216,DogMouth
21217,CatMouth
21218,DogEye
21219,DogNose
21220,CatEye
21221,DogEye
21222,DogNose
21223,CatMouth
21224,DogFace
21225,DogEye
21226,CatEye
21227,DogEye
21228,CatFace
21229,CatMouth
21230,CatMouth
21231,CatNose
21232,DogEye
21233,DogMouth
21234,CatNose
21235,DogFace
21236,DogNose
21237,DogNose
21238,DogEye
21239,DogMouth
21240,DogEye
21241,CatEye
21242,DogMouth
21243,DogFace
21244,CatMouth
21245,DogFace
21246,CatNose
21247,DogMouth
21248,DogEye
21249,DogMouth
21250,CatFace
21251,DogEye
21252,CatNose
21253,DogMouth
21254,CatFace
21255,CatNose
21256,CatFace
21257,CatEye
21258,CatFace
21259,DogEye
21260,DogMouth
21261,CatEye
21262,DogMouth
21263,DogFace
21264,CatFace
21265,DogMouth
21266,DogFace
21267,DogMouth
21268,DogEye
21269,CatNose
21270,CatFace
21271,DogNose
21272,CatMouth
21273,CatMouth
21274,DogEye
21275,DogMouth
21276,DogMouth
21277,DogMouth
21278,CatNose
21279,CatFace
21280,CatNose
21281,DogFace
21282,CatNose
21283,CatFace
21284,DogEye
21285,DogEye
21286,DogMouth
21287,DogEye
21288,CatNose
21289,CatFace
21290,CatEye
21291,DogNose
21292,DogFace
21293,DogFace
21294,CatMouth
21295,CatEye
21296,DogMouth
21297,CatNose
21298,DogMouth
21299,CatFace
21300,CatEye
21301,CatNose
21302,CatNose
21303,DogNose
21304,CatMouth
21305,CatMouth
21306,DogEye
21307,CatFace
21308,CatEye
21309,CatFace
21310,CatMouth
21311,CatNose
21312,CatMouth
21313,CatEye
21314,CatMouth
21315,DogEye
21316,CatNose
21317,DogFace
21318,CatEye
21319,DogNose
21320,CatNose
21321,DogMouth
21322,CatNose
21323,CatFace
21324,CatEye
21325,CatNose
21326,DogMouth
21327,CatEye
21328,CatNose
21329,DogMouth
21330,DogEye
21331,DogNose
21332,CatMouth
21333,DogFace
21334,DogFace
21335,CatNose
21336,DogNose
21337,DogEye
21338,CatMouth
21339,DogMouth
21340,DogNose
21341,CatNose
21342,DogEye
21343,DogMouth
21344,DogMouth
21345,CatNose
21346,DogFace
21347,CatEye
21348,CatNose
21349,DogMouth
21350,CatMouth
21351,CatNose
21352,DogEye
21353,CatNose
21354,CatEye
21355,DogNose
21356,CatMouth
21357,DogMouth
21358,CatFace
21359,DogMouth
21360,CatEye
21361,CatMouth
21362,CatMouth
21363,CatMouth
21364,DogFace
21365,CatEye
21366,CatFace
21367,CatNose
21368,CatEye
21369,CatNose
21370,DogNose
21371,CatNose
21372,DogFace
21373,CatMouth
21374,DogEye
21375,CatMouth
21376,CatMouth
21377,CatEye
21378,CatNose
21379,CatNose
21380,CatNose
21381,CatEye
21382,DogMouth
21383,DogNose
21384,CatEye
21385,DogNose
21386,CatFace
21387,CatFace
21388,CatFace
21389,CatMouth
21390,CatMouth
21391,CatMouth
21392,CatFace
21393,DogFace
21394,CatMouth
21395,CatFace
21396,DogMouth
21397,CatEye
21398,CatEye
21399,CatMouth
21400,DogNose
21401,DogFace
21402,CatEye
21403,DogMouth
21404,DogEye
21405,CatNose
21406,CatMouth
21407,CatEye
21408,CatMouth
21409,CatMouth
21410,DogMouth
21411,CatNose
21412,DogMouth
21413,CatMouth
21414,CatEye
21415,CatNose
21416,CatFace
21417,DogEye
21418,DogMouth
21419,CatFace
21420,CatEye
21421,CatNose
21422,CatMouth
21423,DogMouth
21424,DogFace
21425,DogFace
21426,DogMouth
21427,CatFace
21428,DogFace
21429,DogMouth
21430,CatEye
21431,DogMouth
21432,CatFace
21433,CatNose
21434,CatNose
21435,CatEye
21436,DogMouth
21437,CatFace
21438,DogEye
21439,CatFace
21440,CatEye
21441,CatEye
21442,CatEye
21443,CatMouth
21444,DogMouth
21445,CatMouth
21446,DogFace
21447,DogFace
21448,DogNose
21449,DogEye
21450,DogEye
21451,CatFace
21452,DogNose
21453,DogMouth
21454,CatEye
21455,DogEye
21456,CatEye
21457,DogEye
21458,DogMouth
21459,DogEye
21460,DogMouth
21461,CatEye
21462,CatEye
21463,DogMouth
21464,DogFace
21465,DogNose
21466,CatEye
21467,DogFace
21468,DogEye
21469,CatNose
21470,CatEye
21471,DogNose
21472,CatNose
21473,DogFace
21474,CatFace
21475,DogFace
21476,CatEye
21477,DogFace
21478,DogNose
21479,DogNose
21480,CatMouth
21481,DogMouth
21482,DogEye
21483,CatNose
21484,CatNose
21485,DogMouth
21486,CatMouth
21487,CatMouth
21488,CatEye
21489,CatMouth
21490,DogMouth
21491,CatNose
21492,CatMouth
21493,DogFace
21494,CatMouth
21495,CatNose
21496,DogMouth
21497,CatMouth
21498,CatFace
21499,DogEye
21500,CatFace
21501,DogEye
21502,CatMouth
21503,CatFace
21504,CatEye
21505,CatEye
21506,CatMouth
21507,DogMouth
21508,CatNose
21509,DogEye
21510,CatNose
21511,DogEye
21512,DogEye
21513,DogFace
21514,DogEye
21515,CatMouth
21516,CatNose
21517,DogNose
21518,CatEye
21519,CatMouth
21520,CatEye
21521,DogFace
21522,CatMouth
21523,CatEye
21524,CatFace
21525,CatNose
21526,CatEye
21527,DogNose
21528,CatEye
21529,DogFace
21530,CatEye
21531,CatEye
21532,CatFace
21533,CatFace
21534,CatEye
21535,CatNose
21536,DogMouth
21537,CatNose
21538,DogEye
21539,DogNose
21540,CatEye
21541,CatEye
21542,CatEye
21543,CatEye
21544,DogNose
21545,DogNose
21546,DogFace
21547,CatMouth
21548,DogEye
21549,DogMouth
21550,CatEye
21551,CatFace
21552,DogNose
21553,CatEye
21554,CatEye
21555,DogFace
21556,CatEye
21557,CatFace
21558,CatEye
21559,DogFace
21560,CatNose
21561,CatFace
21562,CatEye
21563,CatMouth
21564,DogMouth
21565,DogMouth
21566,DogNose
21567,DogFace
21568,DogFace
21569,DogMouth
21570,CatEye
21571,CatNose
21572,CatFace
21573,DogFace
21574,DogNose
21575,CatEye
21576,DogNose
21577,CatMouth
21578,DogEye
21579,CatMouth
21580,CatNose
21581,DogMouth
21582,CatNose
21583,DogNose
21584,CatFace
21585,CatEye
21586,DogFace
21587,DogMouth
21588,CatFace
21589,CatNose
21590,DogFace
21591,DogEye
21592,DogNose
21593,DogEye
21594,CatMouth
21595,DogNose
21596,DogEye
21597,DogEye
21598,CatEye
21599,CatNose
21600,DogMouth
21601,DogEye
21602,DogMouth
21603,DogMouth
21604,DogFace
21605,DogEye
21606,CatFace
21607,DogMouth
21608,DogMouth
21609,CatFace
21610,CatEye
21611,CatMouth
21612,DogFace
21613,DogFace
21614,DogFace
21615,CatNose
21616,CatMouth
21617,DogMouth
21618,DogMouth
21619,DogFace
21620,CatMouth
21621,DogMouth
21622,CatMouth
21623,CatEye
21624,DogMouth
21625,CatNose
21626,DogEye
21627,DogFace
21628,DogFace
21629,DogFace
21630,CatMouth
21631,DogMouth
21632,CatMouth
21633,CatNose
21634,CatNose
21635,DogEye
21636,CatNose
21637,CatFace
21638,CatMouth
21639,CatEye
21640,CatEye
21641,CatFace
21642,DogEye
21643,DogFace
21644,CatFace
21645,CatEye
21646,CatEye
21647,CatFace
21648,DogFace
21649,CatFace
21650,DogMouth
21651,CatMouth
21652,CatFace
21653,CatMouth
21654,DogNose
21655,DogEye
21656,DogMouth
21657,DogEye
21658,DogNose
21659,DogEye
21660,DogEye
21661,CatNose
21662,DogFace
21663,DogNose
21664,DogMouth
21665,DogFace
21666,DogEye
21667,DogMouth
21668,DogMouth
21669,DogEye
21670,DogMouth
21671,CatFace
21672,DogEye
21673,CatFace
21674,CatNose
21675,DogEye
21676,CatMouth
21677,CatEye
21678,DogFace
21679,DogFace
21680,DogFace
21681,CatFace
21682,CatFace
21683,CatEye
21684,CatNose
21685,CatMouth
21686,DogFace
21687,CatMouth
21688,DogFace
21689,CatNose
21690,DogFace
21691,CatFace
21692,DogMouth
21693,DogFace
21694,DogMouth
21695,CatFace
21696,CatNose
21697,CatFace
21698,CatNose
21699,DogMouth
21700,CatEye
21701,DogEye
21702,DogEye
21703,CatMouth
21704,CatEye
21705,CatNose
21706,CatMouth
21707,DogEye
21708,CatEye
21709,DogEye
21710,DogFace
21711,DogNose
21712,CatEye
21713,DogFace
21714,DogMouth
21715,DogEye
21716,DogEye
21717,CatNose
21718,CatEye
21719,DogFace
21720,CatMouth
21721,CatNose
21722,CatEye
21723,CatMouth
21724,CatFace
21725,DogFace
21726,DogMouth
21727,DogMouth
21728,CatFace
21729,DogNose
21730,DogEye
21731,DogMouth
21732,DogEye
21733,DogNose
21734,DogNose
21735,CatMouth
21736,CatMouth
21737,DogMouth
21738,DogFace
21739,DogEye
21740,DogNose
21741,DogEye
21742,DogFace
21743,DogMouth
21744,DogEye
21745,CatNose
21746,CatMouth
21747,CatFace
21748,DogFace
21749,DogNose
21750,CatMouth
21751,CatNose
21752,CatEye
21753,DogFace
21754,DogNose
21755,DogFace
21756,DogEye
21757,CatFace
21758,CatNose
21759,DogMouth
21760,CatMouth
21761,CatNose
21762,DogEye
21763,CatEye
21764,CatEye
21765,DogMouth
21766,CatNose
21767,CatEye
21768,DogMouth
21769,CatEye
21770,CatEye
21771,CatMouth
21772,CatMouth
21773,CatEye
21774,DogMouth
21775,DogFace
21776,DogNose
21777,CatFace
21778,CatNose
21779,CatFace
21780,CatNose
21781,DogNose
21782,DogFace
21783,DogNose
21784,CatFace
21785,CatNose
21786,CatEye
21787,DogMouth
21788,DogFace
21789,CatMouth
21790,CatEye
21791,CatMouth
21792,DogFace
21793,DogFace
21794,DogMouth
21795,DogNose
21796,DogNose
21797,CatFace
21798,DogMouth
21799,CatEye
21800,DogFace
21801,DogNose
21802,DogMouth
21803,DogMouth
21804,CatFace
21805,DogFace
21806,DogEye
21807,DogEye
21808,CatMouth
21809,CatNose
21810,CatEye
21811,CatEye
21812,CatEye
21813,CatFace
21814,CatFace
21815,DogEye
21816,DogFace
21817,CatEye
21818,DogNose
21819,DogMouth
21820,DogMouth
21821,CatFace
21822,DogFace
21823,DogEye
21824,CatFace
21825,CatFace
21826,DogMouth
21827,DogFace
21828,CatFace
21829,DogEye
21830,DogFace
21831,DogMouth
21832,CatNose
21833,DogMouth
21834,DogEye
21835,DogFace
21836,DogFace
21837,DogMouth
21838,CatEye
21839,DogFace
21840,DogMouth
21841,DogFace
21842,CatMouth
21843,DogFace
21844,CatFace
21845,DogEye
21846,CatEye
21847,CatFace
21848,DogFace
21849,DogNose
21850,CatFace
21851,CatEye
21852,DogNose
21853,CatMouth
21854,CatFace
21855,DogMouth
21856,DogNose
21857,CatFace
21858,CatMouth
21859,CatMouth
21860,CatFace
21861,CatNose
21862,DogEye
21863,CatEye
21864,CatFace
21865,DogNose
21866,CatMouth
21867,CatFace
21868,DogEye
21869,CatMouth
21870,CatNose
21871,CatFace
21872,CatEye
21873,DogEye
21874,CatEye
21875,DogFace
21876,CatMouth
21877,DogEye
21878,CatEye
21879,CatEye
21880,CatFace
21881,CatEye
21882,DogEye
21883,CatFace
21884,CatMouth
21885,CatMouth
21886,CatMouth
21887,DogNose
21888,DogMouth
21889,DogNose
21890,CatNose
21891,DogMouth
21892,CatFace
21893,CatFace
21894,CatMouth
21895,DogFace
21896,CatEye
21897,CatEye
21898,DogMouth
21899,CatEye
21900,DogNose
21901,CatEye
21902,DogNose
21903,DogMouth
21904,DogNose
21905,CatEye
21906,DogFace
21907,CatNose
21908,DogFace
21909,DogNose
21910,DogMouth
21911,DogMouth
21912,CatFace
21913,CatEye
21914,DogEye
21915,CatFace
21916,CatMouth
21917,CatEye
21918,DogEye
21919,DogEye
21920,CatFace
21921,DogFace
21922,DogEye
21923,CatMouth
21924,DogMouth
21925,CatMouth
21926,DogMouth
21927,CatMouth
21928,CatFace
21929,DogNose
21930,CatMouth
21931,DogFace
21932,CatEye
21933,CatMouth
21934,CatMouth
21935,DogEye
21936,DogFace
21937,DogFace
21938,CatFace
21939,CatMouth
21940,CatMouth
21941,DogEye
21942,DogEye
21943,CatNose
21944,DogNose
21945,DogFace
21946,CatMouth
21947,DogEye
21948,CatEye
21949,CatMouth
21950,DogFace
21951,CatNose
21952,CatMouth
21953,CatMouth
21954,DogNose
21955,CatFace
21956,CatMouth
21957,DogEye
21958,DogFace
21959,DogEye
21960,DogMouth
21961,DogFace
21962,DogNose
21963,CatEye
21964,DogEye
21965,DogNose
21966,DogMouth
21967,CatFace
21968,CatEye
21969,CatMouth
21970,CatNose
21971,DogEye
21972,CatEye
21973,DogFace
21974,CatFace
21975,CatMouth
21976,CatNose
21977,CatNose
21978,DogNose
21979,CatEye
21980,CatMouth
21981,CatEye
21982,CatEye
21983,DogMouth
21984,DogEye
21985,CatMouth
21986,DogNose
21987,CatNose
21988,DogMouth
21989,DogEye
21990,DogFace
21991,DogMouth
21992,CatNose
21993,CatEye
21994,DogMouth
21995,DogFace
21996,DogFace
21997,DogFace
21998,DogEye
21999,DogMouth
22000,DogEye
22001,DogNose
22002,DogFace
22003,DogEye
22004,CatNose
22005,CatFace
22006,CatMouth
22007,DogEye
22008,DogFace
22009,DogEye
22010,CatNose
22011,CatEye
22012,DogMouth
22013,DogEye
22014,DogEye
22015,CatNose
22016,CatEye
22017,CatNose
22018,DogMouth
22019,CatMouth
22020,CatEye
22021,DogEye
22022,CatEye
22023,CatMouth
22024,CatFace
22025,CatNose
22026,DogFace
22027,DogMouth
22028,DogEye
22029,CatEye
22030,CatEye
22031,CatFace
22032,DogMouth
22033,CatEye
22034,DogEye
22035,CatMouth
22036,CatEye
22037,CatFace
22038,CatMouth
22039,DogEye
22040,CatMouth
22041,CatFace
22042,CatMouth
22043,DogMouth
22044,CatMouth
22045,CatMouth
22046,DogNose
22047,DogNose
22048,DogFace
22049,CatNose
22050,DogMouth
22051,DogNose
22052,DogNose
22053,CatMouth
22054,DogNose
22055,DogEye
22056,CatNose
22057,DogMouth
22058,DogFace
22059,CatMouth
22060,DogEye
22061,CatMouth
22062,CatMouth
22063,CatEye
22064,DogFace
22065,DogFace
22066,CatMouth
22067,DogMouth
22068,DogEye
22069,CatMouth
22070,CatEye
22071,CatNose
22072,DogFace
22073,CatNose
22074,CatEye
22075,DogMouth
22076,DogFace
22077,DogEye
22078,DogFace
22079,DogNose
22080,DogFace
22081,DogEye
22082,CatEye
22083,DogFace
22084,DogNose
22085,DogFace
22086,CatFace
22087,CatEye
22088,DogEye
22089,DogNose
22090,CatMouth
22091,DogMouth
22092,DogFace
22093,CatFace
22094,CatNose
22095,DogEye
22096,CatEye
22097,DogEye
22098,CatMouth
22099,CatMouth
22100,CatFace
22101,DogMouth
22102,CatEye
22103,DogEye
22104,DogNose
22105,DogFace
22106,CatNose
22107,CatNose
22108,CatEye
22109,CatFace
22110,CatEye
22111,CatMouth
22112,CatFace
22113,CatEye
22114,DogEye
22115,DogEye
22116,DogFace
22117,CatNose
22118,DogNose
22119,CatMouth
22120,CatMouth
22121,CatMouth
22122,CatEye
22123,CatEye
22124,CatNose
22125,CatFace
22126,CatEye
22127,DogMouth
22128,DogEye
22129,DogNose
22130,DogNose
22131,CatEye
22132,DogEye
22133,CatFace
22134,CatEye
22135,CatMouth
22136,CatNose
22137,CatFace
22138,CatFace
22139,CatMouth
22140,CatEye
22141,CatEye
22142,CatEye
22143,DogEye
22144,DogFace
22145,CatFace
22146,CatNose
22147,DogNose
22148,DogFace
22149,CatFace
22150,DogFace
22151,DogFace
22152,DogMouth
22153,DogEye
22154,CatFace
22155,CatEye
22156,CatEye
22157,DogMouth
22158,CatMouth
22159,DogNose
22160,CatFace
22161,CatNose
22162,DogMouth
22163,DogEye
22164,DogMouth
22165,CatNose
22166,DogEye
22167,DogEye
22168,CatFace
22169,CatNose
22170,CatMouth
22171,DogEye
22172,CatMouth
22173,CatEye
22174,DogMouth
22175,DogNose
22176,CatEye
22177,CatEye
22178,DogNose
22179,CatMouth
22180,CatFace
22181,DogMouth
22182,DogNose
22183,DogFace
22184,CatEye
22185,CatEye
22186,DogEye
22187,CatFace
22188,CatMouth
22189,DogFace
22190,CatEye
22191,CatMouth
22192,DogEye
22193,DogFace
22194,CatFace
22195,CatNose
22196,CatMouth
22197,CatFace
22198,CatEye
22199,CatEye
22200,CatMouth
22201,CatNose
22202,CatEye
22203,DogNose
22204,DogNose
22205,DogEye
22206,CatEye
22207,CatMouth
22208,CatMouth
22209,DogNose
22210,DogEye
22211,DogNose
22212,DogEye
22213,CatEye
22214,DogFace
22215,CatNose
22216,CatNose
22217,CatMouth
22218,DogEye
22219,DogEye
22220,CatFace
22221,CatFace
22222,DogEye
22223,DogNose
22224,CatNose
22225,DogFace
22226,DogMouth
22227,CatFace
22228,CatFace
22229,CatNose
22230,CatEye
22231,DogNose
22232,DogEye
22233,CatMouth
22234,CatFace
22235,CatFace
22236,DogFace
22237,DogMouth
22238,DogFace
22239,DogFace
22240,DogMouth
22241,CatEye
22242,DogNose
22243,DogEye
22244,CatNose
22245,DogEye
22246,CatMouth
22247,DogMouth
22248,CatEye
22249,CatFace
22250,DogEye
22251,CatEye
22252,CatMouth
22253,DogFace
22254,DogNose
22255,DogMouth
22256,DogNose
22257,DogFace
22258,DogNose
22259,DogMouth
22260,CatEye
22261,DogNose
22262,CatNose
22263,DogMouth
22264,DogFace
22265,CatMouth
22266,DogFace
22267,CatEye
22268,CatMouth
22269,DogFace
22270,DogEye
22271,DogEye
22272,CatEye
22273,DogEye
22274,CatFace
22275,CatEye
22276,DogEye
22277,DogFace
22278,DogFace
22279,CatMouth
22280,CatMouth
22281,DogMouth
22282,DogFace
22283,CatEye
22284,DogNose
22285,CatMouth
22286,CatMouth
22287,DogFace
22288,CatFace
22289,DogNose
22290,DogEye
22291,CatNose
22292,CatNose
22293,DogFace
22294,CatEye
22295,CatNose
22296,DogEye
22297,CatFace
22298,DogMouth
22299,DogEye
22300,CatFace
22301,DogFace
22302,CatNose
22303,CatMouth
22304,DogEye
22305,CatFace
22306,DogEye
22307,DogEye
22308,DogMouth
22309,CatMouth
22310,CatNose
22311,CatNose
22312,CatFace
22313,CatMouth
22314,CatMouth
22315,CatEye
22316,DogNose
22317,CatEye
22318,CatNose
22319,CatFace
22320,CatMouth
22321,DogEye
22322,DogFace
22323,DogEye
22324,CatMouth
22325,DogMouth
22326,CatFace
22327,DogFace
22328,DogFace
22329,CatEye
22330,CatMouth
22331,CatNose
22332,DogFace
22333,DogNose
22334,DogEye
22335,CatEye
22336,CatFace
22337,CatMouth
22338,CatFace
22339,DogFace
22340,DogMouth
22341,CatEye
22342,CatFace
22343,CatNose
22344,DogEye
22345,CatEye
22346,CatFace
22347,CatMouth
22348,DogNose
22349,CatFace
22350,DogFace
22351,DogEye
22352,DogEye
22353,CatEye
22354,DogMouth
22355,DogMouth
22356,DogFace
22357,DogMouth
22358,CatMouth
22359,DogEye
22360,CatNose
22361,CatFace
22362,CatEye
22363,CatNose
22364,DogNose
22365,CatFace
22366,CatFace
22367,DogMouth
22368,CatFace
22369,CatNose
22370,CatEye
22371,DogEye
22372,CatEye
22373,CatEye
22374,CatNose
22375,CatMouth
22376,DogMouth
22377,CatMouth
22378,CatMouth
22379,CatNose
22380,CatEye
22381,DogFace
22382,CatFace
22383,DogEye
22384,CatMouth
22385,DogMouth
22386,DogNose
22387,DogEye
22388,CatEye
22389,CatMouth
22390,DogNose
22391,DogMouth
22392,DogNose
22393,DogEye
22394,DogFace
22395,DogFace
22396,DogNose
22397,DogMouth
22398,DogNose
22399,CatMouth
22400,DogEye
22401,CatNose
22402,CatMouth
22403,DogFace
22404,DogNose
22405,CatEye
22406,DogFace
22407,CatFace
22408,CatEye
22409,CatFace
22410,CatEye
22411,CatEye
22412,CatNose
22413,CatMouth
22414,DogEye
22415,CatEye
22416,DogFace
22417,CatFace
22418,CatFace
22419,CatEye
22420,DogMouth
22421,CatEye
22422,DogFace
22423,CatMouth
22424,CatFace
22425,DogNose
22426,DogMouth
22427,DogEye
22428,CatNose
22429,CatFace
22430,CatEye
22431,CatFace
22432,DogFace
22433,CatNose
22434,CatEye
22435,CatNose
22436,DogNose
22437,DogMouth
22438,CatMouth
22439,DogMouth
22440,DogFace
22441,CatFace
22442,CatFace
22443,DogEye
22444,CatFace
22445,CatFace
22446,CatNose
22447,DogNose
22448,DogNose
22449,DogFace
22450,DogMouth
22451,CatFace
22452,DogNose
22453,CatNose
22454,CatEye
22455,DogNose
22456,CatMouth
22457,DogMouth
22458,CatEye
22459,DogEye
22460,CatFace
22461,CatEye
22462,DogEye
22463,CatNose
22464,CatMouth
22465,DogMouth
22466,DogMouth
22467,DogNose
22468,CatMouth
22469,CatEye
22470,CatEye
22471,CatEye
22472,DogEye
22473,DogNose
22474,DogFace
22475,DogMouth
22476,DogFace
22477,DogEye
22478,CatEye
22479,DogMouth
22480,DogEye
22481,DogMouth
22482,DogEye
22483,CatEye
22484,CatEye
22485,CatEye
22486,DogEye
22487,CatEye
22488,CatEye
22489,CatFace
22490,CatEye
22491,CatMouth
22492,CatMouth
22493,DogEye
22494,DogFace
22495,CatEye
22496,CatMouth
22497,DogEye
22498,DogFace
22499,DogNose
22500,DogFace
22501,CatNose
22502,CatEye
22503,DogEye
22504,DogEye
22505,CatFace
22506,CatEye
22507,DogEye
22508,CatMouth
22509,DogFace
22510,CatFace
22511,CatEye
22512,DogEye
22513,DogFace
22514,CatEye
22515,DogEye
22516,CatEye
22517,DogFace
22518,DogMouth
22519,DogMouth
22520,CatNose
22521,CatFace
22522,CatMouth
22523,CatMouth
22524,DogFace
22525,CatEye
22526,DogFace
22527,DogEye
22528,CatFace
22529,CatFace
22530,DogEye
22531,CatMouth
22532,CatEye
22533,DogEye
22534,CatMouth
22535,CatNose
22536,DogFace
22537,CatMouth
22538,CatEye
22539,DogFace
22540,DogNose
22541,CatFace
22542,CatMouth
22543,CatEye
22544,CatMouth
22545,CatNose
22546,CatEye
22547,CatNose
22548,CatMouth
22549,CatMouth
22550,DogFace
22551,DogNose
22552,DogFace
22553,DogEye
22554,DogNose
22555,DogMouth
22556,DogMouth
22557,CatMouth
22558,DogEye
22559,DogNose
22560,DogEye
22561,DogNose
22562,CatFace
22563,CatFace
22564,CatNose
22565,DogNose
22566,CatFace
22567,DogEye
22568,CatMouth
22569,DogEye
22570,DogEye
22571,DogNose
22572,DogEye
22573,CatMouth
22574,DogNose
22575,DogMouth
22576,DogFace
22577,CatEye
22578,DogEye
22579,DogFace
22580,DogMouth
22581,DogMouth
22582,DogEye
22583,DogEye
22584,CatFace
22585,DogMouth
22586,CatNose
22587,DogMouth
22588,CatMouth
22589,CatFace
22590,DogEye
22591,CatEye
22592,CatEye
22593,CatMouth
22594,DogFace
22595,DogNose
22596,CatEye
22597,DogMouth
22598,CatMouth
22599,DogEye
22600,CatNose
22601,CatFace
22602,CatMouth
22603,CatNose
22604,DogFace
22605,DogMouth
22606,CatEye
22607,DogEye
22608,DogNose
22609,CatMouth
22610,CatEye
22611,CatNose
22612,DogMouth
22613,CatNose
22614,CatFace
22615,DogMouth
22616,DogFace
22617,CatFace
22618,CatMouth
22619,CatEye
22620,DogEye
22621,CatMouth
22622,CatMouth
22623,DogMouth
22624,DogMouth
22625,CatNose
22626,CatFace
22627,CatFace
22628,CatNose
22629,CatFace
22630,CatNose
22631,DogEye
22632,CatEye
22633,DogEye
22634,DogEye
22635,CatNose
22636,DogFace
22637,DogNose
22638,DogEye
22639,CatNose
22640,CatFace
22641,CatEye
22642,CatMouth
22643,DogFace
22644,DogMouth
22645,CatFace
22646,CatEye
22647,CatNose
22648,DogFace
22649,DogMouth
22650,CatNose
22651,DogNose
22652,DogMouth
22653,CatFace
22654,DogFace
22655,DogNose
22656,CatFace
22657,DogFace
22658,DogFace
22659,DogMouth
22660,CatFace
22661,DogFace
22662,DogFace
22663,DogMouth
22664,CatMouth
22665,CatMouth
22666,CatMouth
22667,DogMouth
22668,CatNose
22669,CatFace
22670,CatEye
22671,DogFace
22672,CatNose
22673,DogEye
22674,DogNose
22675,DogNose
22676,CatNose
22677,CatFace
22678,CatMouth
22679,DogNose
22680,CatEye
22681,CatFace
22682,CatEye
22683,DogEye
22684,DogFace
22685,DogMouth
22686,CatEye
22687,DogFace
22688,CatMouth
22689,DogEye
22690,DogEye
22691,DogEye
22692,DogNose
22693,CatMouth
22694,DogEye
22695,CatFace
22696,CatNose
22697,DogFace
22698,DogFace
22699,DogEye
22700,DogNose
22701,DogMouth
22702,DogFace
22703,DogMouth
22704,CatEye
22705,DogMouth
22706,DogNose
22707,DogMouth
22708,DogNose
22709,DogEye
22710,CatEye
22711,DogEye
22712,DogNose
22713,CatFace
22714,CatEye
22715,CatEye
22716,DogFace
22717,CatEye
22718,CatEye
22719,DogNose
22720,CatMouth
22721,DogMouth
22722,DogMouth
22723,CatMouth
22724,CatEye
22725,CatEye
22726,DogMouth
22727,DogMouth
22728,CatNose
22729,DogFace
22730,DogFace
22731,CatFace
22732,DogEye
22733,CatEye
22734,CatMouth
22735,DogFace
22736,CatMouth
22737,CatFace
22738,DogEye
22739,DogEye
22740,CatEye
22741,DogMouth
22742,DogNose
22743,CatFace
22744,CatMouth
22745,DogFace
22746,DogNose
22747,CatNose
22748,DogEye
22749,DogNose
22750,CatEye
22751,DogEye
22752,DogFace
22753,DogNose
22754,DogMouth
22755,DogEye
22756,CatEye
22757,CatFace
22758,DogNose
22759,CatFace
22760,DogMouth
22761,CatNose
22762,DogEye
22763,DogNose
22764,DogNose
22765,DogEye
22766,CatNose
22767,DogNose
22768,CatNose
22769,CatNose
22770,CatNose
22771,DogEye
22772,DogNose
22773,CatFace
22774,CatFace
22775,CatNose
22776,CatEye
22777,DogFace
22778,CatEye
22779,CatMouth
22780,CatNose
22781,CatMouth
22782,CatFace
22783,DogFace
22784,DogEye
22785,CatFace
22786,DogMouth
22787,DogMouth
22788,CatFace
22789,DogMouth
22790,DogEye
22791,CatNose
22792,CatMouth
22793,DogEye
22794,DogNose
22795,DogEye
22796,DogFace
22797,CatFace
22798,CatFace
22799,DogNose
22800,CatEye
22801,DogNose
22802,DogFace
22803,CatEye
22804,CatNose
22805,DogMouth
22806,CatEye
22807,DogEye
22808,CatFace
22809,DogFace
22810,CatEye
22811,DogMouth
22812,DogNose
22813,CatMouth
22814,CatNose
22815,DogEye
22816,CatMouth
22817,CatMouth
22818,CatNose
22819,CatMouth
22820,CatFace
22821,DogNose
22822,CatMouth
22823,CatFace
22824,DogEye
22825,DogFace
22826,DogEye
22827,DogEye
22828,DogEye
22829,CatNose
22830,DogEye
22831,DogFace
22832,CatMouth
22833,DogMouth
22834,DogMouth
22835,CatFace
22836,DogNose
22837,CatFace
22838,DogFace
22839,CatFace
22840,CatFace
22841,DogNose
22842,CatFace
22843,DogEye
22844,DogMouth
22845,CatNose
22846,DogEye
22847,DogMouth
22848,CatEye
22849,DogNose
22850,CatEye
22851,DogFace
22852,CatFace
22853,DogFace
22854,DogMouth
22855,DogEye
22856,CatEye
22857,DogNose
22858,DogNose
22859,CatMouth
22860,CatEye
22861,DogFace
22862,CatFace
22863,DogFace
22864,CatNose
22865,CatNose
22866,CatFace
22867,DogMouth
22868,DogNose
22869,DogMouth
22870,CatFace
22871,CatEye
22872,DogMouth
22873,CatEye
22874,CatMouth
22875,CatMouth
22876,CatEye
22877,DogEye
22878,CatFace
22879,CatEye
22880,DogNose
22881,DogEye
22882,DogEye
22883,DogFace
22884,CatMouth
22885,CatNose
22886,CatMouth
22887,DogNose
22888,DogMouth
22889,DogEye
22890,CatFace
22891,CatMouth
22892,DogEye
22893,CatEye
22894,DogEye
22895,DogEye
22896,CatFace
22897,CatFace
22898,DogFace
22899,DogFace
22900,DogFace
22901,DogMouth
22902,DogNose
22903,CatNose
22904,DogEye
22905,CatEye
22906,CatNose
22907,CatEye
22908,CatNose
22909,CatEye
22910,DogNose
22911,CatEye
22912,DogMouth
22913,CatFace
22914,DogFace
22915,DogMouth
22916,DogMouth
22917,DogNose
22918,CatNose
22919,DogFace
22920,CatNose
22921,DogMouth
22922,CatFace
22923,CatNose
22924,DogFace
22925,CatMouth
22926,DogEye
22927,CatNose
22928,CatFace
22929,DogEye
22930,DogEye
22931,CatMouth
22932,CatNose
22933,CatNose
22934,DogFace
22935,CatFace
22936,CatEye
22937,DogNose
22938,CatEye
22939,DogEye
22940,CatMouth
22941,DogEye
22942,CatNose
22943,CatFace
22944,CatMouth
22945,CatNose
22946,CatMouth
22947,CatMouth
22948,CatNose
22949,DogEye
22950,DogEye
22951,CatFace
22952,DogNose
22953,CatFace
22954,CatMouth
22955,CatEye
22956,CatEye
22957,CatNose
22958,CatMouth
22959,DogNose
22960,DogMouth
22961,DogEye
22962,CatMouth
22963,DogMouth
22964,CatEye
22965,CatMouth
22966,CatEye
22967,CatNose
22968,DogEye
22969,DogEye
22970,CatMouth
22971,DogNose
22972,DogNose
22973,DogNose
22974,CatNose
22975,DogEye
22976,CatNose
22977,DogEye
22978,DogEye
22979,CatNose
22980,CatNose
22981,DogNose
22982,CatEye
22983,DogFace
22984,CatMouth
22985,DogNose
22986,DogEye
22987,DogMouth
22988,CatEye
22989,DogNose
22990,DogNose
22991,CatFace
22992,CatMouth
22993,DogNose
22994,DogEye
22995,DogNose
22996,CatMouth
22997,CatEye
22998,CatFace
22999,CatMouth
23000,CatNose
23001,CatEye
23002,CatMouth
23003,CatEye
23004,CatEye
23005,DogFace
23006,DogEye
23007,DogNose
23008,DogEye
23009,DogMouth
23010,CatNose
23011,CatMouth
23012,DogMouth
23013,DogFace
23014,DogEye
23015,CatNose
23016,DogMouth
23017,CatNose
23018,CatNose
23019,DogEye
23020,CatMouth
23021,DogMouth
23022,CatEye
23023,CatEye
23024,CatNose
23025,CatMouth
23026,CatEye
23027,DogNose
23028,DogMouth
23029,CatMouth
23030,CatEye
23031,DogFace
23032,CatFace
23033,DogFace
23034,CatEye
23035,DogFace
23036,CatFace
23037,CatFace
23038,DogFace
23039,CatEye
23040,CatEye
23041,CatFace
23042,DogFace
23043,CatFace
23044,DogNose
23045,DogEye
23046,CatMouth
23047,DogFace
23048,DogEye
23049,DogEye
23050,CatMouth
23051,CatMouth
23052,CatEye
23053,CatMouth
23054,CatEye
23055,DogFace
23056,DogFace
23057,CatEye
23058,CatFace
23059,CatMouth
23060,DogEye
23061,CatEye
23062,DogNose
23063,CatEye
23064,DogFace
23065,DogNose
23066,CatFace
23067,DogNose
23068,DogNose
23069,DogFace
23070,CatNose
23071,DogEye
23072,CatEye
23073,CatNose
23074,DogMouth
23075,CatNose
23076,DogMouth
23077,DogFace
23078,CatEye
23079,DogEye
23080,DogFace
23081,DogMouth
23082,DogEye
23083,CatNose
23084,CatMouth
23085,DogMouth
23086,CatFace
23087,DogEye
23088,DogNose
23089,CatFace
23090,CatNose
23091,CatEye
23092,CatNose
23093,DogFace
23094,DogEye
23095,CatEye
23096,CatEye
23097,DogNose
23098,CatMouth
23099,CatMouth
23100,CatMouth
23101,CatEye
23102,DogNose
23103,CatMouth
23104,CatFace
23105,CatEye
23106,DogEye
23107,CatMouth
23108,CatFace
23109,DogMouth
23110,CatNose
23111,CatMouth
23112,DogFace
23113,DogNose
23114,CatFace
23115,DogFace
23116,CatEye
23117,CatNose
23118,DogFace
23119,DogNose
23120,CatMouth
23121,DogFace
23122,CatEye
23123,CatEye
23124,DogEye
23125,DogMouth
23126,CatEye
23127,DogNose
23128,DogMouth
23129,DogMouth
23130,CatNose
23131,DogEye
23132,DogMouth
23133,CatFace
23134,DogMouth
23135,CatMouth
23136,DogMouth
23137,DogFace
23138,DogEye
23139,CatFace
23140,CatFace
23141,DogEye
23142,CatEye
23143,CatMouth
23144,DogNose
23145,CatEye
23146,CatMouth
23147,CatMouth
23148,CatMouth
23149,CatMouth
23150,DogEye
23151,CatMouth
23152,CatNose
23153,DogEye
23154,DogEye
23155,DogEye
23156,CatFace
23157,CatFace
23158,DogMouth
23159,DogMouth
23160,CatMouth
23161,CatEye
23162,CatNose
23163,CatMouth
23164,DogNose
23165,DogMouth
23166,CatEye
23167,CatFace
23168,CatEye
23169,DogNose
23170,CatEye
23171,DogNose
23172,CatFace
23173,DogEye
23174,DogNose
23175,CatNose
23176,DogEye
23177,CatEye
23178,CatEye
23179,DogMouth
23180,DogFace
23181,CatNose
23182,DogMouth
23183,CatEye
23184,CatEye
23185,CatFace
23186,CatFace
23187,CatNose
23188,CatNose
23189,CatEye
23190,CatFace
23191,DogFace
23192,CatMouth
23193,CatMouth
23194,DogFace
23195,DogMouth
23196,CatNose
23197,CatMouth
23198,CatEye
23199,CatMouth
23200,DogEye
23201,CatFace
23202,CatMouth
23203,DogFace
23204,DogMouth
23205,DogEye
23206,DogEye
23207,DogFace
23208,CatMouth
23209,DogEye
23210,CatEye
23211,CatEye
23212,CatFace
23213,CatFace
23214,CatFace
23215,CatEye
23216,DogMouth
23217,DogEye
23218,CatMouth
23219,CatFace
23220,CatEye
23221,DogMouth
23222,CatFace
23223,CatEye
23224,CatNose
23225,CatFace
23226,DogNose
23227,CatFace
23228,CatMouth
23229,CatMouth
23230,CatEye
23231,DogFace
23232,DogMouth
23233,CatEye
23234,CatEye
23235,DogFace
23236,CatMouth
23237,DogFace
23238,CatNose
23239,CatFace
23240,CatEye
23241,DogMouth
23242,DogFace
23243,CatFace
23244,CatNose
23245,DogFace
23246,DogFace
23247,CatEye
23248,DogNose
23249,CatMouth
23250,DogEye
23251,CatMouth
23252,CatEye
23253,DogNose
23254,DogMouth
23255,CatNose
23256,CatEye
23257,DogFace
23258,DogFace
23259,DogEye
23260,DogEye
23261,CatFace
23262,DogFace
23263,CatFace
23264,DogNose
23265,CatFace
23266,CatFace
23267,DogMouth
23268,CatMouth
23269,DogEye
23270,DogEye
23271,CatEye
23272,DogNose
23273,CatEye
23274,CatMouth
23275,CatFace
23276,CatNose
23277,CatEye
23278,DogEye
23279,CatNose
23280,DogMouth
23281,CatMouth
23282,CatMouth
23283,CatFace
23284,CatEye
23285,CatFace
23286,DogEye
23287,DogMouth
23288,CatMouth
23289,DogNose
23290,CatMouth
23291,DogNose
23292,DogEye
23293,CatEye
23294,DogFace
23295,DogNose
23296,DogMouth
23297,DogFace
23298,CatFace
23299,DogNose
23300,DogMouth
23301,CatMouth
23302,DogFace
23303,CatFace
23304,DogNose
23305,DogEye
23306,DogMouth
23307,DogNose
23308,CatEye
23309,DogEye
23310,CatMouth
23311,DogEye
23312,DogNose
23313,DogFace
23314,CatEye
23315,CatNose
23316,CatNose
23317,DogMouth
23318,CatMouth
23319,CatFace
23320,DogNose
23321,CatEye
23322,CatFace
23323,CatEye
23324,CatNose
23325,CatNose
23326,DogFace
23327,DogFace
23328,CatEye
23329,CatMouth
23330,CatNose
23331,CatEye
23332,DogEye
23333,CatNose
23334,DogMouth
23335,DogMouth
23336,DogFace
23337,DogMouth
23338,CatMouth
23339,DogEye
23340,DogEye
23341,DogMouth
23342,DogMouth
23343,DogFace
23344,CatMouth
23345,DogMouth
23346,CatEye
23347,DogMouth
23348,CatEye
23349,CatNose
23350,CatFace
23351,CatNose
23352,DogFace
23353,CatNose
23354,CatMouth
23355,DogMouth
23356,DogEye
23357,CatNose
23358,CatNose
23359,CatMouth
23360,DogNose
23361,DogMouth
23362,DogNose
23363,CatFace
23364,DogFace
23365,CatMouth
23366,DogMouth
23367,DogEye
23368,DogEye
23369,CatFace
23370,CatFace
23371,DogNose
23372,DogMouth
23373,CatNose
23374,CatNose
23375,CatEye
23376,CatEye
23377,CatFace
23378,DogEye
23379,DogNose
23380,DogFace
23381,CatFace
23382,CatFace
23383,CatMouth
23384,DogMouth
23385,CatNose
23386,DogMouth
23387,DogEye
23388,DogEye
23389,CatNose
23390,DogNose
23391,CatNose
23392,CatMouth
23393,CatEye
23394,CatMouth
23395,CatNose
23396,DogMouth
23397,CatNose
23398,DogEye
23399,DogFace
23400,CatEye
23401,CatFace
23402,DogFace
23403,DogMouth
23404,DogEye
23405,CatFace
23406,DogFace
23407,CatEye
23408,CatNose
23409,CatNose
23410,DogEye
23411,DogNose
23412,DogEye
23413,DogFace
23414,CatNose
23415,CatEye
23416,CatEye
23417,CatMouth
23418,CatNose
23419,CatFace
23420,DogEye
23421,DogNose
23422,DogFace
23423,CatEye
23424,CatMouth
23425,DogEye
23426,DogFace
23427,CatEye
23428,CatNose
23429,DogMouth
23430,DogMouth
23431,DogEye
23432,DogNose
23433,CatFace
23434,DogFace
23435,DogMouth
23436,CatMouth
23437,DogEye
23438,CatEye
23439,DogFace
23440,CatFace
23441,CatMouth
23442,CatMouth
23443,DogEye
23444,CatEye
23445,CatMouth
23446,DogMouth
23447,CatEye
23448,CatMouth
23449,DogFace
23450,DogEye
23451,CatFace
23452,CatMouth
23453,DogEye
23454,CatNose
23455,CatFace
23456,CatNose
23457,CatEye
23458,CatFace
23459,CatEye
23460,CatEye
23461,CatMouth
23462,CatMouth
23463,DogFace
23464,CatFace
23465,CatFace
23466,CatNose
23467,CatNose
23468,CatFace
23469,DogMouth
23470,CatFace
23471,CatFace
23472,DogEye
23473,DogFace
23474,DogMouth
23475,DogFace
23476,DogMouth
23477,CatFace
23478,CatNose
23479,CatEye
23480,DogFace
23481,CatEye
23482,CatNose
23483,DogNose
23484,CatNose
23485,DogNose
23486,CatFace
23487,CatFace
23488,CatNose
23489,CatEye
23490,DogEye
23491,DogNose
23492,CatNose
23493,CatEye
23494,CatEye
23495,CatMouth
23496,DogMouth
23497,CatMouth
23498,DogEye
23499,DogMouth
23500,CatEye
23501,CatEye
23502,CatMouth
23503,DogMouth
23504,CatEye
23505,DogNose
23506,CatMouth
23507,DogMouth
23508,CatEye
23509,CatMouth
23510,CatMouth
23511,CatNose
23512,DogFace
23513,DogEye
23514,CatMouth
23515,DogEye
23516,CatEye
23517,CatEye
23518,CatEye
23519,CatFace
23520,DogMouth
23521,DogEye
23522,CatMouth
23523,DogNose
23524,DogNose
23525,DogNose
23526,CatEye
23527,DogFace
23528,DogNose
23529,CatMouth
23530,DogNose
23531,CatEye
23532,CatNose
23533,CatMouth
23534,CatFace
23535,DogMouth
23536,DogFace
23537,CatEye
23538,CatEye
23539,CatMouth
23540,DogNose
23541,CatFace
23542,CatEye
23543,DogEye
23544,CatMouth
23545,CatNose
23546,CatEye
23547,DogNose
23548,CatNose
23549,DogMouth
23550,DogNose
23551,DogNose
23552,CatFace
23553,CatNose
23554,DogEye
23555,CatMouth
23556,DogFace
23557,CatFace
23558,DogNose
23559,CatFace
23560,DogNose
23561,DogEye
23562,DogEye
23563,DogNose
23564,DogFace
23565,CatNose
23566,DogNose
23567,CatNose
23568,DogFace
23569,DogEye
23570,CatNose
23571,DogEye
23572,CatMouth
23573,DogNose
23574,DogNose
23575,CatNose
23576,DogEye
23577,DogNose
23578,CatMouth
23579,DogNose
23580,CatMouth
23581,CatFace
23582,DogNose
23583,CatNose
23584,DogNose
23585,DogFace
23586,CatFace
23587,DogNose
23588,CatMouth
23589,DogMouth
23590,DogMouth
23591,DogEye
23592,DogMouth
23593,CatFace
23594,CatNose
23595,DogMouth
23596,DogMouth
23597,DogMouth
23598,DogMouth
23599,CatEye
23600,CatMouth
23601,CatEye
23602,DogNose
23603,DogFace
23604,DogEye
23605,DogEye
23606,DogFace
23607,DogFace
23608,DogMouth
23609,CatMouth
23610,CatNose
23611,CatNose
23612,CatMouth
23613,DogFace
23614,DogFace
23615,DogEye
23616,DogMouth
23617,DogMouth
23618,CatMouth
23619,DogEye
23620,DogFace
23621,CatMouth
23622,DogEye
23623,DogFace
23624,DogMouth
23625,DogEye
23626,DogEye
23627,DogNose
23628,CatEye
23629,CatEye
23630,DogFace
23631,CatEye
23632,DogFace
23633,CatNose
23634,DogEye
23635,DogEye
23636,DogFace
23637,DogMouth
23638,DogNose
23639,CatFace
23640,DogMouth
23641,CatFace
23642,CatEye
23643,CatEye
23644,DogFace
23645,DogEye
23646,DogFace
23647,DogFace
23648,CatEye
23649,DogNose
23650,DogNose
23651,DogNose
23652,DogFace
23653,CatEye
23654,CatEye
23655,DogEye
23656,DogNose
23657,DogMouth
23658,CatNose
23659,DogEye
23660,CatFace
23661,CatEye
23662,DogMouth
23663,DogEye
23664,CatFace
23665,DogMouth
23666,CatEye
23667,CatFace
23668,DogNose
23669,DogFace
23670,DogNose
23671,CatFace
23672,CatFace
23673,CatEye
23674,DogEye
23675,DogFace
23676,CatEye
23677,CatNose
23678,CatEye
23679,CatMouth
23680,CatFace
23681,DogMouth
23682,DogNose
23683,CatEye
23684,CatEye
23685,DogMouth
23686,CatMouth
23687,DogMouth
23688,DogFace
23689,DogEye
23690,CatNose
23691,CatMouth
23692,CatNose
23693,CatNose
23694,CatEye
23695,DogMouth
23696,CatFace
23697,DogNose
23698,CatEye
23699,CatEye
23700,DogEye
23701,CatEye
23702,DogNose
23703,DogMouth
23704,CatMouth
23705,DogEye
23706,CatEye
23707,CatNose
23708,CatMouth
23709,DogFace
23710,DogFace
23711,DogFace
23712,DogEye
23713,CatEye
23714,DogNose
23715,DogMouth
23716,CatMouth
23717,CatMouth
23718,CatFace
23719,DogEye
23720,DogEye
23721,CatEye
23722,CatMouth
23723,DogEye
23724,DogNose
23725,DogEye
23726,DogMouth
23727,CatMouth
23728,DogEye
23729,CatNose
23730,CatFace
23731,CatEye
23732,DogFace
23733,DogMouth
23734,CatNose
23735,DogMouth
23736,CatMouth
23737,DogNose
23738,DogFace
23739,CatNose
23740,DogNose
23741,CatFace
23742,DogMouth
23743,CatFace
23744,CatNose
23745,DogNose
23746,CatNose
23747,DogEye
23748,CatFace
23749,CatNose
23750,DogNose
23751,DogMouth
23752,DogMouth
23753,CatFace
23754,CatMouth
23755,DogNose
23756,DogEye
23757,DogNose
23758,CatMouth
23759,CatMouth
23760,DogMouth
23761,CatEye
23762,DogEye
23763,DogNose
23764,CatMouth
23765,CatMouth
23766,CatFace
23767,CatNose
23768,CatEye
23769,CatMouth
23770,DogFace
23771,DogEye
23772,DogEye
23773,DogNose
23774,CatMouth
23775,DogNose
23776,CatEye
23777,CatMouth
23778,CatFace
23779,CatEye
23780,CatMouth
23781,DogFace
23782,CatFace
23783,CatEye
23784,CatNose
23785,DogEye
23786,CatFace
23787,DogMouth
23788,DogNose
23789,CatFace
23790,CatEye
23791,CatEye
23792,DogNose
23793,DogFace
23794,DogNose
23795,CatMouth
23796,DogMouth
23797,DogMouth
23798,DogEye
23799,CatNose
23800,CatFace
23801,DogFace
23802,DogNose
23803,DogMouth
23804,DogMouth
23805,DogNose
23806,CatFace
23807,CatEye
23808,CatNose
23809,CatNose
23810,DogEye
23811,DogNose
23812,CatMouth
23813,CatNose
23814,DogFace
23815,DogFace
23816,CatEye
23817,DogFace
23818,DogNose
23819,DogNose
23820,DogMouth
23821,CatEye
23822,CatEye
23823,DogMouth
23824,CatEye
23825,DogNose
23826,DogEye
23827,CatFace
23828,DogEye
23829,CatMouth
23830,CatNose
23831,CatFace
23832,DogEye
23833,DogEye
23834,CatFace
23835,CatNose
23836,CatMouth
23837,CatMouth
23838,DogMouth
23839,DogNose
23840,CatEye
23841,CatFace
23842,DogNose
23843,DogNose
23844,CatMouth
23845,CatFace
23846,DogNose
23847,DogNose
23848,DogEye
23849,CatNose
23850,CatEye
23851,CatNose
23852,CatFace
23853,DogEye
23854,CatFace
23855,CatMouth
23856,DogFace
23857,DogFace
23858,DogMouth
23859,CatFace
23860,DogNose
23861,CatNose
23862,DogFace
23863,CatEye
23864,CatFace
23865,DogEye
23866,CatFace
23867,DogMouth
23868,DogEye
23869,CatFace
23870,CatEye
23871,DogFace
23872,DogMouth
23873,CatFace
23874,CatEye
23875,CatNose
23876,CatMouth
23877,DogMouth
23878,CatNose
23879,CatEye
23880,DogFace
23881,CatNose
23882,CatMouth
23883,CatFace
23884,DogEye
23885,CatNose
23886,CatEye
23887,CatEye
23888,CatNose
23889,DogMouth
23890,DogNose
23891,CatEye
23892,DogEye
23893,CatEye
23894,DogNose
23895,CatEye
23896,CatFace
23897,DogEye
23898,DogFace
23899,CatFace
23900,CatMouth
23901,CatNose
23902,DogFace
23903,DogNose
23904,CatMouth
23905,CatEye
23906,CatFace
23907,CatNose
23908,CatNose
23909,DogFace
23910,CatMouth
23911,CatEye
23912,DogEye
23913,CatFace
23914,CatMouth
23915,CatEye
23916,CatFace
23917,CatFace
23918,DogNose
23919,DogEye
23920,CatEye
23921,DogFace
23922,DogEye
23923,CatFace
23924,CatEye
23925,CatEye
23926,DogFace
23927,DogMouth
23928,CatMouth
23929,CatFace
23930,CatMouth
23931,CatFace
23932,DogFace
23933,DogFace
23934,DogMouth
23935,CatFace
23936,DogFace
23937,DogMouth
23938,CatNose
23939,DogFace
23940,DogMouth
23941,DogMouth
23942,DogMouth
23943,CatMouth
23944,DogFace
23945,DogNose
23946,CatEye
23947,DogNose
23948,CatNose
23949,DogFace
23950,CatMouth
23951,DogMouth
23952,CatNose
23953,CatNose
23954,DogMouth
23955,CatFace
23956,CatMouth
23957,CatFace
23958,CatMouth
23959,DogEye
23960,DogMouth
23961,CatNose
23962,DogEye
23963,DogNose
23964,CatEye
23965,CatFace
23966,DogEye
23967,DogFace
23968,DogNose
23969,DogEye
23970,DogMouth
23971,CatFace
23972,DogEye
23973,CatEye
23974,CatEye
23975,DogEye
23976,CatMouth
23977,DogFace
23978,DogNose
23979,DogNose
23980,DogFace
23981,DogFace
23982,CatMouth
23983,CatFace
23984,DogEye
23985,DogEye
23986,DogFace
23987,CatMouth
23988,DogEye
23989,DogMouth
23990,DogMouth
23991,CatMouth
23992,DogFace
23993,DogMouth
23994,CatFace
23995,CatNose
23996,DogEye
23997,DogMouth
23998,DogNose
23999,DogMouth
24000,DogMouth
24001,CatNose
24002,CatNose
24003,DogFace
24004,DogMouth
24005,CatFace
24006,CatMouth
24007,CatFace
24008,DogEye
24009,CatNose
24010,DogNose
24011,CatFace
24012,DogMouth
24013,CatMouth
24014,DogMouth
24015,CatEye
24016,CatFace
24017,CatFace
24018,CatEye
24019,DogEye
24020,DogMouth
24021,DogEye
24022,DogFace
24023,CatFace
24024,CatMouth
24025,CatEye
24026,DogEye
24027,CatFace
24028,DogFace
24029,CatFace
24030,CatNose
24031,DogNose
24032,DogFace
24033,CatMouth
24034,CatMouth
24035,DogFace
24036,DogFace
24037,DogEye
24038,CatMouth
24039,DogNose
24040,CatMouth
24041,DogEye
24042,DogMouth
24043,DogFace
24044,DogEye
24045,DogMouth
24046,CatEye
24047,CatMouth
24048,DogFace
24049,CatNose
24050,CatNose
24051,DogFace
24052,CatEye
24053,CatFace
24054,CatFace
24055,CatEye
24056,DogEye
24057,DogEye
24058,CatEye
24059,CatEye
24060,CatFace
24061,CatEye
24062,CatMouth
24063,DogFace
24064,DogNose
24065,CatEye
24066,DogEye
24067,CatEye
24068,CatEye
24069,CatFace
24070,DogNose
24071,DogFace
24072,CatNose
24073,DogEye
24074,DogFace
24075,CatFace
24076,CatFace
24077,CatFace
24078,DogEye
24079,DogEye
24080,CatEye
24081,CatMouth
24082,CatNose
24083,CatEye
24084,DogFace
24085,CatFace
24086,DogFace
24087,DogNose
24088,DogNose
24089,DogFace
24090,DogNose
24091,CatFace
24092,DogMouth
24093,DogEye
24094,CatMouth
24095,DogFace
24096,CatMouth
24097,DogMouth
24098,CatEye
24099,CatEye
24100,DogFace
24101,DogMouth
24102,CatEye
24103,DogMouth
24104,CatNose
24105,DogMouth
24106,DogEye
24107,DogMouth
24108,DogMouth
24109,DogEye
24110,DogFace
24111,DogFace
24112,DogNose
24113,DogEye
24114,DogMouth
24115,DogNose
24116,DogNose
24117,DogNose
24118,DogEye
24119,DogFace
24120,DogEye
24121,DogEye
24122,CatFace
24123,DogMouth
24124,CatNose
24125,DogEye
24126,DogFace
24127,CatMouth
24128,CatMouth
24129,CatMouth
24130,CatFace
24131,DogEye
24132,DogMouth
24133,DogFace
24134,DogNose
24135,DogEye
24136,CatEye
24137,DogEye
24138,CatNose
24139,CatEye
24140,DogEye
24141,CatMouth
24142,CatNose
24143,DogEye
24144,DogMouth
24145,CatNose
24146,CatEye
24147,DogEye
24148,CatNose
24149,DogMouth
24150,DogMouth
24151,CatFace
24152,CatFace
24153,CatMouth
24154,DogEye
24155,DogNose
24156,DogFace
24157,DogFace
24158,CatMouth
24159,CatFace
24160,CatNose
24161,DogNose
24162,CatMouth
24163,DogNose
24164,DogEye
24165,CatNose
24166,CatEye
24167,DogEye
24168,DogMouth
24169,CatNose
24170,DogMouth
24171,DogEye
24172,DogEye
24173,DogNose
24174,DogMouth
24175,CatNose
24176,DogEye
24177,DogNose
24178,DogFace
24179,DogMouth
24180,DogMouth
24181,CatEye
24182,DogFace
24183,CatMouth
24184,CatFace
24185,CatMouth
24186,DogFace
24187,DogEye
24188,DogEye
24189,CatNose
24190,CatNose
24191,DogMouth
24192,DogFace
24193,DogFace
24194,CatEye
24195,CatNose
24196,DogEye
24197,CatNose
24198,CatMouth
24199,DogEye
24200,DogMouth
24201,DogEye
24202,DogEye
24203,CatNose
24204,CatMouth
24205,CatEye
24206,DogEye
24207,CatMouth
24208,CatNose
24209,CatNose
24210,DogFace
24211,DogMouth
24212,CatFace
24213,CatFace
24214,CatEye
24215,DogNose
24216,CatFace
24217,DogNose
24218,DogEye
24219,CatFace
24220,CatMouth
24221,CatEye
24222,DogNose
24223,DogFace
24224,DogFace
24225,CatMouth
24226,CatNose
24227,CatFace
24228,CatEye
24229,CatMouth
24230,CatEye
24231,CatFace
24232,DogMouth
24233,CatMouth
24234,DogMouth
24235,CatFace
24236,DogEye
24237,CatMouth
24238,DogMouth
24239,DogEye
24240,DogFace
24241,DogNose
24242,DogFace
24243,CatNose
24244,DogFace
24245,DogEye
24246,DogNose
24247,CatMouth
24248,CatFace
24249,DogEye
24250,CatNose
24251,DogEye
24252,DogFace
24253,DogFace
24254,DogEye
24255,DogMouth
24256,CatFace
24257,DogMouth
24258,CatNose
24259,DogMouth
24260,CatFace
24261,DogNose
24262,CatNose
24263,DogEye
24264,CatNose
24265,DogNose
24266,DogFace
24267,DogFace
24268,CatNose
24269,DogMouth
24270,CatNose
24271,DogFace
24272,CatNose
24273,CatNose
24274,DogEye
24275,DogEye
24276,CatEye
24277,CatEye
24278,CatFace
24279,DogEye
24280,DogEye
24281,CatFace
24282,DogEye
24283,DogMouth
24284,DogNose
24285,CatNose
24286,DogNose
24287,DogEye
24288,DogEye
24289,CatNose
24290,CatEye
24291,CatMouth
24292,DogFace
24293,CatMouth
24294,CatEye
24295,DogFace
24296,DogEye
24297,CatNose
24298,DogEye
24299,CatMouth
24300,CatMouth
24301,DogEye
24302,DogMouth
24303,CatEye
24304,DogEye
24305,CatMouth
24306,DogNose
24307,DogFace
24308,CatFace
24309,CatNose
24310,DogNose
24311,CatMouth
24312,DogFace
24313,CatEye
24314,CatFace
24315,DogMouth
24316,CatNose
24317,CatFace
24318,CatMouth
24319,DogNose
24320,DogMouth
24321,DogEye
24322,CatNose
24323,CatMouth
24324,DogMouth
24325,DogFace
24326,DogEye
24327,CatEye
24328,CatEye
24329,CatFace
24330,DogNose
24331,CatNose
24332,DogNose
24333,CatNose
24334,CatFace
24335,DogMouth
24336,DogMouth
24337,CatFace
24338,DogNose
24339,DogNose
24340,CatEye
24341,CatMouth
24342,DogNose
24343,DogEye
24344,CatEye
24345,DogFace
24346,DogFace
24347,CatFace
24348,CatEye
24349,DogEye
24350,CatEye
24351,DogEye
24352,CatNose
24353,DogMouth
24354,CatMouth
24355,CatNose
24356,DogEye
24357,CatNose
24358,CatNose
24359,CatEye
24360,DogEye
24361,CatNose
24362,CatFace
24363,CatEye
24364,CatEye
24365,CatEye
24366,DogEye
24367,CatFace
24368,DogMouth
24369,CatMouth
24370,DogNose
24371,CatFace
24372,DogFace
24373,CatFace
24374,CatEye
24375,DogEye
24376,CatMouth
24377,DogEye
24378,CatNose
24379,CatMouth
24380,CatFace
24381,DogMouth
24382,DogNose
24383,CatNose
24384,CatEye
24385,DogEye
24386,CatNose
24387,CatNose
24388,CatNose
24389,DogNose
24390,CatNose
24391,DogMouth
24392,CatEye
24393,CatNose
24394,CatMouth
24395,DogMouth
24396,CatNose
24397,CatMouth
24398,DogEye
24399,CatMouth
24400,DogMouth
24401,CatNose
24402,DogFace
24403,CatMouth
24404,DogEye
24405,DogNose
24406,DogMouth
24407,DogNose
24408,DogNose
24409,DogEye
24410,DogNose
24411,CatMouth
24412,DogEye
24413,CatMouth
24414,DogNose
24415,DogNose
24416,DogMouth
24417,CatNose
24418,CatFace
24419,DogNose
24420,CatMouth
24421,CatNose
24422,DogEye
24423,DogMouth
24424,DogNose
24425,DogEye
24426,DogFace
24427,CatEye
24428,DogEye
24429,CatNose
24430,CatEye
24431,DogNose
24432,CatFace
24433,CatFace
24434,CatMouth
24435,DogNose
24436,CatMouth
24437,CatNose
24438,CatEye
24439,DogMouth
24440,DogNose
24441,DogFace
24442,DogEye
24443,CatNose
24444,CatMouth
24445,DogMouth
24446,DogNose
24447,CatNose
24448,CatFace
24449,CatFace
24450,CatNose
24451,CatMouth
24452,CatMouth
24453,CatMouth
24454,DogMouth
24455,DogMouth
24456,CatNose
24457,DogNose
24458,DogEye
24459,DogFace
24460,CatFace
24461,CatFace
24462,CatEye
24463,DogEye
24464,CatMouth
24465,DogMouth
24466,DogNose
24467,CatNose
24468,DogNose
24469,CatEye
24470,CatFace
24471,DogFace
24472,DogEye
24473,DogFace
24474,CatFace
24475,CatMouth
24476,DogFace
24477,DogEye
24478,CatFace
24479,DogMouth
24480,DogNose
24481,CatMouth
24482,DogEye
24483,DogEye
24484,CatEye
24485,DogNose
24486,CatEye
24487,DogNose
24488,CatMouth
24489,DogMouth
24490,CatFace
24491,CatMouth
24492,DogEye
24493,DogNose
24494,CatEye
24495,CatFace
24496,DogEye
24497,DogNose
24498,DogMouth
24499,CatNose
24500,DogFace
24501,DogNose
24502,DogFace
24503,DogFace
24504,CatMouth
24505,CatNose
24506,CatMouth
24507,DogFace
24508,CatMouth
24509,DogFace
24510,CatNose
24511,CatMouth
24512,CatEye
24513,DogEye
24514,CatMouth
24515,DogFace
24516,CatEye
24517,CatEye
24518,CatNose
24519,DogMouth
24520,DogFace
24521,DogNose
24522,CatEye
24523,DogFace
24524,DogEye
24525,DogFace
24526,DogNose
24527,DogFace
24528,CatMouth
24529,DogEye
24530,DogFace
24531,CatEye
24532,DogNose
24533,CatEye
24534,CatMouth
24535,DogFace
24536,CatEye
24537,CatNose
24538,CatEye
24539,CatNose
24540,CatNose
24541,CatFace
24542,DogEye
24543,CatNose
24544,DogNose
24545,DogMouth
24546,DogMouth
24547,DogEye
24548,DogFace
24549,CatNose
24550,CatMouth
24551,DogMouth
24552,CatMouth
24553,CatEye
24554,CatFace
24555,CatMouth
24556,DogNose
24557,DogEye
24558,DogMouth
24559,CatNose
24560,CatMouth
24561,DogMouth
24562,CatEye
24563,CatFace
24564,DogNose
24565,DogEye
24566,CatNose
24567,CatFace
24568,CatFace
24569,DogNose
24570,CatFace
24571,DogFace
24572,DogNose
24573,CatMouth
24574,DogMouth
24575,DogEye
24576,CatEye
24577,CatNose
24578,CatMouth
24579,DogFace
24580,DogNose
24581,CatFace
24582,DogNose
24583,CatMouth
24584,DogNose
24585,CatEye
24586,CatEye
24587,DogEye
24588,DogEye
24589,CatEye
24590,CatEye
24591,DogEye
24592,CatFace
24593,CatEye
24594,DogEye
24595,CatNose
24596,DogMouth
24597,CatMouth
24598,DogEye
24599,DogEye
24600,CatNose
24601,DogNose
24602,DogFace
24603,DogFace
24604,CatEye
24605,DogMouth
24606,CatMouth
24607,DogFace
24608,CatNose
24609,DogNose
24610,CatMouth
24611,DogMouth
24612,DogEye
24613,CatNose
24614,DogNose
24615,CatEye
24616,DogNose
24617,CatNose
24618,DogNose
24619,CatFace
24620,DogEye
24621,DogEye
24622,CatFace
24623,CatNose
24624,CatFace
24625,DogNose
24626,DogFace
24627,CatEye
24628,CatEye
24629,CatMouth
24630,DogEye
24631,CatNose
24632,CatEye
24633,CatNose
24634,CatFace
24635,CatMouth
24636,DogEye
24637,CatMouth
24638,CatMouth
24639,DogEye
24640,DogEye
24641,DogMouth
24642,DogEye
24643,DogEye
24644,CatFace
24645,DogFace
24646,CatNose
24647,DogEye
24648,CatFace
24649,CatEye
24650,CatFace
24651,DogMouth
24652,DogEye
24653,CatEye
24654,CatFace
24655,DogEye
24656,DogEye
24657,DogEye
24658,DogMouth
24659,DogFace
24660,CatNose
24661,CatNose
24662,DogFace
24663,CatNose
24664,DogEye
24665,DogFace
24666,DogEye
24667,CatMouth
24668,DogFace
24669,CatMouth
24670,CatFace
24671,DogNose
24672,DogFace
24673,CatMouth
24674,DogEye
24675,DogNose
24676,CatNose
24677,CatEye
24678,DogFace
24679,DogMouth
24680,DogNose
24681,DogNose
24682,CatNose
24683,DogFace
24684,DogMouth
24685,DogNose
24686,CatEye
24687,CatNose
24688,DogMouth
24689,DogNose
24690,CatEye
24691,CatEye
24692,DogEye
24693,CatEye
24694,CatEye
24695,DogEye
24696,CatMouth
24697,CatNose
24698,DogMouth
24699,DogFace
24700,CatEye
24701,DogFace
24702,DogMouth
24703,CatFace
24704,CatEye
24705,DogEye
24706,CatFace
24707,DogEye
24708,CatNose
24709,CatNose
24710,DogMouth
24711,DogFace
24712,CatFace
24713,CatNose
24714,DogNose
24715,CatMouth
24716,DogEye
24717,DogEye
24718,CatFace
24719,DogFace
24720,CatEye
24721,CatFace
24722,CatMouth
24723,CatNose
24724,DogNose
24725,CatNose
24726,DogEye
24727,DogFace
24728,CatEye
24729,DogMouth
24730,CatEye
24731,CatFace
24732,DogNose
24733,CatFace
24734,CatMouth
24735,DogNose
24736,CatFace
24737,DogFace
24738,DogFace
24739,DogEye
24740,DogFace
24741,CatEye
24742,CatMouth
24743,CatEye
24744,CatEye
24745,CatEye
24746,CatFace
24747,DogNose
24748,CatNose
24749,CatEye
24750,DogFace
24751,DogNose
24752,CatFace
24753,CatEye
24754,DogEye
24755,CatFace
24756,DogFace
24757,CatFace
24758,CatFace
24759,DogMouth
24760,CatEye
24761,DogFace
24762,CatEye
24763,DogMouth
24764,CatEye
24765,DogFace
24766,DogEye
24767,CatNose
24768,DogMouth
24769,CatMouth
24770,CatEye
24771,DogNose
24772,CatNose
24773,DogFace
24774,DogNose
24775,CatFace
24776,CatEye
24777,CatEye
24778,DogMouth
24779,CatFace
24780,CatNose
24781,CatEye
24782,CatFace
24783,CatNose
24784,DogEye
24785,CatNose
24786,CatEye
24787,DogEye
24788,DogMouth
24789,DogEye
24790,DogMouth
24791,DogFace
24792,CatFace
24793,CatFace
24794,DogEye
24795,CatEye
24796,DogNose
24797,CatFace
24798,DogMouth
24799,CatMouth
24800,CatFace
24801,DogMouth
24802,DogEye
24803,CatFace
24804,CatEye
24805,CatFace
24806,CatEye
24807,DogEye
24808,DogEye
24809,CatNose
24810,CatFace
24811,DogNose
24812,CatNose
24813,CatEye
24814,CatNose
24815,DogEye
24816,DogNose
24817,DogFace
24818,DogMouth
24819,CatFace
24820,CatEye
24821,DogMouth
24822,DogFace
24823,CatMouth
24824,CatEye
24825,CatFace
24826,DogMouth
24827,DogMouth
24828,DogFace
24829,DogMouth
24830,CatFace
24831,CatMouth
24832,CatMouth
24833,DogMouth
24834,CatEye
24835,DogMouth
24836,CatFace
24837,DogNose
24838,CatEye
24839,CatEye
24840,CatNose
24841,DogNose
24842,DogMouth
24843,DogNose
24844,DogEye
24845,DogEye
24846,CatEye
24847,DogMouth
24848,DogFace
24849,DogFace
24850,DogMouth
24851,CatFace
24852,CatFace
24853,DogMouth
24854,DogEye
24855,CatFace
24856,CatNose
24857,DogNose
24858,DogMouth
24859,DogMouth
24860,CatFace
24861,DogEye
24862,DogMouth
24863,CatEye
24864,DogEye
24865,DogFace
24866,CatMouth
24867,CatEye
24868,CatMouth
24869,CatEye
24870,CatNose
24871,CatEye
24872,CatFace
24873,DogMouth
24874,DogMouth
24875,CatMouth
24876,CatFace
24877,CatMouth
24878,CatNose
24879,CatEye
24880,DogNose
24881,DogNose
24882,CatNose
24883,CatMouth
24884,DogMouth
24885,CatMouth
24886,CatEye
24887,CatFace
24888,DogFace
24889,CatEye
24890,DogNose
24891,DogEye
24892,DogFace
24893,CatMouth
24894,DogFace
24895,CatNose
24896,DogNose
24897,CatNose
24898,DogEye
24899,CatNose
24900,CatEye
24901,CatFace
24902,DogNose
24903,CatMouth
24904,DogMouth
24905,DogMouth
24906,CatEye
24907,CatEye
24908,DogEye
24909,DogNose
24910,CatEye
24911,CatEye
24912,CatFace
24913,DogMouth
24914,CatNose
24915,CatEye
24916,CatNose
24917,DogMouth
24918,CatFace
24919,CatFace
24920,CatMouth
24921,CatNose
24922,CatFace
24923,CatFace
24924,CatMouth
24925,CatFace
24926,CatFace
24927,DogEye
24928,CatNose
24929,CatFace
24930,CatEye
24931,CatEye
24932,CatEye
24933,DogFace
24934,CatNose
24935,DogMouth
24936,DogMouth
24937,CatMouth
24938,DogFace
24939,DogEye
24940,DogEye
24941,DogFace
24942,CatNose
24943,CatFace
24944,CatEye
24945,CatEye
24946,DogFace
24947,CatNose
24948,DogMouth
24949,CatMouth
24950,CatFace
24951,CatNose
24952,CatNose
24953,DogFace
24954,DogNose
24955,CatMouth
24956,CatNose
24957,CatEye
24958,DogNose
24959,DogMouth
24960,CatNose
24961,DogNose
24962,DogMouth
24963,CatFace
24964,DogMouth
24965,CatMouth
24966,DogMouth
24967,CatNose
24968,DogMouth
24969,CatMouth
24970,CatMouth
24971,CatNose
24972,DogEye
24973,DogFace
24974,CatMouth
24975,DogNose
24976,CatNose
24977,DogEye
24978,CatNose
24979,DogMouth
24980,DogNose
24981,CatMouth
24982,CatMouth
24983,CatEye
24984,DogEye
24985,DogNose
24986,CatEye
24987,DogEye
24988,CatMouth
24989,DogEye
24990,CatEye
24991,CatEye
24992,DogMouth
24993,DogFace
24994,CatFace
24995,DogNose
24996,DogEye
24997,DogMouth
24998,CatEye
24999,DogFace
25000,CatNose
25001,CatMouth
25002,DogMouth
25003,CatFace
25004,DogFace
25005,CatEye
25006,CatNose
25007,DogFace
25008,CatNose
25009,DogEye
25010,DogEye
25011,CatNose
25012,DogFace
25013,CatFace
25014,CatNose
25015,CatEye
25016,CatEye
25017,DogNose
25018,CatEye
25019,CatFace
25020,CatEye
25021,CatEye
25022,DogEye
25023,CatNose
25024,DogNose
25025,DogNose
25026,CatMouth
25027,CatMouth
25028,CatFace
25029,DogFace
25030,CatEye
25031,CatEye
25032,CatNose
25033,CatEye
25034,DogNose
25035,DogMouth
25036,CatFace
25037,DogNose
25038,DogEye
25039,CatFace
25040,CatEye
25041,CatMouth
25042,DogFace
25043,CatFace
25044,CatEye
25045,CatEye
25046,DogEye
25047,DogFace
25048,DogEye
25049,CatNose
25050,CatNose
25051,DogNose
25052,CatMouth
25053,CatNose
25054,CatMouth
25055,CatEye
25056,DogMouth
25057,DogNose
25058,DogMouth
25059,DogFace
25060,CatMouth
25061,CatMouth
25062,CatEye
25063,DogFace
25064,CatFace
25065,CatFace
25066,DogEye
25067,DogEye
25068,DogEye
25069,DogMouth
25070,CatNose
25071,CatFace
25072,DogNose
25073,CatMouth
25074,CatFace
25075,CatMouth
25076,DogEye
25077,DogNose
25078,DogNose
25079,CatFace
25080,CatFace
25081,DogMouth
25082,DogFace
25083,CatNose
25084,CatEye
25085,DogFace
25086,CatEye
25087,CatNose
25088,CatFace
25089,DogFace
25090,DogEye
25091,DogEye
25092,CatFace
25093,CatMouth
25094,DogNose
25095,DogEye
25096,DogNose
25097,DogMouth
25098,DogEye
25099,DogFace
25100,CatMouth
25101,CatFace
25102,CatEye
25103,DogMouth
25104,CatFace
25105,CatMouth
25106,DogMouth
25107,CatFace
25108,DogFace
25109,CatNose
25110,CatEye
25111,CatEye
25112,DogNose
25113,CatFace
25114,DogNose
25115,CatFace
25116,DogNose
25117,DogFace
25118,CatFace
25119,CatNose
25120,CatFace
25121,CatEye
25122,DogMouth
25123,DogMouth
25124,DogFace
25125,DogNose
25126,CatMouth
25127,CatMouth
25128,CatMouth
25129,CatEye
25130,CatEye
25131,CatFace
25132,CatEye
25133,CatEye
25134,CatNose
25135,CatFace
25136,DogNose
25137,CatEye
25138,CatMouth
25139,CatEye
25140,DogMouth
25141,DogFace
25142,CatMouth
25143,DogEye
25144,DogEye
25145,CatEye
25146,CatFace
25147,DogFace
25148,CatMouth
25149,DogFace
25150,DogEye
25151,CatFace
25152,CatNose
25153,CatEye
25154,DogNose
25155,CatEye
25156,DogEye
25157,DogFace
25158,DogEye
25159,CatNose
25160,DogMouth
25161,DogNose
25162,DogMouth
25163,DogMouth
25164,CatNose
25165,DogMouth
25166,CatNose
25167,DogFace
25168,DogEye
25169,CatNose
25170,DogEye
25171,DogFace
25172,CatFace
25173,DogFace
25174,CatNose
25175,CatFace
25176,DogFace
25177,DogEye
25178,CatEye
25179,DogMouth
25180,DogEye
25181,CatEye
25182,CatFace
25183,CatFace
25184,CatNose
25185,DogFace
25186,DogMouth
25187,DogMouth
25188,CatMouth
25189,DogEye
25190,DogMouth
25191,DogEye
25192,CatFace
25193,CatFace
25194,CatNose
25195,CatNose
25196,CatEye
25197,CatEye
25198,DogFace
25199,CatFace
25200,DogFace
25201,DogMouth
25202,DogFace
25203,CatFace
25204,CatFace
25205,CatEye
25206,CatEye
25207,CatNose
25208,CatMouth
25209,CatNose
25210,DogEye
25211,CatMouth
25212,DogNose
25213,DogFace
25214,CatEye
25215,CatMouth
25216,CatMouth
25217,CatFace
25218,CatEye
25219,CatNose
25220,DogMouth
25221,DogFace
25222,DogEye
25223,CatMouth
25224,CatEye
25225,DogNose
25226,DogMouth
25227,DogEye
25228,CatMouth
25229,CatNose
25230,CatEye
25231,DogFace
25232,CatFace
25233,CatFace
25234,CatEye
25235,DogFace
25236,DogMouth
25237,CatMouth
25238,CatNose
25239,CatMouth
25240,CatMouth
25241,DogEye
25242,CatFace
25243,DogEye
25244,DogNose
25245,CatMouth
25246,CatMouth
25247,CatNose
25248,CatEye
25249,DogEye
25250,DogFace
25251,CatNose
25252,DogNose
25253,CatMouth
25254,DogEye
25255,DogEye
25256,CatFace
25257,DogFace
25258,DogEye
25259,CatFace
25260,DogEye
25261,DogFace
25262,CatMouth
25263,CatMouth
25264,DogMouth
25265,DogNose
25266,CatNose
25267,CatEye
25268,DogEye
25269,DogEye
25270,DogEye
25271,DogMouth
25272,CatEye
25273,DogNose
25274,DogFace
25275,CatEye
25276,DogEye
25277,DogFace
25278,DogNose
25279,DogFace
25280,CatNose
25281,DogNose
25282,DogMouth
25283,DogEye
25284,CatNose
25285,CatFace
25286,DogFace
25287,CatNose
25288,DogEye
25289,CatNose
25290,CatFace
25291,DogMouth
25292,DogFace
25293,DogFace
25294,CatMouth
25295,CatMouth
25296,DogFace
25297,DogEye
25298,CatEye
25299,CatNose
25300,DogNose
25301,CatNose
25302,CatMouth
25303,DogMouth
25304,DogNose
25305,DogFace
25306,DogNose
25307,DogMouth
25308,CatEye
25309,DogMouth
25310,CatEye
25311,DogEye
25312,CatNose
25313,DogEye
25314,CatNose
25315,DogFace
25316,CatFace
25317,CatMouth
25318,CatNose
25319,DogNose
25320,DogNose
25321,CatNose
25322,DogMouth
25323,DogEye
25324,DogFace
25325,CatMouth
25326,DogMouth
25327,DogNose
25328,CatMouth
25329,DogEye
25330,CatMouth
25331,DogFace
25332,CatEye
25333,CatNose
25334,CatNose
25335,DogEye
25336,DogEye
25337,CatFace
25338,CatMouth
25339,CatEye
25340,CatFace
25341,CatNose
25342,CatMouth
25343,CatEye
25344,CatEye
25345,CatEye
25346,CatMouth
25347,CatEye
25348,CatMouth
25349,DogMouth
25350,CatEye
25351,CatEye
25352,CatEye
25353,CatEye
25354,CatFace
25355,DogMouth
25356,DogFace
25357,DogFace
25358,DogEye
25359,CatEye
25360,CatNose
25361,DogFace
25362,DogMouth
25363,CatEye
25364,DogMouth
25365,CatFace
25366,CatFace
25367,CatFace
25368,CatFace
25369,CatEye
25370,DogFace
25371,DogMouth
25372,CatMouth
25373,DogNose
25374,CatNose
25375,CatEye
25376,CatFace
25377,CatMouth
25378,CatMouth
25379,CatFace
25380,CatEye
25381,DogNose
25382,DogNose
25383,CatEye
25384,CatNose
25385,CatMouth
25386,DogEye
25387,CatFace
25388,DogNose
25389,CatNose
25390,CatNose
25391,DogNose
25392,CatFace
25393,DogMouth
25394,CatMouth
25395,DogMouth
25396,DogMouth
25397,DogNose
25398,CatEye
25399,CatEye
25400,CatEye
25401,CatEye
25402,DogFace
25403,DogMouth
25404,DogEye
25405,CatEye
25406,CatMouth
25407,DogEye
25408,CatMouth
25409,DogMouth
25410,DogEye
25411,DogFace
25412,DogEye
25413,DogEye
25414,CatEye
25415,DogMouth
25416,DogEye
25417,CatEye
25418,DogEye
25419,DogFace
25420,CatFace
25421,CatFace
25422,CatNose
25423,DogFace
25424,DogEye
25425,CatEye
25426,CatFace
25427,CatMouth
25428,DogEye
25429,CatEye
25430,CatNose
25431,DogFace
25432,CatFace
25433,CatEye
25434,DogEye
25435,DogMouth
25436,DogEye
25437,DogNose
25438,CatEye
25439,DogEye
25440,CatNose
25441,DogFace
25442,DogNose
25443,CatNose
25444,DogMouth
25445,CatNose
25446,CatMouth
25447,CatMouth
25448,CatFace
25449,CatMouth
25450,CatFace
25451,CatEye
25452,CatMouth
25453,DogMouth
25454,CatNose
25455,DogEye
25456,CatNose
25457,DogMouth
25458,DogFace
25459,DogFace
25460,DogNose
25461,CatNose
25462,CatEye
25463,CatEye
25464,DogMouth
25465,DogEye
25466,CatNose
25467,DogEye
25468,CatEye
25469,DogMouth
25470,CatMouth
25471,CatNose
25472,CatFace
25473,CatNose
25474,DogNose
25475,DogFace
25476,CatFace
25477,DogMouth
25478,DogNose
25479,CatFace
25480,CatEye
25481,CatNose
25482,CatFace
25483,DogNose
25484,CatMouth
25485,DogMouth
25486,DogFace
25487,DogNose
25488,CatEye
25489,CatEye
25490,CatMouth
25491,CatEye
25492,DogNose
25493,DogEye
25494,CatNose
25495,DogEye
25496,DogEye
25497,DogEye
25498,DogFace
25499,CatEye
25500,CatNose
25501,DogNose
25502,DogNose
25503,CatNose
25504,CatNose
25505,CatNose
25506,CatFace
25507,CatNose
25508,DogNose
25509,CatEye
25510,CatMouth
25511,CatNose
25512,DogNose
25513,DogEye
25514,CatMouth
25515,DogMouth
25516,CatFace
25517,CatEye
25518,DogEye
25519,CatMouth
25520,DogEye
25521,DogMouth
25522,CatMouth
25523,CatFace
25524,DogEye
25525,DogMouth
25526,CatFace
25527,CatNose
25528,DogNose
25529,CatFace
25530,CatMouth
25531,DogEye
25532,CatFace
25533,CatFace
25534,CatFace
25535,DogFace
25536,DogMouth
25537,DogNose
25538,CatEye
25539,DogEye
25540,CatNose
25541,CatEye
25542,DogEye
25543,DogMouth
25544,DogMouth
25545,DogEye
25546,DogNose
25547,DogFace
25548,CatNose
25549,DogNose
25550,DogMouth
25551,DogEye
25552,DogMouth
25553,CatNose
25554,CatEye
25555,CatFace
25556,CatNose
25557,CatNose
25558,DogEye
25559,CatNose
25560,DogEye
25561,CatNose
25562,CatFace
25563,CatMouth
25564,DogMouth
25565,CatFace
25566,CatEye
25567,DogMouth
25568,DogFace
25569,DogEye
25570,DogNose
25571,CatNose
25572,DogNose
25573,CatFace
25574,CatNose
25575,DogMouth
25576,CatFace
25577,DogMouth
25578,CatNose
25579,CatNose
25580,CatEye
25581,CatMouth
25582,CatEye
25583,DogFace
25584,DogEye
25585,CatFace
25586,CatNose
25587,CatFace
25588,CatMouth
25589,DogFace
25590,DogEye
25591,CatFace
25592,DogEye
25593,DogEye
25594,DogEye
25595,CatEye
25596,CatMouth
25597,CatNose
25598,DogNose
25599,DogNose
25600,CatEye
25601,DogNose
25602,CatNose
25603,CatMouth
25604,DogFace
25605,DogFace
25606,CatNose
25607,CatNose
25608,CatFace
25609,DogEye
25610,CatEye
25611,CatFace
25612,DogFace
25613,DogNose
25614,DogFace
25615,CatEye
25616,DogNose
25617,DogEye
25618,DogEye
25619,CatFace
25620,DogMouth
25621,CatEye
25622,CatFace
25623,DogEye
25624,CatEye
25625,DogMouth
25626,CatNose
25627,DogEye
25628,DogMouth
25629,CatNose
25630,DogNose
25631,CatMouth
25632,DogEye
25633,CatMouth
25634,DogMouth
25635,CatFace
25636,DogNose
25637,CatFace
25638,CatMouth
25639,DogMouth
25640,DogNose
25641,CatFace
25642,CatEye
25643,DogFace
25644,DogFace
25645,DogNose
25646,CatEye
25647,DogFace
25648,DogMouth
25649,DogFace
25650,DogEye
25651,DogMouth
25652,DogMouth
25653,CatMouth
25654,DogMouth
25655,DogMouth
25656,CatEye
25657,DogFace
25658,DogFace
25659,DogFace
25660,CatEye
25661,DogNose
25662,DogFace
25663,CatEye
25664,CatEye
25665,DogEye
25666,CatNose
25667,CatNose
25668,CatMouth
25669,DogEye
25670,CatEye
25671,DogEye
25672,CatNose
25673,CatNose
25674,DogNose
25675,DogNose
25676,CatMouth
25677,DogMouth
25678,CatNose
25679,CatNose
25680,DogEye
25681,DogFace
25682,CatMouth
25683,DogEye
25684,CatNose
25685,CatNose
25686,CatNose
25687,CatFace
25688,DogEye
25689,CatEye
25690,DogNose
25691,DogFace
25692,DogFace
25693,DogNose
25694,CatEye
25695,DogFace
25696,CatMouth
25697,CatMouth
25698,DogFace
25699,CatMouth
25700,CatEye
25701,DogEye
25702,DogNose
25703,DogEye
25704,DogEye
25705,DogMouth
25706,DogFace
25707,CatMouth
25708,CatNose
25709,CatMouth
25710,CatFace
25711,CatMouth
25712,CatNose
25713,CatFace
25714,DogEye
25715,CatEye
25716,CatMouth
25717,CatNose
25718,CatEye
25719,CatMouth
25720,CatEye
25721,CatEye
25722,CatNose
25723,DogNose
25724,DogNose
25725,CatNose
25726,DogFace
25727,CatNose
25728,CatEye
25729,CatEye
25730,CatFace
25731,CatEye
25732,CatNose
25733,CatFace
25734,DogEye
25735,CatFace
25736,DogEye
25737,CatNose
25738,CatFace
25739,CatNose
25740,DogMouth
25741,DogEye
25742,CatFace
25743,DogFace
25744,CatNose
25745,DogFace
25746,DogFace
25747,CatFace
25748,DogMouth
25749,CatMouth
25750,CatFace
25751,CatEye
25752,DogNose
25753,CatFace
25754,DogMouth
25755,CatFace
25756,DogNose
25757,DogNose
25758,DogFace
25759,DogFace
25760,DogNose
25761,CatNose
25762,CatNose
25763,DogFace
25764,CatEye
25765,DogEye
25766,CatNose
25767,CatMouth
25768,DogFace
25769,DogFace
25770,CatFace
25771,CatNose
25772,CatEye
25773,CatNose
25774,CatFace
25775,DogNose
25776,DogEye
25777,DogFace
25778,DogMouth
25779,DogEye
25780,DogMouth
25781,CatEye
25782,CatFace
25783,DogNose
25784,CatNose
25785,CatMouth
25786,DogMouth
25787,CatFace
25788,CatEye
25789,CatFace
25790,DogEye
25791,CatEye
25792,CatNose
25793,DogEye
25794,CatNose
25795,CatMouth
25796,DogFace
25797,CatMouth
25798,CatEye
25799,CatNose
25800,CatNose
25801,DogEye
25802,DogEye
25803,CatMouth
25804,CatNose
25805,CatNose
25806,DogEye
25807,DogEye
25808,CatMouth
25809,CatEye
25810,DogNose
25811,CatNose
25812,CatNose
25813,CatMouth
25814,DogNose
25815,DogFace
25816,DogMouth
25817,CatMouth
25818,DogFace
25819,CatMouth
25820,CatNose
25821,DogMouth
25822,DogNose
25823,DogEye
25824,CatEye
25825,DogNose
25826,CatNose
25827,DogEye
25828,DogMouth
25829,DogFace
25830,DogMouth
25831,DogEye
25832,CatEye
25833,CatFace
25834,DogNose
25835,DogNose
25836,CatMouth
25837,DogEye
25838,CatMouth
25839,DogNose
25840,DogFace
25841,CatFace
25842,DogEye
25843,DogNose
25844,CatMouth
25845,CatFace
25846,DogFace
25847,DogNose
25848,DogEye
25849,CatFace
25850,CatFace
25851,DogNose
25852,CatEye
25853,CatMouth
25854,CatMouth
25855,CatNose
25856,CatNose
25857,DogFace
25858,DogMouth
25859,CatNose
25860,DogFace
25861,CatMouth
25862,DogNose
25863,DogMouth
25864,CatEye
25865,DogNose
25866,CatMouth
25867,CatMouth
25868,DogEye
25869,DogEye
25870,CatNose
25871,CatFace
25872,DogMouth
25873,DogEye
25874,DogNose
25875,DogMouth
25876,DogFace
25877,CatFace
25878,CatEye
25879,CatEye
25880,DogFace
25881,DogFace
25882,DogEye
25883,DogFace
25884,DogNose
25885,DogEye
25886,DogMouth
25887,CatFace
25888,CatMouth
25889,DogMouth
25890,DogEye
25891,DogFace
25892,DogNose
25893,CatFace
25894,CatFace
25895,DogMouth
25896,CatFace
25897,DogEye
25898,CatEye
25899,CatNose
25900,DogEye
25901,DogNose
25902,DogMouth
25903,DogEye
25904,DogMouth
25905,DogFace
25906,CatMouth
25907,DogFace
25908,CatFace
25909,CatMouth
25910,CatEye
25911,DogEye
25912,CatFace
25913,CatNose
25914,CatFace
25915,CatFace
25916,DogMouth
25917,DogFace
25918,DogFace
25919,DogNose
25920,DogEye
25921,DogFace
25922,DogEye
25923,CatEye
25924,CatNose
25925,CatMouth
25926,CatEye
25927,CatEye
25928,CatMouth
25929,DogEye
25930,CatFace
25931,CatNose
25932,DogEye
25933,DogFace
25934,DogFace
25935,CatEye
25936,CatEye
25937,DogEye
25938,DogEye
25939,CatEye
25940,DogFace
25941,DogNose
25942,CatFace
25943,CatEye
25944,CatEye
25945,CatMouth
25946,DogEye
25947,CatMouth
25948,DogEye
25949,DogMouth
25950,CatNose
25951,CatNose
25952,CatMouth
25953,DogEye
25954,DogNose
25955,CatMouth
25956,CatMouth
25957,CatFace
25958,CatMouth
25959,CatNose
25960,CatFace
25961,CatMouth
25962,DogNose
25963,CatMouth
25964,DogFace
25965,DogEye
25966,CatFace
25967,DogEye
25968,DogEye
25969,DogFace
25970,CatFace
25971,DogEye
25972,DogFace
25973,CatMouth
25974,DogMouth
25975,CatNose
25976,DogMouth
25977,CatEye
25978,CatNose
25979,CatFace
25980,CatNose
25981,DogEye
25982,CatFace
25983,CatFace
25984,DogFace
25985,CatFace
25986,CatNose
25987,DogFace
25988,CatNose
25989,CatMouth
25990,CatMouth
25991,DogFace
25992,CatNose
25993,DogEye
25994,CatMouth
25995,CatFace
25996,DogEye
25997,CatEye
25998,CatNose
25999,DogEye
26000,DogEye
26001,DogEye
26002,DogMouth
26003,DogNose
26004,CatMouth
26005,CatEye
26006,CatNose
26007,DogNose
26008,DogMouth
26009,CatEye
26010,CatEye
26011,DogNose
26012,CatEye
26013,DogFace
26014,DogNose
26015,DogMouth
26016,DogFace
26017,CatEye
26018,DogEye
26019,DogNose
26020,CatMouth
26021,CatNose
26022,CatEye
26023,CatEye
26024,CatFace
26025,CatMouth
26026,CatFace
26027,CatEye
26028,CatEye
26029,CatEye
26030,CatNose
26031,DogEye
26032,CatMouth
26033,DogEye
26034,CatNose
26035,DogEye
26036,CatNose
26037,DogEye
26038,CatEye
26039,CatEye
26040,CatNose
26041,CatNose
26042,DogFace
26043,DogEye
26044,CatMouth
26045,CatNose
26046,CatEye
26047,DogNose
26048,CatNose
26049,CatNose
26050,DogEye
26051,CatFace
26052,DogEye
26053,CatFace
26054,DogNose
26055,CatNose
26056,DogEye
26057,DogMouth
26058,DogFace
26059,CatFace
26060,DogMouth
26061,CatMouth
26062,CatNose
26063,CatFace
26064,CatEye
26065,DogEye
26066,CatFace
26067,DogNose
26068,CatEye
26069,CatNose
26070,DogEye
26071,CatFace
26072,CatFace
26073,DogNose
26074,DogEye
26075,DogEye
26076,DogMouth
26077,DogNose
26078,CatEye
26079,DogFace
26080,DogFace
26081,CatMouth
26082,CatEye
26083,DogEye
26084,DogEye
26085,CatEye
26086,DogNose
26087,CatMouth
26088,CatFace
26089,CatFace
26090,CatEye
26091,CatEye
26092,CatEye
26093,CatMouth
26094,CatFace
26095,CatNose
26096,DogEye
26097,DogEye
26098,DogEye
26099,DogEye
26100,DogMouth
26101,CatMouth
26102,CatFace
26103,CatFace
26104,DogNose
26105,CatNose
26106,DogMouth
26107,CatFace
26108,DogEye
26109,CatFace
26110,CatNose
26111,DogNose
26112,DogNose
26113,DogEye
26114,DogEye
26115,DogEye
26116,CatMouth
26117,CatFace
26118,CatFace
26119,CatMouth
26120,CatNose
26121,CatEye
26122,DogFace
26123,CatNose
26124,CatMouth
26125,CatEye
26126,CatFace
26127,CatNose
26128,DogMouth
26129,DogMouth
26130,DogFace
26131,CatMouth
26132,DogNose
26133,CatEye
26134,CatNose
26135,DogEye
26136,DogNose
26137,CatNose
26138,CatNose
26139,DogFace
26140,DogNose
26141,CatMouth
26142,CatEye
26143,CatNose
26144,DogEye
26145,CatNose
26146,CatEye
26147,CatNose
26148,DogMouth
26149,CatNose
26150,DogNose
26151,DogFace
26152,CatEye
26153,DogMouth
26154,CatNose
26155,DogNose
26156,DogMouth
26157,DogNose
26158,DogEye
26159,DogMouth
26160,DogMouth
26161,CatFace
26162,CatMouth
26163,CatMouth
26164,CatEye
26165,CatFace
26166,DogNose
26167,CatNose
26168,DogMouth
26169,CatFace
26170,DogNose
26171,CatFace
26172,DogNose
26173,CatEye
26174,CatMouth
26175,CatNose
26176,CatFace
26177,CatNose
26178,CatNose
26179,CatMouth
26180,DogEye
26181,CatFace
26182,DogEye
26183,CatMouth
26184,CatFace
26185,DogFace
26186,CatFace
26187,DogFace
26188,CatMouth
26189,DogNose
26190,CatMouth
26191,DogEye
26192,DogEye
26193,DogFace
26194,CatMouth
26195,DogEye
26196,CatNose
26197,DogNose
26198,CatMouth
26199,DogEye
26200,CatEye
26201,DogEye
26202,DogNose
26203,DogEye
26204,DogFace
26205,DogMouth
26206,CatNose
26207,CatEye
26208,CatNose
26209,CatNose
26210,DogFace
26211,DogMouth
26212,CatEye
26213,DogNose
26214,DogMouth
26215,CatEye
26216,CatFace
26217,DogMouth
26218,CatEye
26219,CatFace
26220,DogEye
26221,DogNose
26222,DogNose
26223,DogEye
26224,CatNose
26225,CatEye
26226,CatMouth
26227,DogEye
26228,DogEye
26229,CatFace
26230,DogEye
26231,DogMouth
26232,CatMouth
26233,CatEye
26234,CatEye
26235,CatEye
26236,CatEye
26237,CatNose
26238,CatNose
26239,CatNose
26240,CatFace
26241,DogFace
26242,CatEye
26243,CatEye
26244,CatMouth
26245,DogNose
26246,DogEye
26247,CatMouth
26248,CatNose
26249,CatEye
26250,CatNose
26251,CatEye
26252,DogEye
26253,CatEye
26254,DogMouth
26255,CatFace
26256,DogEye
26257,CatNose
26258,CatFace
26259,CatNose
26260,DogFace
26261,DogNose
26262,DogNose
26263,DogEye
26264,DogNose
26265,DogMouth
26266,CatNose
26267,CatNose
26268,CatEye
26269,DogEye
26270,DogFace
26271,CatMouth
26272,CatNose
26273,CatEye
26274,CatFace
26275,DogEye
26276,DogMouth
26277,CatEye
26278,DogEye
26279,DogEye
26280,DogMouth
26281,DogMouth
26282,DogEye
26283,CatEye
26284,CatEye
26285,DogNose
26286,CatFace
26287,CatMouth
26288,DogEye
26289,DogFace
26290,DogNose
26291,DogFace
26292,CatNose
26293,DogNose
26294,DogMouth
26295,DogNose
26296,CatNose
26297,CatFace
26298,DogNose
26299,CatNose
26300,CatNose
26301,CatNose
26302,DogMouth
26303,CatFace
26304,CatMouth
26305,DogNose
26306,CatNose
26307,DogEye
26308,DogFace
26309,DogNose
26310,CatEye
26311,DogEye
26312,CatEye
26313,CatFace
26314,CatFace
26315,CatFace
26316,DogFace
26317,DogFace
26318,CatNose
26319,DogEye
26320,CatEye
26321,CatEye
26322,DogMouth
26323,DogMouth
26324,DogFace
26325,CatMouth
26326,DogMouth
26327,DogMouth
26328,CatEye
26329,CatMouth
26330,CatNose
26331,DogMouth
26332,DogNose
26333,CatEye
26334,DogEye
26335,CatEye
26336,DogMouth
26337,CatNose
26338,CatNose
26339,CatNose
26340,DogFace
26341,DogMouth
26342,DogFace
26343,CatNose
26344,CatNose
26345,CatEye
26346,DogEye
26347,DogEye
26348,CatNose
26349,DogEye
26350,CatMouth
26351,CatMouth
26352,DogEye
26353,CatFace
26354,CatFace
26355,DogNose
26356,CatFace
26357,DogFace
26358,DogEye
26359,CatFace
26360,CatNose
26361,DogMouth
26362,CatFace
26363,CatEye
26364,CatNose
26365,DogEye
26366,CatFace
26367,DogEye
26368,CatEye
26369,CatEye
26370,CatNose
26371,CatFace
26372,CatEye
26373,DogMouth
26374,DogNose
26375,DogNose
26376,DogMouth
26377,DogEye
26378,DogNose
26379,CatNose
26380,CatFace
26381,DogFace
26382,DogEye
26383,DogFace
26384,DogEye
26385,CatMouth
26386,DogNose
26387,CatNose
26388,CatNose
26389,CatNose
26390,CatNose
26391,CatFace
26392,CatFace
26393,CatEye
26394,CatEye
26395,DogEye
26396,DogNose
26397,DogNose
26398,CatEye
26399,CatMouth
26400,DogEye
26401,CatNose
26402,DogFace
26403,DogMouth
26404,CatFace
26405,DogMouth
26406,CatEye
26407,DogEye
26408,CatMouth
26409,DogNose
26410,CatFace
26411,CatMouth
26412,DogFace
26413,CatNose
26414,CatMouth
26415,CatNose
26416,DogEye
26417,CatMouth
26418,DogEye
26419,DogEye
26420,DogEye
26421,CatEye
26422,CatFace
26423,DogFace
26424,DogNose
26425,DogFace
26426,CatFace
26427,CatFace
26428,DogFace
26429,CatFace
26430,DogEye
26431,CatNose
26432,CatMouth
26433,CatMouth
26434,DogFace
26435,CatFace
26436,DogNose
26437,DogFace
26438,CatFace
26439,CatNose
26440,CatMouth
26441,DogNose
26442,CatEye
26443,CatEye
26444,CatEye
26445,DogEye
26446,CatEye
26447,CatNose
26448,CatNose
26449,CatMouth
26450,CatEye
26451,DogNose
26452,CatEye
26453,CatMouth
26454,CatMouth
26455,DogFace
26456,CatMouth
26457,DogFace
26458,CatEye
26459,DogFace
26460,CatNose
26461,CatMouth
26462,DogEye
26463,DogMouth
26464,DogEye
26465,CatMouth
26466,DogFace
26467,CatFace
26468,DogEye
26469,DogNose
26470,CatMouth
26471,DogMouth
26472,DogEye
26473,DogNose
26474,DogMouth
26475,CatFace
26476,CatFace
26477,CatNose
26478,CatEye
26479,CatNose
26480,DogEye
26481,CatFace
26482,DogFace
26483,DogEye
26484,CatEye
26485,DogFace
26486,DogEye
26487,CatNose
26488,DogMouth
26489,CatEye
26490,CatFace
26491,DogEye
26492,CatEye
26493,DogMouth
26494,CatFace
26495,DogNose
26496,CatFace
26497,DogEye
26498,DogFace
26499,CatNose
26500,CatFace
26501,DogEye
26502,CatNose
26503,CatNose
26504,DogFace
26505,DogMouth
26506,DogEye
26507,DogEye
26508,DogEye
26509,DogNose
26510,DogEye
26511,DogEye
26512,CatFace
26513,DogEye
26514,CatEye
26515,DogEye
26516,CatFace
26517,CatEye
26518,DogFace
26519,DogEye
26520,DogMouth
26521,DogFace
26522,CatNose
26523,CatMouth
26524,CatFace
26525,DogEye
26526,CatMouth
26527,CatMouth
26528,DogMouth
26529,DogFace
26530,CatNose
26531,DogNose
26532,CatEye
26533,CatNose
26534,DogFace
26535,CatMouth
26536,CatMouth
26537,DogEye
26538,CatFace
26539,CatEye
26540,CatFace
26541,DogNose
26542,CatNose
26543,CatMouth
26544,DogEye
26545,DogNose
26546,DogNose
26547,DogEye
26548,CatNose
26549,CatNose
26550,DogFace
26551,DogMouth
26552,DogEye
26553,DogMouth
26554,DogEye
26555,CatNose
26556,CatEye
26557,DogMouth
26558,CatFace
26559,DogFace
26560,DogFace
26561,DogMouth
26562,DogNose
26563,CatMouth
26564,CatEye
26565,DogFace
26566,DogMouth
26567,CatMouth
26568,DogMouth
26569,DogMouth
26570,DogEye
26571,CatNose
26572,CatEye
26573,DogFace
26574,DogNose
26575,CatMouth
26576,CatFace
26577,DogNose
26578,DogFace
26579,CatEye
26580,DogNose
26581,DogMouth
26582,CatMouth
26583,DogMouth
26584,CatMouth
26585,CatEye
26586,DogEye
26587,CatEye
26588,CatEye
26589,DogNose
26590,DogEye
26591,DogFace
26592,CatNose
26593,CatNose
26594,DogNose
26595,CatNose
26596,DogEye
26597,DogMouth
26598,CatNose
26599,DogFace
26600,DogNose
26601,CatEye
26602,DogNose
26603,DogMouth
26604,DogMouth
26605,CatNose
26606,DogFace
26607,DogNose
26608,CatEye
26609,DogMouth
26610,CatMouth
26611,CatEye
26612,CatFace
26613,DogNose
26614,DogNose
26615,DogFace
26616,CatFace
26617,DogFace
26618,CatNose
26619,DogFace
26620,CatNose
26621,CatFace
26622,DogEye
26623,CatNose
26624,DogEye
26625,CatFace
26626,CatEye
26627,CatEye
26628,CatNose
26629,CatEye
26630,CatNose
26631,DogNose
26632,DogFace
26633,DogEye
26634,DogNose
26635,DogFace
26636,DogNose
26637,CatNose
26638,DogNose
26639,CatFace
26640,CatNose
26641,DogFace
26642,CatFace
26643,DogEye
26644,CatMouth
26645,DogNose
26646,DogEye
26647,CatNose
26648,CatNose
26649,DogEye
26650,CatMouth
26651,DogMouth
26652,DogMouth
26653,DogMouth
26654,CatFace
26655,CatFace
26656,CatEye
26657,CatMouth
26658,CatMouth
26659,DogEye
26660,CatFace
26661,CatEye
26662,DogFace
26663,CatNose
26664,DogMouth
26665,CatNose
26666,CatMouth
26667,CatEye
26668,CatEye
26669,DogEye
26670,CatNose
26671,DogEye
26672,CatMouth
26673,CatMouth
26674,CatNose
26675,DogNose
26676,DogEye
26677,CatMouth
26678,DogMouth
26679,CatEye
26680,CatFace
26681,CatMouth
26682,CatNose
26683,CatFace
26684,CatEye
26685,CatFace
26686,CatMouth
26687,DogFace
26688,CatMouth
26689,DogNose
26690,DogEye
26691,CatEye
26692,CatMouth
26693,DogNose
26694,CatFace
26695,CatNose
26696,CatNose
26697,DogMouth
26698,DogFace
26699,DogNose
26700,DogFace
26701,CatNose
26702,DogMouth
26703,CatMouth
26704,DogMouth
26705,CatNose
26706,CatEye
26707,DogNose
26708,DogEye
26709,DogNose
26710,CatMouth
26711,DogFace
26712,DogEye
26713,CatMouth
26714,DogMouth
26715,DogMouth
26716,CatFace
26717,DogMouth
26718,CatFace
26719,DogEye
26720,CatFace
26721,CatFace
26722,CatNose
26723,CatEye
26724,CatNose
26725,CatFace
26726,CatNose
26727,DogFace
26728,DogNose
26729,CatEye
26730,DogEye
26731,DogMouth
26732,CatEye
26733,CatEye
26734,DogNose
26735,CatEye
26736,CatMouth
26737,DogMouth
26738,DogNose
26739,DogMouth
26740,CatMouth
26741,CatNose
26742,DogMouth
26743,CatMouth
26744,DogMouth
26745,DogEye
26746,DogNose
26747,DogEye
26748,CatEye
26749,DogNose
26750,CatNose
26751,CatNose
26752,CatNose
26753,DogNose
26754,DogMouth
26755,CatEye
26756,CatEye
26757,CatNose
26758,CatFace
26759,CatNose
26760,DogEye
26761,DogMouth
26762,DogFace
26763,DogMouth
26764,CatEye
26765,DogNose
26766,DogMouth
26767,DogFace
26768,DogMouth
26769,DogEye
26770,DogNose
26771,CatFace
26772,CatMouth
26773,CatFace
26774,DogFace
26775,CatNose
26776,DogMouth
26777,DogEye
26778,CatMouth
26779,CatMouth
26780,DogEye
26781,DogNose
26782,DogEye
26783,DogEye
26784,CatNose
26785,CatEye
26786,CatMouth
26787,DogEye
26788,CatEye
26789,DogFace
26790,CatFace
26791,DogFace
26792,CatEye
26793,DogEye
26794,CatNose
26795,CatMouth
26796,DogFace
26797,CatEye
26798,CatNose
26799,CatMouth
26800,CatEye
26801,CatEye
26802,DogEye
26803,CatEye
26804,CatEye
26805,DogFace
26806,CatEye
26807,CatNose
26808,CatMouth
26809,CatEye
26810,CatMouth
26811,CatEye
26812,DogMouth
26813,DogEye
26814,DogMouth
26815,CatNose
26816,CatEye
26817,DogNose
26818,DogFace
26819,DogMouth
26820,DogMouth
26821,DogMouth
26822,CatEye
26823,CatFace
26824,CatEye
26825,DogFace
26826,CatFace
26827,CatEye
26828,DogNose
26829,CatEye
26830,CatNose
26831,CatEye
26832,CatEye
26833,CatFace
26834,DogEye
26835,CatFace
26836,CatEye
26837,CatMouth
26838,DogMouth
26839,DogEye
26840,DogNose
26841,DogMouth
26842,DogMouth
26843,DogNose
26844,DogEye
26845,CatFace
26846,DogMouth
26847,DogMouth
26848,DogFace
26849,DogEye
26850,DogEye
26851,DogNose
26852,DogNose
26853,DogMouth
26854,DogEye
26855,CatFace
26856,DogEye
26857,DogFace
26858,CatFace
26859,CatNose
26860,DogEye
26861,DogEye
26862,CatMouth
26863,DogNose
26864,CatMouth
26865,CatMouth
26866,DogNose
26867,CatEye
26868,CatFace
26869,DogEye
26870,CatMouth
26871,CatMouth
26872,DogEye
26873,DogEye
26874,CatNose
26875,CatEye
26876,DogMouth
26877,CatEye
26878,DogMouth
26879,CatEye
26880,DogMouth
26881,CatNose
26882,DogFace
26883,DogMouth
26884,DogEye
26885,DogMouth
26886,CatFace
26887,DogMouth
26888,CatNose
26889,CatEye
26890,DogNose
26891,DogEye
26892,CatEye
26893,CatEye
26894,CatEye
26895,DogNose
26896,CatFace
26897,DogNose
26898,DogFace
26899,DogEye
26900,DogMouth
26901,DogFace
26902,DogFace
26903,CatFace
26904,CatNose
26905,DogNose
26906,CatEye
26907,DogMouth
26908,DogNose
26909,DogEye
26910,CatEye
26911,DogFace
26912,CatMouth
26913,CatFace
26914,DogFace
26915,CatMouth
26916,DogFace
26917,CatNose
26918,DogNose
26919,CatEye
26920,DogFace
26921,CatFace
26922,CatMouth
26923,CatEye
26924,DogNose
26925,CatEye
26926,CatFace
26927,DogFace
26928,DogFace
26929,DogMouth
26930,DogNose
26931,DogNose
26932,DogMouth
26933,DogNose
26934,DogNose
26935,CatMouth
26936,DogFace
26937,DogMouth
26938,CatMouth
26939,CatEye
26940,DogEye
26941,CatFace
26942,DogEye
26943,CatNose
26944,CatFace
26945,CatNose
26946,CatMouth
26947,CatEye
26948,CatEye
26949,CatNose
26950,CatNose
26951,DogEye
26952,CatMouth
26953,DogFace
26954,DogNose
26955,DogFace
26956,DogNose
26957,CatEye
26958,DogEye
26959,DogEye
26960,DogFace
26961,CatEye
26962,DogNose
26963,DogFace
26964,DogEye
26965,DogFace
26966,CatMouth
26967,CatFace
26968,CatFace
26969,CatFace
26970,DogEye
26971,DogEye
26972,CatEye
26973,DogEye
26974,DogEye
26975,CatFace
26976,CatFace
26977,CatNose
26978,DogFace
26979,CatMouth
26980,DogFace
26981,DogMouth
26982,CatEye
26983,CatNose
26984,CatEye
26985,DogNose
26986,CatMouth
26987,DogMouth
26988,DogNose
26989,DogNose
26990,DogEye
26991,CatFace
26992,CatMouth
26993,DogEye
26994,CatEye
26995,CatNose
26996,DogEye
26997,DogMouth
26998,DogNose
26999,DogMouth
27000,DogFace
27001,CatEye
27002,DogEye
27003,CatMouth
27004,CatMouth
27005,DogFace
27006,CatNose
27007,DogNose
27008,CatMouth
27009,CatNose
27010,DogFace
27011,CatEye
27012,CatEye
27013,CatMouth
27014,DogFace
27015,CatNose
27016,DogNose
27017,CatMouth
27018,DogEye
27019,CatNose
27020,CatNose
27021,CatFace
27022,DogMouth
27023,CatNose
27024,CatNose
27025,DogEye
27026,CatMouth
27027,CatNose
27028,DogFace
27029,DogEye
27030,CatFace
27031,CatFace
27032,DogEye
27033,CatMouth
27034,CatNose
27035,DogMouth
27036,CatMouth
27037,CatFace
27038,DogFace
27039,CatEye
27040,DogFace
27041,CatEye
27042,CatFace
27043,DogFace
27044,DogFace
27045,CatMouth
27046,CatEye
27047,DogMouth
27048,DogMouth
27049,CatEye
27050,CatFace
27051,CatNose
27052,DogEye
27053,CatFace
27054,CatEye
27055,CatMouth
27056,DogEye
27057,DogEye
27058,DogMouth
27059,DogFace
27060,CatEye
27061,DogFace
27062,DogNose
27063,CatFace
27064,CatMouth
27065,CatEye
27066,CatNose
27067,DogFace
27068,DogFace
27069,CatEye
27070,CatEye
27071,DogMouth
27072,DogEye
27073,DogNose
27074,CatFace
27075,DogEye
27076,DogNose
27077,DogEye
27078,DogEye
27079,DogNose
27080,DogNose
27081,DogFace
27082,CatMouth
27083,CatFace
27084,CatMouth
27085,CatMouth
27086,DogEye
27087,DogMouth
27088,CatEye
27089,DogNose
27090,CatNose
27091,DogEye
27092,DogMouth
27093,DogEye
27094,DogMouth
27095,CatEye
27096,DogFace
27097,DogNose
27098,CatFace
27099,CatMouth
27100,DogEye
27101,DogNose
27102,CatFace
27103,CatFace
27104,DogFace
27105,DogEye
27106,DogNose
27107,CatFace
27108,DogMouth
27109,DogMouth
27110,CatFace
27111,CatFace
27112,CatFace
27113,CatMouth
27114,CatMouth
27115,CatEye
27116,DogMouth
27117,CatMouth
27118,DogEye
27119,DogEye
27120,CatEye
27121,CatNose
27122,CatEye
27123,DogFace
27124,DogMouth
27125,DogMouth
27126,CatMouth
27127,DogNose
27128,CatFace
27129,CatFace
27130,DogEye
27131,CatEye
27132,CatEye
27133,DogFace
27134,CatEye
27135,CatMouth
27136,DogMouth
27137,DogNose
27138,CatMouth
27139,DogNose
27140,CatFace
27141,CatFace
27142,DogEye
27143,CatMouth
27144,DogMouth
27145,CatEye
27146,DogFace
27147,DogMouth
27148,DogMouth
27149,DogMouth
27150,CatEye
27151,DogFace
27152,DogFace
27153,DogFace
27154,CatEye
27155,CatEye
27156,DogMouth
27157,CatEye
27158,DogEye
27159,CatMouth
27160,DogEye
27161,CatEye
27162,CatFace
27163,DogFace
27164,CatNose
27165,CatNose
27166,DogNose
27167,CatMouth
27168,DogEye
27169,CatFace
27170,DogFace
27171,DogFace
27172,CatFace
27173,DogEye
27174,CatMouth
27175,DogFace
27176,CatNose
27177,CatEye
27178,CatEye
27179,CatNose
27180,DogMouth
27181,DogFace
27182,DogNose
27183,DogEye
27184,DogEye
27185,DogFace
27186,DogEye
27187,CatEye
27188,CatFace
27189,DogFace
27190,DogFace
27191,CatMouth
27192,CatMouth
27193,CatNose
27194,DogNose
27195,DogEye
27196,CatMouth
27197,CatEye
27198,CatMouth
27199,CatFace
27200,DogNose
27201,DogFace
27202,DogEye
27203,DogMouth
27204,DogMouth
27205,CatEye
27206,DogMouth
27207,DogMouth
27208,DogEye
27209,DogFace
27210,DogNose
27211,DogNose
27212,CatEye
27213,DogMouth
27214,DogNose
27215,CatEye
27216,CatFace
27217,DogNose
27218,CatNose
27219,DogNose
27220,DogMouth
27221,CatEye
27222,CatFace
27223,DogEye
27224,CatNose
27225,DogMouth
27226,DogFace
27227,DogMouth
27228,CatEye
27229,DogEye
27230,CatNose
27231,CatNose
27232,CatEye
27233,CatNose
27234,CatMouth
27235,DogFace
27236,DogEye
27237,CatNose
27238,DogEye
27239,DogNose
27240,DogEye
27241,DogMouth
27242,CatFace
27243,DogNose
27244,DogFace
27245,CatMouth
27246,DogMouth
27247,DogFace
27248,DogFace
27249,CatFace
27250,DogFace
27251,CatEye
27252,DogMouth
27253,DogEye
27254,CatEye
27255,DogNose
27256,CatNose
27257,CatNose
27258,DogNose
27259,DogEye
27260,CatFace
27261,CatEye
27262,CatFace
27263,CatFace
27264,DogEye
27265,CatEye
27266,CatMouth
27267,CatMouth
27268,DogFace
27269,DogEye
27270,CatMouth
27271,CatEye
27272,CatNose
27273,CatEye
27274,DogMouth
27275,DogFace
27276,DogFace
27277,DogFace
27278,CatMouth
27279,DogFace
27280,DogEye
27281,CatNose
27282,CatEye
27283,DogEye
27284,CatFace
27285,DogMouth
27286,CatMouth
27287,DogMouth
27288,DogFace
27289,DogNose
27290,DogFace
27291,DogEye
27292,CatMouth
27293,CatEye
27294,CatFace
27295,CatFace
27296,CatNose
27297,DogEye
27298,CatFace
27299,DogFace
27300,CatMouth
27301,DogEye
27302,DogEye
27303,DogNose
27304,CatNose
27305,CatNose
27306,CatMouth
27307,CatMouth
27308,DogEye
27309,DogEye
27310,DogEye
27311,DogFace
27312,DogMouth
27313,CatEye
27314,DogFace
27315,CatFace
27316,DogMouth
27317,CatFace
27318,DogMouth
27319,CatMouth
27320,DogEye
27321,DogMouth
27322,DogEye
27323,CatNose
27324,DogEye
27325,CatMouth
27326,CatEye
27327,DogEye
27328,DogEye
27329,DogMouth
27330,DogFace
27331,DogMouth
27332,DogNose
27333,DogNose
27334,DogEye
27335,DogEye
27336,DogFace
27337,DogMouth
27338,CatFace
27339,CatEye
27340,DogEye
27341,CatEye
27342,CatNose
27343,CatNose
27344,CatNose
27345,DogEye
27346,CatNose
27347,CatNose
27348,DogFace
27349,DogEye
27350,CatNose
27351,CatFace
27352,CatMouth
27353,CatNose
27354,DogMouth
27355,DogEye
27356,DogEye
27357,DogNose
27358,CatEye
27359,CatNose
27360,CatFace
27361,DogFace
27362,CatEye
27363,DogFace
27364,CatFace
27365,DogMouth
27366,DogNose
27367,DogEye
27368,DogNose
27369,DogEye
27370,CatEye
27371,DogEye
27372,DogEye
27373,CatNose
27374,CatEye
27375,CatEye
27376,DogNose
27377,DogMouth
27378,CatEye
27379,CatFace
27380,CatNose
27381,CatNose
27382,CatNose
27383,CatFace
27384,DogEye
27385,DogMouth
27386,DogMouth
27387,DogEye
27388,DogNose
27389,DogNose
27390,DogFace
27391,DogNose
27392,DogFace
27393,CatFace
27394,CatNose
27395,DogNose
27396,CatEye
27397,DogFace
27398,CatMouth
27399,DogMouth
27400,DogFace
27401,CatNose
27402,CatEye
27403,DogEye
27404,DogMouth
27405,DogFace
27406,DogMouth
27407,CatNose
27408,DogMouth
27409,CatMouth
27410,CatMouth
27411,DogNose
27412,CatMouth
27413,CatNose
27414,DogFace
27415,CatEye
27416,DogNose
27417,DogEye
27418,DogEye
27419,CatFace
27420,CatEye
27421,DogNose
27422,CatNose
27423,DogMouth
27424,CatNose
27425,CatEye
27426,DogEye
27427,CatMouth
27428,DogMouth
27429,CatMouth
27430,CatFace
27431,CatEye
27432,CatEye
27433,CatEye
27434,CatFace
27435,DogFace
27436,CatFace
27437,DogMouth
27438,CatNose
27439,CatEye
27440,DogMouth
27441,CatEye
27442,CatMouth
27443,CatNose
27444,DogFace
27445,CatEye
27446,CatNose
27447,DogEye
27448,CatNose
27449,CatEye
27450,CatEye
27451,CatEye
27452,CatMouth
27453,DogEye
27454,CatFace
27455,CatMouth
27456,CatMouth
27457,DogMouth
27458,CatMouth
27459,CatFace
27460,CatNose
27461,DogMouth
27462,DogMouth
27463,DogFace
27464,CatMouth
27465,CatMouth
27466,CatNose
27467,CatEye
27468,DogFace
27469,CatNose
27470,CatNose
27471,CatEye
27472,DogMouth
27473,CatFace
27474,CatMouth
27475,CatMouth
27476,CatEye
27477,DogNose
27478,DogEye
27479,CatFace
27480,CatMouth
27481,DogFace
27482,DogMouth
27483,CatMouth
27484,CatNose
27485,CatEye
27486,CatNose
27487,DogFace
27488,CatMouth
27489,CatEye
27490,CatMouth
27491,CatEye
27492,DogEye
27493,CatNose
27494,DogFace
27495,CatEye
27496,DogFace
27497,CatEye
27498,CatFace
27499,CatNose
27500,CatEye
27501,CatEye
27502,DogMouth
27503,CatMouth
27504,DogNose
27505,DogEye
27506,DogEye
27507,CatEye
27508,DogMouth
27509,DogEye
27510,DogMouth
27511,CatMouth
27512,CatMouth
27513,DogEye
27514,CatMouth
27515,DogEye
27516,CatNose
27517,DogEye
27518,CatEye
27519,DogNose
27520,DogEye
27521,DogEye
27522,DogNose
27523,CatMouth
27524,DogEye
27525,CatMouth
27526,DogEye
27527,CatNose
27528,CatFace
27529,CatMouth
27530,DogEye
27531,DogFace
27532,DogNose
27533,DogFace
27534,DogEye
27535,CatNose
27536,DogFace
27537,DogMouth
27538,DogMouth
27539,CatNose
27540,DogEye
27541,DogEye
27542,CatEye
27543,CatMouth
27544,CatEye
27545,DogEye
27546,CatFace
27547,CatEye
27548,DogNose
27549,DogMouth
27550,DogNose
27551,CatEye
27552,DogMouth
27553,DogNose
27554,DogMouth
27555,CatFace
27556,CatEye
27557,DogFace
27558,CatNose
27559,CatNose
27560,CatEye
27561,CatEye
27562,CatFace
27563,CatEye
27564,CatFace
27565,CatEye
27566,DogNose
27567,DogEye
27568,DogFace
27569,DogFace
27570,DogMouth
27571,DogNose
27572,CatEye
27573,DogNose
27574,DogEye
27575,DogFace
27576,CatNose
27577,CatNose
27578,DogFace
27579,DogNose
27580,CatMouth
27581,DogFace
27582,DogMouth
27583,CatFace
27584,CatNose
27585,DogEye
27586,CatNose
27587,CatFace
27588,DogEye
27589,DogNose
27590,DogEye
27591,CatNose
27592,CatEye
27593,CatNose
27594,CatMouth
27595,CatFace
27596,DogMouth
27597,CatMouth
27598,DogNose
27599,DogMouth
27600,DogFace
27601,CatNose
27602,DogNose
27603,CatEye
27604,DogEye
27605,CatEye
27606,CatMouth
27607,DogFace
27608,CatEye
27609,DogNose
27610,DogFace
27611,DogEye
27612,CatMouth
27613,CatNose
27614,CatMouth
27615,DogNose
27616,DogEye
27617,DogMouth
27618,DogEye
27619,CatMouth
27620,DogNose
27621,CatMouth
27622,DogFace
27623,DogEye
27624,DogEye
27625,CatMouth
27626,DogEye
27627,DogFace
27628,DogEye
27629,DogMouth
27630,CatFace
27631,CatMouth
27632,DogFace
27633,CatMouth
27634,CatFace
27635,CatMouth
27636,CatEye
27637,CatFace
27638,CatFace
27639,DogEye
27640,DogEye
27641,CatFace
27642,CatFace
27643,CatMouth
27644,CatFace
27645,DogNose
27646,CatEye
27647,DogEye
27648,CatNose
27649,CatNose
27650,CatFace
27651,DogEye
27652,CatFace
27653,CatMouth
27654,CatFace
27655,DogNose
27656,DogFace
27657,DogNose
27658,CatFace
27659,DogFace
27660,CatMouth
27661,DogNose
27662,CatMouth
27663,CatEye
27664,DogMouth
27665,DogEye
27666,DogFace
27667,DogEye
27668,CatEye
27669,CatMouth
27670,CatMouth
27671,DogNose
27672,CatEye
27673,DogFace
27674,CatEye
27675,DogFace
27676,CatNose
27677,CatEye
27678,DogEye
27679,DogMouth
27680,CatEye
27681,DogFace
27682,CatNose
27683,CatFace
27684,CatFace
27685,DogMouth
27686,DogEye
27687,DogMouth
27688,CatFace
27689,CatNose
27690,DogNose
27691,DogEye
27692,CatMouth
27693,CatFace
27694,DogMouth
27695,CatMouth
27696,CatEye
27697,DogEye
27698,DogNose
27699,CatEye
27700,CatMouth
27701,CatEye
27702,DogFace
27703,DogEye
27704,CatEye
27705,CatMouth
27706,DogNose
27707,DogEye
27708,CatMouth
27709,CatMouth
27710,CatEye
27711,DogEye
27712,DogNose
27713,CatFace
27714,DogFace
27715,CatMouth
27716,CatMouth
27717,CatMouth
27718,CatFace
27719,DogMouth
27720,CatFace
27721,CatFace
27722,CatFace
27723,DogEye
27724,DogEye
27725,CatNose
27726,DogFace
27727,DogEye
27728,DogEye
27729,CatMouth
27730,DogMouth
27731,DogFace
27732,DogEye
27733,DogNose
27734,DogMouth
27735,CatEye
27736,DogNose
27737,CatNose
27738,DogNose
27739,CatEye
27740,DogMouth
27741,DogMouth
27742,DogFace
27743,CatMouth
27744,CatEye
27745,CatEye
27746,DogNose
27747,CatNose
27748,DogFace
27749,DogEye
27750,DogMouth
27751,CatNose
27752,DogMouth
27753,DogEye
27754,DogNose
27755,CatFace
27756,CatEye
27757,DogFace
27758,DogNose
27759,CatMouth
27760,DogEye
27761,CatNose
27762,DogNose
27763,DogNose
27764,DogNose
27765,CatEye
27766,DogMouth
27767,DogFace
27768,CatNose
27769,CatEye
27770,CatMouth
27771,CatFace
27772,CatEye
27773,CatFace
27774,CatMouth
27775,CatNose
27776,CatEye
27777,DogMouth
27778,DogNose
27779,CatEye
27780,CatNose
27781,DogFace
27782,DogMouth
27783,CatEye
27784,CatEye
27785,DogMouth
27786,DogFace
27787,CatNose
27788,CatEye
27789,DogMouth
27790,CatFace
27791,DogEye
27792,DogMouth
27793,CatNose
27794,DogFace
27795,DogEye
27796,DogMouth
27797,DogEye
27798,CatEye
27799,DogFace
27800,DogNose
27801,CatEye
27802,CatFace
27803,CatFace
27804,CatMouth
27805,CatEye
27806,DogEye
27807,CatFace
27808,CatMouth
27809,CatNose
27810,DogEye
27811,CatEye
27812,CatFace
27813,DogMouth
27814,CatEye
27815,CatEye
27816,DogEye
27817,CatMouth
27818,CatFace
27819,CatEye
27820,DogNose
27821,CatFace
27822,DogMouth
27823,DogMouth
27824,CatEye
27825,CatMouth
27826,DogNose
27827,DogEye
27828,DogNose
27829,DogFace
27830,DogNose
27831,CatNose
27832,DogNose
27833,CatEye
27834,CatFace
27835,DogMouth
27836,CatEye
27837,DogMouth
27838,CatMouth
27839,CatNose
27840,CatFace
27841,DogNose
27842,CatEye
27843,CatMouth
27844,DogMouth
27845,DogEye
27846,DogFace
27847,CatNose
27848,CatEye
27849,CatNose
27850,CatEye
27851,CatEye
27852,CatEye
27853,CatNose
27854,DogMouth
27855,CatNose
27856,CatNose
27857,DogMouth
27858,CatEye
27859,CatFace
27860,DogNose
27861,DogFace
27862,CatNose
27863,CatNose
27864,CatEye
27865,CatEye
27866,DogMouth
27867,CatFace
27868,CatEye
27869,CatMouth
27870,DogMouth
27871,DogFace
27872,CatNose
27873,DogMouth
27874,CatFace
27875,CatMouth
27876,DogEye
27877,DogFace
27878,DogEye
27879,CatEye
27880,CatEye
27881,CatEye
27882,CatNose
27883,CatEye
27884,DogFace
27885,CatMouth
27886,DogNose
27887,DogEye
27888,CatEye
27889,CatFace
27890,CatNose
27891,DogFace
27892,CatEye
27893,CatFace
27894,DogEye
27895,DogFace
27896,CatEye
27897,DogNose
27898,CatFace
27899,DogEye
27900,DogNose
27901,CatEye
27902,CatMouth
27903,DogFace
27904,CatNose
27905,CatEye
27906,CatMouth
27907,DogFace
27908,DogFace
27909,CatFace
27910,DogFace
27911,DogFace
27912,CatMouth
27913,DogMouth
27914,DogEye
27915,DogEye
27916,CatEye
27917,DogEye
27918,CatFace
27919,DogEye
27920,DogFace
27921,DogEye
27922,DogEye
27923,DogEye
27924,DogFace
27925,DogFace
27926,CatNose
27927,DogFace
27928,CatMouth
27929,DogEye
27930,DogEye
27931,DogMouth
27932,CatMouth
27933,DogFace
27934,DogMouth
27935,CatFace
27936,DogEye
27937,CatMouth
27938,CatNose
27939,CatFace
27940,CatFace
27941,CatFace
27942,CatMouth
27943,CatEye
27944,CatMouth
27945,CatFace
27946,CatFace
27947,DogNose
27948,DogNose
27949,CatFace
27950,DogNose
27951,CatFace
27952,DogMouth
27953,CatFace
27954,CatMouth
27955,CatNose
27956,DogNose
27957,CatMouth
27958,DogNose
27959,CatMouth
27960,DogMouth
27961,CatNose
27962,CatMouth
27963,DogNose
27964,DogMouth
27965,CatMouth
27966,DogNose
27967,CatMouth
27968,DogFace
27969,CatNose
27970,DogEye
27971,DogFace
27972,CatNose
27973,CatMouth
27974,DogMouth
27975,DogFace
27976,CatEye
27977,CatEye
27978,CatEye
27979,CatFace
27980,CatEye
27981,DogNose
27982,CatFace
27983,CatMouth
27984,CatFace
27985,DogMouth
27986,DogMouth
27987,DogNose
27988,CatEye
27989,DogMouth
27990,DogNose
27991,DogFace
27992,DogEye
27993,DogNose
27994,DogMouth
27995,CatMouth
27996,CatNose
27997,DogEye
27998,CatEye
27999,DogFace
28000,CatMouth
28001,DogNose
28002,DogNose
28003,DogMouth
28004,CatEye
28005,DogNose
28006,DogMouth
28007,CatMouth
28008,CatNose
28009,DogFace
28010,DogEye
28011,CatEye
28012,CatNose
28013,CatEye
28014,DogNose
28015,DogMouth
28016,DogEye
28017,DogNose
28018,CatFace
28019,DogNose
28020,CatEye
28021,DogMouth
28022,DogNose
28023,CatFace
28024,DogMouth
28025,DogFace
28026,CatMouth
28027,CatFace
28028,CatMouth
28029,DogMouth
28030,DogMouth
28031,CatEye
28032,CatNose
28033,CatEye
28034,DogMouth
28035,DogEye
28036,DogEye
28037,DogMouth
28038,CatEye
28039,DogMouth
28040,CatFace
28041,CatMouth
28042,DogNose
28043,CatFace
28044,CatFace
28045,DogNose
28046,CatNose
28047,CatMouth
28048,CatEye
28049,DogFace
28050,DogNose
28051,DogNose
28052,CatEye
28053,CatMouth
28054,CatMouth
28055,DogEye
28056,CatFace
28057,DogFace
28058,DogEye
28059,DogFace
28060,DogMouth
28061,DogNose
28062,DogMouth
28063,DogNose
28064,CatFace
28065,DogEye
28066,DogEye
28067,DogNose
28068,DogFace
28069,DogFace
28070,CatNose
28071,DogMouth
28072,CatNose
28073,CatFace
28074,CatFace
28075,CatMouth
28076,DogNose
28077,DogFace
28078,CatEye
28079,DogNose
28080,DogEye
28081,DogEye
28082,CatFace
28083,CatEye
28084,DogNose
28085,CatMouth
28086,CatFace
28087,CatFace
28088,DogFace
28089,DogEye
28090,DogEye
28091,CatMouth
28092,DogMouth
28093,CatMouth
28094,DogNose
28095,CatMouth
28096,DogMouth
28097,DogMouth
28098,CatMouth
28099,CatEye
28100,DogFace
28101,DogFace
28102,DogEye
28103,DogEye
28104,CatFace
28105,CatFace
28106,DogMouth
28107,DogNose
28108,CatEye
28109,DogMouth
28110,CatNose
28111,CatFace
28112,DogFace
28113,CatFace
28114,DogFace
28115,DogMouth
28116,CatMouth
28117,CatNose
28118,DogNose
28119,DogFace
28120,DogEye
28121,CatFace
28122,CatEye
28123,DogMouth
28124,CatMouth
28125,CatEye
28126,CatEye
28127,CatMouth
28128,DogFace
28129,DogMouth
28130,CatFace
28131,CatFace
28132,CatMouth
28133,DogEye
28134,CatEye
28135,CatNose
28136,DogFace
28137,CatEye
28138,CatFace
28139,DogNose
28140,CatFace
28141,CatEye
28142,CatNose
28143,CatEye
28144,CatNose
28145,DogEye
28146,DogEye
28147,DogFace
28148,CatEye
28149,CatMouth
28150,CatEye
28151,DogMouth
28152,CatEye
28153,CatEye
28154,DogFace
28155,DogMouth
28156,CatNose
28157,CatFace
28158,CatFace
28159,CatEye
28160,DogEye
28161,DogMouth
28162,CatFace
28163,CatNose
28164,CatEye
28165,DogFace
28166,DogMouth
28167,CatEye
28168,CatMouth
28169,DogFace
28170,DogEye
28171,DogFace
28172,DogNose
28173,DogFace
28174,CatMouth
28175,CatMouth
28176,DogEye
28177,CatFace
28178,DogEye
28179,CatFace
28180,DogNose
28181,CatFace
28182,CatNose
28183,DogEye
28184,DogFace
28185,CatMouth
28186,DogEye
28187,CatEye
28188,CatEye
28189,DogNose
28190,DogMouth
28191,CatNose
28192,DogFace
28193,DogNose
28194,CatNose
28195,CatMouth
28196,DogMouth
28197,DogEye
28198,DogEye
28199,DogMouth
28200,DogFace
28201,DogFace
28202,CatEye
28203,DogEye
28204,DogEye
28205,DogMouth
28206,DogFace
28207,DogNose
28208,DogEye
28209,DogNose
28210,DogNose
28211,CatNose
28212,DogMouth
28213,CatNose
28214,CatEye
28215,DogMouth
28216,CatMouth
28217,DogMouth
28218,CatFace
28219,CatEye
28220,DogNose
28221,CatEye
28222,CatEye
28223,CatMouth
28224,DogNose
28225,DogMouth
28226,DogFace
28227,CatMouth
28228,DogFace
28229,DogFace
28230,CatMouth
28231,DogEye
28232,CatFace
28233,DogMouth
28234,CatNose
28235,CatMouth
28236,CatFace
28237,DogEye
28238,DogNose
28239,DogNose
28240,DogMouth
28241,CatNose
28242,DogEye
28243,DogFace
28244,DogEye
28245,CatFace
28246,DogNose
28247,CatEye
28248,DogMouth
28249,DogNose
28250,CatNose
28251,CatNose
28252,CatEye
28253,CatNose
28254,CatFace
28255,DogMouth
28256,DogNose
28257,CatFace
28258,DogEye
28259,CatMouth
28260,CatEye
28261,CatEye
28262,CatNose
28263,DogFace
28264,DogFace
28265,DogMouth
28266,CatNose
28267,DogEye
28268,CatNose
28269,CatEye
28270,DogNose
28271,DogNose
28272,DogNose
28273,CatFace
28274,DogFace
28275,DogNose
28276,CatNose
28277,CatEye
28278,CatNose
28279,DogMouth
28280,CatNose
28281,DogEye
28282,DogEye
28283,DogMouth
28284,DogMouth
28285,CatEye
28286,DogMouth
28287,DogEye
28288,DogEye
28289,DogMouth
28290,DogFace
28291,DogNose
28292,CatEye
28293,CatFace
28294,CatFace
28295,DogEye
28296,DogNose
28297,DogMouth
28298,DogFace
28299,CatEye
28300,CatNose
28301,CatEye
28302,CatNose
28303,DogEye
28304,DogFace
28305,DogFace
28306,CatMouth
28307,DogEye
28308,CatEye
28309,CatNose
28310,CatEye
28311,CatEye
28312,CatNose
28313,DogNose
28314,DogEye
28315,DogNose
28316,CatFace
28317,DogEye
28318,CatFace
28319,DogEye
28320,CatFace
28321,CatFace
28322,DogNose
28323,DogEye
28324,CatNose
28325,DogEye
28326,CatEye
28327,DogEye
28328,DogMouth
28329,DogNose
28330,CatEye
28331,DogMouth
28332,CatMouth
28333,DogEye
28334,DogEye
28335,DogEye
28336,CatNose
28337,DogNose
28338,CatMouth
28339,DogMouth
28340,CatFace
28341,DogMouth
28342,CatFace
28343,CatEye
28344,CatNose
28345,DogNose
28346,CatFace
28347,CatMouth
28348,CatNose
28349,CatEye
28350,DogEye
28351,DogFace
28352,CatNose
28353,DogMouth
28354,DogFace
28355,CatEye
28356,DogNose
28357,DogNose
28358,DogEye
28359,DogEye
28360,DogNose
28361,DogEye
28362,DogEye
28363,CatFace
28364,CatMouth
28365,CatMouth
28366,CatNose
28367,CatFace
28368,DogFace
28369,DogMouth
28370,CatFace
28371,CatNose
28372,DogMouth
28373,DogEye
28374,CatFace
28375,DogNose
28376,CatFace
28377,CatFace
28378,CatEye
28379,DogEye
28380,DogFace
28381,DogNose
28382,CatMouth
28383,DogMouth
28384,CatNose
28385,DogMouth
28386,CatEye
28387,CatNose
28388,DogNose
28389,DogNose
28390,CatMouth
28391,CatMouth
28392,DogNose
28393,DogNose
28394,DogMouth
28395,CatFace
28396,CatNose
28397,CatNose
28398,CatMouth
28399,CatMouth
28400,CatNose
28401,DogEye
28402,DogNose
28403,CatEye
28404,CatNose
28405,DogNose
28406,CatNose
28407,DogNose
28408,CatFace
28409,CatEye
28410,CatEye
28411,DogEye
28412,DogEye
28413,DogFace
28414,DogEye
28415,CatMouth
28416,CatNose
28417,DogEye
28418,DogEye
28419,DogMouth
28420,DogFace
28421,CatNose
28422,CatFace
28423,DogFace
28424,DogNose
28425,CatMouth
28426,DogEye
28427,DogMouth
28428,DogMouth
28429,CatFace
28430,DogEye
28431,CatMouth
28432,CatMouth
28433,DogNose
28434,DogFace
28435,DogMouth
28436,DogEye
28437,CatNose
28438,CatEye
28439,DogNose
28440,DogFace
28441,DogMouth
28442,DogNose
28443,DogEye
28444,DogMouth
28445,CatFace
28446,DogEye
28447,DogFace
28448,DogEye
28449,CatNose
28450,CatFace
28451,CatEye
28452,DogNose
28453,CatEye
28454,DogMouth
28455,CatNose
28456,DogNose
28457,CatEye
28458,CatEye
28459,CatEye
28460,DogEye
28461,CatMouth
28462,DogEye
28463,DogFace
28464,DogFace
28465,DogFace
28466,DogEye
28467,CatFace
28468,CatEye
28469,CatEye
28470,CatEye
28471,CatEye
28472,DogMouth
28473,DogMouth
28474,DogNose
28475,DogEye
28476,DogMouth
28477,DogMouth
28478,CatEye
28479,CatFace
28480,CatFace
28481,CatFace
28482,DogNose
28483,DogNose
28484,DogFace
28485,DogFace
28486,CatEye
28487,DogFace
28488,DogFace
28489,DogMouth
28490,DogMouth
28491,DogFace
28492,CatNose
28493,DogEye
28494,CatEye
28495,DogMouth
28496,DogFace
28497,CatEye
28498,CatEye
28499,CatFace
28500,CatEye
28501,DogEye
28502,DogNose
28503,DogEye
28504,DogMouth
28505,DogMouth
28506,CatFace
28507,CatNose
28508,DogFace
28509,CatNose
28510,CatEye
28511,DogEye
28512,CatFace
28513,DogEye
28514,DogMouth
28515,CatEye
28516,DogFace
28517,DogEye
28518,DogNose
28519,CatEye
28520,DogFace
28521,CatEye
28522,CatNose
28523,DogFace
28524,CatMouth
28525,CatMouth
28526,DogNose
28527,CatFace
28528,DogFace
28529,CatFace
28530,CatEye
28531,CatFace
28532,DogMouth
28533,CatMouth
28534,CatFace
28535,DogNose
28536,DogNose
28537,CatFace
28538,DogNose
28539,DogNose
28540,CatFace
28541,CatEye
28542,DogNose
28543,CatNose
28544,CatFace
28545,DogFace
28546,CatMouth
28547,CatFace
28548,CatMouth
28549,DogMouth
28550,CatEye
28551,DogNose
28552,CatMouth
28553,CatMouth
28554,CatMouth
28555,DogNose
28556,CatMouth
28557,DogEye
28558,CatMouth
28559,DogEye
28560,CatNose
28561,CatNose
28562,DogFace
28563,CatNose
28564,CatNose
28565,DogMouth
28566,CatMouth
28567,CatEye
28568,CatNose
28569,CatMouth
28570,CatEye
28571,DogEye
28572,DogNose
28573,CatEye
28574,DogNose
28575,CatEye
28576,CatNose
28577,CatMouth
28578,CatMouth
28579,DogEye
28580,CatEye
28581,CatEye
28582,DogFace
28583,DogNose
28584,CatEye
28585,DogFace
28586,DogEye
28587,DogFace
28588,DogNose
28589,DogMouth
28590,DogFace
28591,DogNose
28592,DogNose
28593,CatEye
28594,CatFace
28595,CatEye
28596,DogMouth
28597,DogMouth
28598,CatFace
28599,DogFace
28600,DogEye
28601,CatEye
28602,DogMouth
28603,CatFace
28604,DogNose
28605,CatEye
28606,DogNose
28607,DogFace
28608,DogMouth
28609,DogEye
28610,CatNose
28611,CatFace
28612,CatEye
28613,DogNose
28614,CatMouth
28615,CatEye
28616,DogEye
28617,DogMouth
28618,DogEye
28619,CatNose
28620,CatEye
28621,DogNose
28622,CatFace
28623,DogFace
28624,CatNose
28625,CatNose
28626,CatNose
28627,CatFace
28628,CatEye
28629,DogEye
28630,DogEye
28631,DogFace
28632,CatNose
28633,DogMouth
28634,DogNose
28635,CatFace
28636,DogEye
28637,DogMouth
28638,CatMouth
28639,CatMouth
28640,CatFace
28641,CatMouth
28642,DogNose
28643,CatMouth
28644,DogEye
28645,DogNose
28646,CatFace
28647,CatEye
28648,DogNose
28649,DogEye
28650,CatMouth
28651,CatNose
28652,CatEye
28653,CatEye
28654,DogFace
28655,DogEye
28656,DogMouth
28657,DogNose
28658,CatMouth
28659,DogEye
28660,CatMouth
28661,DogNose
28662,DogMouth
28663,CatNose
28664,CatNose
28665,DogEye
28666,CatFace
28667,DogNose
28668,DogFace
28669,CatEye
28670,CatEye
28671,CatMouth
28672,DogMouth
28673,DogMouth
28674,CatEye
28675,DogFace
28676,CatMouth
28677,CatEye
28678,CatFace
28679,DogMouth
28680,CatMouth
28681,CatFace
28682,CatMouth
28683,CatMouth
28684,CatEye
28685,CatEye
28686,DogEye
28687,DogMouth
28688,CatFace
28689,CatEye
28690,DogNose
28691,DogFace
28692,DogMouth
28693,CatEye
28694,DogMouth
28695,DogNose
28696,DogEye
28697,CatEye
28698,DogEye
28699,CatFace
28700,DogNose
28701,DogEye
28702,CatMouth
28703,DogFace
28704,DogEye
28705,DogNose
28706,CatMouth
28707,DogMouth
28708,CatFace
28709,DogEye
28710,DogNose
28711,DogNose
28712,CatNose
28713,DogNose
28714,CatMouth
28715,CatEye
28716,DogMouth
28717,CatMouth
28718,CatEye
28719,CatMouth
28720,DogEye
28721,DogFace
28722,DogNose
28723,CatEye
28724,DogEye
28725,DogEye
28726,DogEye
28727,DogFace
28728,CatNose
28729,DogFace
28730,CatMouth
28731,CatEye
28732,CatMouth
28733,DogMouth
28734,CatMouth
28735,CatEye
28736,CatMouth
28737,CatMouth
28738,DogEye
28739,CatEye
28740,CatEye
28741,CatMouth
28742,DogNose
28743,DogEye
28744,DogMouth
28745,DogNose
28746,DogNose
28747,DogFace
28748,CatFace
28749,DogEye
28750,CatFace
28751,DogEye
28752,DogEye
28753,DogEye
28754,DogNose
28755,DogFace
28756,CatNose
28757,CatNose
28758,CatEye
28759,CatEye
28760,DogFace
28761,CatNose
28762,CatNose
28763,DogEye
28764,CatMouth
28765,DogNose
28766,DogMouth
28767,CatEye
28768,DogEye
28769,CatFace
28770,CatNose
28771,DogNose
28772,DogEye
28773,DogNose
28774,DogMouth
28775,CatEye
28776,CatEye
28777,DogFace
28778,DogEye
28779,CatEye
28780,DogFace
28781,DogEye
28782,DogEye
28783,CatNose
28784,CatNose
28785,DogFace
28786,DogMouth
28787,CatMouth
28788,DogMouth
28789,CatNose
28790,CatEye
28791,DogMouth
28792,CatFace
28793,DogNose
28794,CatNose
28795,DogFace
28796,CatFace
28797,DogEye
28798,CatNose
28799,CatFace
28800,DogFace
28801,DogNose
28802,CatMouth
28803,DogNose
28804,DogEye
28805,DogFace
28806,DogEye
28807,DogEye
28808,CatEye
28809,CatMouth
28810,CatFace
28811,CatEye
28812,DogFace
28813,DogMouth
28814,DogNose
28815,DogNose
28816,DogFace
28817,CatFace
28818,DogFace
28819,CatNose
28820,CatMouth
28821,DogMouth
28822,DogNose
28823,DogMouth
28824,CatMouth
28825,DogEye
28826,CatEye
28827,CatEye
28828,DogNose
28829,CatEye
28830,DogEye
28831,CatFace
28832,DogFace
28833,DogFace
28834,DogMouth
28835,DogNose
28836,CatEye
28837,DogNose
28838,CatMouth
28839,CatNose
28840,DogEye
28841,DogMouth
28842,DogFace
28843,DogFace
28844,DogNose
28845,CatFace
28846,DogEye
28847,CatFace
28848,DogFace
28849,DogFace
28850,DogEye
28851,CatNose
28852,DogNose
28853,CatFace
28854,DogFace
28855,CatNose
28856,DogFace
28857,CatFace
28858,DogNose
28859,DogEye
28860,CatEye
28861,DogMouth
28862,CatMouth
28863,CatEye
28864,CatFace
28865,CatFace
28866,DogMouth
28867,CatFace
28868,CatMouth
28869,CatMouth
28870,CatFace
28871,DogMouth
28872,CatFace
28873,CatNose
28874,DogNose
28875,DogNose
28876,DogFace
28877,CatEye
28878,DogMouth
28879,CatEye
28880,CatNose
28881,CatFace
28882,CatMouth
28883,CatMouth
28884,DogEye
28885,DogFace
28886,DogMouth
28887,CatNose
28888,DogNose
28889,DogEye
28890,DogEye
28891,DogEye
28892,DogMouth
28893,DogMouth
28894,CatMouth
28895,CatMouth
28896,CatEye
28897,CatNose
28898,CatEye
28899,CatEye
28900,DogMouth
28901,CatFace
28902,CatNose
28903,CatEye
28904,CatEye
28905,CatFace
28906,CatEye
28907,CatEye
28908,CatMouth
28909,CatNose
28910,CatNose
28911,CatEye
28912,DogMouth
28913,CatMouth
28914,DogEye
28915,CatMouth
28916,CatEye
28917,DogNose
28918,CatEye
28919,DogEye
28920,CatFace
28921,CatFace
28922,DogEye
28923,CatFace
28924,CatFace
28925,CatNose
28926,DogEye
28927,CatMouth
28928,DogNose
28929,CatMouth
28930,DogFace
28931,DogMouth
28932,DogFace
28933,CatNose
28934,DogMouth
28935,DogMouth
28936,CatFace
28937,DogNose
28938,CatMouth
28939,DogNose
28940,DogMouth
28941,CatMouth
28942,CatNose
28943,DogEye
28944,DogEye
28945,CatFace
28946,CatMouth
28947,DogNose
28948,CatNose
28949,DogEye
28950,DogFace
28951,CatFace
28952,CatNose
28953,CatEye
28954,DogFace
28955,CatNose
28956,CatFace
28957,DogFace
28958,CatMouth
28959,DogEye
28960,CatFace
28961,CatFace
28962,CatNose
28963,CatEye
28964,DogNose
28965,DogMouth
28966,CatMouth
28967,CatNose
28968,CatFace
28969,DogNose
28970,CatEye
28971,CatMouth
28972,CatMouth
28973,DogMouth
28974,DogMouth
28975,CatEye
28976,CatFace
28977,DogMouth
28978,CatEye
28979,CatNose
28980,CatMouth
28981,CatMouth
28982,DogFace
28983,CatFace
28984,CatNose
28985,CatFace
28986,CatFace
28987,DogMouth
28988,DogFace
28989,DogFace
28990,DogMouth
28991,DogMouth
28992,CatMouth
28993,DogNose
28994,DogFace
28995,DogFace
28996,CatNose
28997,DogFace
28998,CatNose
28999,DogEye
29000,CatNose
29001,CatNose
29002,CatMouth
29003,DogEye
29004,DogMouth
29005,DogFace
29006,DogFace
29007,DogEye
29008,DogMouth
29009,DogEye
29010,DogMouth
29011,CatEye
29012,CatEye
29013,DogFace
29014,CatMouth
29015,DogEye
29016,DogFace
29017,CatNose
29018,CatNose
29019,CatEye
29020,DogFace
29021,CatNose
29022,DogNose
29023,CatMouth
29024,DogMouth
29025,DogEye
29026,DogNose
29027,CatMouth
29028,CatEye
29029,DogNose
29030,CatFace
29031,CatFace
29032,CatFace
29033,CatEye
29034,DogNose
29035,DogNose
29036,CatEye
29037,DogNose
29038,DogFace
29039,DogMouth
29040,CatMouth
29041,DogEye
29042,CatEye
29043,CatNose
29044,DogMouth
29045,DogFace
29046,CatMouth
29047,CatFace
29048,DogFace
29049,CatMouth
29050,CatMouth
29051,CatMouth
29052,DogFace
29053,CatEye
29054,DogNose
29055,DogFace
29056,DogNose
29057,DogEye
29058,DogEye
29059,CatFace
29060,CatEye
29061,CatEye
29062,CatMouth
29063,DogEye
29064,DogMouth
29065,DogEye
29066,CatEye
29067,DogEye
29068,CatMouth
29069,CatMouth
29070,DogMouth
29071,CatFace
29072,CatFace
29073,DogEye
29074,CatFace
29075,CatEye
29076,CatEye
29077,CatNose
29078,DogNose
29079,DogNose
29080,DogFace
29081,DogEye
29082,CatFace
29083,CatEye
29084,CatNose
29085,DogMouth
29086,CatNose
29087,CatNose
29088,CatMouth
29089,CatEye
29090,CatFace
29091,CatMouth
29092,CatEye
29093,DogFace
29094,CatFace
29095,DogNose
29096,DogFace
29097,CatEye
29098,CatMouth
29099,DogNose
29100,CatNose
29101,DogNose
29102,CatMouth
29103,CatFace
29104,CatNose
29105,CatNose
29106,DogNose
29107,DogFace
29108,CatMouth
29109,CatNose
29110,DogNose
29111,DogFace
29112,DogMouth
29113,CatNose
29114,CatFace
29115,CatNose
29116,DogMouth
29117,DogEye
29118,DogEye
29119,CatEye
29120,CatMouth
29121,CatNose
29122,DogNose
29123,DogEye
29124,CatFace
29125,DogEye
29126,DogMouth
29127,DogNose
29128,DogMouth
29129,CatEye
29130,CatNose
29131,CatFace
29132,DogMouth
29133,DogEye
29134,DogFace
29135,CatMouth
29136,CatFace
29137,DogFace
29138,CatEye
29139,CatEye
29140,CatFace
29141,CatFace
29142,CatEye
29143,CatFace
29144,CatNose
29145,DogEye
29146,CatNose
29147,CatNose
29148,DogFace
29149,CatFace
29150,DogMouth
29151,DogNose
29152,DogEye
29153,DogNose
29154,DogFace
29155,CatEye
29156,CatEye
29157,DogMouth
29158,CatEye
29159,DogFace
29160,DogMouth
29161,CatFace
29162,DogEye
29163,DogFace
29164,DogMouth
29165,DogEye
29166,DogEye
29167,CatNose
29168,CatFace
29169,DogMouth
29170,CatMouth
29171,DogFace
29172,CatFace
29173,DogEye
29174,DogEye
29175,CatFace
29176,DogFace
29177,DogNose
29178,CatFace
29179,CatEye
29180,CatNose
29181,DogMouth
29182,DogMouth
29183,CatEye
29184,DogFace
29185,CatMouth
29186,CatEye
29187,DogMouth
29188,DogFace
29189,CatNose
29190,DogFace
29191,DogEye
29192,CatFace
29193,CatNose
29194,CatEye
29195,CatEye
29196,DogEye
29197,DogFace
29198,DogMouth
29199,DogMouth
29200,CatFace
29201,CatEye
29202,DogEye
29203,CatEye
29204,CatMouth
29205,CatEye
29206,DogNose
29207,DogNose
29208,DogEye
29209,CatFace
29210,DogNose
29211,CatMouth
29212,CatMouth
29213,DogEye
29214,DogEye
29215,CatMouth
29216,CatFace
29217,DogNose
29218,DogMouth
29219,DogMouth
29220,DogEye
29221,CatFace
29222,CatEye
29223,CatFace
29224,DogNose
29225,CatNose
29226,CatFace
29227,CatFace
29228,DogEye
29229,CatFace
29230,DogFace
29231,DogFace
29232,DogEye
29233,CatFace
29234,CatEye
29235,CatMouth
29236,DogEye
29237,DogEye
29238,CatEye
29239,DogFace
29240,CatFace
29241,DogNose
29242,CatFace
29243,CatNose
29244,DogNose
29245,DogMouth
29246,CatMouth
29247,DogMouth
29248,DogFace
29249,DogFace
29250,CatNose
29251,CatEye
29252,CatEye
29253,CatNose
29254,DogNose
29255,DogNose
29256,CatNose
29257,DogMouth
29258,CatMouth
29259,CatNose
29260,DogFace
29261,DogEye
29262,CatNose
29263,CatMouth
29264,CatFace
29265,DogEye
29266,CatEye
29267,CatNose
29268,DogEye
29269,DogNose
29270,CatNose
29271,CatMouth
29272,DogMouth
29273,CatMouth
29274,CatEye
29275,CatMouth
29276,DogFace
29277,DogEye
29278,CatEye
29279,CatNose
29280,DogEye
29281,DogFace
29282,CatNose
29283,DogFace
29284,DogEye
29285,CatMouth
29286,DogFace
29287,DogEye
29288,DogFace
29289,DogEye
29290,CatFace
29291,CatNose
29292,CatMouth
29293,CatFace
29294,CatEye
29295,CatFace
29296,DogFace
29297,DogEye
29298,CatEye
29299,CatMouth
29300,CatMouth
29301,CatFace
29302,DogFace
29303,DogEye
29304,DogMouth
29305,CatFace
29306,CatNose
29307,DogMouth
29308,DogNose
29309,CatEye
29310,DogMouth
29311,DogNose
29312,CatNose
29313,CatFace
29314,DogEye
29315,DogMouth
29316,CatMouth
29317,DogNose
29318,CatEye
29319,DogMouth
29320,CatMouth
29321,CatMouth
29322,CatMouth
29323,CatEye
29324,CatMouth
29325,DogFace
29326,CatMouth
29327,DogFace
29328,CatNose
29329,CatFace
29330,DogMouth
29331,CatEye
29332,CatEye
29333,DogMouth
29334,CatNose
29335,CatNose
29336,CatMouth
29337,DogNose
29338,DogFace
29339,DogNose
29340,DogEye
29341,DogEye
29342,CatFace
29343,DogNose
29344,CatNose
29345,DogNose
29346,DogNose
29347,DogEye
29348,CatMouth
29349,CatNose
29350,CatMouth
29351,DogNose
29352,DogEye
29353,CatFace
29354,CatEye
29355,CatMouth
29356,DogNose
29357,DogFace
29358,CatEye
29359,CatNose
29360,DogEye
29361,CatEye
29362,DogNose
29363,DogMouth
29364,CatEye
29365,DogNose
29366,DogNose
29367,DogFace
29368,DogEye
29369,DogNose
29370,CatNose
29371,DogFace
29372,CatFace
29373,DogMouth
29374,DogMouth
29375,CatMouth
29376,DogNose
29377,DogMouth
29378,CatNose
29379,CatMouth
29380,DogMouth
29381,DogEye
29382,CatEye
29383,DogFace
29384,CatNose
29385,CatMouth
29386,CatEye
29387,DogEye
29388,CatNose
29389,CatEye
29390,CatEye
29391,DogNose
29392,CatNose
29393,CatFace
29394,DogMouth
29395,CatNose
29396,DogMouth
29397,CatFace
29398,DogMouth
29399,DogEye
29400,CatEye
29401,DogFace
29402,DogEye
29403,CatNose
29404,DogMouth
29405,DogMouth
29406,CatMouth
29407,CatEye
29408,CatNose
29409,DogMouth
29410,CatFace
29411,DogNose
29412,DogNose
29413,CatFace
29414,CatEye
29415,CatEye
29416,DogEye
29417,CatMouth
29418,DogMouth
29419,DogNose
29420,DogNose
29421,DogFace
29422,DogFace
29423,CatFace
29424,CatEye
29425,CatEye
29426,CatEye
29427,DogEye
29428,CatFace
29429,DogMouth
29430,CatFace
29431,DogMouth
29432,CatMouth
29433,DogNose
29434,CatEye
29435,DogNose
29436,DogEye
29437,DogNose
29438,DogMouth
29439,CatMouth
29440,CatFace
29441,DogFace
29442,CatEye
29443,DogMouth
