image_id,class
00001,DogEye
00002,DogMouth
00003,DogFace
00004,DogNose
00005,DogNose
00006,DogEye
00007,DogMouth
00008,CatNose
00009,CatFace
00010,CatNose
00011,CatFace
00012,DogMouth
00013,CatMouth
00014,CatFace
00015,CatEye
00016,DogFace
00017,CatEye
00018,CatMouth
00019,DogEye
00020,DogEye
00021,DogNose
00022,CatMouth
00023,CatFace
00024,DogEye
00025,CatFace
00026,DogMouth
00027,DogEye
00028,DogNose
00029,DogFace
00030,CatEye
00031,CatFace
00032,DogEye
00033,CatEye
00034,DogMouth
00035,DogMouth
00036,DogNose
00037,DogMouth
00038,DogEye
00039,CatEye
00040,DogFace
00041,DogEye
00042,DogFace
00043,DogNose
00044,CatNose
00045,DogEye
00046,CatMouth
00047,DogNose
00048,DogNose
00049,CatEye
00050,DogEye
00051,DogEye
00052,DogMouth
00053,CatNose
00054,DogEye
00055,DogNose
00056,CatMouth
00057,DogEye
00058,DogEye
00059,DogMouth
00060,DogNose
00061,DogNose
00062,DogEye
00063,DogEye
00064,CatNose
00065,CatEye
00066,CatNose
00067,DogEye
00068,CatFace
00069,CatFace
00070,DogNose
00071,DogEye
00072,CatNose
00073,DogNose
00074,DogNose
00075,CatMouth
00076,CatEye
00077,DogEye
00078,DogEye
00079,CatMouth
00080,DogMouth
00081,DogEye
00082,CatEye
00083,DogFace
00084,DogEye
00085,CatEye
00086,CatNose
00087,CatFace
00088,DogEye
00089,DogEye
00090,DogMouth
00091,DogEye
00092,CatEye
00093,DogEye
00094,CatMouth
00095,DogNose
00096,CatEye
00097,CatNose
00098,CatMouth
00099,DogEye
00100,CatEye
00101,CatFace
00102,CatNose
00103,DogEye
00104,CatFace
00105,DogEye
00106,CatEye
00107,DogNose
00108,CatEye
00109,CatMouth
00110,CatNose
00111,DogEye
00112,DogEye
00113,CatEye
00114,DogFace
00115,CatFace
00116,CatFace
00117,DogEye
00118,CatEye
00119,CatEye
00120,CatEye
00121,DogNose
00122,DogMouth
00123,DogMouth
00124,CatMouth
00125,DogFace
00126,DogMouth
00127,CatFace
00128,CatMouth
00129,DogEye
00130,CatNose
00131,CatNose
00132,DogNose
00133,DogEye
00134,DogEye
00135,DogNose
00136,DogMouth
00137,DogNose
00138,DogNose
00139,DogEye
00140,DogMouth
00141,DogNose
00142,CatMouth
00143,CatEye
00144,CatEye
00145,DogEye
00146,CatEye
00147,DogNose
00148,CatEye
00149,CatNose
00150,DogFace
00151,DogEye
00152,DogMouth
00153,CatNose
00154,CatEye
00155,CatEye
00156,DogEye
00157,DogMouth
00158,CatEye
00159,DogEye
00160,CatMouth
00161,CatMouth
00162,CatMouth
00163,CatEye
00164,DogMouth
00165,CatEye
00166,DogEye
00167,CatEye
00168,CatNose
00169,CatEye
00170,CatEye
00171,DogEye
00172,DogNose
00173,CatEye
00174,DogFace
00175,CatNose
00176,DogNose
00177,DogMouth
00178,CatEye
00179,DogMouth
00180,DogEye
00181,CatEye
00182,DogEye
00183,CatNose
00184,DogNose
00185,DogFace
00186,CatEye
00187,DogMouth
00188,CatMouth
00189,CatFace
00190,CatFace
00191,DogMouth
00192,CatFace
00193,CatFace
00194,CatMouth
00195,DogNose
00196,CatEye
00197,DogNose
00198,CatEye
00199,CatEye
00200,DogFace
00201,CatFace
00202,CatNose
00203,DogMouth
00204,CatEye
00205,DogMouth
00206,CatMouth
00207,DogFace
00208,DogNose
00209,CatEye
00210,CatEye
00211,CatFace
00212,CatEye
00213,DogEye
00214,CatEye
00215,DogFace
00216,CatEye
00217,CatFace
00218,CatEye
00219,CatFace
00220,CatEye
00221,CatEye
00222,CatEye
00223,CatEye
00224,CatNose
00225,CatFace
00226,CatNose
00227,CatEye
00228,CatEye
00229,CatFace
00230,CatEye
00231,CatEye
00232,CatMouth
00233,DogFace
00234,CatNose
00235,DogFace
00236,CatEye
00237,DogEye
00238,CatMouth
00239,DogEye
00240,DogEye
00241,CatEye
00242,DogFace
00243,CatEye
00244,CatMouth
00245,CatFace
00246,DogEye
00247,CatFace
00248,CatEye
00249,CatNose
00250,CatEye
00251,CatMouth
00252,DogMouth
00253,CatMouth
00254,DogMouth
00255,DogEye
00256,CatEye
00257,CatEye
00258,DogFace
00259,CatEye
00260,CatEye
00261,DogFace
00262,DogMouth
00263,CatEye
00264,CatFace
00265,CatNose
00266,DogNose
00267,CatEye
00268,CatEye
00269,DogMouth
00270,CatEye
00271,CatMouth
00272,DogNose
00273,CatMouth
00274,DogEye
00275,CatFace
00276,DogMouth
00277,CatNose
00278,CatEye
00279,CatFace
00280,CatEye
00281,DogFace
00282,CatNose
00283,DogEye
00284,DogNose
00285,DogEye
00286,CatEye
00287,DogEye
00288,CatFace
00289,CatNose
00290,CatNose
00291,CatMouth
00292,DogFace
00293,DogEye
00294,DogEye
00295,CatFace
00296,CatEye
00297,CatNose
00298,CatEye
00299,CatEye
00300,DogEye
00301,CatEye
00302,DogEye
00303,CatMouth
00304,DogFace
00305,CatMouth
00306,CatFace
00307,DogFace
00308,CatNose
00309,DogMouth
00310,DogMouth
00311,DogEye
00312,CatEye
00313,DogEye
00314,DogEye
00315,DogEye
00316,CatFace
00317,CatEye
00318,CatFace
00319,DogEye
00320,CatFace
00321,CatMouth
00322,CatMouth
00323,CatNose
00324,CatEye
00325,CatEye
00326,DogEye
00327,DogEye
00328,DogEye
00329,DogFace
00330,CatFace
00331,DogMouth
00332,DogMouth
00333,CatMouth
00334,CatEye
00335,DogEye
00336,DogFace
00337,DogEye
00338,DogFace
00339,DogEye
00340,CatNose
00341,CatEye
00342,CatEye
00343,DogFace
00344,CatFace
00345,CatEye
00346,CatEye
00347,CatMouth
00348,CatEye
00349,CatNose
00350,DogEye
00351,CatFace
00352,CatNose
00353,CatNose
00354,CatEye
00355,CatEye
00356,CatEye
00357,DogNose
00358,CatMouth
00359,CatMouth
00360,DogEye
00361,CatEye
00362,DogEye
00363,DogEye
00364,DogFace
00365,DogEye
00366,CatNose
00367,CatEye
00368,CatFace
00369,CatFace
00370,CatEye
00371,DogNose
00372,CatEye
00373,CatEye
00374,DogFace
00375,CatEye
00376,DogMouth
00377,CatNose
00378,DogMouth
00379,DogMouth
00380,DogFace
00381,CatNose
00382,DogEye
00383,CatFace
00384,DogEye
00385,CatNose
00386,DogMouth
00387,CatMouth
00388,CatMouth
00389,CatEye
00390,DogMouth
00391,DogEye
00392,DogNose
00393,CatEye
00394,DogMouth
00395,DogFace
00396,DogNose
00397,DogEye
00398,DogEye
00399,DogFace
00400,DogMouth
00401,CatFace
00402,DogNose
00403,DogEye
00404,CatFace
00405,CatEye
00406,DogEye
00407,DogEye
00408,DogNose
00409,CatFace
00410,DogMouth
00411,CatEye
00412,CatEye
00413,DogEye
00414,CatMouth
00415,DogEye
00416,DogEye
00417,DogFace
00418,CatNose
00419,DogNose
00420,CatEye
00421,CatNose
00422,DogEye
00423,DogEye
00424,CatMouth
00425,CatMouth
00426,DogEye
00427,CatMouth
00428,DogEye
00429,DogMouth
00430,DogFace
00431,CatMouth
00432,DogFace
00433,DogNose
00434,CatFace
00435,CatNose
00436,CatNose
00437,CatFace
00438,CatEye
00439,DogEye
00440,CatEye
00441,DogEye
00442,DogEye
00443,DogFace
00444,CatMouth
00445,CatMouth
00446,DogMouth
00447,DogMouth
00448,DogEye
00449,DogEye
00450,DogNose
00451,CatNose
00452,DogFace
00453,DogFace
00454,CatEye
00455,CatEye
00456,DogMouth
00457,CatEye
00458,DogEye
00459,DogNose
00460,CatFace
00461,DogNose
00462,CatEye
00463,DogEye
00464,CatEye
00465,DogEye
00466,DogFace
00467,CatEye
00468,CatNose
00469,CatEye
00470,CatEye
00471,CatEye
00472,CatEye
00473,CatMouth
00474,DogEye
00475,DogEye
00476,CatEye
00477,CatEye
00478,DogMouth
00479,CatMouth
00480,DogEye
00481,CatMouth
00482,CatMouth
00483,CatMouth
00484,CatMouth
00485,CatMouth
00486,CatEye
00487,DogMouth
00488,CatNose
00489,DogMouth
00490,CatEye
00491,CatFace
00492,CatEye
00493,CatEye
00494,DogEye
00495,DogFace
00496,DogEye
00497,CatEye
00498,DogNose
00499,DogMouth
00500,CatEye
00501,DogEye
00502,CatMouth
00503,CatNose
00504,DogEye
00505,DogEye
00506,CatEye
00507,DogEye
00508,DogMouth
00509,DogEye
00510,CatNose
00511,DogMouth
00512,CatEye
00513,DogMouth
00514,DogMouth
00515,DogEye
00516,DogFace
00517,CatNose
00518,DogFace
00519,CatNose
00520,CatNose
00521,DogEye
00522,DogFace
00523,CatFace
00524,DogFace
00525,DogFace
00526,CatNose
00527,DogEye
00528,CatFace
00529,CatMouth
00530,DogEye
00531,DogNose
00532,DogEye
00533,CatFace
00534,DogEye
00535,DogEye
00536,DogFace
00537,DogEye
00538,DogEye
00539,CatEye
00540,DogFace
00541,DogMouth
00542,CatMouth
00543,CatEye
00544,DogFace
00545,CatMouth
00546,CatFace
00547,DogEye
00548,DogEye
00549,CatEye
00550,DogMouth
00551,DogNose
00552,DogEye
00553,CatFace
00554,DogFace
00555,CatNose
00556,DogNose
00557,CatEye
00558,DogEye
00559,CatEye
00560,DogEye
00561,DogFace
00562,DogMouth
00563,CatEye
00564,DogNose
00565,CatEye
00566,CatEye
00567,DogFace
00568,DogNose
00569,DogMouth
00570,DogFace
00571,DogNose
00572,CatNose
00573,CatFace
00574,CatFace
00575,DogMouth
00576,DogMouth
00577,CatMouth
00578,CatNose
00579,CatFace
00580,DogFace
00581,CatNose
00582,CatFace
00583,DogEye
00584,CatEye
00585,DogEye
00586,DogEye
00587,CatEye
00588,CatNose
00589,CatEye
00590,DogNose
00591,DogNose
00592,CatMouth
00593,CatNose
00594,DogFace
00595,DogMouth
00596,DogNose
00597,CatNose
00598,CatFace
00599,CatEye
00600,DogFace
00601,CatMouth
00602,CatNose
00603,DogNose
00604,DogFace
00605,CatMouth
00606,CatFace
00607,DogEye
00608,DogEye
00609,CatEye
00610,CatFace
00611,DogEye
00612,CatEye
00613,DogEye
00614,CatEye
00615,DogEye
00616,CatEye
00617,CatFace
00618,CatFace
00619,CatMouth
00620,DogNose
00621,CatMouth
00622,DogEye
00623,CatEye
00624,DogNose
00625,CatMouth
00626,DogEye
00627,CatEye
00628,DogEye
00629,CatFace
00630,CatEye
00631,DogFace
00632,CatEye
00633,CatFace
00634,DogFace
00635,DogFace
00636,CatEye
00637,CatFace
00638,CatEye
00639,CatNose
00640,CatMouth
00641,DogMouth
00642,CatFace
00643,DogEye
00644,CatFace
00645,DogNose
00646,DogEye
00647,DogFace
00648,DogMouth
00649,DogFace
00650,DogNose
00651,CatMouth
00652,DogNose
00653,CatFace
00654,CatNose
00655,CatNose
00656,DogEye
00657,CatNose
00658,CatMouth
00659,CatEye
00660,CatMouth
00661,CatEye
00662,CatEye
00663,DogEye
00664,CatNose
00665,DogEye
00666,CatEye
00667,DogFace
00668,CatMouth
00669,DogNose
00670,CatEye
00671,CatMouth
00672,CatEye
00673,DogFace
00674,CatNose
00675,DogMouth
00676,CatMouth
00677,DogNose
00678,DogMouth
00679,DogMouth
00680,CatFace
00681,DogEye
00682,DogEye
00683,CatNose
00684,DogMouth
00685,DogEye
00686,DogEye
00687,CatNose
00688,CatEye
00689,CatNose
00690,DogFace
00691,CatNose
00692,CatNose
00693,CatNose
00694,CatNose
00695,DogEye
00696,CatNose
00697,CatNose
00698,DogEye
00699,CatNose
00700,CatNose
00701,CatMouth
00702,DogEye
00703,CatMouth
00704,DogMouth
00705,CatEye
00706,DogFace
00707,CatEye
00708,DogFace
00709,CatEye
00710,DogFace
00711,CatMouth
00712,CatEye
00713,CatNose
00714,CatNose
00715,CatNose
00716,DogEye
00717,DogFace
00718,DogNose
00719,CatMouth
00720,CatFace
00721,CatEye
00722,CatNose
00723,DogMouth
00724,CatNose
00725,DogNose
00726,DogEye
00727,CatEye
00728,CatMouth
00729,CatEye
00730,DogEye
00731,CatEye
00732,DogEye
00733,DogNose
00734,CatFace
00735,DogMouth
00736,DogFace
00737,DogMouth
00738,DogNose
00739,DogNose
00740,CatNose
00741,CatNose
00742,CatMouth
00743,DogEye
00744,DogFace
00745,CatFace
00746,CatFace
00747,CatEye
00748,CatFace
00749,DogMouth
00750,CatNose
00751,DogNose
00752,DogFace
00753,DogMouth
00754,DogFace
00755,DogEye
00756,DogMouth
00757,DogFace
00758,DogNose
00759,CatFace
00760,CatEye
00761,DogMouth
00762,DogMouth
00763,CatMouth
00764,CatNose
00765,CatFace
00766,DogMouth
00767,CatFace
00768,CatEye
00769,CatMouth
00770,DogMouth
00771,CatMouth
00772,DogEye
00773,DogFace
00774,CatFace
00775,DogNose
00776,CatEye
00777,DogNose
00778,DogEye
00779,CatEye
00780,DogEye
00781,DogEye
00782,CatEye
00783,CatEye
00784,CatFace
00785,DogEye
00786,DogNose
00787,DogEye
00788,CatFace
00789,CatNose
00790,DogNose
00791,DogEye
00792,DogEye
00793,DogNose
00794,DogFace
00795,CatEye
00796,DogFace
00797,DogNose
00798,DogMouth
00799,DogFace
00800,CatMouth
00801,CatEye
00802,CatMouth
00803,DogFace
00804,DogEye
00805,DogFace
00806,DogEye
00807,CatMouth
00808,DogEye
00809,CatFace
00810,DogMouth
00811,CatEye
00812,DogFace
00813,DogEye
00814,CatNose
00815,CatNose
00816,DogEye
00817,DogMouth
00818,CatEye
00819,DogEye
00820,CatMouth
00821,CatMouth
00822,CatFace
00823,DogNose
00824,DogEye
00825,CatEye
00826,DogEye
00827,CatEye
00828,CatEye
00829,CatEye
00830,DogFace
00831,CatEye
00832,DogEye
00833,CatFace
00834,DogNose
00835,CatEye
00836,DogNose
00837,DogFace
00838,CatNose
00839,CatNose
00840,CatFace
00841,CatNose
00842,CatEye
00843,CatNose
00844,DogFace
00845,CatFace
00846,CatNose
00847,CatEye
00848,CatEye
00849,DogEye
00850,CatNose
00851,DogMouth
00852,CatEye
00853,CatMouth
00854,CatEye
00855,DogEye
00856,DogMouth
00857,DogEye
00858,CatMouth
00859,DogEye
00860,CatEye
00861,CatFace
00862,DogMouth
00863,CatEye
00864,CatNose
00865,CatEye
00866,CatEye
00867,CatEye
00868,CatNose
00869,DogEye
00870,DogEye
00871,CatEye
00872,DogFace
00873,CatFace
00874,DogEye
00875,DogMouth
00876,CatEye
00877,DogEye
00878,DogNose
00879,CatFace
00880,CatEye
00881,DogNose
00882,DogEye
00883,CatEye
00884,DogFace
00885,CatMouth
00886,CatEye
00887,CatNose
00888,CatNose
00889,CatFace
00890,DogMouth
00891,DogNose
00892,CatNose
00893,DogEye
00894,DogNose
00895,DogFace
00896,CatEye
00897,DogMouth
00898,DogNose
00899,DogNose
00900,CatMouth
00901,DogEye
00902,CatEye
00903,CatNose
00904,DogEye
00905,CatEye
00906,CatEye
00907,DogFace
00908,CatEye
00909,DogMouth
00910,CatEye
00911,CatNose
00912,DogMouth
00913,CatFace
00914,DogFace
00915,CatEye
00916,CatMouth
00917,CatFace
00918,DogEye
00919,CatEye
00920,DogNose
00921,DogMouth
00922,DogEye
00923,DogMouth
00924,CatNose
00925,CatNose
00926,DogNose
00927,DogEye
00928,CatEye
00929,DogEye
00930,CatNose
00931,CatEye
00932,DogFace
00933,DogFace
00934,CatMouth
00935,DogNose
00936,DogMouth
00937,CatMouth
00938,CatMouth
00939,DogFace
00940,CatNose
00941,CatEye
00942,DogEye
00943,CatFace
00944,CatNose
00945,DogNose
00946,DogEye
00947,DogEye
00948,CatFace
00949,CatNose
00950,DogEye
00951,CatMouth
00952,CatEye
00953,CatEye
00954,CatEye
00955,DogEye
00956,CatMouth
00957,DogEye
00958,CatFace
00959,DogNose
00960,CatMouth
00961,CatFace
00962,CatFace
00963,DogEye
00964,DogNose
00965,CatNose
00966,CatEye
00967,DogEye
00968,DogFace
00969,CatMouth
00970,DogEye
00971,DogEye
00972,CatEye
00973,DogMouth
00974,CatFace
00975,CatEye
00976,CatEye
00977,DogFace
00978,DogMouth
00979,DogNose
00980,CatEye
00981,DogMouth
00982,DogEye
00983,DogFace
00984,DogFace
00985,CatMouth
00986,DogEye
00987,CatNose
00988,CatMouth
00989,CatNose
00990,DogEye
00991,CatNose
00992,DogFace
00993,DogEye
00994,CatEye
00995,CatMouth
00996,CatEye
00997,CatMouth
00998,CatEye
00999,DogEye
01000,DogMouth
01001,DogNose
01002,CatEye
01003,CatMouth
01004,DogEye
01005,DogEye
01006,DogFace
01007,DogNose
01008,CatMouth
01009,CatMouth
01010,CatFace
01011,CatEye
01012,CatNose
01013,CatEye
01014,DogMouth
01015,DogMouth
01016,CatEye
01017,CatNose
01018,DogEye
01019,DogEye
01020,DogNose
01021,CatEye
01022,DogMouth
01023,DogEye
01024,CatEye
01025,CatEye
01026,DogFace
01027,CatMouth
01028,CatNose
01029,DogNose
01030,CatNose
01031,DogNose
01032,DogFace
01033,CatEye
01034,CatFace
01035,CatFace
01036,CatMouth
01037,CatFace
01038,DogEye
01039,CatFace
01040,DogMouth
01041,CatNose
01042,CatEye
01043,CatNose
01044,DogEye
01045,DogEye
01046,DogEye
01047,DogMouth
01048,CatEye
01049,DogFace
01050,DogMouth
01051,CatFace
01052,CatEye
01053,DogEye
01054,CatEye
01055,CatEye
01056,CatEye
01057,CatEye
01058,CatMouth
01059,DogMouth
01060,CatFace
01061,CatNose
01062,CatFace
01063,CatFace
01064,DogFace
01065,DogEye
01066,CatMouth
01067,DogMouth
01068,DogEye
01069,CatEye
01070,DogEye
01071,CatEye
01072,DogMouth
01073,CatMouth
01074,DogMouth
01075,DogEye
01076,CatFace
01077,DogMouth
01078,DogMouth
01079,CatNose
01080,CatEye
01081,DogEye
01082,DogNose
01083,DogMouth
01084,CatMouth
01085,DogEye
01086,DogEye
01087,DogNose
01088,DogMouth
01089,CatEye
01090,CatEye
01091,DogMouth
01092,DogEye
01093,CatFace
01094,CatEye
01095,DogEye
01096,DogFace
01097,DogEye
01098,CatEye
01099,CatNose
01100,CatFace
01101,DogNose
01102,CatNose
01103,CatEye
01104,DogFace
01105,DogEye
01106,DogFace
01107,DogEye
01108,CatNose
01109,DogEye
01110,DogMouth
01111,CatFace
01112,CatNose
01113,DogEye
01114,CatMouth
01115,CatNose
01116,CatFace
01117,CatNose
01118,DogEye
01119,CatEye
01120,DogEye
01121,DogMouth
01122,CatEye
01123,CatNose
01124,CatEye
01125,CatEye
01126,CatEye
01127,DogFace
01128,DogEye
01129,DogMouth
01130,CatMouth
01131,CatEye
01132,DogEye
01133,DogMouth
01134,CatEye
01135,DogEye
01136,DogEye
01137,DogEye
01138,DogEye
01139,CatNose
01140,DogEye
01141,DogNose
01142,CatEye
01143,CatEye
01144,CatMouth
01145,CatEye
01146,CatEye
01147,CatEye
01148,CatEye
01149,DogEye
01150,CatNose
01151,CatNose
01152,DogMouth
01153,CatEye
01154,DogMouth
01155,CatMouth
01156,CatMouth
01157,DogFace
01158,DogMouth
01159,DogFace
01160,DogNose
01161,CatEye
01162,DogFace
01163,CatEye
01164,CatNose
01165,DogEye
01166,DogMouth
01167,CatNose
01168,DogMouth
01169,DogEye
01170,CatFace
01171,CatEye
01172,DogMouth
01173,DogEye
01174,CatFace
01175,DogEye
01176,CatFace
01177,CatNose
01178,CatMouth
01179,CatEye
01180,DogNose
01181,DogEye
01182,DogNose
01183,CatFace
01184,DogFace
01185,CatEye
01186,CatNose
01187,CatMouth
01188,CatFace
01189,DogEye
01190,CatMouth
01191,DogFace
01192,CatNose
01193,CatNose
01194,CatMouth
01195,CatMouth
01196,DogEye
01197,DogFace
01198,DogNose
01199,DogMouth
01200,CatEye
01201,CatEye
01202,DogFace
01203,CatFace
01204,DogEye
01205,DogNose
01206,DogNose
01207,DogFace
01208,CatFace
01209,DogEye
01210,DogEye
01211,DogEye
01212,DogEye
01213,CatNose
01214,CatEye
01215,CatFace
01216,CatMouth
01217,CatMouth
01218,DogEye
01219,CatNose
01220,CatFace
01221,DogEye
01222,CatNose
01223,CatFace
01224,DogFace
01225,DogEye
01226,DogMouth
01227,CatFace
01228,CatEye
01229,DogMouth
01230,CatFace
01231,CatEye
01232,DogFace
01233,CatEye
01234,DogEye
01235,DogMouth
01236,CatEye
01237,CatNose
01238,CatNose
01239,DogEye
01240,CatFace
01241,CatEye
01242,DogMouth
01243,DogEye
01244,CatFace
01245,CatFace
01246,CatEye
01247,DogEye
01248,CatMouth
01249,CatFace
01250,CatNose
01251,CatMouth
01252,DogFace
01253,CatNose
01254,CatEye
01255,CatNose
01256,CatEye
01257,CatEye
01258,DogFace
01259,DogEye
01260,CatEye
01261,DogFace
01262,CatMouth
01263,DogNose
01264,CatNose
01265,CatMouth
01266,CatEye
01267,DogNose
01268,CatFace
01269,CatNose
01270,CatMouth
01271,DogFace
01272,DogFace
01273,CatEye
01274,CatEye
01275,CatEye
01276,DogFace
01277,DogFace
01278,CatNose
01279,CatMouth
01280,DogNose
01281,CatEye
01282,CatFace
01283,CatNose
01284,DogMouth
01285,CatEye
01286,CatNose
01287,CatEye
01288,CatNose
01289,DogNose
01290,DogEye
01291,DogEye
01292,CatMouth
01293,CatNose
01294,DogEye
01295,CatMouth
01296,DogEye
01297,DogFace
01298,CatEye
01299,DogMouth
01300,DogEye
01301,CatNose
01302,CatNose
01303,DogMouth
01304,CatEye
01305,CatFace
01306,CatMouth
01307,DogEye
01308,CatFace
01309,DogEye
01310,DogNose
01311,DogMouth
01312,CatFace
01313,CatNose
01314,DogEye
01315,CatFace
01316,DogEye
01317,CatEye
01318,CatFace
01319,DogFace
01320,DogEye
01321,DogNose
01322,CatEye
01323,DogMouth
01324,DogMouth
01325,DogEye
01326,CatNose
01327,CatNose
01328,CatFace
01329,CatEye
01330,CatMouth
01331,DogNose
01332,CatFace
01333,CatEye
01334,CatNose
01335,CatEye
01336,DogMouth
01337,CatEye
01338,DogEye
01339,CatEye
01340,CatEye
01341,DogEye
01342,CatFace
01343,DogEye
01344,CatMouth
01345,DogEye
01346,DogNose
01347,CatNose
01348,CatFace
01349,CatEye
01350,CatEye
01351,DogEye
01352,DogMouth
01353,CatEye
01354,DogNose
01355,DogNose
01356,DogMouth
01357,CatEye
01358,CatNose
01359,CatEye
01360,DogFace
01361,DogMouth
01362,DogEye
01363,CatFace
01364,CatNose
01365,CatNose
01366,CatMouth
01367,DogEye
01368,DogEye
01369,DogNose
01370,DogEye
01371,DogEye
01372,DogNose
01373,CatFace
01374,CatEye
01375,CatMouth
01376,CatEye
01377,CatNose
01378,CatEye
01379,DogMouth
01380,DogEye
01381,DogNose
01382,CatNose
01383,DogNose
01384,CatNose
01385,CatFace
01386,CatMouth
01387,DogEye
01388,DogEye
01389,CatFace
01390,DogMouth
01391,DogFace
01392,CatFace
01393,DogEye
01394,DogNose
01395,DogNose
01396,DogFace
01397,DogMouth
01398,CatNose
01399,DogNose
01400,DogMouth
01401,CatMouth
01402,CatFace
01403,DogMouth
01404,DogEye
01405,CatEye
01406,DogMouth
01407,CatMouth
01408,DogEye
01409,CatEye
01410,DogMouth
01411,CatFace
01412,DogEye
01413,DogMouth
01414,CatFace
01415,CatFace
01416,CatNose
01417,CatMouth
01418,DogMouth
01419,CatNose
01420,CatFace
01421,CatFace
01422,DogMouth
01423,CatMouth
01424,CatEye
01425,CatNose
01426,DogEye
01427,DogEye
01428,DogNose
01429,CatNose
01430,DogNose
01431,CatNose
01432,DogNose
01433,DogNose
01434,CatEye
01435,CatFace
01436,CatEye
01437,CatEye
01438,DogNose
01439,CatFace
01440,CatEye
01441,CatNose
01442,DogMouth
01443,DogFace
01444,DogMouth
01445,DogNose
01446,CatEye
01447,DogEye
01448,DogMouth
01449,CatMouth
01450,DogNose
01451,DogMouth
01452,DogMouth
01453,CatNose
01454,CatFace
01455,CatNose
01456,DogEye
01457,DogNose
01458,CatMouth
01459,CatFace
01460,DogEye
01461,DogEye
01462,DogFace
01463,CatFace
01464,DogNose
01465,CatEye
01466,DogEye
01467,CatEye
01468,DogEye
01469,DogNose
01470,DogNose
01471,CatEye
01472,DogEye
01473,CatEye
01474,DogNose
01475,DogEye
01476,DogFace
01477,CatNose
01478,CatEye
01479,CatEye
01480,CatEye
01481,CatNose
01482,DogNose
01483,DogNose
01484,DogFace
01485,CatFace
01486,CatEye
01487,CatFace
01488,CatNose
01489,DogMouth
01490,CatMouth
01491,DogMouth
01492,CatEye
01493,DogMouth
01494,CatFace
01495,DogFace
01496,DogEye
01497,CatMouth
01498,CatNose
01499,DogMouth
01500,DogFace
01501,CatMouth
01502,DogNose
01503,CatEye
01504,CatEye
01505,DogNose
01506,CatFace
01507,CatEye
01508,CatEye
01509,CatFace
01510,DogNose
01511,CatEye
01512,DogNose
01513,CatMouth
01514,CatFace
01515,DogEye
01516,DogEye
01517,DogMouth
01518,CatEye
01519,CatMouth
01520,DogEye
01521,DogEye
01522,CatFace
01523,DogEye
01524,CatMouth
01525,DogFace
01526,CatFace
01527,CatFace
01528,DogEye
01529,CatFace
01530,CatFace
01531,CatNose
01532,CatNose
01533,DogMouth
01534,DogEye
01535,DogFace
01536,CatNose
01537,DogEye
01538,DogMouth
01539,DogMouth
01540,DogFace
01541,DogNose
01542,DogEye
01543,CatEye
01544,CatEye
01545,DogNose
01546,CatFace
01547,CatMouth
01548,DogMouth
01549,DogNose
01550,DogEye
01551,CatEye
01552,DogMouth
01553,CatNose
01554,DogNose
01555,DogEye
01556,CatFace
01557,DogNose
01558,CatMouth
01559,CatNose
01560,DogEye
01561,DogMouth
01562,CatMouth
01563,CatNose
01564,DogFace
01565,DogEye
01566,CatEye
01567,DogMouth
01568,DogEye
01569,DogFace
01570,DogFace
01571,CatFace
01572,CatMouth
01573,CatEye
01574,DogFace
01575,CatMouth
01576,CatEye
01577,CatMouth
01578,DogEye
01579,CatNose
01580,CatNose
01581,CatEye
01582,CatNose
01583,CatEye
01584,CatNose
01585,DogEye
01586,CatEye
01587,CatNose
01588,CatNose
01589,DogEye
01590,DogEye
01591,DogFace
01592,CatMouth
01593,DogFace
01594,CatMouth
01595,DogEye
01596,CatEye
01597,DogNose
01598,DogFace
01599,CatEye
01600,CatEye
01601,DogNose
01602,CatMouth
01603,DogNose
01604,DogEye
01605,DogNose
01606,CatNose
01607,CatEye
01608,CatEye
01609,CatFace
01610,DogNose
01611,DogMouth
01612,CatEye
01613,CatMouth
01614,CatNose
01615,CatEye
01616,CatMouth
01617,CatMouth
01618,CatMouth
01619,CatFace
01620,CatMouth
01621,DogFace
01622,CatFace
01623,DogFace
01624,DogNose
01625,CatEye
01626,CatEye
01627,CatEye
01628,CatEye
01629,CatNose
01630,CatMouth
01631,CatNose
01632,CatEye
01633,CatNose
01634,DogEye
01635,CatMouth
01636,CatEye
01637,CatFace
01638,CatNose
01639,DogFace
01640,DogNose
01641,DogNose
01642,CatFace
01643,DogNose
01644,CatNose
01645,CatMouth
01646,DogMouth
01647,DogFace
01648,CatEye
01649,DogEye
01650,DogFace
01651,DogNose
01652,DogEye
01653,DogFace
01654,CatNose
01655,CatFace
01656,CatMouth
01657,DogEye
01658,DogMouth
01659,DogMouth
01660,DogMouth
01661,DogEye
01662,CatMouth
01663,CatMouth
01664,CatNose
01665,CatNose
01666,DogNose
01667,DogEye
01668,DogFace
01669,CatEye
01670,CatEye
01671,CatFace
01672,DogNose
01673,DogFace
01674,CatEye
01675,DogNose
01676,CatEye
01677,CatNose
01678,CatFace
01679,CatEye
01680,DogNose
01681,CatMouth
01682,CatMouth
01683,CatFace
01684,DogFace
01685,CatNose
01686,DogEye
01687,CatEye
01688,DogFace
01689,CatMouth
01690,DogFace
01691,CatEye
01692,CatMouth
01693,DogEye
01694,CatEye
01695,CatNose
01696,CatMouth
01697,CatNose
01698,CatFace
01699,DogEye
01700,DogEye
01701,CatEye
01702,CatEye
01703,CatFace
01704,CatMouth
01705,CatFace
01706,CatMouth
01707,CatMouth
01708,DogEye
01709,DogEye
01710,DogEye
01711,CatEye
01712,CatEye
01713,CatEye
01714,DogEye
01715,CatFace
01716,CatNose
01717,CatEye
01718,DogFace
01719,DogEye
01720,CatFace
01721,CatNose
01722,CatEye
01723,DogEye
01724,CatEye
01725,CatMouth
01726,DogFace
01727,DogEye
01728,DogMouth
01729,DogEye
01730,DogEye
01731,CatEye
01732,DogEye
01733,CatEye
01734,DogNose
01735,DogFace
01736,CatNose
01737,DogMouth
01738,DogEye
01739,CatFace
01740,CatNose
01741,DogEye
01742,DogEye
01743,CatEye
01744,CatMouth
01745,DogFace
01746,CatEye
01747,CatMouth
01748,DogFace
01749,DogNose
01750,DogNose
01751,CatMouth
01752,DogMouth
01753,CatEye
01754,DogFace
01755,DogEye
01756,DogEye
01757,DogEye
01758,CatNose
01759,CatNose
01760,DogNose
01761,CatEye
01762,DogEye
01763,CatMouth
01764,DogEye
01765,DogNose
01766,CatNose
01767,CatEye
01768,CatEye
01769,DogEye
01770,CatEye
01771,DogMouth
01772,CatNose
01773,DogNose
01774,CatNose
01775,CatNose
01776,CatNose
01777,CatEye
01778,CatMouth
01779,DogFace
01780,DogFace
01781,DogFace
01782,DogMouth
01783,DogEye
01784,CatEye
01785,DogNose
01786,CatNose
01787,DogMouth
01788,CatEye
01789,DogNose
01790,CatNose
01791,DogNose
01792,CatEye
01793,CatEye
01794,CatEye
01795,CatMouth
01796,CatNose
01797,DogNose
01798,DogMouth
01799,CatNose
01800,DogNose
01801,DogNose
01802,CatFace
01803,DogEye
01804,CatNose
01805,DogNose
01806,CatNose
01807,DogFace
01808,CatEye
01809,DogEye
01810,DogNose
01811,DogNose
01812,CatEye
01813,CatEye
01814,CatMouth
01815,CatEye
01816,CatMouth
01817,CatMouth
01818,DogEye
01819,DogFace
01820,DogMouth
01821,CatEye
01822,DogEye
01823,DogEye
01824,DogEye
01825,CatEye
01826,CatEye
01827,DogEye
01828,CatFace
01829,CatEye
01830,DogEye
01831,CatEye
01832,CatEye
01833,CatEye
01834,CatEye
01835,DogEye
01836,DogFace
01837,DogMouth
01838,CatFace
01839,CatEye
01840,CatNose
01841,DogEye
01842,CatNose
01843,CatFace
01844,CatEye
01845,CatNose
01846,CatEye
01847,CatEye
01848,CatEye
01849,CatNose
01850,CatEye
01851,DogNose
01852,DogEye
01853,CatEye
01854,CatNose
01855,DogNose
01856,DogEye
01857,CatNose
01858,CatMouth
01859,DogNose
01860,CatEye
01861,CatFace
01862,DogFace
01863,DogEye
01864,CatEye
01865,CatNose
01866,DogEye
01867,DogFace
01868,DogFace
01869,CatEye
01870,CatNose
01871,DogEye
01872,CatEye
01873,CatFace
01874,CatNose
01875,CatMouth
01876,CatFace
01877,CatEye
01878,DogMouth
01879,DogEye
01880,CatEye
01881,DogNose
01882,CatFace
01883,CatNose
01884,CatNose
01885,DogFace
01886,CatEye
01887,CatEye
01888,CatEye
01889,CatFace
01890,CatNose
01891,CatEye
01892,DogEye
01893,DogFace
01894,CatNose
01895,CatMouth
01896,DogNose
01897,DogEye
01898,CatMouth
01899,DogFace
01900,CatMouth
01901,CatNose
01902,CatMouth
01903,CatEye
01904,CatEye
01905,CatEye
01906,DogMouth
01907,DogEye
01908,DogEye
01909,CatNose
01910,DogMouth
01911,DogMouth
01912,CatFace
01913,CatMouth
01914,CatEye
01915,CatEye
01916,CatNose
01917,CatMouth
01918,CatEye
01919,DogEye
01920,DogNose
01921,DogFace
01922,DogNose
01923,CatMouth
01924,CatFace
01925,DogEye
01926,CatFace
01927,CatNose
01928,CatEye
01929,CatEye
01930,DogEye
01931,CatFace
01932,CatMouth
01933,CatMouth
01934,CatEye
01935,CatNose
01936,DogEye
01937,CatEye
01938,DogEye
01939,CatEye
01940,CatEye
01941,CatEye
01942,CatMouth
01943,DogNose
01944,DogNose
01945,CatEye
01946,CatNose
01947,CatMouth
01948,DogFace
01949,CatMouth
01950,DogMouth
01951,CatEye
01952,CatEye
01953,DogEye
01954,DogEye
01955,CatMouth
01956,CatEye
01957,DogEye
01958,CatFace
01959,CatFace
01960,DogEye
01961,DogNose
01962,DogMouth
01963,DogMouth
01964,CatNose
01965,DogNose
01966,CatEye
01967,CatEye
01968,DogEye
01969,CatFace
01970,CatEye
01971,DogMouth
01972,DogNose
01973,CatFace
01974,DogEye
01975,DogEye
01976,CatEye
01977,CatEye
01978,DogEye
01979,DogEye
01980,DogNose
01981,DogNose
01982,DogMouth
01983,DogFace
01984,CatFace
01985,DogMouth
01986,DogNose
01987,CatEye
01988,CatMouth
01989,CatNose
01990,DogNose
01991,DogEye
01992,CatNose
01993,DogMouth
01994,CatEye
01995,CatEye
01996,DogMouth
01997,CatEye
01998,CatEye
01999,CatEye
02000,DogEye
02001,CatFace
02002,CatEye
02003,DogMouth
02004,CatFace
02005,DogEye
02006,CatMouth
02007,DogNose
02008,CatFace
02009,CatEye
02010,DogMouth
02011,DogFace
02012,CatNose
02013,DogFace
02014,CatNose
02015,CatNose
02016,DogEye
02017,CatEye
02018,CatMouth
02019,DogNose
02020,CatNose
02021,DogEye
02022,CatEye
02023,CatMouth
02024,CatEye
02025,DogEye
02026,DogNose
02027,DogFace
02028,CatNose
02029,DogNose
02030,DogEye
02031,DogNose
02032,CatFace
02033,CatMouth
02034,CatEye
02035,CatNose
02036,DogMouth
02037,DogNose
02038,DogNose
02039,CatEye
02040,DogEye
02041,CatEye
02042,DogFace
02043,CatFace
02044,DogFace
02045,DogEye
02046,CatNose
02047,CatEye
02048,CatEye
02049,DogEye
02050,CatNose
02051,DogMouth
02052,CatEye
02053,DogFace
02054,DogFace
02055,CatFace
02056,CatNose
02057,CatNose
02058,CatEye
02059,DogMouth
02060,CatMouth
02061,CatMouth
02062,DogFace
02063,CatEye
02064,DogNose
02065,CatEye
02066,DogNose
02067,DogFace
02068,DogFace
02069,DogEye
02070,DogFace
02071,DogMouth
02072,CatFace
02073,DogNose
02074,CatEye
02075,CatEye
02076,CatFace
02077,DogFace
02078,CatEye
02079,CatFace
02080,DogEye
02081,CatFace
02082,CatMouth
02083,DogEye
02084,CatMouth
02085,CatNose
02086,CatNose
02087,DogEye
02088,DogFace
02089,DogFace
02090,CatFace
02091,CatFace
02092,CatEye
02093,CatFace
02094,CatMouth
02095,DogNose
02096,CatFace
02097,CatEye
02098,CatMouth
02099,DogEye
02100,DogEye
02101,CatEye
02102,DogMouth
02103,CatFace
02104,CatFace
02105,CatNose
02106,DogEye
02107,CatFace
02108,CatNose
02109,DogMouth
02110,CatFace
02111,CatEye
02112,DogEye
02113,CatEye
02114,CatEye
02115,DogFace
02116,CatFace
02117,CatMouth
02118,DogNose
02119,CatNose
02120,DogEye
02121,CatEye
02122,DogFace
02123,CatNose
02124,CatEye
02125,DogNose
02126,CatEye
02127,CatEye
02128,CatMouth
02129,CatMouth
02130,CatEye
02131,CatNose
02132,CatEye
02133,CatFace
02134,DogEye
02135,CatMouth
02136,DogNose
02137,DogMouth
02138,DogEye
02139,DogMouth
02140,CatEye
02141,CatMouth
02142,DogEye
02143,CatNose
02144,DogEye
02145,CatEye
02146,DogNose
02147,DogMouth
02148,DogEye
02149,CatMouth
02150,CatEye
02151,CatEye
02152,CatEye
02153,CatEye
02154,DogNose
02155,CatFace
02156,DogNose
02157,DogNose
02158,DogFace
02159,CatMouth
02160,CatNose
02161,DogEye
02162,CatEye
02163,CatEye
02164,CatFace
02165,CatEye
02166,CatMouth
02167,DogFace
02168,CatMouth
02169,CatEye
02170,DogFace
02171,DogMouth
02172,CatFace
02173,CatEye
02174,CatEye
02175,DogEye
02176,DogNose
02177,DogNose
02178,CatEye
02179,CatMouth
02180,CatMouth
02181,DogEye
02182,DogFace
02183,CatMouth
02184,DogNose
02185,DogEye
02186,CatNose
02187,CatFace
02188,CatMouth
02189,CatNose
02190,CatNose
02191,DogEye
02192,DogNose
02193,DogEye
02194,DogMouth
02195,CatFace
02196,CatEye
02197,DogNose
02198,CatFace
02199,CatEye
02200,DogFace
02201,CatEye
02202,CatMouth
02203,DogEye
02204,DogEye
02205,CatEye
02206,DogNose
02207,DogEye
02208,DogEye
02209,CatFace
02210,DogFace
02211,CatEye
02212,DogFace
02213,DogMouth
02214,DogEye
02215,CatEye
02216,DogEye
02217,DogEye
02218,DogNose
02219,DogMouth
02220,DogFace
02221,DogEye
02222,CatFace
02223,CatMouth
02224,DogNose
02225,DogMouth
02226,DogEye
02227,DogMouth
02228,DogNose
02229,CatNose
02230,CatEye
02231,CatEye
02232,CatMouth
02233,DogMouth
02234,DogNose
02235,CatEye
02236,CatEye
02237,CatFace
02238,CatNose
02239,DogFace
02240,CatFace
02241,CatNose
02242,DogEye
02243,CatNose
02244,CatEye
02245,CatEye
02246,DogMouth
02247,DogEye
02248,DogFace
02249,DogFace
02250,DogFace
02251,CatNose
02252,CatEye
02253,CatEye
02254,CatEye
02255,CatEye
02256,CatNose
02257,CatMouth
02258,CatNose
02259,DogEye
02260,CatFace
02261,DogEye
02262,CatEye
02263,DogFace
02264,DogEye
02265,DogFace
02266,DogEye
02267,DogNose
02268,CatNose
02269,DogEye
02270,CatEye
02271,CatNose
02272,DogEye
02273,CatMouth
02274,DogFace
02275,CatEye
02276,DogMouth
02277,CatEye
02278,CatEye
02279,CatNose
02280,CatEye
02281,CatFace
02282,DogEye
02283,DogEye
02284,DogNose
02285,CatEye
02286,DogFace
02287,DogFace
02288,DogEye
02289,CatNose
02290,CatFace
02291,CatMouth
02292,CatEye
02293,DogEye
02294,CatEye
02295,CatNose
02296,CatEye
02297,DogEye
02298,DogFace
02299,DogEye
02300,CatFace
02301,CatEye
02302,CatEye
02303,DogFace
02304,CatNose
02305,CatNose
02306,DogNose
02307,CatMouth
02308,DogMouth
02309,CatEye
02310,DogEye
02311,CatEye
02312,CatMouth
02313,DogFace
02314,CatEye
02315,DogNose
02316,CatMouth
02317,CatMouth
02318,DogEye
02319,CatFace
02320,CatMouth
02321,DogEye
02322,DogMouth
02323,DogNose
02324,DogMouth
02325,CatMouth
02326,CatFace
02327,CatNose
02328,CatEye
02329,DogEye
02330,CatNose
02331,CatMouth
02332,CatNose
02333,CatEye
02334,DogMouth
02335,CatEye
02336,CatEye
02337,CatEye
02338,CatNose
02339,CatMouth
02340,CatMouth
02341,CatEye
02342,CatNose
02343,DogMouth
02344,CatNose
02345,DogMouth
02346,CatFace
02347,CatFace
02348,DogNose
02349,DogEye
02350,CatNose
02351,DogEye
02352,CatEye
02353,DogEye
02354,DogEye
02355,DogEye
02356,DogEye
02357,DogMouth
02358,DogEye
02359,CatFace
02360,CatEye
02361,CatEye
02362,DogEye
02363,CatEye
02364,DogNose
02365,CatEye
02366,CatNose
02367,DogNose
02368,DogEye
02369,DogMouth
02370,DogEye
02371,CatFace
02372,DogNose
02373,CatFace
02374,CatEye
02375,DogEye
02376,CatMouth
02377,CatFace
02378,CatEye
02379,CatNose
02380,CatEye
02381,CatNose
02382,CatFace
02383,DogFace
02384,CatNose
02385,DogEye
02386,CatNose
02387,CatNose
02388,CatMouth
02389,CatFace
02390,DogEye
02391,DogFace
02392,CatFace
02393,CatEye
02394,CatFace
02395,CatMouth
02396,DogNose
02397,DogEye
02398,CatEye
02399,CatNose
02400,CatFace
02401,CatMouth
02402,CatFace
02403,CatNose
02404,DogEye
02405,DogFace
02406,DogEye
02407,DogEye
02408,CatEye
02409,DogNose
02410,CatFace
02411,DogEye
02412,DogEye
02413,CatEye
02414,DogNose
02415,DogFace
02416,DogFace
02417,DogMouth
02418,CatMouth
02419,DogEye
02420,DogFace
02421,CatMouth
02422,CatNose
02423,CatMouth
02424,DogEye
02425,CatEye
02426,DogEye
02427,CatNose
02428,DogMouth
02429,CatNose
02430,DogFace
02431,CatNose
02432,DogFace
02433,DogMouth
02434,CatFace
02435,CatFace
02436,CatNose
02437,CatFace
02438,CatMouth
02439,DogEye
02440,CatEye
02441,DogFace
02442,CatFace
02443,CatNose
02444,DogFace
02445,DogEye
02446,CatEye
02447,CatMouth
02448,DogEye
02449,CatEye
02450,DogFace
02451,CatEye
02452,DogFace
02453,CatNose
02454,DogEye
02455,CatFace
02456,CatNose
02457,DogEye
02458,DogMouth
02459,DogMouth
02460,DogFace
02461,CatFace
02462,CatNose
02463,DogNose
02464,CatEye
02465,DogFace
02466,DogEye
02467,DogEye
02468,DogEye
02469,CatFace
02470,DogMouth
02471,CatNose
02472,CatMouth
02473,CatFace
02474,DogEye
02475,CatFace
02476,DogEye
02477,CatEye
02478,CatEye
02479,CatEye
02480,CatNose
02481,DogFace
02482,DogEye
02483,DogMouth
02484,CatEye
02485,CatMouth
02486,CatEye
02487,CatMouth
02488,CatNose
02489,DogFace
02490,DogEye
02491,DogEye
02492,DogNose
02493,DogNose
02494,CatEye
02495,DogEye
02496,CatEye
02497,DogFace
02498,CatFace
02499,CatEye
02500,CatEye
02501,DogNose
02502,DogFace
02503,DogEye
02504,CatFace
02505,CatMouth
02506,CatEye
02507,DogEye
02508,DogMouth
02509,DogFace
02510,DogEye
02511,CatFace
02512,DogEye
02513,CatFace
02514,DogEye
02515,DogFace
02516,CatMouth
02517,CatNose
02518,CatEye
02519,CatFace
02520,CatNose
02521,CatNose
02522,DogEye
02523,CatNose
02524,DogNose
02525,CatEye
02526,CatEye
02527,CatMouth
02528,DogEye
02529,CatEye
02530,DogEye
02531,DogEye
02532,CatFace
02533,CatFace
02534,CatMouth
02535,DogEye
02536,CatNose
02537,DogEye
02538,DogEye
02539,CatEye
02540,DogNose
02541,CatFace
02542,CatEye
02543,DogEye
02544,DogEye
02545,DogFace
02546,DogEye
02547,CatEye
02548,CatEye
02549,CatFace
02550,DogFace
02551,CatFace
02552,CatEye
02553,DogFace
02554,DogNose
02555,DogMouth
02556,CatEye
02557,DogEye
02558,CatFace
02559,CatFace
02560,DogMouth
02561,CatNose
02562,CatEye
02563,DogEye
02564,CatEye
02565,DogEye
02566,CatEye
02567,CatEye
02568,CatMouth
02569,CatEye
02570,CatEye
02571,CatEye
02572,DogEye
02573,CatEye
02574,CatEye
02575,DogNose
02576,DogEye
02577,CatMouth
02578,CatEye
02579,CatFace
02580,DogMouth
02581,DogEye
02582,DogFace
02583,DogMouth
02584,DogNose
02585,CatEye
02586,DogNose
02587,DogFace
02588,CatNose
02589,CatNose
02590,DogEye
02591,CatMouth
02592,CatEye
02593,CatEye
02594,CatMouth
02595,DogMouth
02596,CatEye
02597,CatNose
02598,CatFace
02599,CatNose
02600,CatNose
02601,DogEye
02602,CatEye
02603,DogNose
02604,DogFace
02605,CatEye
02606,CatEye
02607,DogNose
02608,DogFace
02609,CatNose
02610,CatFace
02611,DogEye
02612,CatEye
02613,CatMouth
02614,DogEye
02615,CatEye
02616,CatEye
02617,DogFace
02618,DogMouth
02619,DogMouth
02620,DogNose
02621,CatEye
02622,CatNose
02623,DogNose
02624,CatNose
02625,DogFace
02626,DogMouth
02627,DogEye
02628,DogNose
02629,DogNose
02630,CatNose
02631,CatMouth
02632,CatMouth
02633,CatEye
02634,CatMouth
02635,CatNose
02636,CatFace
02637,CatMouth
02638,DogEye
02639,DogEye
02640,DogNose
02641,DogNose
02642,DogMouth
02643,CatEye
02644,CatNose
02645,CatEye
02646,CatMouth
02647,CatNose
02648,DogMouth
02649,DogFace
02650,DogEye
02651,CatMouth
02652,DogMouth
02653,CatMouth
02654,DogFace
02655,CatFace
02656,CatNose
02657,CatMouth
02658,CatFace
02659,DogEye
02660,DogEye
02661,CatFace
02662,DogMouth
02663,CatNose
02664,DogEye
02665,DogNose
02666,CatFace
02667,CatMouth
02668,CatEye
02669,DogEye
02670,DogEye
02671,CatEye
02672,CatEye
02673,DogEye
02674,DogNose
02675,DogEye
02676,CatNose
02677,DogEye
02678,CatNose
02679,DogEye
02680,CatNose
02681,CatEye
02682,DogFace
02683,CatFace
02684,CatEye
02685,DogFace
02686,DogEye
02687,DogEye
02688,DogFace
02689,CatNose
02690,CatEye
02691,DogEye
02692,CatMouth
02693,DogFace
02694,CatEye
02695,DogFace
02696,DogFace
02697,CatMouth
02698,CatEye
02699,DogFace
02700,CatFace
02701,CatFace
02702,CatMouth
02703,CatFace
02704,DogMouth
02705,CatNose
02706,DogEye
02707,DogNose
02708,DogMouth
02709,CatEye
02710,DogEye
02711,CatFace
02712,DogEye
02713,DogFace
02714,CatEye
02715,CatNose
02716,DogNose
02717,DogEye
02718,DogEye
02719,DogFace
02720,CatMouth
02721,CatNose
02722,CatNose
02723,CatEye
02724,CatEye
02725,DogNose
02726,DogMouth
02727,CatNose
02728,CatFace
02729,CatFace
02730,CatNose
02731,DogNose
02732,CatNose
02733,CatEye
02734,CatEye
02735,CatFace
02736,DogMouth
02737,CatNose
02738,CatMouth
02739,DogMouth
02740,CatEye
02741,CatMouth
02742,DogNose
02743,DogFace
02744,DogNose
02745,CatNose
02746,DogNose
02747,DogEye
02748,CatEye
02749,DogEye
02750,CatMouth
02751,DogMouth
02752,CatFace
02753,CatMouth
02754,CatEye
02755,CatEye
02756,CatEye
02757,DogEye
02758,CatFace
02759,CatEye
02760,DogMouth
02761,DogFace
02762,CatMouth
02763,CatFace
02764,DogMouth
02765,DogMouth
02766,DogMouth
02767,CatMouth
02768,DogFace
02769,CatEye
02770,DogMouth
02771,DogEye
02772,DogFace
02773,CatEye
02774,CatFace
02775,DogEye
02776,CatFace
02777,CatNose
02778,CatMouth
02779,CatFace
02780,DogNose
02781,CatNose
02782,DogFace
02783,CatEye
02784,CatEye
02785,CatMouth
02786,CatFace
02787,CatNose
02788,CatEye
02789,DogEye
02790,DogFace
02791,CatEye
02792,CatFace
02793,DogNose
02794,CatNose
02795,CatEye
02796,DogMouth
02797,CatEye
02798,CatMouth
02799,CatMouth
02800,DogMouth
02801,CatFace
02802,CatEye
02803,CatMouth
02804,DogEye
02805,DogEye
02806,CatEye
02807,CatFace
02808,CatEye
02809,DogEye
02810,CatEye
02811,CatFace
02812,CatEye
02813,CatMouth
02814,CatEye
02815,CatEye
02816,CatNose
02817,CatMouth
02818,DogMouth
02819,CatMouth
02820,CatNose
02821,DogNose
02822,DogEye
02823,CatEye
02824,CatNose
02825,DogNose
02826,CatEye
02827,CatFace
02828,CatEye
02829,CatNose
02830,CatFace
02831,CatNose
02832,DogEye
02833,CatEye
02834,DogFace
02835,DogMouth
02836,CatEye
02837,DogEye
02838,DogEye
02839,CatNose
02840,DogMouth
02841,CatEye
02842,CatEye
02843,CatEye
02844,CatEye
02845,CatNose
02846,DogEye
02847,CatFace
02848,DogNose
02849,DogMouth
02850,DogEye
02851,DogFace
02852,DogMouth
02853,DogNose
02854,CatEye
02855,DogEye
02856,CatEye
02857,DogNose
02858,CatNose
02859,DogMouth
02860,CatFace
02861,DogEye
02862,CatEye
02863,CatNose
02864,CatEye
02865,CatFace
02866,CatEye
02867,DogEye
02868,CatNose
02869,CatEye
02870,DogFace
02871,DogNose
02872,CatFace
02873,DogEye
02874,DogEye
02875,CatFace
02876,DogEye
02877,CatMouth
02878,DogFace
02879,CatEye
02880,CatEye
02881,DogEye
02882,CatFace
02883,DogEye
02884,DogEye
02885,DogEye
02886,DogMouth
02887,CatMouth
02888,CatFace
02889,CatEye
02890,DogEye
02891,CatEye
02892,DogEye
02893,CatNose
02894,CatFace
02895,DogFace
02896,DogFace
02897,CatFace
02898,CatNose
02899,DogFace
02900,CatEye
02901,DogNose
02902,CatNose
02903,CatEye
02904,CatFace
02905,DogNose
02906,CatMouth
02907,CatMouth
02908,CatEye
02909,DogEye
02910,DogNose
02911,CatEye
02912,CatMouth
02913,CatFace
02914,DogFace
02915,CatEye
02916,DogEye
02917,CatMouth
02918,CatNose
02919,CatMouth
02920,DogEye
02921,CatEye
02922,CatFace
02923,DogEye
02924,DogNose
02925,DogNose
02926,CatFace
02927,CatFace
02928,CatFace
02929,CatMouth
02930,CatFace
02931,DogMouth
02932,CatFace
02933,CatFace
02934,CatMouth
02935,CatNose
02936,DogNose
02937,CatEye
02938,DogMouth
02939,DogNose
02940,CatMouth
02941,CatEye
02942,DogEye
02943,CatNose
02944,CatMouth
02945,CatEye
02946,DogNose
02947,DogFace
02948,DogNose
02949,CatFace
02950,CatEye
02951,DogEye
02952,DogNose
02953,DogEye
02954,DogEye
02955,DogFace
02956,DogEye
02957,DogEye
02958,DogFace
02959,CatEye
02960,DogEye
02961,CatFace
02962,DogFace
02963,CatNose
02964,DogMouth
02965,CatFace
02966,CatEye
02967,DogNose
02968,DogMouth
02969,DogMouth
02970,DogNose
02971,DogMouth
02972,CatEye
02973,DogNose
02974,CatNose
02975,CatEye
02976,CatNose
02977,CatEye
02978,CatEye
02979,DogNose
02980,CatFace
02981,CatNose
02982,CatNose
02983,CatMouth
02984,DogEye
02985,CatFace
02986,DogEye
02987,CatMouth
02988,CatEye
02989,DogEye
02990,CatEye
02991,CatMouth
02992,CatNose
02993,CatEye
02994,CatEye
02995,CatEye
02996,DogEye
02997,DogEye
02998,CatEye
02999,CatEye
03000,CatNose
03001,CatEye
03002,DogFace
03003,DogNose
03004,DogFace
03005,DogEye
03006,CatFace
03007,CatFace
03008,CatEye
03009,CatNose
03010,DogEye
03011,DogEye
03012,CatNose
03013,DogEye
03014,CatFace
03015,DogEye
03016,CatMouth
03017,DogEye
03018,CatFace
03019,DogFace
03020,DogEye
03021,CatEye
03022,CatFace
03023,CatEye
03024,DogMouth
03025,CatEye
03026,DogFace
03027,DogEye
03028,CatEye
03029,DogEye
03030,CatEye
03031,CatNose
03032,CatNose
03033,CatMouth
03034,DogMouth
03035,CatEye
03036,DogMouth
03037,DogEye
03038,DogNose
03039,DogNose
03040,CatNose
03041,DogEye
03042,CatEye
03043,DogEye
03044,DogFace
03045,DogFace
03046,CatFace
03047,CatEye
03048,DogMouth
03049,CatFace
03050,DogNose
03051,CatFace
03052,DogEye
03053,CatEye
03054,DogEye
03055,DogMouth
03056,CatFace
03057,CatMouth
03058,CatFace
03059,CatEye
03060,CatNose
03061,CatFace
03062,CatNose
03063,DogEye
03064,DogMouth
03065,DogEye
03066,CatEye
03067,CatEye
03068,CatNose
03069,DogNose
03070,CatNose
03071,DogFace
03072,DogFace
03073,DogFace
03074,CatNose
03075,DogNose
03076,DogEye
03077,CatFace
03078,DogEye
03079,CatNose
03080,CatMouth
03081,CatMouth
03082,DogNose
03083,DogFace
03084,CatMouth
03085,DogMouth
03086,CatFace
03087,CatEye
03088,CatMouth
03089,CatEye
03090,DogEye
03091,CatEye
03092,CatNose
03093,CatEye
03094,DogFace
03095,DogFace
03096,CatEye
03097,CatMouth
03098,DogMouth
03099,DogEye
03100,DogMouth
03101,DogEye
03102,CatMouth
03103,CatFace
03104,CatFace
03105,CatMouth
03106,DogEye
03107,DogNose
03108,DogNose
03109,CatEye
03110,DogEye
03111,CatFace
03112,DogEye
03113,CatFace
03114,DogMouth
03115,CatEye
03116,CatEye
03117,CatNose
03118,CatNose
03119,CatFace
03120,CatEye
03121,CatFace
03122,DogEye
03123,CatMouth
03124,CatEye
03125,CatMouth
03126,CatFace
03127,DogEye
03128,DogMouth
03129,DogFace
03130,DogEye
03131,DogFace
03132,DogMouth
03133,CatFace
03134,DogNose
03135,CatMouth
03136,CatMouth
03137,CatMouth
03138,CatFace
03139,CatFace
03140,CatMouth
03141,DogFace
03142,DogFace
03143,DogEye
03144,DogFace
03145,CatMouth
03146,DogNose
03147,CatFace
03148,DogNose
03149,DogMouth
03150,CatFace
03151,CatNose
03152,DogEye
03153,DogMouth
03154,DogEye
03155,CatFace
03156,DogNose
03157,CatEye
03158,CatFace
03159,CatEye
03160,CatFace
03161,DogMouth
03162,CatFace
03163,CatEye
03164,DogMouth
03165,DogEye
03166,CatFace
03167,DogNose
03168,CatFace
03169,CatEye
03170,DogEye
03171,CatEye
03172,DogMouth
03173,DogEye
03174,DogNose
03175,CatNose
03176,DogEye
03177,DogFace
03178,DogMouth
03179,DogEye
03180,CatMouth
03181,CatEye
03182,DogFace
03183,CatFace
03184,CatEye
03185,CatFace
03186,CatEye
03187,DogMouth
03188,CatEye
03189,CatEye
03190,DogFace
03191,DogMouth
03192,DogNose
03193,CatEye
03194,DogEye
03195,CatMouth
03196,CatNose
03197,DogEye
03198,DogEye
03199,DogNose
03200,CatEye
03201,CatEye
03202,DogNose
03203,DogMouth
03204,DogMouth
03205,DogEye
03206,DogFace
03207,CatMouth
03208,DogEye
03209,CatMouth
03210,CatMouth
03211,CatMouth
03212,DogNose
03213,CatNose
03214,CatEye
03215,DogEye
03216,DogEye
03217,CatMouth
03218,DogMouth
03219,DogEye
03220,DogMouth
03221,DogEye
03222,CatMouth
03223,DogMouth
03224,DogEye
03225,DogNose
03226,DogNose
03227,CatEye
03228,CatNose
03229,CatMouth
03230,CatNose
03231,CatMouth
03232,CatMouth
03233,CatNose
03234,CatEye
03235,CatEye
03236,CatMouth
03237,CatMouth
03238,CatFace
03239,CatFace
03240,CatMouth
03241,CatFace
03242,CatEye
03243,CatEye
03244,CatFace
03245,CatEye
03246,DogMouth
03247,DogNose
03248,CatMouth
03249,DogEye
03250,DogEye
03251,DogNose
03252,DogNose
03253,CatEye
03254,DogFace
03255,CatNose
03256,DogEye
03257,CatEye
03258,DogEye
03259,CatFace
03260,DogNose
03261,CatEye
03262,CatEye
03263,CatEye
03264,DogEye
03265,CatEye
03266,CatEye
03267,DogEye
03268,DogFace
03269,DogEye
03270,CatNose
03271,CatEye
03272,DogEye
03273,CatNose
03274,DogEye
03275,CatNose
03276,DogNose
03277,CatNose
03278,CatNose
03279,DogEye
03280,DogNose
03281,CatMouth
03282,CatMouth
03283,CatEye
03284,DogEye
03285,CatNose
03286,DogFace
03287,CatFace
03288,CatNose
03289,CatEye
03290,DogNose
03291,CatEye
03292,DogEye
03293,CatEye
03294,CatFace
03295,DogFace
03296,CatEye
03297,CatFace
03298,DogMouth
03299,CatFace
03300,DogEye
03301,CatEye
03302,CatMouth
03303,DogNose
03304,DogEye
03305,CatMouth
03306,DogEye
03307,CatNose
03308,DogMouth
03309,DogMouth
03310,CatEye
03311,CatFace
03312,DogEye
03313,CatMouth
03314,CatEye
03315,CatNose
03316,DogFace
03317,DogEye
03318,DogFace
03319,CatFace
03320,DogEye
03321,CatNose
03322,DogMouth
03323,DogNose
03324,DogEye
03325,DogMouth
03326,DogEye
03327,DogEye
03328,DogFace
03329,DogNose
03330,CatEye
03331,DogEye
03332,CatEye
03333,CatFace
03334,CatFace
03335,CatNose
03336,CatNose
03337,DogNose
03338,CatNose
03339,DogMouth
03340,CatEye
03341,DogFace
03342,CatMouth
03343,DogMouth
03344,CatNose
03345,DogEye
03346,CatNose
03347,DogNose
03348,CatEye
03349,CatEye
03350,CatMouth
03351,CatNose
03352,CatEye
03353,CatNose
03354,DogEye
03355,DogFace
03356,CatEye
03357,CatMouth
03358,DogFace
03359,CatMouth
03360,CatFace
03361,DogNose
03362,DogMouth
03363,CatFace
03364,CatFace
03365,CatEye
03366,CatEye
03367,CatFace
03368,DogFace
03369,CatMouth
03370,DogEye
03371,CatNose
03372,DogFace
03373,CatEye
03374,DogFace
03375,DogEye
03376,CatEye
03377,DogEye
03378,DogMouth
03379,CatFace
03380,CatMouth
03381,DogFace
03382,CatEye
03383,CatEye
03384,DogFace
03385,CatFace
03386,DogEye
03387,DogEye
03388,CatMouth
03389,CatEye
03390,DogNose
03391,CatNose
03392,CatFace
03393,DogEye
03394,DogEye
03395,DogFace
03396,DogEye
03397,DogEye
03398,CatFace
03399,CatMouth
03400,CatNose
03401,DogEye
03402,CatFace
03403,CatNose
03404,DogEye
03405,DogEye
03406,CatFace
03407,DogEye
03408,CatFace
03409,DogNose
03410,CatEye
03411,CatEye
03412,DogNose
03413,CatMouth
03414,DogNose
03415,DogMouth
03416,CatEye
03417,DogNose
03418,DogFace
03419,CatMouth
03420,CatFace
03421,DogFace
03422,CatMouth
03423,CatMouth
03424,CatNose
03425,CatEye
03426,DogEye
03427,CatEye
03428,CatFace
03429,DogEye
03430,CatFace
03431,CatEye
03432,DogMouth
03433,DogNose
03434,DogMouth
03435,CatFace
03436,CatFace
03437,DogMouth
03438,CatEye
03439,CatNose
03440,CatEye
03441,DogEye
03442,CatMouth
03443,CatNose
03444,DogMouth
03445,CatMouth
03446,DogEye
03447,CatNose
03448,DogEye
03449,DogFace
03450,CatMouth
03451,DogEye
03452,CatNose
03453,CatEye
03454,CatEye
03455,DogEye
03456,CatMouth
03457,DogMouth
03458,DogEye
03459,CatEye
03460,DogEye
03461,DogFace
03462,CatMouth
03463,CatEye
03464,DogEye
03465,DogEye
03466,DogNose
03467,CatMouth
03468,DogEye
03469,DogEye
03470,CatEye
03471,CatMouth
03472,DogNose
03473,DogMouth
03474,DogNose
03475,CatMouth
03476,CatMouth
03477,CatMouth
03478,CatFace
03479,CatMouth
03480,DogFace
03481,DogEye
03482,CatNose
03483,DogMouth
03484,CatEye
03485,DogEye
03486,DogNose
03487,CatFace
03488,DogFace
03489,CatMouth
03490,DogFace
03491,CatMouth
03492,DogFace
03493,DogMouth
03494,DogEye
03495,CatEye
03496,CatEye
03497,DogEye
03498,CatEye
03499,DogMouth
03500,DogEye
03501,CatEye
03502,CatFace
03503,DogNose
03504,CatEye
03505,CatEye
03506,DogMouth
03507,DogEye
03508,CatFace
03509,CatNose
03510,DogEye
03511,CatMouth
03512,CatNose
03513,DogFace
03514,CatFace
03515,CatFace
03516,DogMouth
03517,CatMouth
03518,CatFace
03519,CatMouth
03520,DogMouth
03521,CatFace
03522,DogMouth
03523,DogEye
03524,CatNose
03525,CatNose
03526,DogNose
03527,CatEye
03528,DogFace
03529,DogEye
03530,DogEye
03531,CatNose
03532,DogNose
03533,DogMouth
03534,DogEye
03535,CatFace
03536,DogMouth
03537,DogEye
03538,CatEye
03539,DogEye
03540,CatFace
03541,DogFace
03542,DogMouth
03543,DogMouth
03544,CatNose
03545,CatMouth
03546,CatFace
03547,CatMouth
03548,DogMouth
03549,DogFace
03550,CatEye
03551,CatNose
03552,CatEye
03553,DogEye
03554,DogEye
03555,DogNose
03556,DogMouth
03557,CatMouth
03558,DogMouth
03559,DogMouth
03560,DogEye
03561,DogMouth
03562,DogEye
03563,DogFace
03564,DogEye
03565,DogMouth
03566,CatEye
03567,DogFace
03568,DogEye
03569,CatEye
03570,DogEye
03571,CatNose
03572,DogEye
03573,DogNose
03574,CatMouth
03575,CatFace
03576,DogFace
03577,CatNose
03578,DogEye
03579,CatMouth
03580,CatMouth
03581,CatEye
03582,CatEye
03583,CatEye
03584,CatEye
03585,CatMouth
03586,CatEye
03587,DogNose
03588,CatEye
03589,DogMouth
03590,CatFace
03591,DogFace
03592,CatFace
03593,CatMouth
03594,DogEye
03595,DogEye
03596,CatMouth
03597,CatFace
03598,CatEye
03599,CatFace
03600,CatFace
03601,CatMouth
03602,DogMouth
03603,CatEye
03604,DogFace
03605,DogNose
03606,CatEye
03607,CatMouth
03608,DogEye
03609,CatEye
03610,CatMouth
03611,CatMouth
03612,DogFace
03613,CatNose
03614,CatFace
03615,DogFace
03616,DogFace
03617,DogEye
03618,DogFace
03619,DogEye
03620,DogNose
03621,DogEye
03622,DogFace
03623,CatNose
03624,CatFace
03625,CatMouth
03626,CatMouth
03627,DogFace
03628,CatEye
03629,DogFace
03630,CatFace
03631,DogNose
03632,DogEye
03633,CatEye
03634,CatEye
03635,CatMouth
03636,CatNose
03637,CatNose
03638,DogEye
03639,DogNose
03640,CatEye
03641,CatFace
03642,CatEye
03643,CatEye
03644,CatMouth
03645,CatEye
03646,DogMouth
03647,DogMouth
03648,CatEye
03649,DogEye
03650,DogEye
03651,DogEye
03652,CatFace
03653,DogEye
03654,CatEye
03655,CatNose
03656,CatMouth
03657,CatFace
03658,CatEye
03659,DogFace
03660,CatEye
03661,CatNose
03662,DogEye
03663,CatNose
03664,CatMouth
03665,DogEye
03666,CatMouth
03667,CatEye
03668,DogFace
03669,CatEye
03670,CatEye
03671,DogNose
03672,CatNose
03673,CatEye
03674,CatMouth
03675,DogEye
03676,CatEye
03677,DogEye
03678,CatNose
03679,CatMouth
03680,CatNose
03681,CatEye
03682,CatFace
03683,DogNose
03684,CatEye
03685,DogNose
03686,DogEye
03687,CatMouth
03688,CatMouth
03689,DogMouth
03690,CatNose
03691,DogFace
03692,CatFace
03693,DogEye
03694,CatEye
03695,DogEye
03696,DogEye
03697,CatNose
03698,CatFace
03699,DogEye
03700,CatFace
03701,DogEye
03702,DogNose
03703,DogEye
03704,CatEye
03705,CatFace
03706,CatNose
03707,CatEye
03708,DogEye
03709,CatFace
03710,CatMouth
03711,DogEye
03712,CatFace
03713,DogMouth
03714,CatMouth
03715,DogFace
03716,CatEye
03717,DogMouth
03718,CatEye
03719,CatEye
03720,DogEye
03721,DogMouth
03722,CatEye
03723,DogNose
03724,CatFace
03725,CatFace
03726,DogNose
03727,CatEye
03728,DogNose
03729,DogNose
03730,CatMouth
03731,CatFace
03732,DogEye
03733,CatFace
03734,CatEye
03735,CatNose
03736,DogEye
03737,CatEye
03738,DogMouth
03739,CatFace
03740,CatEye
03741,CatMouth
03742,CatEye
03743,CatMouth
03744,CatEye
03745,DogNose
03746,DogEye
03747,CatEye
03748,CatEye
03749,CatNose
03750,CatNose
03751,DogFace
03752,DogMouth
03753,CatEye
03754,CatEye
03755,CatNose
03756,CatNose
03757,CatEye
03758,CatNose
03759,DogNose
03760,CatNose
03761,DogNose
03762,DogEye
03763,CatEye
03764,DogEye
03765,DogEye
03766,DogMouth
03767,CatEye
03768,DogMouth
03769,CatEye
03770,CatEye
03771,DogEye
03772,CatNose
03773,CatFace
03774,CatNose
03775,DogFace
03776,CatEye
03777,CatNose
03778,CatMouth
03779,DogFace
03780,CatFace
03781,DogNose
03782,CatEye
03783,CatEye
03784,DogEye
03785,CatNose
03786,DogEye
03787,DogNose
03788,DogEye
03789,DogEye
03790,DogFace
03791,DogNose
03792,CatEye
03793,CatMouth
03794,CatEye
03795,DogEye
03796,CatEye
03797,CatMouth
03798,CatEye
03799,CatFace
03800,CatNose
03801,CatMouth
03802,CatEye
03803,CatNose
03804,DogMouth
03805,DogFace
03806,DogEye
03807,CatEye
03808,DogNose
03809,CatEye
03810,CatMouth
03811,DogEye
03812,CatFace
03813,DogMouth
03814,CatMouth
03815,CatMouth
03816,CatNose
03817,DogEye
03818,DogEye
03819,DogMouth
03820,CatMouth
03821,DogFace
03822,DogNose
03823,CatEye
03824,CatNose
03825,CatFace
03826,DogMouth
03827,DogFace
03828,CatMouth
03829,CatEye
03830,CatMouth
03831,DogFace
03832,CatFace
03833,DogFace
03834,DogEye
03835,DogMouth
03836,DogFace
03837,DogMouth
03838,DogEye
03839,DogEye
03840,DogFace
03841,DogMouth
03842,CatFace
03843,CatEye
03844,DogNose
03845,CatNose
03846,CatEye
03847,CatEye
03848,CatEye
03849,DogEye
03850,DogMouth
03851,CatFace
03852,DogMouth
03853,CatEye
03854,DogEye
03855,DogFace
03856,CatNose
03857,CatMouth
03858,CatFace
03859,DogEye
03860,DogFace
03861,DogEye
03862,CatEye
03863,DogEye
03864,DogEye
03865,DogEye
03866,DogEye
03867,CatNose
03868,CatEye
03869,CatEye
03870,CatEye
03871,CatEye
03872,DogEye
03873,DogNose
03874,CatMouth
03875,DogEye
03876,CatMouth
03877,CatMouth
03878,DogNose
03879,CatFace
03880,DogNose
03881,DogNose
03882,CatFace
03883,CatEye
03884,CatEye
03885,DogFace
03886,DogMouth
03887,DogEye
03888,DogEye
03889,CatMouth
03890,DogMouth
03891,CatMouth
03892,CatMouth
03893,CatFace
03894,CatMouth
03895,CatFace
03896,DogFace
03897,DogNose
03898,DogNose
03899,CatEye
03900,CatEye
03901,DogEye
03902,DogEye
03903,CatEye
03904,DogEye
03905,CatEye
03906,CatFace
03907,DogNose
03908,CatMouth
03909,CatMouth
03910,DogMouth
03911,CatFace
03912,CatMouth
03913,DogEye
03914,DogMouth
03915,CatEye
03916,CatEye
03917,CatEye
03918,DogNose
03919,CatEye
03920,CatEye
03921,DogEye
03922,DogEye
03923,DogMouth
03924,CatEye
03925,DogEye
03926,CatEye
03927,CatMouth
03928,CatMouth
03929,CatMouth
03930,CatFace
03931,DogEye
03932,CatEye
03933,DogEye
03934,DogMouth
03935,CatEye
03936,CatFace
03937,CatEye
03938,CatEye
03939,DogFace
03940,DogEye
03941,DogMouth
03942,CatEye
03943,DogNose
03944,DogNose
03945,DogMouth
03946,CatNose
03947,DogNose
03948,CatMouth
03949,DogNose
03950,CatEye
03951,DogNose
03952,DogMouth
03953,DogFace
03954,CatMouth
03955,DogMouth
03956,CatMouth
03957,CatNose
03958,DogMouth
03959,CatEye
03960,CatNose
03961,CatEye
03962,DogNose
03963,CatMouth
03964,DogEye
03965,CatEye
03966,CatEye
03967,CatNose
03968,CatNose
03969,DogFace
03970,CatMouth
03971,CatEye
03972,CatFace
03973,DogEye
03974,DogEye
03975,DogEye
03976,CatMouth
03977,CatEye
03978,DogEye
03979,CatMouth
03980,DogEye
03981,DogNose
03982,CatFace
03983,DogFace
03984,DogNose
03985,CatNose
03986,DogMouth
03987,DogNose
03988,DogEye
03989,CatEye
03990,CatEye
03991,CatFace
03992,CatNose
03993,CatFace
03994,CatEye
03995,DogEye
03996,DogMouth
03997,CatEye
03998,CatEye
03999,CatMouth
04000,CatMouth
04001,CatNose
04002,CatEye
04003,DogEye
04004,CatFace
04005,CatMouth
04006,CatNose
04007,DogMouth
04008,DogFace
04009,DogEye
04010,DogEye
04011,CatEye
04012,CatFace
04013,CatMouth
04014,CatEye
04015,CatFace
04016,CatEye
04017,CatFace
04018,CatMouth
04019,CatEye
04020,CatMouth
04021,CatNose
04022,DogEye
04023,DogMouth
04024,CatEye
04025,DogEye
04026,CatFace
04027,CatEye
04028,CatEye
04029,CatFace
04030,DogMouth
04031,CatMouth
04032,DogEye
04033,CatMouth
04034,CatEye
04035,CatMouth
04036,DogEye
04037,DogEye
04038,CatMouth
04039,DogNose
04040,DogMouth
04041,DogNose
04042,DogMouth
04043,DogMouth
04044,CatFace
04045,DogFace
04046,DogMouth
04047,CatFace
04048,DogFace
04049,DogNose
04050,CatEye
04051,CatNose
04052,CatEye
04053,CatMouth
04054,DogNose
04055,DogFace
04056,DogEye
04057,CatNose
04058,DogEye
04059,DogMouth
04060,DogNose
04061,CatEye
04062,DogEye
04063,CatEye
04064,CatEye
04065,CatEye
04066,CatMouth
04067,DogFace
04068,DogEye
04069,DogFace
04070,DogFace
04071,CatEye
04072,CatMouth
04073,CatFace
04074,CatEye
04075,CatNose
04076,DogEye
04077,DogMouth
04078,CatEye
04079,CatNose
04080,DogMouth
04081,DogMouth
04082,CatMouth
04083,DogEye
04084,CatNose
04085,CatEye
04086,CatEye
04087,DogMouth
04088,DogNose
04089,DogMouth
04090,CatEye
04091,DogEye
04092,CatFace
04093,DogFace
04094,DogEye
04095,DogEye
04096,DogEye
04097,CatEye
04098,CatEye
04099,CatEye
04100,DogNose
04101,CatEye
04102,CatFace
04103,DogMouth
04104,CatEye
04105,CatFace
04106,DogNose
04107,CatEye
04108,CatEye
04109,CatEye
04110,DogMouth
04111,CatFace
04112,DogMouth
04113,DogNose
04114,DogFace
04115,DogMouth
04116,DogMouth
04117,CatFace
04118,DogMouth
04119,CatFace
04120,DogEye
04121,CatEye
04122,DogEye
04123,DogNose
04124,DogNose
04125,CatEye
04126,CatFace
04127,CatEye
04128,CatEye
04129,CatEye
04130,CatNose
04131,DogNose
04132,CatEye
04133,CatEye
04134,CatFace
04135,CatFace
04136,CatEye
04137,DogFace
04138,DogMouth
04139,DogFace
04140,DogEye
04141,CatNose
04142,CatEye
04143,DogFace
04144,CatNose
04145,DogEye
04146,DogFace
04147,CatFace
04148,CatNose
04149,CatNose
04150,CatFace
04151,CatEye
04152,CatMouth
04153,CatEye
04154,CatEye
04155,CatEye
04156,DogNose
04157,CatFace
04158,CatEye
04159,DogMouth
04160,DogNose
04161,CatFace
04162,DogEye
04163,DogEye
04164,DogFace
04165,DogNose
04166,CatEye
04167,DogFace
04168,DogEye
04169,CatFace
04170,CatEye
04171,CatMouth
04172,DogEye
04173,CatEye
04174,DogMouth
04175,CatMouth
04176,DogMouth
04177,CatEye
04178,DogEye
04179,CatNose
04180,DogFace
04181,CatMouth
04182,CatFace
04183,DogFace
04184,CatFace
04185,DogEye
04186,DogEye
04187,DogEye
04188,DogEye
04189,CatMouth
04190,DogFace
04191,DogEye
04192,DogEye
04193,CatMouth
04194,CatMouth
04195,CatEye
04196,DogNose
04197,CatMouth
04198,DogEye
04199,CatEye
04200,DogEye
04201,CatEye
04202,DogFace
04203,CatEye
04204,CatEye
04205,CatEye
04206,DogNose
04207,CatEye
04208,DogEye
04209,DogMouth
04210,DogEye
04211,DogEye
04212,CatNose
04213,CatMouth
04214,CatNose
04215,CatMouth
04216,DogEye
04217,CatFace
04218,CatNose
04219,DogFace
04220,CatMouth
04221,CatMouth
04222,DogFace
04223,CatFace
04224,DogEye
04225,DogFace
04226,DogEye
04227,DogEye
04228,CatNose
04229,DogEye
04230,CatMouth
04231,CatMouth
04232,CatNose
04233,CatMouth
04234,DogEye
04235,DogFace
04236,CatFace
04237,DogFace
04238,CatEye
04239,CatFace
04240,CatMouth
04241,DogNose
04242,CatEye
04243,CatNose
04244,CatEye
04245,DogFace
04246,DogEye
04247,DogEye
04248,CatMouth
04249,CatEye
04250,DogFace
04251,CatEye
04252,CatNose
04253,DogEye
04254,DogEye
04255,DogNose
04256,DogEye
04257,CatNose
04258,CatNose
04259,DogNose
04260,DogEye
04261,DogNose
04262,CatNose
04263,DogFace
04264,DogEye
04265,CatEye
04266,DogEye
04267,DogMouth
04268,CatEye
04269,CatMouth
04270,DogEye
04271,CatEye
04272,DogEye
04273,DogEye
04274,CatEye
04275,CatFace
04276,CatEye
04277,DogEye
04278,DogMouth
04279,CatMouth
04280,DogMouth
04281,CatFace
04282,DogNose
04283,DogEye
04284,CatEye
04285,CatFace
04286,DogFace
04287,CatEye
04288,DogNose
04289,DogNose
04290,DogNose
04291,DogFace
04292,CatNose
04293,CatNose
04294,DogFace
04295,CatFace
04296,CatEye
04297,CatMouth
04298,CatFace
04299,CatEye
04300,DogMouth
04301,CatNose
04302,CatFace
04303,DogMouth
04304,DogFace
04305,CatNose
04306,CatNose
04307,CatNose
04308,DogEye
04309,DogFace
04310,CatNose
04311,DogEye
04312,DogNose
04313,CatNose
04314,DogFace
04315,CatFace
04316,DogEye
04317,DogNose
04318,DogMouth
04319,CatNose
04320,CatMouth
04321,CatEye
04322,DogFace
04323,CatEye
04324,CatMouth
04325,DogFace
04326,CatMouth
04327,DogEye
04328,CatEye
04329,DogNose
04330,DogMouth
04331,DogEye
04332,CatEye
04333,CatEye
04334,CatFace
04335,DogNose
04336,CatNose
04337,DogEye
04338,CatFace
04339,CatFace
04340,CatMouth
04341,CatMouth
04342,DogMouth
04343,CatFace
04344,CatEye
04345,CatEye
04346,CatNose
04347,DogFace
04348,CatEye
04349,CatEye
04350,CatNose
04351,DogMouth
04352,CatMouth
04353,DogFace
04354,CatEye
04355,DogNose
04356,DogMouth
04357,CatFace
04358,DogEye
04359,CatEye
04360,CatFace
04361,CatNose
04362,DogMouth
04363,CatEye
04364,CatFace
04365,DogEye
04366,CatEye
04367,CatNose
04368,CatEye
04369,CatNose
04370,CatEye
04371,DogMouth
04372,CatFace
04373,DogEye
04374,DogEye
04375,CatMouth
04376,DogFace
04377,CatEye
04378,CatNose
04379,CatFace
04380,DogEye
04381,CatEye
04382,CatMouth
04383,CatMouth
04384,DogMouth
04385,CatMouth
04386,CatNose
04387,DogMouth
04388,CatNose
04389,DogEye
04390,CatEye
04391,CatEye
04392,DogNose
04393,DogMouth
04394,DogEye
04395,DogFace
04396,DogFace
04397,DogMouth
04398,DogMouth
04399,CatFace
04400,CatMouth
04401,CatFace
04402,CatEye
04403,CatEye
04404,CatFace
04405,DogEye
04406,DogEye
04407,DogNose
04408,CatEye
04409,DogFace
04410,CatMouth
04411,CatNose
04412,CatFace
04413,DogEye
04414,DogFace
04415,DogMouth
04416,DogEye
04417,CatMouth
04418,DogFace
04419,CatEye
04420,DogEye
04421,CatEye
04422,DogEye
04423,CatFace
04424,DogNose
04425,CatFace
04426,DogNose
04427,CatFace
04428,DogMouth
04429,DogMouth
04430,CatNose
04431,CatMouth
04432,CatMouth
04433,CatEye
04434,CatNose
04435,DogNose
04436,DogEye
04437,DogFace
04438,CatNose
04439,CatEye
04440,CatMouth
04441,CatMouth
04442,DogFace
04443,CatMouth
04444,CatEye
04445,CatEye
04446,CatEye
04447,CatEye
04448,CatMouth
04449,DogMouth
04450,CatEye
04451,DogNose
04452,DogNose
04453,CatEye
04454,DogMouth
04455,DogFace
04456,CatEye
04457,DogEye
04458,DogMouth
04459,CatEye
04460,DogFace
04461,CatFace
04462,CatMouth
04463,DogNose
04464,DogNose
04465,CatFace
04466,CatMouth
04467,CatEye
04468,DogMouth
04469,CatNose
04470,DogFace
04471,CatFace
04472,DogFace
04473,DogFace
04474,CatMouth
04475,CatEye
04476,CatNose
04477,CatMouth
04478,DogFace
04479,CatNose
04480,CatEye
04481,CatMouth
04482,CatEye
04483,CatNose
04484,CatEye
04485,DogMouth
04486,DogFace
04487,CatEye
04488,CatEye
04489,DogMouth
04490,CatEye
04491,DogMouth
04492,DogMouth
04493,DogMouth
04494,DogEye
04495,CatEye
04496,DogMouth
04497,DogEye
04498,CatEye
04499,DogNose
04500,DogFace
04501,CatNose
04502,DogEye
04503,DogFace
04504,CatFace
04505,DogFace
04506,CatEye
04507,DogFace
04508,DogFace
04509,CatEye
04510,DogEye
04511,DogNose
04512,DogNose
04513,DogEye
04514,DogEye
04515,DogMouth
04516,DogNose
04517,DogMouth
04518,CatNose
04519,DogEye
04520,DogFace
04521,CatMouth
04522,CatFace
04523,DogEye
04524,DogNose
04525,CatFace
04526,CatMouth
04527,CatEye
04528,DogEye
04529,CatFace
04530,CatEye
04531,CatEye
04532,DogMouth
04533,CatNose
04534,DogNose
04535,DogFace
04536,CatEye
04537,CatFace
04538,DogFace
04539,DogMouth
04540,CatNose
04541,CatFace
04542,CatFace
04543,DogEye
04544,DogEye
04545,DogEye
04546,DogMouth
04547,DogEye
04548,CatNose
04549,DogFace
04550,CatEye
04551,DogEye
04552,CatMouth
04553,CatEye
04554,DogNose
04555,CatFace
04556,CatEye
04557,DogNose
04558,DogNose
04559,CatMouth
04560,CatEye
04561,DogMouth
04562,DogMouth
04563,DogEye
04564,DogNose
04565,CatEye
04566,CatEye
04567,CatMouth
04568,DogEye
04569,CatEye
04570,DogMouth
04571,CatEye
04572,CatEye
04573,CatFace
04574,CatFace
04575,CatFace
04576,CatEye
04577,DogEye
04578,DogMouth
04579,CatEye
04580,CatNose
04581,DogEye
04582,CatEye
04583,CatNose
04584,CatEye
04585,CatEye
04586,DogEye
04587,CatEye
04588,CatFace
04589,CatEye
04590,DogEye
04591,CatFace
04592,CatNose
04593,CatMouth
04594,DogEye
04595,CatMouth
04596,CatMouth
04597,CatMouth
04598,DogMouth
04599,CatEye
04600,CatMouth
04601,DogMouth
04602,DogFace
04603,DogFace
04604,CatMouth
04605,DogMouth
04606,CatEye
04607,CatMouth
04608,DogEye
04609,CatNose
04610,DogEye
04611,DogEye
04612,DogEye
04613,CatFace
04614,DogNose
04615,CatEye
04616,CatMouth
04617,DogEye
04618,CatNose
04619,CatMouth
04620,DogNose
04621,DogNose
04622,CatFace
04623,DogNose
04624,DogEye
04625,CatNose
04626,CatNose
04627,CatMouth
04628,DogEye
04629,DogMouth
04630,CatEye
04631,CatMouth
04632,DogMouth
04633,CatEye
04634,DogNose
04635,DogEye
04636,CatMouth
04637,DogEye
04638,CatEye
04639,DogNose
04640,CatFace
04641,CatFace
04642,DogEye
04643,CatEye
04644,CatMouth
04645,CatEye
04646,DogFace
04647,CatNose
04648,CatFace
04649,CatMouth
04650,CatNose
04651,DogEye
04652,CatEye
04653,CatMouth
04654,CatNose
04655,DogMouth
04656,CatEye
04657,CatEye
04658,DogEye
04659,DogFace
04660,CatEye
04661,CatEye
04662,CatEye
04663,CatMouth
04664,CatEye
04665,CatEye
04666,CatNose
04667,DogNose
04668,CatEye
04669,DogMouth
04670,DogFace
04671,DogFace
04672,CatMouth
04673,CatEye
04674,DogMouth
04675,CatEye
04676,DogEye
04677,CatNose
04678,DogEye
04679,CatEye
04680,DogFace
04681,CatMouth
04682,DogEye
04683,CatNose
04684,CatEye
04685,DogEye
04686,CatMouth
04687,DogEye
04688,DogMouth
04689,DogNose
04690,DogNose
04691,DogEye
04692,CatEye
04693,CatNose
04694,DogEye
04695,CatEye
04696,DogMouth
04697,DogEye
04698,DogEye
04699,DogFace
04700,CatEye
04701,CatFace
04702,CatMouth
04703,CatEye
04704,CatNose
04705,CatMouth
04706,DogEye
04707,CatNose
04708,DogNose
04709,DogFace
04710,CatMouth
04711,DogMouth
04712,CatMouth
04713,DogEye
04714,DogFace
04715,CatEye
04716,CatNose
04717,CatEye
04718,DogEye
04719,CatNose
04720,CatEye
04721,DogFace
04722,DogEye
04723,DogNose
04724,CatNose
04725,CatEye
04726,CatEye
04727,DogEye
04728,DogEye
04729,CatNose
04730,CatEye
04731,DogEye
04732,DogEye
04733,CatFace
04734,DogEye
04735,DogEye
04736,DogEye
04737,CatEye
04738,CatNose
04739,DogEye
04740,DogMouth
04741,CatEye
04742,CatFace
04743,CatNose
04744,CatMouth
04745,DogFace
04746,DogNose
04747,CatMouth
04748,CatMouth
04749,CatEye
04750,CatFace
04751,CatMouth
04752,DogEye
04753,CatEye
04754,DogMouth
04755,DogEye
04756,DogFace
04757,CatNose
04758,CatEye
04759,CatEye
04760,DogNose
04761,CatEye
04762,CatNose
04763,DogMouth
04764,CatEye
04765,DogMouth
04766,CatFace
04767,CatEye
04768,CatEye
04769,DogNose
04770,CatMouth
04771,DogNose
04772,CatEye
04773,DogNose
04774,CatFace
04775,DogEye
04776,CatEye
04777,DogEye
04778,DogFace
04779,CatEye
04780,CatFace
04781,DogEye
04782,DogEye
04783,DogNose
04784,CatEye
04785,DogFace
04786,DogNose
04787,CatFace
04788,CatFace
04789,CatNose
04790,CatEye
04791,DogFace
04792,DogFace
04793,DogFace
04794,DogMouth
04795,CatMouth
04796,CatEye
04797,CatNose
04798,CatFace
04799,CatEye
04800,CatNose
04801,CatEye
04802,CatFace
04803,DogMouth
04804,DogFace
04805,DogFace
04806,DogNose
04807,DogEye
04808,DogEye
04809,DogNose
04810,DogNose
04811,CatEye
04812,CatFace
04813,CatMouth
04814,CatNose
04815,CatNose
04816,CatFace
04817,CatFace
04818,CatEye
04819,CatEye
04820,CatEye
04821,CatEye
04822,DogEye
04823,CatEye
04824,CatEye
04825,CatMouth
04826,DogEye
04827,DogEye
04828,DogFace
04829,CatMouth
04830,DogEye
04831,DogEye
04832,CatFace
04833,CatEye
04834,DogEye
04835,DogEye
04836,DogEye
04837,DogNose
04838,CatFace
04839,CatNose
04840,CatMouth
04841,CatMouth
04842,CatEye
04843,DogEye
04844,CatNose
04845,DogEye
04846,DogMouth
04847,DogFace
04848,DogFace
04849,CatEye
04850,CatFace
04851,CatEye
04852,DogEye
04853,DogFace
04854,CatFace
04855,CatEye
04856,CatEye
04857,CatEye
04858,DogNose
04859,CatNose
04860,CatNose
04861,DogEye
04862,DogFace
04863,DogFace
04864,CatEye
04865,CatEye
04866,CatMouth
04867,CatNose
04868,CatFace
04869,CatFace
04870,CatNose
04871,CatEye
04872,DogEye
04873,DogEye
04874,DogMouth
04875,CatEye
04876,CatMouth
04877,DogEye
04878,DogFace
04879,CatEye
04880,CatMouth
04881,DogMouth
04882,DogEye
04883,CatMouth
04884,CatEye
04885,CatNose
04886,CatFace
04887,CatNose
04888,CatMouth
04889,CatEye
04890,DogEye
04891,CatFace
04892,DogFace
04893,CatEye
04894,CatEye
04895,DogEye
04896,CatMouth
04897,CatNose
04898,CatEye
04899,CatEye
04900,CatMouth
04901,CatFace
04902,CatFace
04903,CatEye
04904,CatEye
04905,DogMouth
04906,DogEye
04907,CatFace
04908,DogNose
04909,DogMouth
04910,CatFace
04911,CatEye
04912,CatEye
04913,CatFace
04914,CatEye
04915,DogEye
04916,CatEye
04917,DogFace
04918,CatNose
04919,DogFace
04920,CatFace
04921,DogMouth
04922,CatNose
04923,CatNose
04924,DogEye
04925,DogNose
04926,DogEye
04927,DogNose
04928,DogEye
04929,DogNose
04930,CatEye
04931,DogMouth
04932,CatNose
04933,DogEye
04934,DogMouth
04935,DogNose
04936,CatFace
04937,CatEye
04938,CatEye
04939,DogEye
04940,CatFace
04941,CatFace
04942,CatEye
04943,DogEye
04944,CatMouth
04945,CatNose
04946,CatNose
04947,CatMouth
04948,DogNose
04949,DogNose
04950,CatNose
04951,CatNose
04952,DogEye
04953,DogFace
04954,CatFace
04955,DogEye
04956,CatNose
04957,CatEye
04958,CatFace
04959,CatMouth
04960,DogNose
04961,CatNose
04962,DogEye
04963,DogFace
04964,CatEye
04965,DogMouth
04966,CatEye
04967,DogFace
04968,CatNose
04969,CatEye
04970,DogNose
04971,DogFace
04972,CatNose
04973,CatEye
04974,DogEye
04975,DogFace
04976,CatMouth
04977,DogEye
04978,DogFace
04979,DogMouth
04980,DogFace
04981,CatEye
04982,CatEye
04983,CatFace
04984,CatEye
04985,DogFace
04986,CatMouth
04987,CatMouth
04988,CatMouth
04989,DogFace
04990,CatEye
04991,DogEye
04992,CatNose
04993,CatMouth
04994,DogFace
04995,CatFace
04996,CatMouth
04997,DogFace
04998,DogNose
04999,CatFace
05000,CatMouth
05001,DogEye
05002,CatEye
05003,DogEye
05004,DogNose
05005,DogEye
05006,CatFace
05007,DogFace
05008,DogEye
05009,CatEye
05010,CatEye
05011,DogEye
05012,CatFace
05013,CatFace
05014,DogNose
05015,DogEye
05016,DogFace
05017,CatNose
05018,CatEye
05019,CatMouth
05020,DogEye
05021,CatFace
05022,CatNose
05023,DogNose
05024,CatMouth
05025,DogMouth
05026,CatEye
05027,CatNose
05028,CatNose
05029,DogFace
05030,CatEye
05031,CatMouth
05032,DogEye
05033,CatFace
05034,DogNose
05035,CatFace
05036,CatMouth
05037,CatFace
05038,CatNose
05039,CatFace
05040,DogEye
05041,CatFace
05042,DogEye
05043,CatEye
05044,DogNose
05045,CatMouth
05046,DogEye
05047,CatMouth
05048,DogFace
05049,DogFace
05050,CatEye
05051,DogEye
05052,DogNose
05053,CatFace
05054,CatNose
05055,DogFace
05056,DogNose
05057,DogMouth
05058,CatMouth
05059,DogMouth
05060,DogMouth
05061,CatNose
05062,CatMouth
05063,DogNose
05064,DogFace
05065,DogNose
05066,DogEye
05067,CatNose
05068,CatFace
05069,CatNose
05070,DogMouth
05071,DogNose
05072,CatFace
05073,DogFace
05074,CatEye
05075,DogEye
05076,DogNose
05077,DogNose
05078,DogMouth
05079,CatEye
05080,DogMouth
05081,DogMouth
05082,DogEye
05083,CatFace
05084,DogFace
05085,CatEye
05086,CatFace
05087,CatNose
05088,DogMouth
05089,DogEye
05090,CatEye
05091,DogEye
05092,CatMouth
05093,DogFace
05094,DogFace
05095,CatFace
05096,CatEye
05097,CatNose
05098,CatMouth
05099,CatMouth
05100,DogFace
05101,CatFace
05102,DogFace
05103,CatEye
05104,CatEye
05105,CatFace
05106,DogMouth
05107,DogMouth
05108,DogEye
05109,CatFace
05110,DogEye
05111,CatMouth
05112,CatMouth
05113,CatEye
05114,CatEye
05115,CatNose
05116,CatFace
05117,CatMouth
05118,DogMouth
05119,CatFace
05120,DogFace
05121,CatMouth
05122,DogEye
05123,CatNose
05124,DogEye
05125,CatEye
05126,CatMouth
05127,CatEye
05128,DogFace
05129,CatNose
05130,CatEye
05131,DogNose
05132,CatEye
05133,CatEye
05134,CatNose
05135,CatEye
05136,CatEye
05137,DogMouth
05138,CatEye
05139,CatFace
05140,CatMouth
05141,CatFace
05142,CatEye
05143,CatNose
05144,DogEye
05145,CatEye
05146,DogNose
05147,DogMouth
05148,CatEye
05149,DogEye
05150,DogFace
05151,CatNose
05152,DogEye
05153,DogFace
05154,DogEye
05155,DogFace
05156,DogEye
05157,DogFace
05158,DogEye
05159,CatEye
05160,DogNose
05161,CatFace
05162,CatNose
05163,CatMouth
05164,DogEye
05165,CatEye
05166,CatMouth
05167,DogNose
05168,CatMouth
05169,CatMouth
05170,CatNose
05171,CatEye
05172,CatEye
05173,CatNose
05174,DogFace
05175,DogEye
05176,DogEye
05177,CatNose
05178,CatEye
05179,CatEye
05180,DogEye
05181,CatEye
05182,CatNose
05183,CatFace
05184,DogEye
05185,DogFace
05186,CatMouth
05187,DogEye
05188,CatEye
05189,DogEye
05190,DogMouth
05191,CatEye
05192,CatNose
05193,CatEye
05194,DogFace
05195,DogEye
05196,DogFace
05197,DogFace
05198,DogNose
05199,DogMouth
05200,CatEye
05201,DogFace
05202,CatFace
05203,CatMouth
05204,DogNose
05205,CatMouth
05206,DogNose
05207,CatNose
05208,DogNose
05209,CatEye
05210,DogEye
05211,DogFace
05212,CatEye
05213,CatEye
05214,CatEye
05215,DogFace
05216,CatFace
05217,DogEye
05218,CatFace
05219,CatEye
05220,CatEye
05221,CatEye
05222,CatEye
05223,CatFace
05224,DogNose
05225,CatMouth
05226,DogFace
05227,CatEye
05228,CatFace
05229,CatMouth
05230,CatMouth
05231,CatEye
05232,CatEye
05233,DogNose
05234,DogEye
05235,CatEye
05236,CatEye
05237,CatNose
05238,CatNose
05239,DogEye
05240,DogMouth
05241,DogNose
05242,CatFace
05243,CatFace
05244,CatMouth
05245,CatMouth
05246,CatEye
05247,DogEye
05248,CatNose
05249,CatNose
05250,CatEye
05251,DogEye
05252,CatMouth
05253,CatEye
05254,DogEye
05255,DogEye
05256,CatNose
05257,DogMouth
05258,DogEye
05259,CatMouth
05260,CatEye
05261,DogFace
05262,DogMouth
05263,CatMouth
05264,CatFace
05265,CatEye
05266,DogEye
05267,CatMouth
05268,CatEye
05269,CatFace
05270,DogEye
05271,DogMouth
05272,CatEye
05273,DogNose
05274,DogEye
05275,DogEye
05276,CatFace
05277,DogFace
05278,CatMouth
05279,DogMouth
05280,DogEye
05281,DogMouth
05282,CatEye
05283,CatEye
05284,CatMouth
05285,CatMouth
05286,CatMouth
05287,CatEye
05288,DogFace
05289,CatEye
05290,CatFace
05291,DogNose
05292,CatNose
05293,DogMouth
05294,DogEye
05295,DogFace
05296,CatMouth
05297,CatMouth
05298,CatMouth
05299,CatFace
05300,CatEye
05301,CatNose
05302,DogEye
05303,CatEye
05304,CatNose
05305,CatFace
05306,CatFace
05307,DogNose
05308,CatEye
05309,CatMouth
05310,CatMouth
05311,DogFace
05312,DogEye
05313,DogNose
05314,DogNose
05315,CatMouth
05316,CatEye
05317,CatEye
05318,DogFace
05319,CatEye
05320,CatNose
05321,DogFace
05322,CatNose
05323,CatNose
05324,CatFace
05325,DogNose
05326,DogMouth
05327,CatEye
05328,CatEye
05329,CatEye
05330,CatEye
05331,DogMouth
05332,CatEye
05333,CatNose
05334,CatMouth
05335,DogMouth
05336,CatEye
05337,DogFace
05338,CatEye
05339,DogEye
05340,CatEye
05341,DogEye
05342,DogMouth
05343,CatEye
05344,CatEye
05345,CatFace
05346,DogFace
05347,DogEye
05348,CatMouth
05349,DogNose
05350,CatMouth
05351,CatEye
05352,CatNose
05353,CatEye
05354,DogEye
05355,CatEye
05356,DogMouth
05357,CatNose
05358,CatMouth
05359,CatMouth
05360,CatFace
05361,CatEye
05362,CatFace
05363,CatEye
05364,CatFace
05365,DogEye
05366,DogEye
05367,CatEye
05368,DogEye
05369,CatEye
05370,DogEye
05371,CatEye
05372,DogFace
05373,CatNose
05374,CatMouth
05375,DogMouth
05376,DogEye
05377,CatNose
05378,DogEye
05379,CatEye
05380,CatMouth
05381,DogNose
05382,CatNose
05383,DogFace
05384,CatEye
05385,CatEye
05386,DogFace
05387,CatEye
05388,CatNose
05389,CatEye
05390,CatFace
05391,DogEye
05392,DogFace
05393,DogEye
05394,DogFace
05395,DogFace
05396,DogEye
05397,DogEye
05398,DogEye
05399,CatMouth
05400,DogNose
05401,CatNose
05402,CatNose
05403,DogNose
05404,CatFace
05405,CatMouth
05406,CatFace
05407,CatNose
05408,DogFace
05409,DogFace
05410,CatEye
05411,CatEye
05412,CatEye
05413,CatEye
05414,DogNose
05415,CatNose
05416,CatFace
05417,CatEye
05418,DogEye
05419,DogMouth
05420,CatEye
05421,CatNose
05422,CatFace
05423,CatMouth
05424,CatEye
05425,CatNose
05426,DogMouth
05427,CatNose
05428,DogEye
05429,DogMouth
05430,CatEye
05431,CatMouth
05432,CatMouth
05433,CatEye
05434,CatEye
05435,DogNose
05436,DogEye
05437,CatEye
05438,CatNose
05439,CatEye
05440,CatNose
05441,CatEye
05442,CatEye
05443,CatEye
05444,DogMouth
05445,DogNose
05446,DogMouth
05447,CatEye
05448,CatMouth
05449,CatFace
05450,CatFace
05451,CatMouth
05452,DogMouth
05453,CatFace
05454,CatNose
05455,DogEye
05456,DogFace
05457,DogEye
05458,CatFace
05459,DogEye
05460,CatEye
05461,CatMouth
05462,CatNose
05463,CatEye
05464,DogMouth
05465,CatNose
05466,CatNose
05467,CatEye
05468,CatEye
05469,DogMouth
05470,CatEye
05471,DogEye
05472,DogEye
05473,DogNose
05474,DogFace
05475,DogEye
05476,CatMouth
05477,DogEye
05478,DogNose
05479,CatEye
05480,CatEye
05481,DogNose
05482,CatEye
05483,CatEye
05484,DogEye
05485,DogMouth
05486,CatNose
05487,DogEye
05488,CatNose
05489,CatFace
05490,DogEye
05491,DogMouth
05492,CatEye
05493,CatFace
05494,CatEye
05495,CatNose
05496,CatMouth
05497,DogNose
05498,CatEye
05499,DogEye
05500,CatEye
05501,DogMouth
05502,CatNose
05503,DogFace
05504,CatNose
05505,CatEye
05506,DogEye
05507,CatEye
05508,DogNose
05509,DogFace
05510,CatEye
05511,DogNose
05512,CatFace
05513,DogEye
05514,DogEye
05515,CatNose
05516,DogFace
05517,CatEye
05518,DogNose
05519,CatEye
05520,CatEye
05521,DogNose
05522,CatFace
05523,DogMouth
05524,DogFace
05525,DogFace
05526,CatEye
05527,CatFace
05528,DogEye
05529,CatMouth
05530,DogEye
05531,CatNose
05532,CatNose
05533,CatNose
05534,DogNose
05535,DogEye
05536,DogEye
05537,DogEye
05538,CatEye
05539,CatFace
05540,CatEye
05541,CatEye
05542,CatNose
05543,CatEye
05544,CatEye
05545,CatFace
05546,CatEye
05547,CatEye
05548,CatEye
05549,CatFace
05550,CatEye
05551,CatEye
05552,CatEye
05553,CatEye
05554,CatEye
05555,CatFace
05556,CatEye
05557,CatEye
05558,DogEye
05559,DogMouth
05560,CatEye
05561,DogNose
05562,DogEye
05563,DogNose
05564,DogFace
05565,DogMouth
05566,DogFace
05567,DogFace
05568,CatEye
05569,CatEye
05570,DogNose
05571,DogMouth
05572,DogFace
05573,DogNose
05574,CatNose
05575,DogNose
05576,CatMouth
05577,CatMouth
05578,CatEye
05579,CatFace
05580,DogMouth
05581,CatMouth
05582,DogNose
05583,DogNose
05584,DogMouth
05585,CatMouth
05586,CatMouth
05587,DogEye
05588,CatNose
05589,CatEye
05590,CatEye
05591,CatMouth
05592,DogEye
05593,DogEye
05594,CatEye
05595,CatEye
05596,CatEye
05597,CatEye
05598,DogMouth
05599,DogEye
05600,DogEye
05601,DogEye
05602,CatMouth
05603,DogFace
05604,DogEye
05605,DogNose
05606,CatMouth
05607,CatEye
05608,DogEye
05609,DogFace
05610,CatEye
05611,CatNose
05612,CatMouth
05613,DogMouth
05614,CatEye
05615,DogEye
05616,CatNose
05617,DogFace
05618,DogNose
05619,CatMouth
05620,DogEye
05621,CatMouth
05622,DogEye
05623,DogMouth
05624,CatEye
05625,CatNose
05626,DogNose
05627,CatMouth
05628,CatNose
05629,DogMouth
05630,DogNose
05631,DogMouth
05632,DogMouth
05633,DogNose
05634,CatEye
05635,DogMouth
05636,DogNose
05637,CatEye
05638,CatEye
05639,DogEye
05640,DogEye
05641,CatNose
05642,CatEye
05643,CatFace
05644,CatEye
05645,DogEye
05646,DogEye
05647,CatEye
05648,DogEye
05649,CatEye
05650,CatEye
05651,CatFace
05652,CatMouth
05653,DogEye
05654,CatEye
05655,CatMouth
05656,DogFace
05657,CatFace
05658,CatEye
05659,CatNose
05660,DogEye
05661,DogNose
05662,DogNose
05663,CatNose
05664,DogMouth
05665,DogEye
05666,DogEye
05667,DogEye
05668,CatEye
05669,DogEye
05670,DogNose
05671,CatNose
05672,DogFace
05673,DogFace
05674,CatMouth
05675,CatEye
05676,CatFace
05677,CatNose
05678,DogNose
05679,CatNose
05680,CatMouth
05681,CatFace
05682,DogEye
05683,DogEye
05684,CatFace
05685,DogEye
05686,CatMouth
05687,DogFace
05688,DogEye
05689,DogEye
05690,CatFace
05691,CatEye
05692,DogEye
05693,DogEye
05694,DogEye
05695,CatNose
05696,DogNose
05697,DogFace
05698,CatFace
05699,DogFace
05700,CatMouth
05701,CatEye
05702,CatNose
05703,DogFace
05704,CatFace
05705,DogEye
05706,CatEye
05707,CatMouth
05708,DogEye
05709,CatEye
05710,DogEye
05711,CatEye
05712,CatEye
05713,DogEye
05714,CatEye
05715,DogEye
05716,DogMouth
05717,CatFace
05718,CatMouth
05719,DogMouth
05720,CatFace
05721,DogFace
05722,DogEye
05723,CatEye
05724,CatNose
05725,DogFace
05726,CatNose
05727,CatFace
05728,DogFace
05729,CatEye
05730,CatMouth
05731,CatMouth
05732,DogFace
05733,CatEye
05734,DogEye
05735,CatNose
05736,DogEye
05737,DogEye
05738,DogNose
05739,CatMouth
05740,CatEye
05741,CatFace
05742,DogEye
05743,CatMouth
05744,CatFace
05745,CatMouth
05746,CatEye
05747,CatMouth
05748,CatFace
05749,CatNose
05750,DogFace
05751,DogEye
05752,DogEye
05753,DogMouth
05754,DogNose
05755,DogEye
05756,CatEye
05757,DogMouth
05758,CatEye
05759,CatEye
05760,CatFace
05761,CatMouth
05762,DogEye
05763,DogNose
05764,CatMouth
05765,DogNose
05766,DogMouth
05767,DogFace
05768,DogEye
05769,CatMouth
05770,CatFace
05771,CatFace
05772,CatFace
05773,DogMouth
05774,CatEye
05775,CatEye
05776,DogEye
05777,DogNose
05778,DogEye
05779,CatEye
05780,CatEye
05781,CatMouth
05782,DogMouth
05783,DogEye
05784,DogNose
05785,CatEye
05786,CatMouth
05787,DogEye
05788,CatFace
05789,CatEye
05790,DogNose
05791,CatFace
05792,CatEye
05793,DogFace
05794,DogNose
05795,CatNose
05796,DogEye
05797,DogMouth
05798,CatFace
05799,DogNose
05800,CatEye
05801,DogEye
05802,DogFace
05803,CatFace
05804,CatEye
05805,DogFace
05806,CatFace
05807,DogEye
05808,DogNose
05809,CatMouth
05810,CatFace
05811,DogEye
05812,DogEye
05813,DogFace
05814,CatNose
05815,CatEye
05816,CatNose
05817,CatMouth
05818,CatFace
05819,CatEye
05820,CatMouth
05821,CatNose
05822,DogNose
05823,CatMouth
05824,CatEye
05825,DogEye
05826,DogFace
05827,DogFace
05828,DogFace
05829,DogNose
05830,DogFace
05831,DogMouth
05832,DogEye
05833,DogEye
05834,DogMouth
05835,CatEye
05836,CatEye
05837,DogEye
05838,DogFace
05839,CatEye
05840,CatEye
05841,DogNose
05842,DogMouth
05843,CatEye
05844,CatEye
05845,DogNose
05846,CatEye
05847,CatEye
05848,CatEye
05849,CatEye
05850,CatMouth
05851,CatEye
05852,DogFace
05853,CatEye
05854,CatFace
05855,CatEye
05856,CatEye
05857,DogNose
05858,DogMouth
05859,DogEye
05860,CatFace
05861,CatEye
05862,DogFace
05863,DogEye
05864,CatMouth
05865,DogNose
05866,CatMouth
05867,DogMouth
05868,DogMouth
05869,DogFace
05870,CatMouth
05871,CatNose
05872,CatMouth
05873,DogNose
05874,DogEye
05875,DogEye
05876,CatEye
05877,CatNose
05878,CatEye
05879,DogEye
05880,DogMouth
05881,CatEye
05882,DogEye
05883,CatNose
05884,CatFace
05885,DogEye
05886,CatEye
05887,CatMouth
05888,DogEye
05889,DogNose
05890,DogEye
05891,DogMouth
05892,CatNose
05893,CatEye
05894,CatEye
05895,DogEye
05896,CatEye
05897,DogEye
05898,CatMouth
05899,DogFace
05900,CatMouth
05901,DogNose
05902,DogFace
05903,CatNose
05904,CatEye
05905,DogEye
05906,CatFace
05907,CatEye
05908,CatFace
05909,CatMouth
05910,DogFace
05911,DogMouth
05912,CatNose
05913,DogMouth
05914,DogFace
05915,DogFace
05916,CatFace
05917,CatEye
05918,DogEye
05919,CatFace
05920,DogEye
05921,DogMouth
05922,CatFace
05923,DogNose
05924,DogMouth
05925,CatMouth
05926,CatEye
05927,CatMouth
05928,CatEye
05929,DogMouth
05930,DogNose
05931,DogMouth
05932,DogMouth
05933,CatEye
05934,CatEye
05935,DogEye
05936,CatEye
05937,DogNose
05938,DogMouth
05939,DogEye
05940,CatEye
05941,CatMouth
05942,DogNose
05943,CatMouth
05944,DogNose
05945,DogFace
05946,DogNose
05947,CatNose
05948,CatFace
05949,DogEye
05950,CatNose
05951,CatFace
05952,DogEye
05953,CatMouth
05954,CatEye
05955,CatEye
05956,DogMouth
05957,DogMouth
05958,CatEye
05959,DogEye
05960,DogFace
05961,CatMouth
05962,CatEye
05963,CatFace
05964,CatNose
05965,CatEye
05966,CatMouth
05967,CatEye
05968,DogMouth
05969,DogMouth
05970,CatNose
05971,CatMouth
05972,CatFace
05973,CatEye
05974,CatFace
05975,DogNose
05976,DogEye
05977,DogEye
05978,CatNose
05979,DogFace
05980,DogEye
05981,CatEye
05982,CatFace
05983,CatEye
05984,DogEye
05985,CatEye
05986,CatEye
05987,CatEye
05988,DogEye
05989,CatEye
05990,DogMouth
05991,CatNose
05992,DogMouth
05993,CatEye
05994,CatMouth
05995,CatEye
05996,DogEye
05997,CatEye
05998,DogMouth
05999,CatMouth
06000,CatNose
06001,CatEye
06002,CatNose
06003,CatNose
06004,DogEye
06005,CatEye
06006,CatEye
06007,CatEye
06008,DogNose
06009,DogNose
06010,CatMouth
06011,DogFace
06012,CatMouth
06013,CatMouth
06014,DogMouth
06015,CatNose
06016,CatFace
06017,CatEye
06018,DogMouth
06019,DogEye
06020,DogFace
06021,CatNose
06022,CatNose
06023,CatEye
06024,CatEye
06025,DogNose
06026,CatEye
06027,CatMouth
06028,DogNose
06029,CatNose
06030,DogMouth
06031,CatMouth
06032,DogMouth
06033,CatEye
06034,DogEye
06035,CatNose
06036,CatFace
06037,CatEye
06038,CatEye
06039,CatEye
06040,CatEye
06041,DogEye
06042,DogMouth
06043,DogEye
06044,CatMouth
06045,DogEye
06046,CatNose
06047,DogFace
06048,DogFace
06049,CatNose
06050,CatMouth
06051,CatEye
06052,CatEye
06053,CatEye
06054,CatEye
06055,DogNose
06056,DogNose
06057,DogMouth
06058,CatEye
06059,DogFace
06060,CatMouth
06061,CatFace
06062,CatFace
06063,CatMouth
06064,CatMouth
06065,DogEye
06066,CatEye
06067,DogFace
06068,CatNose
06069,DogEye
06070,CatFace
06071,CatEye
06072,CatEye
06073,CatMouth
06074,DogNose
06075,CatMouth
06076,DogEye
06077,DogFace
06078,CatEye
06079,CatEye
06080,DogFace
06081,DogEye
06082,CatNose
06083,DogEye
06084,CatEye
06085,CatEye
06086,DogEye
06087,CatMouth
06088,DogFace
06089,DogEye
06090,DogEye
06091,CatEye
06092,CatFace
06093,CatMouth
06094,CatMouth
06095,DogNose
06096,DogFace
06097,CatFace
06098,DogFace
06099,CatNose
06100,CatMouth
06101,CatFace
06102,CatEye
06103,CatNose
06104,CatEye
06105,DogEye
06106,DogEye
06107,CatEye
06108,CatFace
06109,CatNose
06110,CatEye
06111,DogMouth
06112,CatMouth
06113,DogMouth
06114,DogEye
06115,DogEye
06116,CatNose
06117,CatFace
06118,CatNose
06119,DogNose
06120,DogEye
06121,DogNose
06122,DogEye
06123,DogEye
06124,CatNose
06125,DogEye
06126,CatFace
06127,DogMouth
06128,CatNose
06129,DogNose
06130,CatEye
06131,DogNose
06132,CatEye
06133,CatFace
06134,CatFace
06135,CatEye
06136,DogNose
06137,CatNose
06138,DogNose
06139,CatNose
06140,CatFace
06141,DogMouth
06142,CatEye
06143,DogEye
06144,CatMouth
06145,DogFace
06146,DogEye
06147,CatFace
06148,DogFace
06149,DogFace
06150,DogFace
06151,CatFace
06152,DogMouth
06153,CatEye
06154,CatNose
06155,CatNose
06156,DogEye
06157,DogEye
06158,CatMouth
06159,CatEye
06160,CatEye
06161,CatNose
06162,CatNose
06163,CatFace
06164,CatNose
06165,CatEye
06166,DogEye
06167,CatEye
06168,DogFace
06169,CatFace
06170,DogEye
06171,CatMouth
06172,DogNose
06173,CatEye
06174,DogEye
06175,DogEye
06176,CatNose
06177,DogFace
06178,DogEye
06179,DogFace
06180,CatFace
06181,DogFace
06182,DogEye
06183,CatEye
06184,CatFace
06185,DogFace
06186,CatEye
06187,DogEye
06188,DogMouth
06189,DogEye
06190,CatNose
06191,CatNose
06192,CatEye
06193,CatFace
06194,CatNose
06195,DogEye
06196,DogNose
06197,DogEye
06198,DogNose
06199,DogMouth
06200,CatMouth
06201,CatNose
06202,CatFace
06203,CatEye
06204,CatEye
06205,CatEye
06206,CatFace
06207,CatEye
06208,CatEye
06209,DogEye
06210,CatNose
06211,DogEye
06212,CatNose
06213,DogEye
06214,DogEye
06215,CatNose
06216,CatFace
06217,DogFace
06218,CatMouth
06219,CatMouth
06220,CatEye
06221,DogEye
06222,DogFace
06223,DogNose
06224,CatEye
06225,CatEye
06226,CatNose
06227,CatNose
06228,DogMouth
06229,CatMouth
06230,CatMouth
06231,DogMouth
06232,DogFace
06233,CatFace
06234,DogEye
06235,CatMouth
06236,CatEye
06237,CatNose
06238,CatNose
06239,CatEye
06240,CatEye
06241,CatEye
06242,DogMouth
06243,DogFace
06244,DogNose
06245,CatNose
06246,CatMouth
06247,DogEye
06248,CatNose
06249,CatEye
06250,CatMouth
06251,CatMouth
06252,CatEye
06253,DogNose
06254,CatFace
06255,DogNose
06256,DogFace
06257,CatNose
06258,CatFace
06259,DogMouth
06260,DogEye
06261,CatMouth
06262,CatEye
06263,DogNose
06264,CatEye
06265,CatEye
06266,CatNose
06267,CatEye
06268,DogEye
06269,DogEye
06270,CatEye
06271,DogNose
06272,DogFace
06273,CatMouth
06274,DogEye
06275,CatEye
06276,CatNose
06277,CatEye
06278,CatNose
06279,CatNose
06280,DogNose
06281,DogEye
06282,DogFace
06283,DogEye
06284,CatEye
06285,CatEye
06286,DogNose
06287,CatEye
06288,DogMouth
06289,CatFace
06290,DogNose
06291,CatMouth
06292,DogNose
06293,CatNose
06294,CatEye
06295,DogNose
06296,CatNose
06297,CatEye
06298,DogMouth
06299,DogEye
06300,DogMouth
06301,DogEye
06302,DogMouth
06303,DogEye
06304,CatFace
06305,DogNose
06306,CatEye
06307,CatEye
06308,DogEye
06309,DogNose
06310,DogEye
06311,DogEye
06312,DogNose
06313,DogNose
06314,CatEye
06315,CatEye
06316,CatEye
06317,CatNose
06318,CatEye
06319,CatFace
06320,CatEye
06321,DogFace
06322,CatEye
06323,DogMouth
06324,DogEye
06325,DogEye
06326,CatEye
06327,DogMouth
06328,CatEye
06329,DogMouth
06330,CatEye
06331,DogMouth
06332,CatEye
06333,CatNose
06334,CatNose
06335,DogEye
06336,DogFace
06337,DogNose
06338,CatFace
06339,CatEye
06340,CatMouth
06341,DogNose
06342,CatMouth
06343,CatEye
06344,DogFace
06345,CatEye
06346,CatEye
06347,DogEye
06348,CatEye
06349,CatEye
06350,CatEye
06351,CatNose
06352,CatNose
06353,CatMouth
06354,DogFace
06355,DogMouth
06356,DogEye
06357,DogMouth
06358,CatEye
06359,DogMouth
06360,DogEye
06361,DogNose
06362,CatNose
06363,DogFace
06364,CatEye
06365,CatEye
06366,CatEye
06367,DogMouth
06368,DogFace
06369,CatEye
06370,CatEye
06371,DogEye
06372,CatNose
06373,CatEye
06374,CatMouth
06375,CatFace
06376,CatMouth
06377,CatEye
06378,DogFace
06379,DogEye
06380,DogFace
06381,CatFace
06382,DogNose
06383,DogEye
06384,CatEye
06385,DogMouth
06386,DogEye
06387,CatEye
06388,DogEye
06389,DogEye
06390,CatEye
06391,CatMouth
06392,CatFace
06393,CatMouth
06394,CatNose
06395,CatEye
06396,DogEye
06397,DogFace
06398,CatEye
06399,CatMouth
06400,DogNose
06401,CatFace
06402,DogMouth
06403,DogNose
06404,DogEye
06405,CatNose
06406,CatEye
06407,DogMouth
06408,CatMouth
06409,DogEye
06410,CatEye
06411,CatMouth
06412,CatNose
06413,DogEye
06414,DogMouth
06415,CatNose
06416,CatMouth
06417,CatEye
06418,CatEye
06419,CatNose
06420,DogEye
06421,CatEye
06422,CatNose
06423,CatMouth
06424,CatFace
06425,DogNose
06426,CatEye
06427,CatEye
06428,DogEye
06429,CatMouth
06430,CatFace
06431,DogEye
06432,CatNose
06433,DogNose
06434,CatNose
06435,DogMouth
06436,CatEye
06437,DogNose
06438,CatEye
06439,CatMouth
06440,DogMouth
06441,DogNose
06442,CatMouth
06443,DogNose
06444,DogMouth
06445,DogEye
06446,CatNose
06447,CatFace
06448,DogEye
06449,DogFace
06450,CatEye
06451,DogNose
06452,CatFace
06453,DogFace
06454,CatFace
06455,CatFace
06456,CatEye
06457,DogFace
06458,DogEye
06459,DogMouth
06460,DogFace
06461,DogEye
06462,DogEye
06463,CatEye
06464,DogFace
06465,CatNose
06466,DogEye
06467,CatEye
06468,DogMouth
06469,DogEye
06470,DogEye
06471,CatEye
06472,DogFace
06473,DogMouth
06474,CatNose
06475,CatNose
06476,CatFace
06477,CatEye
06478,DogEye
06479,CatNose
06480,CatMouth
06481,DogFace
06482,CatEye
06483,CatEye
06484,CatEye
06485,CatEye
06486,DogEye
06487,DogFace
06488,CatFace
06489,CatEye
06490,CatEye
06491,CatFace
06492,DogFace
06493,DogFace
06494,DogEye
06495,CatFace
06496,CatEye
06497,DogMouth
06498,DogNose
06499,CatEye
06500,CatNose
06501,DogEye
06502,DogMouth
06503,CatEye
06504,CatEye
06505,CatFace
06506,DogFace
06507,CatNose
06508,CatMouth
06509,DogEye
06510,DogFace
06511,DogMouth
06512,DogMouth
06513,CatNose
06514,DogMouth
06515,DogEye
06516,CatEye
06517,CatEye
06518,DogEye
06519,CatEye
06520,DogEye
06521,CatMouth
06522,DogMouth
06523,CatMouth
06524,DogNose
06525,DogEye
06526,CatEye
06527,CatMouth
06528,DogEye
06529,CatEye
06530,CatEye
06531,CatMouth
06532,CatMouth
06533,CatMouth
06534,DogEye
06535,DogEye
06536,DogNose
06537,CatFace
06538,CatEye
06539,DogFace
06540,DogEye
06541,CatFace
06542,DogEye
06543,CatMouth
06544,CatNose
06545,CatEye
06546,DogMouth
06547,DogFace
06548,DogEye
06549,DogFace
06550,DogFace
06551,CatEye
06552,CatNose
06553,DogEye
06554,DogMouth
06555,DogNose
06556,CatMouth
06557,DogEye
06558,CatFace
06559,CatEye
06560,DogEye
06561,DogNose
06562,DogMouth
06563,DogMouth
06564,DogMouth
06565,CatFace
06566,CatFace
06567,CatEye
06568,DogMouth
06569,CatEye
06570,CatEye
06571,CatFace
06572,CatEye
06573,CatNose
06574,CatFace
06575,DogFace
06576,DogNose
06577,DogNose
06578,CatFace
06579,CatEye
06580,CatNose
06581,DogEye
06582,DogMouth
06583,CatMouth
06584,CatEye
06585,CatEye
06586,CatMouth
06587,CatEye
06588,CatEye
06589,DogEye
06590,CatNose
06591,CatMouth
06592,CatMouth
06593,CatNose
06594,CatNose
06595,CatEye
06596,CatEye
06597,CatEye
06598,DogMouth
06599,DogFace
06600,DogFace
06601,DogNose
06602,DogEye
06603,DogEye
06604,DogEye
06605,DogNose
06606,CatNose
06607,DogEye
06608,DogEye
06609,CatEye
06610,CatEye
06611,DogEye
06612,DogMouth
06613,DogFace
06614,DogEye
06615,CatMouth
06616,CatMouth
06617,CatNose
06618,CatNose
06619,DogEye
06620,CatMouth
06621,CatEye
06622,DogNose
06623,DogNose
06624,CatFace
06625,CatNose
06626,DogNose
06627,CatEye
06628,CatEye
06629,CatNose
06630,CatEye
06631,CatEye
06632,DogEye
06633,DogNose
06634,DogEye
06635,CatFace
06636,CatEye
06637,CatEye
06638,CatNose
06639,CatEye
06640,CatEye
06641,DogMouth
06642,DogEye
06643,DogFace
06644,DogNose
06645,CatMouth
06646,CatEye
06647,CatFace
06648,CatEye
06649,DogNose
06650,DogEye
06651,CatNose
06652,CatEye
06653,CatEye
06654,DogMouth
06655,CatEye
06656,CatFace
06657,DogMouth
06658,DogEye
06659,CatMouth
06660,CatEye
06661,DogFace
06662,CatMouth
06663,CatEye
06664,CatEye
06665,CatEye
06666,CatEye
06667,CatMouth
06668,CatEye
06669,DogMouth
06670,DogEye
06671,CatEye
06672,CatMouth
06673,CatMouth
06674,CatMouth
06675,CatFace
06676,DogNose
06677,CatFace
06678,CatMouth
06679,DogEye
06680,CatMouth
06681,DogNose
06682,DogFace
06683,DogNose
06684,DogMouth
06685,CatEye
06686,DogNose
06687,DogFace
06688,DogEye
06689,CatMouth
06690,CatFace
06691,CatFace
06692,CatMouth
06693,CatMouth
06694,DogEye
06695,DogMouth
06696,DogFace
06697,CatFace
06698,DogMouth
06699,DogFace
06700,CatFace
06701,CatEye
06702,CatEye
06703,CatEye
06704,DogMouth
06705,CatEye
06706,DogNose
06707,CatEye
06708,CatEye
06709,DogFace
06710,CatFace
06711,DogEye
06712,CatEye
06713,DogNose
06714,DogNose
06715,CatNose
06716,CatEye
06717,DogEye
06718,DogNose
06719,CatNose
06720,DogEye
06721,DogMouth
06722,CatMouth
06723,DogFace
06724,DogFace
06725,CatFace
06726,CatMouth
06727,DogEye
06728,DogFace
06729,DogEye
06730,CatMouth
06731,CatNose
06732,CatEye
06733,DogEye
06734,CatNose
06735,DogMouth
06736,CatEye
06737,DogNose
06738,DogEye
06739,DogFace
06740,DogFace
06741,CatEye
06742,CatNose
06743,DogFace
06744,DogEye
06745,DogFace
06746,CatEye
06747,CatFace
06748,CatEye
06749,DogEye
06750,CatEye
06751,CatFace
06752,CatEye
06753,CatFace
06754,CatEye
06755,CatMouth
06756,CatEye
06757,DogFace
06758,CatEye
06759,CatEye
06760,DogEye
06761,CatEye
06762,CatNose
06763,CatMouth
06764,CatNose
06765,CatNose
06766,CatFace
06767,DogMouth
06768,DogEye
06769,CatFace
06770,DogEye
06771,DogEye
06772,DogMouth
06773,CatNose
06774,CatNose
06775,CatEye
06776,CatMouth
06777,DogEye
06778,CatEye
06779,DogNose
06780,DogNose
06781,CatEye
06782,DogMouth
06783,DogEye
06784,DogNose
06785,DogNose
06786,CatFace
06787,CatNose
06788,DogNose
06789,DogEye
06790,DogFace
06791,CatMouth
06792,DogEye
06793,DogEye
06794,CatNose
06795,DogMouth
06796,DogEye
06797,CatFace
06798,CatEye
06799,DogNose
06800,DogNose
06801,CatEye
06802,CatFace
06803,CatEye
06804,DogFace
06805,CatNose
06806,DogNose
06807,DogEye
06808,CatNose
06809,CatNose
06810,CatMouth
06811,DogNose
06812,DogEye
06813,CatEye
06814,DogMouth
06815,DogEye
06816,CatEye
06817,DogFace
06818,CatMouth
06819,CatNose
06820,CatFace
06821,DogEye
06822,DogEye
06823,CatFace
06824,CatFace
06825,DogMouth
06826,DogMouth
06827,DogFace
06828,CatNose
06829,DogMouth
06830,CatEye
06831,CatFace
06832,DogEye
06833,DogEye
06834,CatEye
06835,CatEye
06836,DogMouth
06837,DogEye
06838,DogFace
06839,DogNose
06840,CatFace
06841,CatMouth
06842,DogEye
06843,DogFace
06844,DogFace
06845,DogEye
06846,DogFace
06847,CatFace
06848,CatEye
06849,DogNose
06850,CatMouth
06851,CatNose
06852,DogEye
06853,DogFace
06854,CatNose
06855,DogMouth
06856,DogNose
06857,DogFace
06858,DogNose
06859,CatEye
06860,CatEye
06861,CatNose
06862,CatNose
06863,CatNose
06864,CatEye
06865,CatMouth
06866,CatNose
06867,CatNose
06868,CatNose
06869,DogEye
06870,CatNose
06871,DogEye
06872,DogMouth
06873,DogEye
06874,DogFace
06875,CatEye
06876,CatFace
06877,CatFace
06878,DogEye
06879,CatFace
06880,DogEye
06881,DogEye
06882,DogMouth
06883,DogFace
06884,CatEye
06885,DogEye
06886,DogNose
06887,DogEye
06888,DogEye
06889,CatEye
06890,CatMouth
06891,CatFace
06892,CatFace
06893,CatEye
06894,CatEye
06895,CatMouth
06896,CatEye
06897,DogEye
06898,DogEye
06899,CatMouth
06900,DogMouth
06901,DogEye
06902,DogMouth
06903,CatEye
06904,CatFace
06905,DogNose
06906,CatMouth
06907,DogFace
06908,DogMouth
06909,CatMouth
06910,CatFace
06911,DogNose
06912,CatEye
06913,DogEye
06914,DogEye
06915,DogEye
06916,DogFace
06917,DogEye
06918,DogFace
06919,CatEye
06920,DogNose
06921,CatNose
06922,DogNose
06923,CatEye
06924,DogEye
06925,CatMouth
06926,CatFace
06927,DogEye
06928,CatEye
06929,DogEye
06930,DogFace
06931,DogEye
06932,CatEye
06933,CatFace
06934,DogFace
06935,DogEye
06936,CatFace
06937,DogMouth
06938,DogNose
06939,DogEye
06940,DogEye
06941,CatEye
06942,CatMouth
06943,DogFace
06944,DogFace
06945,DogMouth
06946,DogNose
06947,DogEye
06948,DogFace
06949,DogMouth
06950,DogMouth
06951,CatFace
06952,CatNose
06953,DogMouth
06954,CatEye
06955,DogNose
06956,DogNose
06957,DogFace
06958,DogEye
06959,CatEye
06960,DogNose
06961,CatFace
06962,DogMouth
06963,DogFace
06964,CatEye
06965,CatMouth
06966,DogFace
06967,DogEye
06968,DogEye
06969,CatNose
06970,DogEye
06971,DogFace
06972,DogMouth
06973,CatNose
06974,CatFace
06975,CatEye
06976,CatEye
06977,CatFace
06978,DogMouth
06979,CatEye
06980,DogNose
06981,CatFace
06982,DogMouth
06983,CatFace
06984,DogEye
06985,DogEye
06986,DogFace
06987,DogFace
06988,CatNose
06989,CatEye
06990,CatEye
06991,DogNose
06992,DogEye
06993,DogEye
06994,CatMouth
06995,CatFace
06996,CatFace
06997,DogNose
06998,CatEye
06999,DogNose
07000,DogEye
07001,CatEye
07002,CatFace
07003,DogNose
07004,CatNose
07005,CatEye
07006,CatNose
07007,CatEye
07008,CatFace
07009,CatEye
07010,DogMouth
07011,CatMouth
07012,DogEye
07013,CatEye
07014,DogEye
07015,DogMouth
07016,DogMouth
07017,CatFace
07018,CatNose
07019,CatEye
07020,CatMouth
07021,CatFace
07022,CatEye
07023,DogNose
07024,CatNose
07025,DogEye
07026,CatFace
07027,DogEye
07028,DogEye
07029,DogEye
07030,CatEye
07031,DogNose
07032,CatEye
07033,CatMouth
07034,CatMouth
07035,DogEye
07036,CatEye
07037,CatEye
07038,DogNose
07039,CatMouth
07040,CatNose
07041,CatFace
07042,CatEye
07043,DogNose
07044,DogFace
07045,CatFace
07046,CatEye
07047,CatEye
07048,CatMouth
07049,CatEye
07050,CatNose
07051,CatEye
07052,DogEye
07053,CatNose
07054,DogMouth
07055,CatNose
07056,DogNose
07057,CatEye
07058,DogFace
07059,CatMouth
07060,DogMouth
07061,DogEye
07062,DogFace
07063,DogMouth
07064,CatMouth
07065,DogMouth
07066,DogEye
07067,DogEye
07068,CatEye
07069,CatEye
07070,CatMouth
07071,DogFace
07072,DogEye
07073,DogFace
07074,CatEye
07075,DogEye
07076,CatEye
07077,CatEye
07078,CatNose
07079,CatEye
07080,CatNose
07081,CatEye
07082,DogFace
07083,DogEye
07084,DogFace
07085,CatFace
07086,CatFace
07087,CatMouth
07088,DogEye
07089,CatEye
07090,CatNose
07091,DogEye
07092,CatEye
07093,CatEye
07094,DogEye
07095,CatMouth
07096,DogMouth
07097,DogEye
07098,CatMouth
07099,DogEye
07100,DogFace
07101,DogNose
07102,DogEye
07103,CatNose
07104,CatFace
07105,CatNose
07106,CatMouth
07107,CatMouth
07108,CatFace
07109,CatMouth
07110,CatNose
07111,DogMouth
07112,CatMouth
07113,CatFace
07114,CatEye
07115,DogEye
07116,CatEye
07117,DogFace
07118,CatFace
07119,DogFace
07120,DogFace
07121,DogMouth
07122,DogNose
07123,CatMouth
07124,CatEye
07125,CatEye
07126,CatEye
07127,CatMouth
07128,CatMouth
07129,CatEye
07130,CatEye
07131,DogNose
07132,CatEye
07133,CatEye
07134,DogFace
07135,CatEye
07136,CatEye
07137,DogEye
07138,DogEye
07139,CatFace
07140,CatNose
07141,DogEye
07142,CatMouth
07143,CatEye
07144,CatEye
07145,CatNose
07146,DogMouth
07147,DogMouth
07148,CatMouth
07149,DogNose
07150,DogEye
07151,DogFace
07152,CatEye
07153,DogNose
07154,CatMouth
07155,DogNose
07156,CatEye
07157,DogEye
07158,DogMouth
07159,DogEye
07160,CatMouth
07161,CatEye
07162,CatFace
07163,DogMouth
07164,DogEye
07165,DogMouth
07166,DogNose
07167,DogEye
07168,CatEye
07169,CatFace
07170,CatMouth
07171,CatMouth
07172,CatEye
07173,CatMouth
07174,CatEye
07175,CatNose
07176,CatFace
07177,DogFace
07178,CatEye
07179,DogFace
07180,DogNose
07181,DogEye
07182,DogNose
07183,DogFace
07184,DogFace
07185,DogNose
07186,DogFace
07187,CatEye
07188,CatNose
07189,CatMouth
07190,DogNose
07191,CatMouth
07192,CatNose
07193,CatEye
07194,CatEye
07195,DogNose
07196,DogEye
07197,CatFace
07198,DogEye
07199,DogFace
07200,CatMouth
07201,DogEye
07202,DogFace
07203,CatEye
07204,DogNose
07205,DogEye
07206,DogMouth
07207,DogEye
07208,CatMouth
07209,CatEye
07210,CatMouth
07211,DogEye
07212,CatFace
07213,DogEye
07214,CatNose
07215,DogEye
07216,CatEye
07217,DogEye
07218,DogEye
07219,CatMouth
07220,DogNose
07221,CatMouth
07222,CatNose
07223,DogNose
07224,DogEye
07225,CatEye
07226,CatFace
07227,DogEye
07228,CatEye
07229,CatNose
07230,CatFace
07231,DogEye
07232,DogEye
07233,CatEye
07234,DogEye
07235,DogEye
07236,CatEye
07237,DogEye
07238,CatEye
07239,CatEye
07240,DogEye
07241,CatEye
07242,CatFace
07243,DogEye
07244,DogFace
07245,CatEye
07246,CatFace
07247,CatMouth
07248,CatEye
07249,DogEye
07250,CatEye
07251,CatNose
07252,CatFace
07253,CatEye
07254,DogNose
07255,CatEye
07256,CatEye
07257,CatEye
07258,CatEye
07259,CatEye
07260,DogFace
07261,CatEye
07262,CatEye
07263,DogNose
07264,DogMouth
07265,DogFace
07266,DogNose
07267,CatNose
07268,DogEye
07269,CatEye
07270,CatMouth
07271,DogNose
07272,DogFace
07273,CatEye
07274,DogFace
07275,CatMouth
07276,CatFace
07277,CatEye
07278,DogEye
07279,CatEye
07280,DogEye
07281,DogMouth
07282,CatFace
07283,CatFace
07284,DogEye
07285,DogEye
07286,DogEye
07287,CatMouth
07288,DogFace
07289,DogNose
07290,CatMouth
07291,CatEye
07292,CatEye
07293,CatEye
07294,CatEye
07295,DogNose
07296,CatEye
07297,CatMouth
07298,CatFace
07299,CatFace
07300,CatFace
07301,CatNose
07302,DogNose
07303,CatFace
07304,CatFace
07305,DogNose
07306,CatFace
07307,CatNose
07308,CatMouth
07309,CatFace
07310,DogMouth
07311,DogEye
07312,DogEye
07313,CatNose
07314,DogNose
07315,CatEye
07316,DogMouth
07317,DogNose
07318,DogEye
07319,DogMouth
07320,CatNose
07321,CatEye
07322,DogMouth
07323,CatNose
07324,DogNose
07325,CatNose
07326,CatEye
07327,CatFace
07328,DogNose
07329,CatNose
07330,CatNose
07331,DogNose
07332,DogEye
07333,DogEye
07334,CatFace
07335,CatNose
07336,CatEye
07337,DogMouth
07338,CatEye
07339,CatFace
07340,CatEye
07341,DogEye
07342,DogEye
07343,CatMouth
07344,DogMouth
07345,CatNose
07346,CatMouth
07347,DogEye
07348,CatEye
07349,CatMouth
07350,CatFace
07351,CatEye
07352,CatNose
07353,DogEye
07354,CatMouth
07355,CatNose
07356,CatNose
07357,CatEye
07358,DogEye
07359,CatEye
07360,CatNose
07361,CatMouth
07362,CatFace
07363,DogEye
07364,DogNose
07365,DogEye
07366,DogEye
07367,DogMouth
07368,CatEye
07369,CatEye
07370,CatFace
07371,DogEye
07372,CatFace
07373,DogEye
07374,DogMouth
07375,DogFace
07376,DogFace
07377,CatEye
07378,CatNose
07379,DogFace
07380,CatMouth
07381,CatEye
07382,DogEye
07383,DogFace
07384,DogFace
07385,CatNose
07386,DogMouth
07387,CatMouth
07388,CatEye
07389,CatEye
07390,DogMouth
07391,CatEye
07392,DogMouth
07393,CatMouth
07394,CatEye
07395,DogMouth
07396,DogNose
07397,DogEye
07398,CatNose
07399,DogEye
07400,CatFace
07401,DogMouth
07402,CatFace
07403,CatFace
07404,CatMouth
07405,DogFace
07406,CatMouth
07407,DogMouth
07408,DogFace
07409,CatFace
07410,CatMouth
07411,CatMouth
07412,DogEye
07413,CatMouth
07414,DogNose
07415,CatNose
07416,DogNose
07417,CatEye
07418,CatNose
07419,DogFace
07420,CatFace
07421,CatFace
07422,CatFace
07423,CatFace
07424,CatNose
07425,CatMouth
07426,CatNose
07427,DogFace
07428,CatFace
07429,DogMouth
07430,DogEye
07431,DogNose
07432,DogEye
07433,CatMouth
07434,DogEye
07435,CatEye
07436,DogNose
07437,DogEye
07438,DogFace
07439,CatMouth
07440,CatFace
07441,CatEye
07442,CatNose
07443,CatEye
07444,DogEye
07445,CatEye
07446,DogFace
07447,DogEye
07448,DogEye
07449,CatNose
07450,CatNose
07451,CatEye
07452,CatNose
07453,CatMouth
07454,DogEye
07455,CatEye
07456,CatMouth
07457,CatEye
07458,DogMouth
07459,CatNose
07460,DogMouth
07461,CatEye
07462,DogFace
07463,CatEye
07464,DogNose
07465,DogEye
07466,CatMouth
07467,DogNose
07468,DogEye
07469,DogNose
07470,CatEye
07471,DogFace
07472,CatFace
07473,DogMouth
07474,DogNose
07475,CatMouth
07476,CatMouth
07477,CatMouth
07478,CatEye
07479,CatMouth
07480,CatEye
07481,CatNose
07482,DogEye
07483,DogFace
07484,CatNose
07485,DogEye
07486,DogFace
07487,CatFace
07488,DogEye
07489,CatMouth
07490,DogFace
07491,DogMouth
07492,DogEye
07493,DogFace
07494,CatEye
07495,CatNose
07496,DogEye
07497,DogEye
07498,DogFace
07499,DogEye
07500,DogMouth
07501,DogNose
07502,DogEye
07503,CatEye
07504,CatFace
07505,CatNose
07506,CatFace
07507,DogNose
07508,DogMouth
07509,CatEye
07510,CatMouth
07511,CatFace
07512,CatFace
07513,CatFace
07514,DogEye
07515,DogFace
07516,DogMouth
07517,CatEye
07518,DogMouth
07519,CatNose
07520,DogNose
07521,DogNose
07522,DogFace
07523,DogFace
07524,DogEye
07525,DogFace
07526,CatFace
07527,CatEye
07528,DogMouth
07529,CatMouth
07530,CatNose
07531,CatNose
07532,CatFace
07533,DogEye
07534,DogNose
07535,DogFace
07536,DogEye
07537,CatNose
07538,DogEye
07539,CatFace
07540,CatEye
07541,CatEye
07542,DogFace
07543,CatNose
07544,DogMouth
07545,CatNose
07546,CatMouth
07547,CatEye
07548,DogEye
07549,CatEye
07550,DogFace
07551,DogEye
07552,DogNose
07553,CatMouth
07554,CatFace
07555,DogNose
07556,DogEye
07557,CatFace
07558,CatFace
07559,CatEye
07560,DogNose
07561,CatNose
07562,CatMouth
07563,CatFace
07564,CatMouth
07565,DogEye
07566,DogMouth
07567,CatEye
07568,DogEye
07569,CatEye
07570,DogFace
07571,CatEye
07572,CatMouth
07573,CatEye
07574,DogEye
07575,CatFace
07576,CatMouth
07577,DogNose
07578,CatFace
07579,DogEye
07580,CatFace
07581,CatMouth
07582,CatFace
07583,DogEye
07584,DogFace
07585,CatMouth
07586,DogNose
07587,DogEye
07588,DogFace
07589,DogNose
07590,CatNose
07591,CatFace
07592,CatFace
07593,CatFace
07594,CatFace
07595,CatNose
07596,DogEye
07597,DogNose
07598,DogEye
07599,CatEye
07600,CatMouth
07601,CatFace
07602,CatMouth
07603,DogNose
07604,CatNose
07605,CatFace
07606,DogMouth
07607,CatNose
07608,DogMouth
07609,DogFace
07610,DogEye
07611,CatMouth
07612,DogNose
07613,DogFace
07614,CatEye
07615,CatEye
07616,DogEye
07617,DogMouth
07618,CatEye
07619,DogMouth
07620,DogNose
07621,CatNose
07622,CatFace
07623,CatEye
07624,DogMouth
07625,CatMouth
07626,CatMouth
07627,DogEye
07628,DogFace
07629,CatNose
07630,DogEye
07631,CatEye
07632,CatMouth
07633,CatFace
07634,DogFace
07635,CatNose
07636,DogEye
07637,CatEye
07638,DogEye
07639,CatFace
07640,DogEye
07641,CatMouth
07642,CatNose
07643,DogMouth
07644,DogMouth
07645,CatMouth
07646,DogNose
07647,CatFace
07648,CatMouth
07649,DogNose
07650,CatEye
07651,CatEye
07652,DogEye
07653,CatEye
07654,DogNose
07655,CatMouth
07656,DogNose
07657,CatEye
07658,CatFace
07659,DogEye
07660,DogMouth
07661,DogEye
07662,DogNose
07663,CatEye
07664,DogFace
07665,CatEye
07666,CatEye
07667,DogNose
07668,DogMouth
07669,CatMouth
07670,CatEye
07671,DogNose
07672,CatEye
07673,CatEye
07674,DogMouth
07675,CatFace
07676,CatEye
07677,DogEye
07678,DogNose
07679,CatFace
07680,CatFace
07681,CatMouth
07682,CatNose
07683,CatEye
07684,CatEye
07685,DogNose
07686,DogEye
07687,CatEye
07688,CatFace
07689,DogEye
07690,CatFace
07691,DogNose
07692,DogEye
07693,CatNose
07694,CatEye
07695,DogEye
07696,DogEye
07697,CatMouth
07698,DogMouth
07699,CatNose
07700,CatMouth
07701,CatMouth
07702,CatFace
07703,CatNose
07704,CatEye
07705,DogFace
07706,CatEye
07707,DogFace
07708,CatEye
07709,CatEye
07710,CatFace
07711,CatEye
07712,DogMouth
07713,DogNose
07714,CatNose
07715,CatFace
07716,CatMouth
07717,DogEye
07718,DogNose
07719,CatEye
07720,CatNose
07721,DogNose
07722,CatEye
07723,DogEye
07724,CatFace
07725,DogMouth
07726,DogEye
07727,CatMouth
07728,DogEye
07729,DogNose
07730,DogNose
07731,CatEye
07732,CatFace
07733,CatEye
07734,DogEye
07735,DogNose
07736,DogMouth
07737,DogEye
07738,DogEye
07739,CatEye
07740,DogEye
07741,CatEye
07742,DogEye
07743,CatEye
07744,DogEye
07745,DogFace
07746,DogEye
07747,DogFace
07748,CatFace
07749,DogFace
07750,DogEye
07751,CatEye
07752,DogMouth
07753,CatEye
07754,CatEye
07755,CatEye
07756,DogFace
07757,DogNose
07758,CatEye
07759,CatEye
07760,CatMouth
07761,DogEye
07762,CatFace
07763,DogFace
07764,CatMouth
07765,DogEye
07766,DogEye
07767,DogFace
07768,DogMouth
07769,DogNose
07770,DogEye
07771,DogFace
07772,DogFace
07773,CatNose
07774,DogEye
07775,DogEye
07776,DogEye
07777,CatNose
07778,CatMouth
07779,CatEye
07780,DogFace
07781,CatMouth
07782,CatNose
07783,CatNose
07784,DogNose
07785,CatEye
07786,DogNose
07787,DogNose
07788,DogNose
07789,CatMouth
07790,DogFace
07791,CatEye
07792,DogEye
07793,CatNose
07794,CatEye
07795,DogFace
07796,DogEye
07797,DogMouth
07798,DogFace
07799,DogNose
07800,CatFace
07801,CatMouth
07802,DogFace
07803,CatEye
07804,CatEye
07805,CatNose
07806,CatEye
07807,DogEye
07808,DogFace
07809,DogNose
07810,CatNose
07811,DogEye
07812,DogMouth
07813,CatNose
07814,DogNose
07815,CatMouth
07816,CatNose
07817,DogMouth
07818,DogNose
07819,DogMouth
07820,CatEye
07821,CatNose
07822,DogMouth
07823,DogEye
07824,CatEye
07825,CatMouth
07826,DogEye
07827,DogEye
07828,CatEye
07829,CatEye
07830,CatMouth
07831,DogNose
07832,DogFace
07833,DogNose
07834,CatNose
07835,DogEye
07836,CatMouth
07837,CatMouth
07838,CatMouth
07839,CatMouth
07840,DogEye
07841,DogNose
07842,CatFace
07843,DogEye
07844,DogNose
07845,CatEye
07846,DogFace
07847,DogMouth
07848,CatEye
07849,CatEye
07850,CatEye
07851,CatMouth
07852,DogNose
07853,DogEye
07854,DogEye
07855,CatMouth
07856,CatMouth
07857,DogEye
07858,DogEye
07859,DogNose
07860,CatFace
07861,CatFace
07862,CatMouth
07863,CatEye
07864,DogEye
07865,DogFace
07866,CatFace
07867,DogEye
07868,CatFace
07869,CatNose
07870,DogEye
07871,CatEye
07872,DogEye
07873,CatNose
07874,DogMouth
07875,DogMouth
07876,CatFace
07877,CatEye
07878,CatEye
07879,CatEye
07880,DogMouth
07881,CatFace
07882,CatEye
07883,DogMouth
07884,DogNose
07885,DogEye
07886,CatMouth
07887,DogNose
07888,CatEye
07889,DogFace
07890,DogEye
07891,DogFace
07892,CatEye
07893,CatMouth
07894,DogFace
07895,CatNose
07896,DogFace
07897,CatEye
07898,DogFace
07899,CatEye
07900,CatNose
07901,DogEye
07902,CatMouth
07903,CatNose
07904,DogNose
07905,CatEye
07906,CatFace
07907,CatMouth
07908,CatEye
07909,DogNose
07910,CatMouth
07911,DogEye
07912,CatEye
07913,DogEye
07914,DogFace
07915,DogMouth
07916,CatMouth
07917,DogNose
07918,CatFace
07919,CatEye
07920,DogEye
07921,DogEye
07922,CatEye
07923,DogMouth
07924,CatFace
07925,CatEye
07926,DogFace
07927,DogMouth
07928,DogNose
07929,CatEye
07930,CatMouth
07931,DogNose
07932,DogFace
07933,CatEye
07934,DogEye
07935,DogEye
07936,CatMouth
07937,DogFace
07938,CatEye
07939,DogEye
07940,DogEye
07941,DogFace
07942,CatEye
07943,DogEye
07944,CatEye
07945,CatMouth
07946,CatEye
07947,DogEye
07948,DogFace
07949,DogMouth
07950,CatEye
07951,DogEye
07952,DogEye
07953,CatEye
07954,CatNose
07955,CatEye
07956,DogEye
07957,CatEye
07958,CatFace
07959,DogNose
07960,DogFace
07961,CatEye
07962,CatMouth
07963,DogNose
07964,DogEye
07965,CatEye
07966,CatNose
07967,DogFace
07968,DogNose
07969,CatNose
07970,CatNose
07971,CatEye
07972,DogNose
07973,DogMouth
07974,CatNose
07975,DogEye
07976,DogEye
07977,DogMouth
07978,CatEye
07979,DogFace
07980,DogFace
07981,CatEye
07982,DogMouth
07983,DogEye
07984,DogEye
07985,CatNose
07986,DogMouth
07987,DogNose
07988,CatFace
07989,CatMouth
07990,DogEye
07991,CatMouth
07992,CatEye
07993,DogEye
07994,CatEye
07995,DogEye
07996,CatNose
07997,DogEye
07998,DogEye
07999,DogEye
08000,CatEye
08001,DogNose
08002,DogNose
08003,CatFace
08004,CatFace
08005,CatFace
08006,DogNose
08007,DogEye
08008,DogFace
08009,CatEye
08010,DogMouth
08011,CatNose
08012,DogFace
08013,CatEye
08014,DogNose
08015,DogFace
08016,DogEye
08017,DogFace
08018,CatNose
08019,CatEye
08020,CatFace
08021,CatEye
08022,CatMouth
08023,DogMouth
08024,DogEye
08025,DogFace
08026,CatEye
08027,DogNose
08028,DogMouth
08029,CatMouth
08030,CatMouth
08031,DogNose
08032,CatNose
08033,CatEye
08034,DogEye
08035,CatFace
08036,CatNose
08037,CatEye
08038,CatEye
08039,CatNose
08040,DogNose
08041,DogNose
08042,DogEye
08043,CatFace
08044,CatMouth
08045,CatEye
08046,CatEye
08047,CatFace
08048,CatMouth
08049,CatMouth
08050,CatFace
08051,DogEye
08052,CatMouth
08053,CatNose
08054,CatNose
08055,CatNose
08056,CatFace
08057,DogNose
08058,DogEye
08059,DogEye
08060,DogNose
08061,CatMouth
08062,DogEye
08063,DogNose
08064,CatEye
08065,DogEye
08066,CatEye
08067,DogMouth
08068,DogEye
08069,DogMouth
08070,DogEye
08071,CatEye
08072,DogEye
08073,CatEye
08074,CatEye
08075,DogMouth
08076,DogMouth
08077,DogEye
08078,CatFace
08079,CatMouth
08080,DogNose
08081,CatFace
08082,CatNose
08083,CatFace
08084,CatNose
08085,DogFace
08086,CatFace
08087,DogFace
08088,CatEye
08089,CatEye
08090,DogEye
08091,DogNose
08092,CatNose
08093,DogMouth
08094,DogEye
08095,DogMouth
08096,DogEye
08097,CatNose
08098,DogEye
08099,DogEye
08100,CatNose
08101,DogFace
08102,DogEye
08103,DogEye
08104,CatEye
08105,CatNose
08106,DogNose
08107,CatFace
08108,DogEye
08109,DogEye
08110,CatEye
08111,DogEye
08112,DogFace
08113,CatFace
08114,DogEye
08115,CatEye
08116,CatFace
08117,CatMouth
08118,DogFace
08119,DogFace
08120,CatNose
08121,DogNose
08122,DogEye
08123,CatNose
08124,DogMouth
08125,CatMouth
08126,CatFace
08127,DogNose
08128,CatFace
08129,CatFace
08130,CatEye
08131,DogEye
08132,DogFace
08133,CatEye
08134,CatEye
08135,DogFace
08136,DogMouth
08137,CatNose
08138,CatEye
08139,CatEye
08140,CatFace
08141,CatMouth
08142,CatNose
08143,DogMouth
08144,CatFace
08145,CatEye
08146,CatMouth
08147,DogNose
08148,DogEye
08149,DogEye
08150,CatEye
08151,DogMouth
08152,CatFace
08153,CatFace
08154,DogEye
08155,DogNose
08156,CatMouth
08157,CatFace
08158,DogNose
08159,DogEye
08160,DogFace
08161,CatEye
08162,CatMouth
08163,CatEye
08164,CatEye
08165,CatFace
08166,CatNose
08167,CatMouth
08168,CatEye
08169,DogEye
08170,DogEye
08171,CatMouth
08172,DogEye
08173,DogEye
08174,DogEye
08175,DogMouth
08176,CatEye
08177,DogMouth
08178,CatEye
08179,CatMouth
08180,CatFace
08181,DogEye
08182,CatEye
08183,CatMouth
08184,DogEye
08185,CatEye
08186,DogNose
08187,DogMouth
08188,CatEye
08189,CatEye
08190,CatEye
08191,CatNose
08192,CatFace
08193,CatEye
08194,CatEye
08195,DogMouth
08196,CatEye
08197,CatNose
08198,DogMouth
08199,CatMouth
08200,DogFace
08201,CatNose
08202,DogEye
08203,CatMouth
08204,DogEye
08205,CatNose
08206,CatNose
08207,DogEye
08208,DogMouth
08209,DogEye
08210,DogEye
08211,DogNose
08212,DogEye
08213,CatMouth
08214,CatFace
08215,DogNose
08216,CatEye
08217,CatEye
08218,CatFace
08219,CatFace
08220,DogEye
08221,CatFace
08222,CatFace
08223,DogMouth
08224,DogFace
08225,CatMouth
08226,CatMouth
08227,CatEye
08228,CatMouth
08229,CatMouth
08230,CatEye
08231,DogMouth
08232,CatEye
08233,DogMouth
08234,DogEye
08235,DogEye
08236,DogEye
08237,CatMouth
08238,DogMouth
08239,DogNose
08240,CatEye
08241,CatFace
08242,CatEye
08243,CatEye
08244,CatNose
08245,DogEye
08246,CatEye
08247,CatFace
08248,DogEye
08249,CatEye
08250,CatMouth
08251,DogFace
08252,CatEye
08253,DogFace
08254,DogEye
08255,CatMouth
08256,DogMouth
08257,DogNose
08258,DogFace
08259,DogMouth
08260,CatNose
08261,CatEye
08262,CatFace
08263,DogMouth
08264,CatEye
08265,DogMouth
08266,CatNose
08267,DogNose
08268,DogMouth
08269,DogEye
08270,DogNose
08271,CatEye
08272,DogEye
08273,CatEye
08274,CatEye
08275,CatNose
08276,DogMouth
08277,CatMouth
08278,CatMouth
08279,DogEye
08280,DogNose
08281,CatEye
08282,CatMouth
08283,CatEye
08284,DogFace
08285,CatMouth
08286,CatFace
08287,DogMouth
08288,CatEye
08289,CatFace
08290,CatNose
08291,CatMouth
08292,CatNose
08293,DogFace
08294,DogEye
08295,DogNose
08296,DogMouth
08297,DogNose
08298,DogEye
08299,DogEye
08300,CatFace
08301,CatEye
08302,DogEye
08303,CatEye
08304,CatEye
08305,DogEye
08306,CatMouth
08307,CatEye
08308,CatEye
08309,CatMouth
08310,CatNose
08311,CatMouth
08312,DogNose
08313,CatEye
08314,DogEye
08315,DogEye
08316,CatFace
08317,CatEye
08318,DogEye
08319,CatEye
08320,DogEye
08321,DogEye
08322,CatEye
08323,CatFace
08324,DogEye
08325,CatEye
08326,DogFace
08327,DogEye
08328,CatNose
08329,CatMouth
08330,DogEye
08331,DogEye
08332,DogFace
08333,CatNose
08334,DogEye
08335,DogFace
08336,CatEye
08337,DogEye
08338,CatEye
08339,DogFace
08340,DogEye
08341,DogEye
08342,CatEye
08343,CatEye
08344,CatEye
08345,CatNose
08346,DogFace
08347,DogFace
08348,DogFace
08349,CatMouth
08350,CatMouth
08351,DogNose
08352,CatFace
08353,CatEye
08354,DogEye
08355,DogEye
08356,DogNose
08357,CatMouth
08358,DogEye
08359,CatFace
08360,DogNose
08361,DogMouth
08362,DogFace
08363,DogFace
08364,DogNose
08365,CatEye
08366,DogFace
08367,DogMouth
08368,DogNose
08369,CatFace
08370,DogNose
08371,CatEye
08372,DogEye
08373,DogMouth
08374,CatNose
08375,CatEye
08376,CatFace
08377,DogEye
08378,CatEye
08379,CatFace
08380,CatEye
08381,CatEye
08382,CatMouth
08383,DogMouth
08384,CatFace
08385,DogMouth
08386,CatMouth
08387,CatEye
08388,CatEye
08389,DogFace
08390,DogNose
08391,DogMouth
08392,CatEye
08393,CatNose
08394,DogFace
08395,DogFace
08396,CatEye
08397,DogMouth
08398,CatMouth
08399,CatEye
08400,CatNose
08401,CatEye
08402,DogNose
08403,DogEye
08404,DogFace
08405,DogFace
08406,DogNose
08407,CatFace
08408,DogNose
08409,CatEye
08410,CatEye
08411,DogNose
08412,CatEye
08413,DogEye
08414,CatNose
08415,CatMouth
08416,CatNose
08417,CatMouth
08418,CatEye
08419,DogEye
08420,CatEye
08421,CatNose
08422,CatEye
08423,DogNose
08424,CatFace
08425,CatEye
08426,DogEye
08427,CatMouth
08428,DogFace
08429,DogEye
08430,CatEye
08431,DogFace
08432,CatEye
08433,CatEye
08434,DogEye
08435,CatNose
08436,DogFace
08437,DogEye
08438,DogEye
08439,DogMouth
08440,CatNose
08441,DogEye
08442,DogMouth
08443,DogFace
08444,CatNose
08445,DogEye
08446,DogEye
08447,DogEye
08448,DogFace
08449,DogEye
08450,CatEye
08451,DogEye
08452,CatMouth
08453,CatNose
08454,DogEye
08455,DogEye
08456,CatFace
08457,CatFace
08458,CatEye
08459,DogMouth
08460,DogEye
08461,CatEye
08462,CatNose
08463,CatNose
08464,DogEye
08465,CatNose
08466,DogFace
08467,DogMouth
08468,DogNose
08469,CatEye
08470,CatFace
08471,DogFace
08472,DogNose
08473,DogEye
08474,DogMouth
08475,DogMouth
08476,CatMouth
08477,DogEye
08478,CatFace
08479,DogEye
08480,CatEye
08481,DogFace
08482,CatMouth
08483,DogMouth
08484,DogFace
08485,CatNose
08486,DogEye
08487,DogMouth
08488,CatEye
08489,CatNose
08490,DogNose
08491,CatEye
08492,CatNose
08493,DogEye
08494,DogEye
08495,CatMouth
08496,DogMouth
08497,CatFace
08498,CatEye
08499,DogMouth
08500,CatEye
08501,CatFace
08502,DogNose
08503,CatFace
08504,DogNose
08505,CatEye
08506,CatEye
08507,DogEye
08508,CatEye
08509,DogEye
08510,CatEye
08511,CatEye
08512,DogEye
08513,DogMouth
08514,CatEye
08515,DogNose
08516,CatFace
08517,CatFace
08518,DogFace
08519,CatFace
08520,DogEye
08521,CatEye
08522,CatFace
08523,CatNose
08524,DogEye
08525,CatEye
08526,DogEye
08527,CatFace
08528,DogFace
08529,CatFace
08530,DogNose
08531,DogFace
08532,CatEye
08533,CatFace
08534,CatFace
08535,CatNose
08536,DogEye
08537,CatEye
08538,DogEye
08539,DogEye
08540,CatEye
08541,DogNose
08542,DogNose
08543,CatMouth
08544,CatMouth
08545,CatEye
08546,CatNose
08547,CatEye
08548,DogEye
08549,CatEye
08550,DogNose
08551,DogFace
08552,CatEye
08553,CatFace
08554,CatEye
08555,DogEye
08556,DogFace
08557,CatNose
08558,CatEye
08559,DogNose
08560,DogFace
08561,CatFace
08562,CatEye
08563,CatEye
08564,CatNose
08565,DogFace
08566,CatFace
08567,CatNose
08568,DogEye
08569,CatEye
08570,DogEye
08571,CatEye
08572,DogEye
08573,DogFace
08574,CatFace
08575,CatNose
08576,DogNose
08577,CatFace
08578,DogEye
08579,DogNose
08580,CatFace
08581,CatNose
08582,CatMouth
08583,DogNose
08584,CatEye
08585,DogEye
08586,DogEye
08587,DogMouth
08588,CatEye
08589,CatEye
08590,DogNose
08591,CatFace
08592,CatEye
08593,DogEye
08594,CatFace
08595,CatEye
08596,DogNose
08597,CatFace
08598,DogEye
08599,DogFace
08600,DogMouth
08601,CatMouth
08602,CatEye
08603,CatMouth
08604,DogFace
08605,CatNose
08606,CatEye
08607,CatMouth
08608,CatMouth
08609,CatEye
08610,CatNose
08611,DogNose
08612,CatFace
08613,DogEye
08614,DogEye
08615,DogFace
08616,CatFace
08617,DogMouth
08618,DogEye
08619,CatFace
08620,CatFace
08621,CatEye
08622,CatEye
08623,CatFace
08624,DogFace
08625,DogNose
08626,DogMouth
08627,CatEye
08628,CatFace
08629,DogNose
08630,DogEye
08631,CatEye
08632,CatEye
08633,DogFace
08634,DogEye
08635,CatMouth
08636,DogEye
08637,DogMouth
08638,DogFace
08639,CatMouth
08640,DogFace
08641,DogMouth
08642,CatMouth
08643,CatEye
08644,CatEye
08645,CatEye
08646,CatNose
08647,CatNose
08648,CatEye
08649,CatEye
08650,DogFace
08651,DogFace
08652,CatNose
08653,CatFace
08654,CatEye
08655,DogEye
08656,DogNose
08657,CatFace
08658,CatEye
08659,CatEye
08660,DogEye
08661,CatMouth
08662,CatFace
08663,DogNose
08664,DogEye
08665,DogFace
08666,CatEye
08667,CatNose
08668,DogMouth
08669,DogEye
08670,CatNose
08671,CatEye
08672,CatFace
08673,CatFace
08674,DogEye
08675,CatEye
08676,CatFace
08677,DogFace
08678,CatEye
08679,DogEye
08680,DogEye
08681,CatEye
08682,CatEye
08683,DogNose
08684,CatNose
08685,CatNose
08686,CatEye
08687,DogEye
08688,CatMouth
08689,DogNose
08690,CatMouth
08691,CatEye
08692,DogFace
08693,DogNose
08694,CatEye
08695,DogEye
08696,CatNose
08697,CatMouth
08698,CatEye
08699,CatEye
08700,CatMouth
08701,CatMouth
08702,CatNose
08703,CatEye
08704,CatEye
08705,CatFace
08706,CatFace
08707,CatFace
08708,DogNose
08709,DogEye
08710,CatMouth
08711,DogEye
08712,CatEye
08713,CatFace
08714,CatFace
08715,DogEye
08716,CatEye
08717,CatEye
08718,CatFace
08719,DogNose
08720,CatNose
08721,DogEye
08722,CatMouth
08723,DogNose
08724,DogFace
08725,DogNose
08726,CatNose
08727,DogEye
08728,CatEye
08729,CatNose
08730,CatFace
08731,DogNose
08732,CatEye
08733,DogEye
08734,DogNose
08735,DogEye
08736,DogEye
08737,DogMouth
08738,DogEye
08739,DogFace
08740,CatNose
08741,DogFace
08742,DogNose
08743,CatFace
08744,CatMouth
08745,CatEye
08746,CatFace
08747,DogMouth
08748,CatEye
08749,DogEye
08750,CatFace
08751,CatEye
08752,CatNose
08753,CatMouth
08754,CatEye
08755,DogEye
08756,CatEye
08757,DogFace
08758,DogMouth
08759,CatMouth
08760,DogNose
08761,CatMouth
08762,DogMouth
08763,DogFace
08764,DogNose
08765,CatNose
08766,CatMouth
08767,DogEye
08768,DogEye
08769,DogMouth
08770,CatEye
08771,CatEye
08772,CatFace
08773,CatNose
08774,DogNose
08775,CatFace
08776,DogEye
08777,CatMouth
08778,CatMouth
08779,DogEye
08780,DogNose
08781,CatFace
08782,CatFace
08783,CatMouth
08784,DogFace
08785,CatMouth
08786,CatEye
08787,DogNose
08788,DogEye
08789,CatEye
08790,CatEye
08791,DogEye
08792,DogEye
08793,CatEye
08794,DogNose
08795,DogMouth
08796,DogEye
08797,DogNose
08798,DogMouth
08799,DogFace
08800,DogMouth
08801,CatMouth
08802,CatEye
08803,DogEye
08804,CatMouth
08805,CatMouth
08806,DogMouth
08807,DogNose
08808,DogEye
08809,CatMouth
08810,DogEye
08811,DogFace
08812,CatMouth
08813,DogEye
08814,CatEye
08815,CatEye
08816,DogFace
08817,CatNose
08818,CatFace
08819,CatEye
08820,DogEye
08821,CatMouth
08822,DogEye
08823,CatEye
08824,CatEye
08825,CatFace
08826,DogMouth
08827,CatFace
08828,CatFace
08829,CatMouth
08830,CatNose
08831,CatEye
08832,CatFace
08833,CatFace
08834,CatFace
08835,CatFace
08836,CatEye
08837,DogEye
08838,CatEye
08839,DogNose
08840,CatEye
08841,CatMouth
08842,DogFace
08843,DogFace
08844,CatEye
08845,DogMouth
08846,CatFace
08847,CatNose
08848,DogFace
08849,DogNose
08850,CatNose
08851,DogEye
08852,CatEye
08853,DogNose
08854,DogFace
08855,DogEye
08856,DogFace
08857,DogFace
08858,CatEye
08859,DogEye
08860,CatEye
08861,DogEye
08862,DogEye
08863,DogFace
08864,CatEye
08865,DogMouth
08866,CatMouth
08867,DogEye
08868,DogFace
08869,CatEye
08870,CatFace
08871,CatFace
08872,CatMouth
08873,DogNose
08874,DogMouth
08875,CatEye
08876,DogEye
08877,DogNose
08878,CatMouth
08879,CatMouth
08880,DogEye
08881,DogMouth
08882,CatMouth
08883,CatMouth
08884,CatMouth
08885,CatFace
08886,CatEye
08887,DogEye
08888,CatMouth
08889,DogEye
08890,CatNose
08891,CatFace
08892,CatFace
08893,CatNose
08894,DogEye
08895,CatNose
08896,DogMouth
08897,DogEye
08898,DogMouth
08899,DogMouth
08900,CatEye
08901,CatFace
08902,CatEye
08903,DogEye
08904,DogEye
08905,CatNose
08906,CatEye
08907,CatNose
08908,CatMouth
08909,DogEye
08910,DogEye
08911,DogEye
08912,DogNose
08913,DogMouth
08914,CatFace
08915,CatMouth
08916,DogEye
08917,DogNose
08918,DogEye
08919,CatNose
08920,CatEye
08921,DogEye
08922,CatMouth
08923,DogMouth
08924,DogEye
08925,DogEye
08926,CatMouth
08927,DogEye
08928,DogEye
08929,CatFace
08930,CatEye
08931,CatFace
08932,CatFace
08933,CatFace
08934,DogEye
08935,DogMouth
08936,DogMouth
08937,CatNose
08938,DogEye
08939,CatMouth
08940,DogEye
08941,DogMouth
08942,DogEye
08943,DogMouth
08944,DogEye
08945,DogFace
08946,CatEye
08947,CatEye
08948,DogNose
08949,CatFace
08950,CatEye
08951,CatFace
08952,CatMouth
08953,DogEye
08954,CatEye
08955,CatFace
08956,CatFace
08957,DogMouth
08958,DogNose
08959,CatEye
08960,CatEye
08961,DogEye
08962,CatMouth
08963,CatEye
08964,CatEye
08965,CatEye
08966,DogEye
08967,DogNose
08968,DogEye
08969,DogNose
08970,CatFace
08971,CatEye
08972,DogEye
08973,DogEye
08974,CatEye
08975,DogFace
08976,CatFace
08977,DogNose
08978,DogEye
08979,CatEye
08980,CatEye
08981,DogFace
08982,CatEye
08983,CatEye
08984,CatEye
08985,CatEye
08986,CatFace
08987,CatMouth
08988,DogEye
08989,CatMouth
08990,CatFace
08991,DogEye
08992,CatFace
08993,CatMouth
08994,CatFace
08995,CatNose
08996,CatFace
08997,CatEye
08998,CatEye
08999,CatEye
09000,CatFace
09001,CatNose
09002,DogMouth
09003,CatFace
09004,CatMouth
09005,CatEye
09006,DogNose
09007,CatEye
09008,DogMouth
09009,CatEye
09010,CatFace
09011,DogEye
09012,CatFace
09013,DogMouth
09014,DogMouth
09015,DogMouth
09016,CatFace
09017,DogEye
09018,DogFace
09019,CatNose
09020,DogFace
09021,DogFace
09022,DogFace
09023,CatEye
09024,DogEye
09025,DogEye
09026,DogEye
09027,DogEye
09028,DogMouth
09029,DogEye
09030,CatFace
09031,CatFace
09032,CatMouth
09033,CatEye
09034,CatFace
09035,DogEye
09036,DogMouth
09037,DogMouth
09038,CatFace
09039,CatNose
09040,DogFace
09041,CatMouth
09042,DogNose
09043,CatNose
09044,DogMouth
09045,DogNose
09046,CatFace
09047,DogMouth
09048,CatEye
09049,CatEye
09050,DogEye
09051,CatEye
09052,DogEye
09053,DogEye
09054,CatEye
09055,DogNose
09056,CatNose
09057,CatEye
09058,CatFace
09059,CatEye
09060,CatEye
09061,CatFace
09062,CatFace
09063,DogEye
09064,CatMouth
09065,CatEye
09066,DogFace
09067,DogEye
09068,CatMouth
09069,CatMouth
09070,DogEye
09071,CatEye
09072,DogFace
09073,CatEye
09074,DogEye
09075,CatFace
09076,CatEye
09077,CatEye
09078,DogEye
09079,CatNose
09080,CatMouth
09081,DogEye
09082,DogEye
09083,CatFace
09084,DogEye
09085,CatFace
09086,DogEye
09087,CatMouth
09088,CatEye
09089,DogEye
09090,CatMouth
09091,DogEye
09092,CatMouth
09093,DogEye
09094,DogEye
09095,DogMouth
09096,DogFace
09097,CatEye
09098,CatFace
09099,CatMouth
09100,CatNose
09101,CatEye
09102,DogEye
09103,DogEye
09104,CatEye
09105,DogEye
09106,CatEye
09107,DogEye
09108,DogNose
09109,CatFace
09110,DogNose
09111,DogMouth
09112,CatNose
09113,CatMouth
09114,DogFace
09115,CatEye
09116,DogFace
09117,DogNose
09118,DogMouth
09119,CatMouth
09120,CatNose
09121,DogNose
09122,CatFace
09123,DogEye
09124,CatFace
09125,DogFace
09126,CatMouth
09127,CatEye
09128,DogFace
09129,DogMouth
09130,DogNose
09131,CatEye
09132,CatMouth
09133,DogFace
09134,CatEye
09135,DogFace
09136,CatEye
09137,DogEye
09138,CatEye
09139,CatEye
09140,DogEye
09141,DogMouth
09142,CatEye
09143,CatNose
09144,DogEye
09145,DogNose
09146,DogEye
09147,CatEye
09148,CatMouth
09149,CatMouth
09150,CatMouth
09151,DogNose
09152,DogEye
09153,DogFace
09154,DogEye
09155,DogNose
09156,DogEye
09157,DogFace
09158,CatFace
09159,CatEye
09160,DogNose
09161,DogMouth
09162,CatEye
09163,CatEye
09164,CatEye
09165,DogNose
09166,CatNose
09167,DogFace
09168,CatNose
09169,DogEye
09170,CatEye
09171,CatEye
09172,CatNose
09173,DogEye
09174,DogEye
09175,CatFace
09176,DogNose
09177,DogEye
09178,CatEye
09179,DogEye
09180,DogEye
09181,CatEye
09182,CatMouth
09183,CatFace
09184,CatEye
09185,CatEye
09186,CatNose
09187,DogNose
09188,DogEye
09189,CatNose
09190,CatEye
09191,CatNose
09192,CatEye
09193,DogEye
09194,DogFace
09195,DogEye
09196,DogFace
09197,CatFace
09198,CatFace
09199,DogMouth
09200,CatEye
09201,CatEye
09202,CatEye
09203,CatEye
09204,DogFace
09205,CatMouth
09206,CatFace
09207,DogMouth
09208,DogEye
09209,CatFace
09210,CatMouth
09211,CatEye
09212,CatEye
09213,DogNose
09214,CatEye
09215,DogEye
09216,DogEye
09217,CatEye
09218,CatNose
09219,CatFace
09220,CatMouth
09221,DogMouth
09222,DogMouth
09223,CatEye
09224,CatEye
09225,DogEye
09226,CatNose
09227,DogFace
09228,CatEye
09229,CatFace
09230,DogNose
09231,CatEye
09232,DogEye
09233,DogNose
09234,CatFace
09235,DogEye
09236,CatEye
09237,CatEye
09238,CatEye
09239,DogEye
09240,CatFace
09241,CatFace
09242,CatFace
09243,DogEye
09244,DogNose
09245,CatNose
09246,DogMouth
09247,CatEye
09248,DogMouth
09249,DogEye
09250,CatMouth
09251,DogEye
09252,DogEye
09253,CatMouth
09254,DogEye
09255,CatNose
09256,DogEye
09257,DogNose
09258,DogMouth
09259,DogEye
09260,CatEye
09261,DogMouth
09262,CatEye
09263,CatEye
09264,DogMouth
09265,DogNose
09266,CatMouth
09267,CatMouth
09268,CatEye
09269,CatEye
09270,DogEye
09271,DogMouth
09272,DogFace
09273,DogMouth
09274,CatEye
09275,DogNose
09276,DogFace
09277,CatNose
09278,DogMouth
09279,CatFace
09280,DogMouth
09281,CatNose
09282,DogMouth
09283,CatMouth
09284,DogNose
09285,DogMouth
09286,CatMouth
09287,DogEye
09288,CatEye
09289,DogEye
09290,CatEye
09291,DogFace
09292,DogFace
09293,DogMouth
09294,CatNose
09295,DogMouth
09296,CatEye
09297,DogEye
09298,CatMouth
09299,CatFace
09300,DogFace
09301,CatEye
09302,DogEye
09303,DogMouth
09304,CatEye
09305,DogFace
09306,DogNose
09307,DogFace
09308,CatEye
09309,CatMouth
09310,CatEye
09311,CatMouth
09312,CatNose
09313,CatFace
09314,CatNose
09315,DogMouth
09316,DogFace
09317,CatEye
09318,DogEye
09319,CatFace
09320,DogFace
09321,DogNose
09322,CatEye
09323,CatEye
09324,DogFace
09325,DogFace
09326,CatNose
09327,CatNose
09328,DogFace
09329,CatFace
09330,DogEye
09331,CatMouth
09332,CatEye
09333,CatMouth
09334,DogEye
09335,DogMouth
09336,CatMouth
09337,CatEye
09338,DogNose
09339,CatMouth
09340,CatMouth
09341,DogMouth
09342,DogNose
09343,DogMouth
09344,CatEye
09345,DogEye
09346,CatEye
09347,CatEye
09348,CatEye
09349,CatMouth
09350,CatMouth
09351,CatEye
09352,CatNose
09353,CatEye
09354,DogFace
09355,DogEye
09356,CatFace
09357,DogEye
09358,DogEye
09359,CatMouth
09360,CatEye
09361,CatNose
09362,DogNose
09363,CatEye
09364,DogEye
09365,CatEye
09366,DogFace
09367,CatEye
09368,DogNose
09369,CatFace
09370,DogMouth
09371,CatNose
09372,DogFace
09373,DogNose
09374,DogEye
09375,CatNose
09376,DogNose
09377,CatFace
09378,DogMouth
09379,DogMouth
09380,CatMouth
09381,CatNose
09382,DogFace
09383,CatMouth
09384,DogNose
09385,CatFace
09386,DogFace
09387,DogEye
09388,DogEye
09389,CatMouth
09390,DogMouth
09391,CatNose
09392,DogMouth
09393,CatNose
09394,CatEye
09395,CatMouth
09396,DogNose
09397,DogEye
09398,DogNose
09399,DogNose
09400,CatFace
09401,DogNose
09402,CatNose
09403,CatEye
09404,CatEye
09405,CatEye
09406,DogFace
09407,DogEye
09408,CatNose
09409,CatNose
09410,DogEye
09411,DogMouth
09412,DogFace
09413,CatEye
09414,CatEye
09415,DogNose
09416,DogEye
09417,DogEye
09418,CatFace
09419,DogFace
09420,DogFace
09421,CatNose
09422,DogEye
09423,DogEye
09424,CatNose
09425,DogMouth
09426,DogFace
09427,DogEye
09428,CatFace
09429,CatEye
09430,CatEye
09431,CatEye
09432,DogEye
09433,DogEye
09434,CatFace
09435,DogNose
09436,DogEye
09437,CatNose
09438,CatEye
09439,CatEye
09440,CatEye
09441,CatEye
09442,CatNose
09443,CatEye
09444,CatEye
09445,CatMouth
09446,CatEye
09447,CatNose
09448,CatMouth
09449,DogEye
09450,DogEye
09451,CatEye
09452,CatEye
09453,CatNose
09454,DogFace
09455,CatEye
09456,CatMouth
09457,CatEye
09458,CatEye
09459,DogEye
09460,DogFace
09461,CatMouth
09462,CatEye
09463,DogMouth
09464,CatEye
09465,DogEye
09466,DogNose
09467,CatNose
09468,CatEye
09469,DogNose
09470,DogEye
09471,CatEye
09472,CatFace
09473,DogMouth
09474,CatEye
09475,CatEye
09476,CatMouth
09477,CatFace
09478,CatNose
09479,DogMouth
09480,DogEye
09481,CatNose
09482,CatNose
09483,CatNose
09484,DogNose
09485,CatMouth
09486,DogMouth
09487,CatEye
09488,DogFace
09489,CatMouth
09490,DogNose
09491,DogMouth
09492,CatEye
09493,DogEye
09494,CatNose
09495,CatFace
09496,CatFace
09497,CatNose
09498,CatNose
09499,DogMouth
09500,DogMouth
09501,CatMouth
09502,CatNose
09503,DogFace
09504,CatEye
09505,DogMouth
09506,DogEye
09507,DogNose
09508,CatEye
09509,CatEye
09510,CatEye
09511,DogMouth
09512,DogFace
09513,CatFace
09514,DogMouth
09515,CatNose
09516,CatNose
09517,DogNose
09518,DogEye
09519,DogMouth
09520,DogNose
09521,CatEye
09522,CatEye
09523,DogMouth
09524,DogEye
09525,CatEye
09526,CatEye
09527,CatMouth
09528,DogNose
09529,CatFace
09530,CatFace
09531,CatEye
09532,DogEye
09533,DogEye
09534,CatFace
09535,CatNose
09536,DogFace
09537,CatFace
09538,DogEye
09539,DogEye
09540,DogFace
09541,DogMouth
09542,CatFace
09543,DogEye
09544,DogFace
09545,DogMouth
09546,CatFace
09547,CatEye
09548,CatEye
09549,DogMouth
09550,DogFace
09551,CatEye
09552,CatEye
09553,CatFace
09554,DogMouth
09555,DogFace
09556,DogEye
09557,CatEye
09558,CatMouth
09559,CatFace
09560,CatMouth
09561,DogEye
09562,CatEye
09563,CatEye
09564,DogEye
09565,CatNose
09566,DogEye
09567,CatEye
09568,CatFace
09569,DogFace
09570,DogFace
09571,CatMouth
09572,CatNose
09573,CatMouth
09574,DogEye
09575,CatEye
09576,CatEye
09577,CatEye
09578,CatEye
09579,DogMouth
09580,CatMouth
09581,CatFace
09582,DogFace
09583,DogMouth
09584,CatFace
09585,CatFace
09586,CatFace
09587,CatEye
09588,DogFace
09589,CatEye
09590,CatNose
09591,CatNose
09592,CatNose
09593,DogEye
09594,CatNose
09595,CatEye
09596,DogMouth
09597,CatNose
09598,CatMouth
09599,DogEye
09600,CatFace
09601,DogFace
09602,DogFace
09603,CatFace
09604,CatMouth
09605,DogMouth
09606,CatEye
09607,DogFace
09608,DogMouth
09609,DogMouth
09610,CatEye
09611,CatFace
09612,CatEye
09613,CatEye
09614,DogMouth
09615,CatEye
09616,DogFace
09617,CatEye
09618,CatFace
09619,CatNose
09620,DogMouth
09621,DogNose
09622,DogFace
09623,CatFace
09624,CatNose
09625,CatEye
09626,CatEye
09627,DogMouth
09628,DogMouth
09629,CatFace
09630,CatEye
09631,DogEye
09632,CatEye
09633,CatEye
09634,CatFace
09635,DogFace
09636,CatEye
09637,CatNose
09638,DogEye
09639,CatMouth
09640,DogFace
09641,DogEye
09642,DogMouth
09643,CatEye
09644,CatEye
09645,CatEye
09646,CatEye
09647,CatFace
09648,DogFace
09649,DogFace
09650,DogNose
09651,CatEye
09652,DogEye
09653,CatFace
09654,CatFace
09655,CatFace
09656,CatEye
09657,DogNose
09658,CatFace
09659,CatMouth
09660,DogEye
09661,DogMouth
09662,CatEye
09663,CatFace
09664,CatNose
09665,CatEye
09666,DogEye
09667,DogEye
09668,DogMouth
09669,DogMouth
09670,DogFace
09671,CatMouth
09672,DogNose
09673,CatMouth
09674,DogEye
09675,DogEye
09676,CatNose
09677,CatNose
09678,CatEye
09679,CatEye
09680,CatFace
09681,DogFace
09682,DogEye
09683,CatMouth
09684,CatEye
09685,DogFace
09686,DogEye
09687,CatMouth
09688,CatMouth
09689,CatEye
09690,DogMouth
09691,CatFace
09692,CatEye
09693,CatFace
09694,DogEye
09695,CatFace
09696,CatMouth
09697,CatNose
09698,CatEye
09699,CatMouth
09700,CatEye
09701,CatEye
09702,CatEye
09703,DogEye
09704,CatEye
09705,DogNose
09706,CatFace
09707,CatNose
09708,DogNose
09709,CatEye
09710,DogFace
09711,CatEye
09712,CatFace
09713,DogMouth
09714,CatMouth
09715,CatEye
09716,DogMouth
09717,DogEye
09718,DogEye
09719,DogNose
09720,DogEye
09721,CatFace
09722,CatEye
09723,CatFace
09724,DogEye
09725,CatNose
09726,CatNose
09727,DogEye
09728,CatMouth
09729,CatEye
09730,CatMouth
09731,DogFace
09732,DogNose
09733,DogEye
09734,CatNose
09735,CatMouth
09736,DogEye
09737,CatMouth
09738,DogEye
09739,CatMouth
09740,CatMouth
09741,DogEye
09742,CatNose
09743,DogMouth
09744,CatNose
09745,CatEye
09746,CatMouth
09747,CatEye
09748,DogEye
09749,DogNose
09750,DogNose
09751,CatMouth
09752,CatEye
09753,CatFace
09754,CatFace
09755,DogNose
09756,CatFace
09757,DogEye
09758,DogFace
09759,DogMouth
09760,DogEye
09761,CatFace
09762,DogMouth
09763,CatFace
09764,CatEye
09765,DogFace
09766,DogEye
09767,CatMouth
09768,DogEye
09769,CatEye
09770,DogMouth
09771,CatNose
09772,CatEye
09773,DogNose
09774,DogEye
09775,CatMouth
09776,CatFace
09777,DogFace
09778,DogEye
09779,DogNose
09780,CatNose
09781,DogFace
09782,CatEye
09783,DogNose
09784,CatNose
09785,DogEye
09786,CatNose
09787,DogFace
09788,CatMouth
09789,CatNose
09790,DogEye
09791,DogMouth
09792,CatMouth
09793,CatEye
09794,CatMouth
09795,DogMouth
09796,CatMouth
09797,CatFace
09798,DogNose
09799,CatFace
09800,DogMouth
09801,DogNose
09802,CatMouth
09803,DogNose
09804,DogNose
09805,DogMouth
09806,CatNose
09807,DogMouth
09808,CatNose
09809,CatEye
09810,CatNose
09811,CatNose
09812,CatMouth
09813,CatEye
09814,DogEye
09815,CatMouth
09816,DogFace
09817,CatEye
09818,CatMouth
09819,DogFace
09820,CatFace
09821,CatNose
09822,DogFace
09823,CatEye
09824,DogNose
09825,DogNose
09826,CatEye
09827,DogEye
09828,DogNose
09829,CatEye
09830,CatFace
09831,CatEye
09832,DogEye
09833,DogEye
09834,CatFace
09835,DogFace
09836,CatEye
09837,CatNose
09838,DogMouth
09839,DogFace
09840,CatEye
09841,CatEye
09842,DogMouth
09843,CatEye
09844,DogFace
09845,DogFace
09846,CatNose
09847,DogEye
09848,DogEye
09849,CatEye
09850,DogEye
09851,CatMouth
09852,DogNose
09853,DogFace
09854,DogNose
09855,CatEye
09856,DogEye
09857,CatFace
09858,DogEye
09859,DogNose
09860,CatMouth
09861,CatNose
09862,DogEye
09863,DogMouth
09864,CatMouth
09865,CatEye
09866,DogNose
09867,CatEye
09868,DogFace
09869,DogFace
09870,CatNose
09871,CatEye
09872,DogFace
09873,DogMouth
09874,CatNose
09875,DogEye
09876,CatEye
09877,CatMouth
09878,CatEye
09879,CatMouth
09880,CatFace
09881,DogEye
09882,CatEye
09883,CatMouth
09884,DogFace
09885,DogNose
09886,DogMouth
09887,CatEye
09888,DogFace
09889,DogNose
09890,CatNose
09891,DogFace
09892,CatMouth
09893,CatNose
09894,DogFace
09895,CatNose
09896,CatEye
09897,CatMouth
09898,CatMouth
09899,CatEye
09900,CatNose
09901,DogFace
09902,DogMouth
09903,DogFace
09904,CatFace
09905,DogEye
09906,CatFace
09907,DogEye
09908,DogNose
09909,DogEye
09910,DogFace
09911,CatNose
09912,CatMouth
09913,CatEye
09914,CatEye
09915,DogNose
09916,DogMouth
09917,CatMouth
09918,CatNose
09919,CatNose
09920,CatEye
09921,DogMouth
09922,DogNose
09923,CatNose
09924,CatNose
09925,DogNose
09926,CatFace
09927,CatEye
09928,DogEye
09929,DogNose
09930,DogEye
09931,CatMouth
09932,CatFace
09933,DogEye
09934,DogEye
09935,CatEye
09936,CatEye
09937,CatNose
09938,CatFace
09939,CatEye
09940,CatEye
09941,CatFace
09942,CatEye
09943,CatEye
09944,DogMouth
09945,DogEye
09946,CatEye
09947,DogFace
09948,CatNose
09949,DogNose
09950,CatEye
09951,DogNose
09952,CatFace
09953,DogEye
09954,CatNose
09955,DogFace
09956,DogEye
09957,DogMouth
09958,CatMouth
09959,CatMouth
09960,CatMouth
09961,CatMouth
09962,CatMouth
09963,CatEye
09964,CatNose
09965,CatFace
09966,CatFace
09967,CatMouth
09968,DogFace
09969,CatFace
09970,CatEye
09971,CatEye
09972,CatEye
09973,DogEye
09974,CatEye
09975,DogMouth
09976,DogFace
09977,DogEye
09978,CatFace
09979,CatEye
09980,DogMouth
09981,DogNose
09982,DogFace
09983,CatNose
09984,CatNose
09985,DogEye
09986,DogEye
09987,CatNose
09988,CatFace
09989,CatNose
09990,CatFace
09991,DogMouth
09992,DogFace
09993,CatFace
09994,DogEye
09995,DogFace
09996,CatMouth
09997,DogNose
09998,CatNose
09999,CatNose
10000,CatEye
10001,CatEye
10002,CatNose
10003,CatEye
10004,CatFace
10005,DogEye
10006,DogMouth
10007,DogMouth
10008,DogNose
10009,CatMouth
10010,CatMouth
10011,CatMouth
10012,CatMouth
10013,CatMouth
10014,CatFace
10015,CatEye
10016,DogNose
10017,DogNose
10018,CatEye
10019,CatFace
10020,DogMouth
10021,CatFace
10022,CatEye
10023,DogMouth
10024,CatFace
10025,CatMouth
10026,DogMouth
10027,CatFace
10028,CatEye
10029,CatEye
10030,CatEye
10031,CatEye
10032,CatMouth
10033,DogNose
10034,CatEye
10035,DogNose
10036,CatFace
10037,CatEye
10038,CatEye
10039,CatMouth
10040,CatNose
10041,DogMouth
10042,DogMouth
10043,CatMouth
10044,CatEye
10045,DogEye
10046,CatEye
10047,DogEye
10048,DogEye
10049,CatEye
10050,DogNose
10051,CatEye
10052,DogEye
10053,DogEye
10054,CatMouth
10055,DogMouth
10056,CatFace
10057,CatEye
10058,CatEye
10059,CatMouth
10060,CatNose
10061,DogFace
10062,CatNose
10063,CatEye
10064,DogFace
10065,CatMouth
10066,DogEye
10067,DogNose
10068,CatNose
10069,CatMouth
10070,CatMouth
10071,CatNose
10072,DogNose
10073,CatMouth
10074,CatEye
10075,CatEye
10076,DogEye
10077,CatNose
10078,CatMouth
10079,DogFace
10080,DogNose
10081,DogEye
10082,DogNose
10083,CatEye
10084,DogEye
10085,CatMouth
10086,CatFace
10087,DogEye
10088,DogMouth
10089,CatEye
10090,CatFace
10091,CatNose
10092,CatNose
10093,DogNose
10094,DogNose
10095,CatMouth
10096,CatEye
10097,CatNose
10098,DogMouth
10099,CatEye
10100,DogNose
10101,CatEye
10102,CatFace
10103,DogEye
10104,DogEye
10105,CatEye
10106,CatNose
10107,DogMouth
10108,DogNose
10109,DogFace
10110,DogEye
10111,DogEye
10112,DogNose
10113,CatEye
10114,CatEye
10115,CatEye
10116,CatEye
10117,DogNose
10118,CatEye
10119,CatMouth
10120,DogEye
10121,DogEye
10122,DogNose
10123,CatFace
10124,CatNose
10125,DogFace
10126,DogFace
10127,CatEye
10128,CatMouth
10129,CatNose
10130,DogEye
10131,CatEye
10132,CatFace
10133,DogFace
10134,CatEye
10135,CatMouth
10136,CatFace
10137,CatEye
10138,CatNose
10139,DogNose
10140,CatMouth
10141,DogNose
10142,CatEye
10143,CatNose
10144,DogMouth
10145,DogEye
10146,DogEye
10147,DogEye
10148,CatEye
10149,DogEye
10150,DogNose
10151,CatEye
10152,DogEye
10153,DogEye
10154,DogEye
10155,DogFace
10156,DogEye
10157,DogEye
10158,CatMouth
10159,DogFace
10160,DogFace
10161,DogMouth
10162,CatFace
10163,DogNose
10164,DogNose
10165,CatMouth
10166,CatFace
10167,CatEye
10168,CatNose
10169,DogNose
10170,DogMouth
10171,DogMouth
10172,DogNose
10173,CatFace
10174,CatEye
10175,DogEye
10176,DogFace
10177,CatEye
10178,DogEye
10179,CatFace
10180,CatEye
10181,DogEye
10182,CatFace
10183,DogEye
10184,CatEye
10185,DogMouth
10186,CatEye
10187,CatEye
10188,CatNose
10189,CatEye
10190,CatNose
10191,CatEye
10192,CatEye
10193,CatEye
10194,CatEye
10195,CatEye
10196,CatFace
10197,CatEye
10198,CatNose
10199,CatMouth
10200,DogMouth
10201,DogEye
10202,CatMouth
10203,DogFace
10204,DogMouth
10205,DogNose
10206,DogMouth
10207,CatEye
10208,CatMouth
10209,DogEye
10210,CatEye
10211,CatMouth
10212,DogEye
10213,DogMouth
10214,CatEye
10215,CatEye
10216,DogEye
10217,DogEye
10218,CatEye
10219,DogNose
10220,CatEye
10221,CatEye
10222,CatNose
10223,DogEye
10224,DogMouth
10225,CatEye
10226,CatEye
10227,DogMouth
10228,DogMouth
10229,DogEye
10230,DogEye
10231,DogFace
10232,CatEye
10233,CatEye
10234,CatFace
10235,DogFace
10236,CatFace
10237,DogMouth
10238,DogEye
10239,DogNose
10240,CatEye
10241,CatEye
10242,DogEye
10243,CatNose
10244,CatEye
10245,DogNose
10246,CatMouth
10247,CatMouth
10248,CatNose
10249,DogEye
10250,DogEye
10251,CatEye
10252,CatNose
10253,DogFace
10254,CatFace
10255,CatMouth
10256,DogFace
10257,DogNose
10258,CatFace
10259,CatMouth
10260,DogFace
10261,DogMouth
10262,DogMouth
10263,DogMouth
10264,DogFace
10265,CatEye
10266,CatEye
10267,CatMouth
10268,CatEye
10269,CatFace
10270,CatEye
10271,DogNose
10272,DogMouth
10273,CatMouth
10274,DogMouth
10275,DogEye
10276,CatMouth
10277,DogFace
10278,DogEye
10279,CatFace
10280,DogFace
10281,CatFace
10282,CatFace
10283,CatEye
10284,DogFace
10285,CatFace
10286,CatFace
10287,DogMouth
10288,CatEye
10289,DogNose
10290,CatFace
10291,DogEye
10292,DogEye
10293,DogEye
10294,DogFace
10295,CatNose
10296,CatNose
10297,DogEye
10298,CatEye
10299,DogEye
10300,CatEye
10301,DogMouth
10302,CatEye
10303,CatEye
10304,CatEye
10305,DogEye
10306,CatNose
10307,CatMouth
10308,CatEye
10309,DogEye
10310,CatEye
10311,DogNose
10312,DogFace
10313,DogMouth
10314,DogEye
10315,CatNose
10316,CatNose
10317,CatEye
10318,DogFace
10319,CatMouth
10320,DogFace
10321,DogEye
10322,CatNose
10323,CatNose
10324,CatEye
10325,CatFace
10326,CatEye
10327,CatEye
10328,CatFace
10329,CatEye
10330,DogFace
10331,DogEye
10332,DogFace
10333,CatFace
10334,CatMouth
10335,DogEye
10336,CatEye
10337,CatEye
10338,DogMouth
10339,CatEye
10340,CatNose
10341,DogFace
10342,CatEye
10343,DogMouth
10344,CatNose
10345,CatMouth
10346,CatMouth
10347,CatMouth
10348,CatNose
10349,DogMouth
10350,DogNose
10351,CatNose
10352,CatEye
10353,CatNose
10354,CatMouth
10355,CatEye
10356,DogNose
10357,DogFace
10358,DogMouth
10359,DogEye
10360,CatNose
10361,CatFace
10362,DogMouth
10363,CatEye
10364,CatEye
10365,CatFace
10366,CatEye
10367,CatMouth
10368,DogEye
10369,DogNose
10370,CatFace
10371,DogNose
10372,CatEye
10373,CatFace
10374,CatMouth
10375,CatEye
10376,CatEye
10377,DogEye
10378,CatFace
10379,CatEye
10380,CatEye
10381,CatNose
10382,CatNose
10383,CatFace
10384,DogNose
10385,CatEye
10386,DogEye
10387,CatEye
10388,CatEye
10389,CatFace
10390,CatFace
10391,CatEye
10392,DogMouth
10393,DogMouth
10394,DogEye
10395,CatMouth
10396,DogFace
10397,DogNose
10398,CatEye
10399,CatEye
10400,DogMouth
10401,DogMouth
10402,DogEye
10403,CatMouth
10404,CatNose
10405,CatEye
10406,DogFace
10407,DogEye
10408,DogNose
10409,DogFace
10410,CatFace
10411,CatFace
10412,DogEye
10413,CatFace
10414,CatFace
10415,DogEye
10416,CatEye
10417,CatFace
10418,CatFace
10419,CatNose
10420,CatMouth
10421,CatFace
10422,DogNose
10423,DogEye
10424,CatEye
10425,CatEye
10426,DogNose
10427,CatFace
10428,CatFace
10429,DogNose
10430,CatFace
10431,DogNose
10432,CatMouth
10433,CatEye
10434,DogNose
10435,CatEye
10436,DogFace
10437,CatMouth
10438,CatEye
10439,CatMouth
10440,CatFace
10441,CatFace
10442,DogMouth
10443,DogEye
10444,DogFace
10445,CatFace
10446,DogNose
10447,DogEye
10448,DogEye
10449,CatEye
10450,DogNose
10451,CatMouth
10452,CatNose
10453,DogFace
10454,DogEye
10455,CatMouth
10456,DogEye
10457,CatEye
10458,DogFace
10459,CatEye
10460,CatMouth
10461,CatEye
10462,CatFace
10463,DogFace
10464,DogEye
10465,DogEye
10466,DogNose
10467,CatNose
10468,DogFace
10469,DogEye
10470,DogEye
10471,CatFace
10472,CatMouth
10473,DogEye
10474,CatFace
10475,CatEye
10476,DogEye
10477,DogNose
10478,CatMouth
10479,CatFace
10480,CatEye
10481,DogFace
10482,DogFace
10483,DogMouth
10484,CatNose
10485,DogEye
10486,DogNose
10487,CatFace
10488,CatNose
10489,CatNose
10490,CatNose
10491,CatNose
10492,DogEye
10493,CatMouth
10494,DogFace
10495,DogMouth
10496,CatMouth
10497,DogEye
10498,DogMouth
10499,DogNose
10500,CatEye
10501,CatNose
10502,CatFace
10503,CatNose
10504,DogFace
10505,CatMouth
10506,DogFace
10507,CatEye
10508,CatEye
10509,CatMouth
10510,DogMouth
10511,CatFace
10512,DogFace
10513,DogMouth
10514,CatMouth
10515,DogMouth
10516,DogNose
10517,CatMouth
10518,CatEye
10519,CatEye
10520,CatFace
10521,CatMouth
10522,CatFace
10523,CatNose
10524,DogNose
10525,CatMouth
10526,CatNose
10527,DogFace
10528,CatEye
10529,CatNose
10530,DogFace
10531,DogMouth
10532,CatFace
10533,DogNose
10534,DogNose
10535,CatFace
10536,CatEye
10537,DogFace
10538,CatEye
10539,DogFace
10540,CatNose
10541,CatFace
10542,CatEye
10543,CatFace
10544,CatEye
10545,DogNose
10546,DogEye
10547,DogEye
10548,DogMouth
10549,CatNose
10550,CatMouth
10551,DogEye
10552,CatNose
10553,CatNose
10554,CatEye
10555,DogFace
10556,CatEye
10557,DogEye
10558,CatEye
10559,DogEye
10560,DogMouth
10561,DogNose
10562,DogEye
10563,CatNose
10564,CatFace
10565,CatNose
10566,DogNose
10567,CatMouth
10568,CatFace
10569,CatFace
10570,CatFace
10571,CatEye
10572,DogFace
10573,DogEye
10574,CatNose
10575,DogNose
10576,CatFace
10577,DogFace
10578,CatMouth
10579,DogEye
10580,CatFace
10581,DogMouth
10582,DogNose
10583,CatMouth
10584,CatEye
10585,DogNose
10586,CatMouth
10587,CatMouth
10588,DogNose
10589,CatNose
10590,CatMouth
10591,CatEye
10592,DogNose
10593,DogFace
10594,CatNose
10595,DogEye
10596,DogFace
10597,CatNose
10598,CatEye
10599,DogNose
10600,DogNose
10601,DogEye
10602,DogFace
10603,DogNose
10604,CatEye
10605,DogFace
10606,DogMouth
10607,CatFace
10608,CatEye
10609,CatEye
10610,DogEye
10611,DogNose
10612,CatNose
10613,CatFace
10614,CatEye
10615,CatMouth
10616,DogEye
10617,DogMouth
10618,CatNose
10619,DogEye
10620,DogNose
10621,DogEye
10622,DogEye
10623,CatNose
10624,CatEye
10625,DogMouth
10626,CatEye
10627,DogFace
10628,CatEye
10629,DogNose
10630,CatMouth
10631,CatEye
10632,CatNose
10633,DogEye
10634,DogEye
10635,CatFace
10636,DogEye
10637,CatFace
10638,DogMouth
10639,DogEye
10640,CatNose
10641,CatEye
10642,CatEye
10643,CatEye
10644,CatEye
10645,CatNose
10646,CatEye
10647,DogEye
10648,CatEye
10649,CatFace
10650,DogMouth
10651,CatNose
10652,DogEye
10653,CatFace
10654,CatNose
10655,DogEye
10656,CatFace
10657,CatFace
10658,CatFace
10659,DogNose
10660,DogMouth
10661,DogEye
10662,DogEye
10663,DogEye
10664,CatEye
10665,CatNose
10666,DogMouth
10667,CatFace
10668,CatEye
10669,DogEye
10670,CatEye
10671,CatEye
10672,CatMouth
10673,CatFace
10674,DogMouth
10675,CatEye
10676,DogFace
10677,DogMouth
10678,DogEye
10679,DogEye
10680,DogMouth
10681,CatEye
10682,CatEye
10683,CatFace
10684,DogEye
10685,CatNose
10686,DogEye
10687,CatEye
10688,DogEye
10689,DogMouth
10690,DogMouth
10691,DogMouth
10692,CatMouth
10693,CatEye
10694,DogEye
10695,CatNose
10696,CatEye
10697,CatFace
10698,CatFace
10699,DogEye
10700,CatNose
10701,CatEye
10702,DogMouth
10703,DogMouth
10704,CatMouth
10705,CatNose
10706,DogEye
10707,DogEye
10708,DogNose
10709,DogEye
10710,CatNose
10711,CatEye
10712,DogEye
10713,CatMouth
10714,CatNose
10715,CatNose
10716,CatMouth
10717,CatEye
10718,DogEye
10719,DogFace
10720,CatMouth
10721,DogEye
10722,CatEye
10723,CatEye
10724,DogMouth
10725,DogMouth
10726,CatMouth
10727,CatMouth
10728,DogMouth
10729,CatMouth
10730,DogNose
10731,CatNose
10732,DogEye
10733,CatMouth
10734,CatMouth
10735,CatMouth
10736,CatMouth
10737,DogFace
10738,CatEye
10739,CatMouth
10740,DogEye
10741,CatNose
10742,DogMouth
10743,CatNose
10744,DogEye
10745,CatNose
10746,CatEye
10747,DogMouth
10748,CatNose
10749,CatNose
10750,DogEye
10751,DogMouth
10752,CatMouth
10753,DogNose
10754,DogNose
10755,DogFace
10756,DogEye
10757,CatNose
10758,CatNose
10759,DogFace
10760,DogEye
10761,CatEye
10762,CatEye
10763,CatEye
10764,CatEye
10765,CatMouth
10766,DogEye
10767,DogNose
10768,DogFace
10769,CatNose
10770,CatEye
10771,CatFace
10772,DogMouth
10773,DogMouth
10774,CatFace
10775,CatMouth
10776,DogNose
10777,CatEye
10778,DogMouth
10779,CatEye
10780,CatEye
10781,DogFace
10782,DogEye
10783,DogNose
10784,DogEye
10785,CatNose
10786,DogFace
10787,DogEye
10788,CatEye
10789,CatEye
10790,CatEye
10791,CatFace
10792,CatEye
10793,DogNose
10794,CatEye
10795,DogFace
10796,CatNose
10797,CatEye
10798,CatFace
10799,DogMouth
10800,DogEye
10801,CatMouth
10802,CatFace
10803,DogEye
10804,DogEye
10805,CatEye
10806,CatMouth
10807,DogFace
10808,DogEye
10809,CatEye
10810,DogFace
10811,CatMouth
10812,CatMouth
10813,DogEye
10814,DogEye
10815,DogEye
10816,CatMouth
10817,CatEye
10818,DogNose
10819,DogNose
10820,CatEye
10821,DogFace
10822,DogNose
10823,CatEye
10824,CatFace
10825,DogEye
10826,CatMouth
10827,CatFace
10828,DogMouth
10829,DogMouth
10830,DogNose
10831,CatNose
10832,CatFace
10833,DogNose
10834,CatMouth
10835,CatEye
10836,CatEye
10837,CatEye
10838,CatMouth
10839,DogFace
10840,DogEye
10841,CatEye
10842,DogEye
10843,DogFace
10844,DogMouth
10845,CatFace
10846,DogNose
10847,CatEye
10848,DogNose
10849,DogNose
10850,CatNose
10851,CatMouth
10852,DogEye
10853,CatMouth
10854,DogNose
10855,CatEye
10856,CatMouth
10857,DogNose
10858,CatFace
10859,DogEye
10860,DogEye
10861,DogFace
10862,DogFace
10863,CatMouth
10864,DogEye
10865,CatFace
10866,CatNose
10867,DogEye
10868,DogFace
10869,DogEye
10870,DogFace
10871,DogEye
10872,DogMouth
10873,DogNose
10874,CatFace
10875,DogEye
10876,CatNose
10877,CatEye
10878,DogNose
10879,CatFace
10880,CatNose
10881,DogEye
10882,DogEye
10883,DogNose
10884,DogMouth
10885,DogEye
10886,DogNose
10887,CatNose
10888,CatNose
10889,CatFace
10890,CatMouth
10891,DogFace
10892,DogNose
10893,CatFace
10894,CatEye
10895,CatEye
10896,CatEye
10897,CatNose
10898,DogNose
10899,CatFace
10900,DogEye
10901,CatEye
10902,DogEye
10903,DogEye
10904,DogNose
10905,CatMouth
10906,DogEye
10907,DogEye
10908,CatNose
10909,DogEye
10910,CatEye
10911,DogNose
10912,DogNose
10913,DogNose
10914,DogEye
10915,DogMouth
10916,DogFace
10917,DogEye
10918,CatFace
10919,DogNose
10920,CatFace
10921,CatMouth
10922,CatFace
10923,DogEye
10924,DogNose
10925,DogMouth
10926,CatEye
10927,CatEye
10928,DogEye
10929,CatFace
10930,DogNose
10931,DogNose
10932,CatEye
10933,CatNose
10934,DogNose
10935,DogEye
10936,DogFace
10937,CatMouth
10938,CatFace
10939,CatFace
10940,CatMouth
10941,DogNose
10942,CatNose
10943,CatMouth
10944,CatMouth
10945,DogFace
10946,CatEye
10947,DogNose
10948,CatNose
10949,DogNose
10950,DogEye
10951,CatFace
10952,CatMouth
10953,CatEye
10954,CatFace
10955,CatNose
10956,DogEye
10957,CatMouth
10958,DogNose
10959,CatFace
10960,CatEye
10961,DogMouth
10962,CatNose
10963,CatEye
10964,DogMouth
10965,CatNose
10966,DogEye
10967,DogEye
10968,CatFace
10969,CatNose
10970,DogMouth
10971,DogEye
10972,DogNose
10973,DogNose
10974,DogMouth
10975,DogEye
10976,CatEye
10977,DogEye
10978,CatNose
10979,DogFace
10980,CatFace
10981,CatMouth
10982,DogFace
10983,DogFace
10984,CatNose
10985,DogFace
10986,DogEye
10987,CatEye
10988,CatNose
10989,CatFace
10990,CatNose
10991,CatEye
10992,CatMouth
10993,CatEye
10994,DogNose
10995,DogFace
10996,CatFace
10997,CatMouth
10998,DogEye
10999,CatFace
11000,DogFace
11001,CatEye
11002,DogEye
11003,CatFace
11004,DogMouth
11005,CatEye
11006,CatNose
11007,CatEye
11008,DogFace
11009,DogEye
11010,DogEye
11011,DogFace
11012,CatEye
11013,DogNose
11014,DogEye
11015,CatEye
11016,CatFace
11017,CatEye
11018,DogEye
11019,DogNose
11020,DogEye
11021,DogEye
11022,CatMouth
11023,DogFace
11024,CatEye
11025,DogMouth
11026,CatMouth
11027,CatMouth
11028,CatEye
11029,DogEye
11030,CatMouth
11031,DogNose
11032,CatMouth
11033,DogEye
11034,DogNose
11035,CatEye
11036,DogNose
11037,CatMouth
11038,DogNose
11039,DogNose
11040,CatFace
11041,CatEye
11042,DogEye
11043,DogEye
11044,DogMouth
11045,DogEye
11046,CatNose
11047,CatNose
11048,CatEye
11049,DogEye
11050,CatMouth
11051,CatNose
11052,DogEye
11053,DogMouth
11054,DogNose
11055,DogMouth
11056,CatEye
11057,DogEye
11058,CatMouth
11059,CatFace
11060,CatNose
11061,CatNose
11062,CatMouth
11063,DogEye
11064,CatNose
11065,CatFace
11066,DogFace
11067,DogEye
11068,CatMouth
11069,DogMouth
11070,DogEye
11071,DogEye
11072,DogEye
11073,DogFace
11074,CatEye
11075,CatMouth
11076,DogFace
11077,DogNose
11078,DogNose
11079,DogMouth
11080,CatFace
11081,CatFace
11082,DogEye
11083,DogEye
11084,CatFace
11085,DogEye
11086,CatNose
11087,CatEye
11088,DogMouth
11089,CatNose
11090,CatFace
11091,DogEye
11092,DogEye
11093,DogEye
11094,CatEye
11095,DogMouth
11096,DogNose
11097,CatNose
11098,DogMouth
11099,DogNose
11100,CatEye
11101,CatNose
11102,CatEye
11103,DogFace
11104,CatNose
11105,DogFace
11106,DogEye
11107,CatMouth
11108,CatMouth
11109,DogEye
11110,CatFace
11111,CatMouth
11112,CatEye
11113,DogEye
11114,DogNose
11115,DogMouth
11116,CatMouth
11117,DogMouth
11118,DogEye
11119,DogEye
11120,CatNose
11121,CatEye
11122,DogEye
11123,DogMouth
11124,CatEye
11125,DogEye
11126,CatFace
11127,DogNose
11128,CatMouth
11129,DogEye
11130,CatFace
11131,DogMouth
11132,DogEye
11133,CatEye
11134,CatMouth
11135,CatEye
11136,DogEye
11137,DogEye
11138,CatNose
11139,CatNose
11140,CatEye
11141,CatEye
11142,CatMouth
11143,DogEye
11144,DogMouth
11145,CatEye
11146,DogNose
11147,CatFace
11148,CatEye
11149,CatEye
11150,CatNose
11151,CatEye
11152,CatFace
11153,DogEye
11154,DogMouth
11155,DogNose
11156,CatFace
11157,CatFace
11158,CatFace
11159,DogFace
11160,DogEye
11161,DogFace
11162,CatEye
11163,DogMouth
11164,CatNose
11165,CatEye
11166,CatEye
11167,DogEye
11168,DogEye
11169,DogEye
11170,CatNose
11171,CatMouth
11172,CatEye
11173,DogEye
11174,CatNose
11175,CatEye
11176,CatNose
11177,DogMouth
11178,DogEye
11179,CatMouth
11180,DogNose
11181,CatMouth
11182,DogFace
11183,CatMouth
11184,CatFace
11185,CatMouth
11186,CatFace
11187,CatMouth
11188,DogMouth
11189,DogEye
11190,CatEye
11191,DogNose
11192,CatMouth
11193,CatFace
11194,CatNose
11195,DogEye
11196,DogEye
11197,DogNose
11198,CatEye
11199,CatEye
11200,DogNose
11201,DogNose
11202,CatEye
11203,DogFace
11204,CatFace
11205,CatMouth
11206,CatEye
11207,DogEye
11208,DogFace
11209,DogFace
11210,DogMouth
11211,CatFace
11212,CatEye
11213,DogEye
11214,DogEye
11215,DogMouth
11216,CatFace
11217,DogEye
11218,DogFace
11219,CatMouth
11220,CatNose
11221,DogEye
11222,DogEye
11223,CatEye
11224,DogMouth
11225,DogNose
11226,CatEye
11227,CatNose
11228,CatNose
11229,CatNose
11230,DogFace
11231,CatFace
11232,DogNose
11233,DogFace
11234,DogEye
11235,CatMouth
11236,CatFace
11237,DogNose
11238,DogEye
11239,CatNose
11240,CatFace
11241,DogEye
11242,CatMouth
11243,DogEye
11244,DogEye
11245,DogNose
11246,CatMouth
11247,CatEye
11248,DogNose
11249,DogEye
11250,CatFace
11251,CatNose
11252,DogEye
11253,CatEye
11254,CatEye
11255,CatFace
11256,DogEye
11257,CatEye
11258,CatNose
11259,DogEye
11260,CatNose
11261,DogEye
11262,CatMouth
11263,CatEye
11264,CatMouth
11265,CatEye
11266,CatMouth
11267,CatEye
11268,DogEye
11269,CatFace
11270,DogNose
11271,DogEye
11272,DogEye
11273,CatNose
11274,CatFace
11275,CatNose
11276,DogEye
11277,CatFace
11278,CatEye
11279,CatNose
11280,DogNose
11281,CatMouth
11282,CatEye
11283,DogFace
11284,CatEye
11285,CatFace
11286,CatNose
11287,CatNose
11288,DogNose
11289,DogEye
11290,DogEye
11291,DogNose
11292,CatMouth
11293,CatEye
11294,CatEye
11295,DogEye
11296,DogNose
11297,DogMouth
11298,DogNose
11299,CatFace
11300,DogEye
11301,DogEye
11302,DogFace
11303,DogNose
11304,DogNose
11305,DogNose
11306,DogFace
11307,CatFace
11308,DogEye
11309,CatNose
11310,CatMouth
11311,CatMouth
11312,CatEye
11313,CatMouth
11314,DogEye
11315,DogNose
11316,CatNose
11317,CatNose
11318,CatFace
11319,DogEye
11320,CatNose
11321,DogMouth
11322,DogEye
11323,DogEye
11324,CatEye
11325,DogMouth
11326,CatFace
11327,DogFace
11328,DogEye
11329,CatMouth
11330,CatEye
11331,DogFace
11332,DogMouth
11333,CatFace
11334,CatFace
11335,DogFace
11336,CatEye
11337,CatEye
11338,DogMouth
11339,CatFace
11340,DogMouth
11341,DogEye
11342,CatEye
11343,DogEye
11344,CatFace
11345,CatNose
11346,CatEye
11347,DogMouth
11348,CatMouth
11349,CatMouth
11350,CatMouth
11351,CatEye
11352,DogEye
11353,CatEye
11354,CatFace
11355,CatEye
11356,CatNose
11357,CatEye
11358,CatEye
11359,CatEye
11360,DogEye
11361,DogNose
11362,CatEye
11363,DogMouth
11364,CatEye
11365,CatFace
11366,DogFace
11367,DogFace
11368,CatFace
11369,CatMouth
11370,DogNose
11371,CatMouth
11372,DogEye
11373,DogMouth
11374,DogEye
11375,DogEye
11376,CatNose
11377,CatEye
11378,CatEye
11379,CatFace
11380,DogFace
11381,CatNose
11382,CatNose
11383,CatFace
11384,DogEye
11385,CatNose
11386,DogNose
11387,CatEye
11388,CatMouth
11389,DogFace
11390,DogFace
11391,CatNose
11392,DogEye
11393,CatMouth
11394,CatMouth
11395,DogMouth
11396,DogNose
11397,CatMouth
11398,CatMouth
11399,DogMouth
11400,DogFace
11401,DogNose
11402,DogEye
11403,DogEye
11404,CatNose
11405,CatMouth
11406,CatEye
11407,CatEye
11408,CatFace
11409,DogEye
11410,CatEye
11411,DogEye
11412,CatEye
11413,DogMouth
11414,DogMouth
11415,CatMouth
11416,DogNose
11417,DogFace
11418,DogEye
11419,DogEye
11420,DogEye
11421,CatMouth
11422,CatEye
11423,CatNose
11424,CatFace
11425,CatEye
11426,DogFace
11427,CatEye
11428,CatMouth
11429,CatFace
11430,DogMouth
11431,DogEye
11432,DogFace
11433,DogEye
11434,CatNose
11435,DogEye
11436,CatNose
11437,DogMouth
11438,CatNose
11439,DogEye
11440,DogEye
11441,DogMouth
11442,CatFace
11443,DogMouth
11444,CatFace
11445,DogEye
11446,CatEye
11447,DogMouth
11448,DogEye
11449,CatNose
11450,DogMouth
11451,CatFace
11452,DogEye
11453,CatFace
11454,CatNose
11455,CatMouth
11456,CatNose
11457,CatMouth
11458,DogFace
11459,DogMouth
11460,DogEye
11461,CatMouth
11462,CatNose
11463,CatNose
11464,DogEye
11465,CatMouth
11466,DogEye
11467,CatEye
11468,DogMouth
11469,CatEye
11470,DogMouth
11471,DogNose
11472,CatEye
11473,CatFace
11474,DogFace
11475,CatFace
11476,DogEye
11477,DogEye
11478,DogEye
11479,DogMouth
11480,DogEye
11481,CatEye
11482,DogEye
11483,CatEye
11484,DogNose
11485,DogEye
11486,CatMouth
11487,CatNose
11488,CatNose
11489,CatNose
11490,DogNose
11491,DogEye
11492,DogNose
11493,DogEye
11494,DogNose
11495,CatEye
11496,CatFace
11497,CatEye
11498,DogMouth
11499,DogNose
11500,DogEye
11501,DogEye
11502,CatNose
11503,CatMouth
11504,DogMouth
11505,DogEye
11506,CatEye
11507,CatMouth
11508,DogEye
11509,CatNose
11510,DogMouth
11511,DogNose
11512,CatNose
11513,CatEye
11514,CatEye
11515,CatNose
11516,CatNose
11517,DogFace
11518,CatNose
11519,CatFace
11520,DogFace
11521,CatEye
11522,DogEye
11523,DogMouth
11524,CatMouth
11525,CatEye
11526,DogNose
11527,CatFace
11528,CatEye
11529,DogEye
11530,CatFace
11531,CatFace
11532,CatEye
11533,CatFace
11534,CatFace
11535,CatEye
11536,CatEye
11537,DogEye
11538,DogNose
11539,DogMouth
11540,DogFace
11541,DogNose
11542,CatEye
11543,CatEye
11544,CatEye
11545,CatFace
11546,DogEye
11547,DogEye
11548,CatEye
11549,DogEye
11550,DogEye
11551,CatFace
11552,CatEye
11553,DogFace
11554,CatMouth
11555,CatMouth
11556,CatEye
11557,CatEye
11558,CatMouth
11559,CatEye
11560,CatFace
11561,DogMouth
11562,DogEye
11563,DogMouth
11564,DogNose
11565,CatEye
11566,CatMouth
11567,CatFace
11568,CatEye
11569,DogEye
11570,DogFace
11571,DogMouth
11572,CatMouth
11573,DogNose
11574,DogEye
11575,DogEye
11576,DogNose
11577,DogEye
11578,DogEye
11579,DogFace
11580,CatEye
11581,CatEye
11582,DogNose
11583,CatFace
11584,CatFace
11585,CatNose
11586,CatMouth
11587,DogNose
11588,DogNose
11589,CatEye
11590,DogEye
11591,CatMouth
11592,CatMouth
11593,CatEye
11594,DogEye
11595,CatNose
11596,CatMouth
11597,DogEye
11598,CatMouth
11599,CatNose
11600,CatEye
11601,DogNose
11602,CatEye
11603,DogMouth
11604,CatEye
11605,CatEye
11606,DogFace
11607,CatFace
11608,CatFace
11609,DogEye
11610,DogNose
11611,CatFace
11612,CatEye
11613,DogMouth
11614,CatEye
11615,DogMouth
11616,CatNose
11617,CatMouth
11618,DogEye
11619,CatEye
11620,DogEye
11621,DogMouth
11622,DogMouth
11623,DogNose
11624,CatMouth
11625,CatEye
11626,DogFace
11627,DogFace
11628,CatEye
11629,CatNose
11630,CatEye
11631,CatFace
11632,DogEye
11633,DogEye
11634,CatMouth
11635,CatEye
11636,CatNose
11637,DogNose
11638,CatEye
11639,DogEye
11640,CatFace
11641,CatNose
11642,CatNose
11643,DogEye
11644,DogMouth
11645,DogMouth
11646,DogNose
11647,DogMouth
11648,DogMouth
11649,CatEye
11650,DogMouth
11651,DogNose
11652,CatNose
11653,CatMouth
11654,CatNose
11655,DogFace
11656,CatNose
11657,CatEye
11658,DogEye
11659,DogMouth
11660,DogEye
11661,CatEye
11662,CatEye
11663,CatMouth
11664,DogEye
11665,CatEye
11666,CatEye
11667,CatEye
11668,DogFace
11669,CatFace
11670,CatNose
11671,CatFace
11672,CatFace
11673,DogFace
11674,DogEye
11675,CatEye
11676,DogNose
11677,CatEye
11678,CatFace
11679,DogEye
11680,DogFace
11681,CatNose
11682,CatMouth
11683,DogMouth
11684,CatEye
11685,CatNose
11686,CatNose
11687,CatEye
11688,CatNose
11689,CatNose
11690,CatNose
11691,CatMouth
11692,CatMouth
11693,DogEye
11694,CatEye
11695,CatEye
11696,CatEye
11697,CatEye
11698,CatNose
11699,CatEye
11700,CatNose
11701,DogNose
11702,CatFace
11703,DogMouth
11704,DogEye
11705,CatFace
11706,DogEye
11707,CatEye
11708,DogNose
11709,DogMouth
11710,CatEye
11711,DogFace
11712,CatEye
11713,DogEye
11714,DogNose
11715,DogEye
11716,CatEye
11717,DogEye
11718,DogFace
11719,CatNose
11720,CatNose
11721,DogFace
11722,CatNose
11723,CatFace
11724,DogNose
11725,CatEye
11726,DogMouth
11727,DogNose
11728,DogNose
11729,DogEye
11730,DogMouth
11731,DogFace
11732,DogEye
11733,CatEye
11734,DogEye
11735,DogEye
11736,CatNose
11737,CatEye
11738,DogEye
11739,CatMouth
11740,CatFace
11741,DogEye
11742,DogNose
11743,CatEye
11744,CatFace
11745,DogEye
11746,DogEye
11747,CatNose
11748,CatEye
11749,DogNose
11750,CatEye
11751,CatFace
11752,CatMouth
11753,DogNose
11754,DogNose
11755,CatNose
11756,DogFace
11757,CatMouth
11758,CatNose
11759,DogEye
11760,CatNose
11761,DogEye
11762,CatMouth
11763,DogEye
11764,CatMouth
11765,DogEye
11766,CatEye
11767,CatEye
11768,DogEye
11769,DogNose
11770,CatMouth
11771,CatNose
11772,DogMouth
11773,DogMouth
11774,CatEye
11775,DogMouth
11776,DogEye
11777,CatNose
11778,CatMouth
11779,CatNose
11780,DogEye
11781,CatFace
11782,DogFace
11783,DogFace
11784,CatEye
11785,CatMouth
11786,DogNose
11787,CatEye
11788,CatEye
11789,DogNose
11790,CatMouth
11791,DogMouth
11792,CatEye
11793,CatNose
11794,CatEye
11795,CatNose
11796,DogNose
11797,DogEye
11798,CatNose
11799,CatFace
11800,CatEye
11801,DogNose
11802,CatNose
11803,CatEye
11804,CatMouth
11805,DogFace
11806,CatMouth
11807,CatFace
11808,CatMouth
11809,DogFace
11810,CatMouth
11811,CatFace
11812,DogFace
11813,DogFace
11814,CatFace
11815,CatMouth
11816,DogMouth
11817,CatEye
11818,CatEye
11819,DogNose
11820,CatEye
11821,CatNose
11822,DogMouth
11823,CatMouth
11824,CatEye
11825,DogMouth
11826,CatNose
11827,DogEye
11828,DogNose
11829,CatFace
11830,CatMouth
11831,CatEye
11832,DogNose
11833,CatNose
11834,CatNose
11835,CatMouth
11836,CatMouth
11837,CatMouth
11838,DogFace
11839,CatFace
11840,DogMouth
11841,CatFace
11842,DogNose
11843,CatEye
11844,CatMouth
11845,DogFace
11846,CatEye
11847,CatEye
11848,CatFace
11849,CatFace
11850,CatMouth
11851,DogFace
11852,CatEye
11853,DogEye
11854,DogNose
11855,CatNose
11856,CatEye
11857,DogMouth
11858,DogEye
11859,CatEye
11860,CatNose
11861,DogNose
11862,DogEye
11863,CatEye
11864,DogEye
11865,DogEye
11866,CatMouth
11867,CatNose
11868,DogEye
11869,DogMouth
11870,CatEye
11871,CatFace
11872,DogEye
11873,DogEye
11874,CatNose
11875,CatEye
11876,DogMouth
11877,CatMouth
11878,DogEye
11879,CatEye
11880,CatFace
11881,CatNose
11882,CatNose
11883,DogFace
11884,CatNose
11885,DogNose
11886,CatNose
11887,DogFace
11888,CatEye
11889,CatEye
11890,CatMouth
11891,CatEye
11892,DogEye
11893,CatFace
11894,CatNose
11895,CatNose
11896,DogMouth
11897,DogFace
11898,CatEye
11899,CatFace
11900,DogEye
11901,CatFace
11902,DogMouth
11903,DogEye
11904,CatEye
11905,DogEye
11906,DogNose
11907,CatMouth
11908,CatEye
11909,CatMouth
11910,CatMouth
11911,DogFace
11912,CatNose
11913,DogEye
11914,DogMouth
11915,DogMouth
11916,DogFace
11917,CatMouth
11918,CatFace
11919,CatEye
11920,CatMouth
11921,DogNose
11922,CatEye
11923,DogEye
11924,DogEye
11925,CatEye
11926,CatMouth
11927,CatNose
11928,CatNose
11929,CatFace
11930,CatEye
11931,DogMouth
11932,CatEye
11933,DogFace
11934,DogNose
11935,DogEye
11936,DogFace
11937,CatEye
11938,CatMouth
11939,CatMouth
11940,CatMouth
11941,CatMouth
11942,CatMouth
11943,DogMouth
11944,CatNose
11945,CatNose
11946,CatEye
11947,DogNose
11948,DogNose
11949,DogEye
11950,CatEye
11951,CatEye
11952,CatEye
11953,CatMouth
11954,CatEye
11955,CatEye
11956,CatEye
11957,CatNose
11958,DogNose
11959,CatEye
11960,DogNose
11961,DogEye
11962,CatEye
11963,DogMouth
11964,CatEye
11965,DogMouth
11966,CatFace
11967,DogFace
11968,CatEye
11969,CatEye
11970,CatEye
11971,DogMouth
11972,CatNose
11973,CatEye
11974,DogEye
11975,CatEye
11976,CatEye
11977,CatMouth
11978,DogEye
11979,CatNose
11980,CatMouth
11981,DogEye
11982,DogEye
11983,CatEye
11984,CatEye
11985,CatNose
11986,DogNose
11987,CatEye
11988,CatEye
11989,CatFace
11990,DogFace
11991,DogNose
11992,DogMouth
11993,DogFace
11994,CatMouth
11995,DogEye
11996,CatMouth
11997,DogEye
11998,DogFace
11999,DogNose
12000,DogNose
12001,CatEye
12002,CatMouth
12003,CatMouth
12004,CatNose
12005,CatFace
12006,CatFace
12007,CatEye
12008,DogNose
12009,CatFace
12010,DogNose
12011,DogNose
12012,CatEye
12013,DogEye
12014,CatMouth
12015,CatFace
12016,DogMouth
12017,CatFace
12018,CatMouth
12019,CatFace
12020,CatEye
12021,DogMouth
12022,DogEye
12023,DogFace
12024,DogFace
12025,DogMouth
12026,DogMouth
12027,DogFace
12028,CatEye
12029,DogMouth
12030,DogFace
12031,DogMouth
12032,CatFace
12033,DogNose
12034,CatNose
12035,DogEye
12036,DogNose
12037,CatEye
12038,DogEye
12039,CatFace
12040,DogEye
12041,DogEye
12042,CatEye
12043,CatEye
12044,CatFace
12045,CatEye
12046,DogEye
12047,DogFace
12048,DogFace
12049,CatEye
12050,DogEye
12051,DogEye
12052,DogEye
12053,DogEye
12054,DogNose
12055,CatEye
12056,DogEye
12057,CatNose
12058,CatEye
12059,CatFace
12060,DogEye
12061,CatMouth
12062,CatEye
12063,DogMouth
12064,CatNose
12065,DogMouth
12066,CatEye
12067,DogEye
12068,DogNose
12069,DogFace
12070,CatFace
12071,CatFace
12072,DogNose
12073,CatEye
12074,DogFace
12075,CatNose
12076,CatFace
12077,CatEye
12078,DogEye
12079,DogEye
12080,DogEye
12081,DogFace
12082,CatEye
12083,DogEye
12084,DogNose
12085,CatNose
12086,DogEye
12087,DogNose
12088,DogFace
12089,CatFace
12090,CatMouth
12091,CatNose
12092,CatNose
12093,CatFace
12094,CatFace
12095,DogMouth
12096,DogEye
12097,CatMouth
12098,CatNose
12099,CatEye
12100,CatEye
12101,CatEye
12102,DogNose
12103,DogEye
12104,CatNose
12105,DogNose
12106,CatFace
12107,CatNose
12108,CatEye
12109,DogEye
12110,CatMouth
12111,CatNose
12112,DogMouth
12113,CatFace
12114,CatEye
12115,DogEye
12116,DogMouth
12117,CatEye
12118,CatNose
12119,DogNose
12120,CatMouth
12121,CatEye
12122,DogEye
12123,DogEye
12124,DogEye
12125,DogNose
12126,DogFace
12127,DogFace
12128,DogMouth
12129,DogMouth
12130,DogFace
12131,CatFace
12132,DogMouth
12133,DogEye
12134,DogEye
12135,CatEye
12136,DogEye
12137,DogEye
12138,DogEye
12139,DogEye
12140,DogNose
12141,CatEye
12142,CatNose
12143,DogEye
12144,CatEye
12145,DogNose
12146,DogFace
12147,CatEye
12148,DogEye
12149,DogFace
12150,CatMouth
12151,CatNose
12152,CatEye
12153,DogEye
12154,CatEye
12155,CatFace
12156,CatEye
12157,CatMouth
12158,CatNose
12159,DogFace
12160,DogMouth
12161,DogMouth
12162,CatEye
12163,CatFace
12164,CatEye
12165,DogEye
12166,CatNose
12167,DogEye
12168,CatEye
12169,CatMouth
12170,DogNose
12171,CatMouth
12172,CatMouth
12173,CatEye
12174,CatNose
12175,DogEye
12176,DogEye
12177,CatEye
12178,DogFace
12179,CatEye
12180,DogNose
12181,DogEye
12182,CatEye
12183,CatEye
12184,CatNose
12185,DogMouth
12186,CatMouth
12187,CatEye
12188,DogEye
12189,DogEye
12190,DogMouth
12191,DogFace
12192,DogEye
12193,CatNose
12194,DogMouth
12195,DogNose
12196,CatEye
12197,DogEye
12198,DogMouth
12199,DogEye
12200,DogNose
12201,DogEye
12202,CatNose
12203,CatEye
12204,DogEye
12205,CatMouth
12206,DogEye
12207,CatNose
12208,CatNose
12209,CatNose
12210,DogMouth
12211,CatNose
12212,DogFace
12213,CatEye
12214,CatEye
12215,DogEye
12216,CatFace
12217,DogEye
12218,DogEye
12219,CatMouth
12220,DogEye
12221,CatEye
12222,DogNose
12223,CatEye
12224,DogNose
12225,DogEye
12226,CatMouth
12227,CatNose
12228,CatNose
12229,DogNose
12230,CatEye
12231,DogFace
12232,DogFace
12233,CatEye
12234,DogEye
12235,DogEye
12236,CatEye
12237,DogEye
12238,DogNose
12239,DogMouth
12240,CatEye
12241,CatEye
12242,DogEye
12243,DogNose
12244,DogMouth
12245,CatEye
12246,DogEye
12247,CatFace
12248,CatMouth
12249,DogFace
12250,CatEye
12251,CatEye
12252,DogMouth
12253,DogNose
12254,CatNose
12255,DogEye
12256,DogMouth
12257,CatFace
12258,DogEye
12259,CatEye
12260,DogFace
12261,DogMouth
12262,DogEye
12263,CatNose
12264,DogEye
12265,DogMouth
12266,DogEye
12267,CatMouth
12268,CatNose
12269,DogMouth
12270,CatEye
12271,CatFace
12272,CatEye
12273,DogEye
12274,DogFace
12275,DogMouth
12276,CatFace
12277,CatEye
12278,CatEye
12279,CatFace
12280,DogNose
12281,DogEye
12282,DogNose
12283,CatFace
12284,CatMouth
12285,DogNose
12286,DogNose
12287,DogEye
12288,DogFace
12289,DogEye
12290,CatEye
12291,CatFace
12292,DogNose
12293,CatMouth
12294,DogEye
12295,DogMouth
12296,CatEye
12297,DogEye
12298,CatNose
12299,DogEye
12300,DogEye
12301,DogMouth
12302,CatFace
12303,CatEye
12304,DogEye
12305,DogEye
12306,CatFace
12307,CatFace
12308,CatNose
12309,DogNose
12310,DogEye
12311,DogEye
12312,CatEye
12313,CatMouth
12314,DogNose
12315,DogMouth
12316,CatMouth
12317,CatEye
12318,CatEye
12319,DogNose
12320,DogFace
12321,CatNose
12322,CatNose
12323,CatMouth
12324,CatMouth
12325,DogMouth
12326,CatNose
12327,DogMouth
12328,CatNose
12329,DogEye
12330,CatEye
12331,DogEye
12332,CatNose
12333,DogEye
12334,CatEye
12335,CatMouth
12336,CatFace
12337,DogEye
12338,CatNose
12339,DogEye
12340,DogNose
12341,CatEye
12342,CatNose
12343,DogEye
12344,CatFace
12345,DogNose
12346,CatEye
12347,DogMouth
12348,CatNose
12349,DogNose
12350,DogFace
12351,CatNose
12352,DogNose
12353,DogEye
12354,CatEye
12355,CatMouth
12356,CatEye
12357,DogFace
12358,CatNose
12359,CatNose
12360,CatFace
12361,CatNose
12362,DogMouth
12363,DogEye
12364,CatNose
12365,DogEye
12366,DogNose
12367,CatEye
12368,CatNose
12369,DogFace
12370,CatFace
12371,CatNose
12372,CatEye
12373,DogMouth
12374,CatEye
12375,DogEye
12376,DogNose
12377,CatMouth
12378,CatFace
12379,DogNose
12380,CatNose
12381,CatEye
12382,CatEye
12383,DogMouth
12384,CatEye
12385,CatNose
12386,DogFace
12387,CatFace
12388,CatEye
12389,DogNose
12390,DogMouth
12391,CatMouth
12392,DogFace
12393,DogFace
12394,DogEye
12395,DogEye
12396,CatEye
12397,CatEye
12398,DogMouth
12399,DogEye
12400,CatEye
12401,DogEye
12402,DogFace
12403,DogMouth
12404,DogMouth
12405,CatNose
12406,CatFace
12407,DogMouth
12408,CatEye
12409,DogEye
12410,CatNose
12411,DogMouth
12412,CatMouth
12413,DogNose
12414,CatNose
12415,DogMouth
12416,DogEye
12417,DogEye
12418,CatEye
12419,DogEye
12420,CatEye
12421,DogEye
12422,CatEye
12423,CatEye
12424,CatMouth
12425,DogNose
12426,CatMouth
12427,CatNose
12428,CatEye
12429,CatNose
12430,CatEye
12431,CatFace
12432,DogEye
12433,DogMouth
12434,CatFace
12435,DogNose
12436,CatNose
12437,CatEye
12438,CatEye
12439,DogFace
12440,CatMouth
12441,DogEye
12442,DogFace
12443,DogNose
12444,CatFace
12445,CatEye
12446,CatFace
12447,CatEye
12448,CatMouth
12449,CatNose
12450,CatNose
12451,CatNose
12452,CatEye
12453,CatFace
12454,CatNose
12455,DogNose
12456,CatEye
12457,CatMouth
12458,DogFace
12459,CatNose
12460,CatFace
12461,DogEye
12462,CatNose
12463,CatMouth
12464,DogEye
12465,CatEye
12466,DogFace
12467,CatFace
12468,CatFace
12469,DogEye
12470,CatNose
12471,CatNose
12472,CatFace
12473,CatFace
12474,DogMouth
12475,DogEye
12476,CatEye
12477,DogEye
12478,CatEye
12479,DogNose
12480,DogMouth
12481,DogFace
12482,CatNose
12483,CatEye
12484,DogFace
12485,DogNose
12486,CatEye
12487,CatNose
12488,DogMouth
12489,CatFace
12490,DogEye
12491,DogFace
12492,DogMouth
12493,DogEye
12494,DogFace
12495,DogMouth
12496,CatMouth
12497,CatMouth
12498,DogMouth
12499,DogNose
12500,CatNose
12501,DogEye
12502,CatNose
12503,DogNose
12504,CatEye
12505,CatEye
12506,CatMouth
12507,CatMouth
12508,CatNose
12509,CatEye
12510,CatEye
12511,DogEye
12512,CatEye
12513,DogMouth
12514,CatEye
12515,DogEye
12516,CatEye
12517,DogEye
12518,CatMouth
12519,CatEye
12520,DogEye
12521,CatEye
12522,DogFace
12523,DogMouth
12524,DogMouth
12525,DogEye
12526,CatFace
12527,DogNose
12528,CatFace
12529,DogEye
12530,DogFace
12531,DogEye
12532,CatEye
12533,CatFace
12534,DogFace
12535,CatNose
12536,CatMouth
12537,DogNose
12538,CatMouth
12539,CatEye
12540,DogEye
12541,CatEye
12542,CatFace
12543,DogEye
12544,DogNose
12545,DogMouth
12546,DogFace
12547,DogEye
12548,CatMouth
12549,CatEye
12550,DogMouth
12551,CatNose
12552,CatMouth
12553,CatMouth
12554,DogMouth
12555,CatMouth
12556,CatMouth
12557,DogEye
12558,CatFace
12559,CatNose
12560,DogMouth
12561,CatMouth
12562,CatEye
12563,CatFace
12564,CatMouth
12565,DogFace
12566,CatFace
12567,DogMouth
12568,CatEye
12569,CatEye
12570,DogFace
12571,CatNose
12572,DogEye
12573,DogNose
12574,CatMouth
12575,DogFace
12576,DogNose
12577,CatFace
12578,CatNose
12579,CatMouth
12580,DogEye
12581,DogFace
12582,DogFace
12583,DogEye
12584,CatEye
12585,CatNose
12586,CatEye
12587,CatNose
12588,CatFace
12589,DogFace
12590,CatMouth
12591,CatFace
12592,DogEye
12593,CatEye
12594,DogEye
12595,DogFace
12596,CatMouth
12597,CatEye
12598,DogEye
12599,DogEye
12600,CatEye
12601,DogFace
12602,DogNose
12603,DogEye
12604,DogEye
12605,DogMouth
12606,CatEye
12607,DogMouth
12608,DogEye
12609,DogEye
12610,DogNose
12611,CatFace
12612,DogMouth
12613,CatMouth
12614,CatNose
12615,DogMouth
12616,CatNose
12617,CatEye
12618,DogEye
12619,CatEye
12620,CatMouth
12621,CatEye
12622,CatNose
12623,CatNose
12624,DogNose
12625,CatMouth
12626,CatFace
12627,CatMouth
12628,CatMouth
12629,DogNose
12630,CatEye
12631,CatMouth
12632,CatNose
12633,DogEye
12634,DogEye
12635,CatEye
12636,CatEye
12637,CatEye
12638,CatEye
12639,DogEye
12640,CatEye
12641,CatEye
12642,CatFace
12643,CatMouth
12644,CatEye
12645,CatEye
12646,CatFace
12647,CatFace
12648,CatMouth
12649,CatEye
12650,CatFace
12651,CatFace
12652,CatEye
12653,CatNose
12654,CatEye
12655,CatEye
12656,CatMouth
12657,DogNose
12658,DogEye
12659,CatEye
12660,CatMouth
12661,DogMouth
12662,CatEye
12663,CatMouth
12664,CatEye
12665,DogFace
12666,DogNose
12667,DogNose
12668,CatEye
12669,CatEye
12670,DogNose
12671,CatEye
12672,CatEye
12673,CatEye
12674,DogEye
12675,DogMouth
12676,CatNose
12677,CatEye
12678,DogFace
12679,DogFace
12680,CatEye
12681,CatNose
12682,CatEye
12683,DogEye
12684,DogEye
12685,DogFace
12686,CatNose
12687,DogEye
12688,CatEye
12689,CatEye
12690,DogEye
12691,CatNose
12692,CatFace
12693,CatMouth
12694,CatFace
12695,CatEye
12696,CatEye
12697,CatEye
12698,CatFace
12699,CatEye
12700,CatEye
12701,CatEye
12702,CatMouth
12703,CatFace
12704,CatFace
12705,CatNose
12706,CatFace
12707,CatEye
12708,DogFace
12709,DogMouth
12710,CatEye
12711,DogFace
12712,DogNose
12713,CatNose
12714,DogNose
12715,DogNose
12716,DogFace
12717,CatEye
12718,DogNose
12719,CatNose
12720,CatMouth
12721,CatNose
12722,DogNose
12723,DogMouth
12724,CatMouth
12725,DogEye
12726,CatNose
12727,CatEye
12728,CatMouth
12729,DogNose
12730,CatNose
12731,DogEye
12732,CatEye
12733,CatNose
12734,CatMouth
12735,DogMouth
12736,DogMouth
12737,DogEye
12738,CatNose
12739,DogMouth
12740,DogNose
12741,CatMouth
12742,DogMouth
12743,CatMouth
12744,DogEye
12745,CatEye
12746,CatFace
12747,DogMouth
12748,CatEye
12749,CatEye
12750,DogNose
12751,DogFace
12752,DogEye
12753,CatNose
12754,DogNose
12755,DogNose
12756,DogFace
12757,DogMouth
12758,CatEye
12759,DogEye
12760,CatEye
12761,CatEye
12762,CatNose
12763,CatMouth
12764,DogEye
12765,CatNose
12766,CatEye
12767,DogMouth
12768,DogNose
12769,CatEye
12770,CatFace
12771,DogMouth
12772,CatFace
12773,DogMouth
12774,CatFace
12775,CatEye
12776,CatEye
12777,CatFace
12778,DogEye
12779,DogEye
12780,DogEye
12781,DogMouth
12782,DogFace
12783,DogMouth
12784,CatEye
12785,DogNose
12786,DogNose
12787,DogMouth
12788,CatFace
12789,DogNose
12790,CatEye
12791,CatEye
12792,DogFace
12793,CatNose
12794,DogMouth
12795,CatEye
12796,CatFace
12797,DogMouth
12798,CatNose
12799,DogNose
12800,CatMouth
12801,CatEye
12802,DogFace
12803,CatEye
12804,CatFace
12805,CatEye
12806,CatNose
12807,DogEye
12808,CatEye
12809,DogMouth
12810,DogEye
12811,DogNose
12812,CatEye
12813,DogNose
12814,DogEye
12815,DogNose
12816,CatNose
12817,DogFace
12818,CatNose
12819,DogFace
12820,DogMouth
12821,CatEye
12822,DogEye
12823,DogEye
12824,CatEye
12825,DogMouth
12826,CatNose
12827,CatFace
12828,DogFace
12829,DogEye
12830,CatEye
12831,CatFace
12832,CatNose
12833,DogMouth
12834,DogFace
12835,DogEye
12836,DogMouth
12837,DogNose
12838,CatEye
12839,CatFace
12840,CatMouth
12841,DogMouth
12842,CatEye
12843,CatMouth
12844,DogEye
12845,DogNose
12846,DogEye
12847,CatFace
12848,CatMouth
12849,CatFace
12850,CatMouth
12851,DogMouth
12852,DogNose
12853,CatMouth
12854,DogEye
12855,CatFace
12856,DogMouth
12857,CatEye
12858,DogEye
12859,DogNose
12860,DogFace
12861,DogEye
12862,DogFace
12863,CatNose
12864,CatEye
12865,CatNose
12866,CatFace
12867,DogEye
12868,DogFace
12869,DogFace
12870,CatNose
12871,CatMouth
12872,DogEye
12873,DogFace
12874,DogEye
12875,CatNose
12876,DogEye
12877,DogEye
12878,CatMouth
12879,DogEye
12880,DogFace
12881,CatEye
12882,CatNose
12883,CatMouth
12884,DogMouth
12885,DogEye
12886,CatNose
12887,CatFace
12888,CatEye
12889,DogFace
12890,DogFace
12891,DogEye
12892,DogEye
12893,CatNose
12894,CatMouth
12895,CatMouth
12896,DogEye
12897,CatNose
12898,CatMouth
12899,CatNose
12900,CatEye
12901,CatEye
12902,CatEye
12903,CatNose
12904,CatMouth
12905,DogEye
12906,CatMouth
12907,DogNose
12908,DogEye
12909,CatMouth
12910,CatNose
12911,CatEye
12912,DogFace
12913,CatEye
12914,DogEye
12915,CatMouth
12916,DogMouth
12917,CatNose
12918,DogMouth
12919,CatFace
12920,CatFace
12921,CatMouth
12922,CatMouth
12923,CatNose
12924,DogEye
12925,DogMouth
12926,DogMouth
12927,DogFace
12928,CatFace
12929,CatMouth
12930,CatNose
12931,CatMouth
12932,DogEye
12933,DogEye
12934,CatEye
12935,DogNose
12936,CatNose
12937,DogEye
12938,CatNose
12939,CatMouth
12940,CatFace
12941,DogNose
12942,CatEye
12943,DogMouth
12944,CatMouth
12945,DogMouth
12946,DogEye
12947,DogMouth
12948,DogNose
12949,DogMouth
12950,DogNose
12951,CatNose
12952,CatEye
12953,CatMouth
12954,CatNose
12955,CatEye
12956,DogMouth
12957,CatFace
12958,CatFace
12959,CatEye
12960,DogNose
12961,CatMouth
12962,CatNose
12963,DogMouth
12964,CatFace
12965,DogNose
12966,DogEye
12967,CatNose
12968,CatNose
12969,CatMouth
12970,CatFace
12971,CatEye
12972,CatEye
12973,CatEye
12974,DogNose
12975,CatEye
12976,CatEye
12977,DogEye
12978,DogEye
12979,CatMouth
12980,CatNose
12981,CatFace
12982,DogEye
12983,CatEye
12984,DogEye
12985,DogNose
12986,CatEye
12987,CatMouth
12988,DogFace
12989,CatFace
12990,CatMouth
12991,DogFace
12992,DogNose
12993,CatEye
12994,CatMouth
12995,DogEye
12996,DogMouth
12997,CatNose
12998,CatNose
12999,CatEye
13000,CatNose
13001,DogMouth
13002,CatNose
13003,CatEye
13004,DogFace
13005,DogMouth
13006,CatMouth
13007,CatEye
13008,DogNose
13009,CatMouth
13010,DogEye
13011,CatNose
13012,DogEye
13013,DogMouth
13014,CatEye
13015,CatFace
13016,DogEye
13017,DogFace
13018,CatFace
13019,CatNose
13020,DogMouth
13021,CatEye
13022,CatEye
13023,CatMouth
13024,CatFace
13025,DogFace
13026,CatEye
13027,DogFace
13028,DogEye
13029,CatEye
13030,DogNose
13031,CatFace
13032,CatMouth
13033,CatNose
13034,DogNose
13035,DogFace
13036,DogEye
13037,CatEye
13038,DogNose
13039,CatFace
13040,DogMouth
13041,CatNose
13042,DogMouth
13043,CatMouth
13044,CatNose
13045,DogFace
13046,CatFace
13047,CatFace
13048,DogEye
13049,DogMouth
13050,CatEye
13051,CatEye
13052,CatMouth
13053,DogEye
13054,CatEye
13055,DogEye
13056,DogFace
13057,DogEye
13058,CatFace
13059,DogEye
13060,DogEye
13061,CatMouth
13062,DogFace
13063,CatFace
13064,DogEye
13065,DogMouth
13066,CatMouth
13067,DogEye
13068,DogEye
13069,DogFace
13070,DogEye
13071,CatNose
13072,DogFace
13073,DogMouth
13074,DogEye
13075,CatFace
13076,DogEye
13077,CatEye
13078,DogEye
13079,CatMouth
13080,DogEye
13081,CatMouth
13082,CatMouth
13083,DogFace
13084,CatEye
13085,DogFace
13086,CatMouth
13087,DogMouth
13088,CatEye
13089,CatEye
13090,CatEye
13091,CatEye
13092,DogFace
13093,DogMouth
13094,DogEye
13095,CatFace
13096,DogEye
13097,DogNose
13098,DogEye
13099,CatFace
13100,CatNose
13101,DogFace
13102,CatFace
13103,DogMouth
13104,CatMouth
13105,CatEye
13106,DogNose
13107,DogEye
13108,CatEye
13109,CatMouth
13110,DogEye
13111,CatEye
13112,CatMouth
13113,CatEye
13114,DogFace
13115,DogMouth
13116,CatEye
13117,CatNose
13118,CatMouth
13119,CatMouth
13120,CatFace
13121,CatEye
13122,DogNose
13123,CatEye
13124,DogEye
13125,DogEye
13126,DogNose
13127,DogEye
13128,CatNose
13129,CatEye
13130,CatEye
13131,DogFace
13132,DogMouth
13133,CatEye
13134,DogMouth
13135,DogNose
13136,CatMouth
13137,DogFace
13138,CatFace
13139,CatFace
13140,CatEye
13141,DogEye
13142,DogEye
13143,CatEye
13144,CatFace
13145,DogEye
13146,CatNose
13147,CatMouth
13148,CatMouth
13149,CatMouth
13150,DogFace
13151,CatEye
13152,DogEye
13153,CatMouth
13154,DogEye
13155,DogEye
13156,CatEye
13157,CatFace
13158,DogNose
13159,CatNose
13160,DogNose
13161,DogNose
13162,CatMouth
13163,DogNose
13164,CatMouth
13165,DogEye
13166,DogFace
13167,CatFace
13168,CatMouth
13169,CatNose
13170,CatFace
13171,CatMouth
13172,CatMouth
13173,DogMouth
13174,CatEye
13175,DogMouth
13176,CatEye
13177,CatNose
13178,CatMouth
13179,CatFace
13180,DogFace
13181,DogNose
13182,CatFace
13183,DogFace
13184,CatFace
13185,DogEye
13186,CatMouth
13187,DogFace
13188,DogEye
13189,DogEye
13190,CatEye
13191,DogNose
13192,DogEye
13193,DogMouth
13194,CatMouth
13195,DogFace
13196,DogFace
13197,CatMouth
13198,CatEye
13199,CatFace
13200,CatMouth
13201,CatEye
13202,CatFace
13203,DogFace
13204,DogMouth
13205,CatEye
13206,CatFace
13207,DogEye
13208,CatFace
13209,CatFace
13210,DogEye
13211,DogEye
13212,DogFace
13213,CatNose
13214,CatFace
13215,DogNose
13216,DogEye
13217,CatEye
13218,CatEye
13219,CatMouth
13220,DogEye
13221,DogFace
13222,CatMouth
13223,CatFace
13224,CatEye
13225,DogEye
13226,CatEye
13227,DogNose
13228,CatEye
13229,CatMouth
13230,CatNose
13231,CatNose
13232,DogMouth
13233,DogFace
13234,DogEye
13235,CatNose
13236,CatMouth
13237,CatEye
13238,DogMouth
13239,DogFace
13240,CatNose
13241,DogEye
13242,DogNose
13243,CatEye
13244,CatMouth
13245,CatEye
13246,DogMouth
13247,DogMouth
13248,DogEye
13249,DogFace
13250,CatEye
13251,CatFace
13252,CatEye
13253,CatFace
13254,CatEye
13255,DogNose
13256,CatEye
13257,CatNose
13258,DogMouth
13259,CatEye
13260,CatMouth
13261,DogMouth
13262,DogMouth
13263,CatEye
13264,CatEye
13265,DogNose
13266,CatEye
13267,CatMouth
13268,DogEye
13269,CatEye
13270,DogEye
13271,DogEye
13272,DogMouth
13273,CatNose
13274,DogMouth
13275,DogEye
13276,CatMouth
13277,CatEye
13278,CatEye
13279,DogMouth
13280,CatFace
13281,DogNose
13282,CatEye
13283,CatEye
13284,DogEye
13285,CatEye
13286,CatEye
13287,CatEye
13288,DogNose
13289,CatMouth
13290,CatEye
13291,CatEye
13292,DogMouth
13293,CatEye
13294,DogEye
13295,CatEye
13296,DogFace
13297,DogNose
13298,DogFace
13299,CatEye
13300,DogMouth
13301,CatEye
13302,CatMouth
13303,CatEye
13304,DogNose
13305,CatNose
13306,DogNose
13307,CatEye
13308,DogMouth
13309,CatMouth
13310,CatFace
13311,DogMouth
13312,DogEye
13313,DogEye
13314,CatEye
13315,DogFace
13316,DogNose
13317,CatMouth
13318,DogMouth
13319,CatEye
13320,DogEye
13321,DogFace
13322,DogEye
13323,DogMouth
13324,CatFace
13325,DogEye
13326,CatFace
13327,CatMouth
13328,DogFace
13329,CatEye
13330,DogEye
13331,DogEye
13332,DogMouth
13333,CatMouth
13334,DogEye
13335,CatMouth
13336,CatNose
13337,CatMouth
13338,CatEye
13339,DogEye
13340,CatFace
13341,CatEye
13342,CatEye
13343,CatFace
13344,CatFace
13345,CatMouth
13346,DogEye
13347,CatEye
13348,DogMouth
13349,DogNose
13350,CatFace
13351,DogNose
13352,DogNose
13353,CatFace
13354,DogMouth
13355,DogNose
13356,DogEye
13357,DogMouth
13358,DogEye
13359,CatFace
13360,DogMouth
13361,DogMouth
13362,DogNose
13363,DogFace
13364,DogEye
13365,CatFace
13366,DogEye
13367,DogEye
13368,CatEye
13369,CatFace
13370,CatEye
13371,CatNose
13372,CatFace
13373,DogNose
13374,CatEye
13375,CatEye
13376,DogEye
13377,DogEye
13378,CatEye
13379,CatEye
13380,CatMouth
13381,DogMouth
13382,CatEye
13383,DogEye
13384,DogEye
13385,DogNose
13386,CatFace
13387,DogEye
13388,CatEye
13389,DogNose
13390,CatEye
13391,CatNose
13392,DogMouth
13393,CatMouth
13394,CatEye
13395,DogFace
13396,DogEye
13397,CatFace
13398,CatEye
13399,DogNose
13400,DogMouth
13401,CatMouth
13402,DogEye
13403,CatNose
13404,CatEye
13405,CatEye
13406,CatNose
13407,CatFace
13408,CatMouth
13409,DogEye
13410,CatNose
13411,DogNose
13412,CatFace
13413,DogMouth
13414,CatFace
13415,DogMouth
13416,DogFace
13417,CatNose
13418,DogMouth
13419,CatNose
13420,CatFace
13421,CatEye
13422,CatNose
13423,DogEye
13424,CatNose
13425,CatNose
13426,DogMouth
13427,CatEye
13428,CatFace
13429,CatFace
13430,DogEye
13431,CatEye
13432,CatEye
13433,CatFace
13434,DogFace
13435,DogNose
13436,DogEye
13437,DogEye
13438,DogFace
13439,CatEye
13440,CatMouth
13441,DogFace
13442,DogFace
13443,CatEye
13444,CatEye
13445,DogNose
13446,DogFace
13447,DogEye
13448,CatEye
13449,DogNose
13450,CatNose
13451,CatEye
13452,CatEye
13453,CatNose
13454,CatEye
13455,CatMouth
13456,CatEye
13457,DogFace
13458,DogNose
13459,DogEye
13460,CatMouth
13461,CatNose
13462,CatNose
13463,DogEye
13464,CatNose
13465,CatEye
13466,CatFace
13467,DogFace
13468,CatMouth
13469,DogEye
13470,CatEye
13471,CatMouth
13472,CatEye
13473,DogEye
13474,DogMouth
13475,CatFace
13476,DogFace
13477,DogEye
13478,CatEye
13479,CatEye
13480,DogEye
13481,CatFace
13482,CatFace
13483,CatFace
13484,CatEye
13485,DogEye
13486,CatMouth
13487,DogEye
13488,CatEye
13489,DogEye
13490,DogNose
13491,CatEye
13492,CatNose
13493,DogEye
13494,DogEye
13495,DogEye
13496,CatMouth
13497,CatFace
13498,DogNose
13499,DogNose
13500,DogEye
13501,CatFace
13502,CatFace
13503,CatEye
13504,CatEye
13505,CatFace
13506,DogNose
13507,CatEye
13508,CatEye
13509,CatEye
13510,CatMouth
13511,DogFace
13512,CatEye
13513,CatEye
13514,CatMouth
13515,CatNose
13516,CatMouth
13517,DogFace
13518,CatFace
13519,DogEye
13520,CatNose
13521,CatEye
13522,CatNose
13523,DogMouth
13524,CatMouth
13525,DogNose
13526,DogFace
13527,DogEye
13528,CatEye
13529,DogNose
13530,DogEye
13531,CatFace
13532,DogEye
13533,CatFace
13534,CatEye
13535,DogFace
13536,DogEye
13537,CatEye
13538,CatEye
13539,CatEye
13540,CatEye
13541,CatEye
13542,CatNose
13543,DogFace
13544,DogEye
13545,CatEye
13546,CatMouth
13547,DogMouth
13548,CatNose
13549,DogNose
13550,CatEye
13551,DogNose
13552,CatNose
13553,CatEye
13554,CatEye
13555,CatEye
13556,DogEye
13557,CatEye
13558,DogNose
13559,DogEye
13560,CatEye
13561,DogMouth
13562,DogFace
13563,CatNose
13564,DogFace
13565,DogEye
13566,CatEye
13567,CatMouth
13568,DogEye
13569,CatEye
13570,DogMouth
13571,DogEye
13572,CatNose
13573,DogEye
13574,CatEye
13575,CatEye
13576,DogEye
13577,CatEye
13578,DogEye
13579,CatMouth
13580,CatEye
13581,DogEye
13582,DogEye
13583,CatMouth
13584,DogNose
13585,DogMouth
13586,DogEye
13587,CatNose
13588,CatEye
13589,CatNose
13590,DogEye
13591,CatNose
13592,DogFace
13593,CatMouth
13594,DogEye
13595,CatMouth
13596,CatMouth
13597,CatFace
13598,CatMouth
13599,CatEye
13600,CatNose
13601,CatEye
13602,CatEye
13603,CatFace
13604,DogNose
13605,DogFace
13606,DogEye
13607,CatEye
13608,DogNose
13609,CatEye
13610,DogEye
13611,DogMouth
13612,DogEye
13613,CatMouth
13614,CatEye
13615,CatMouth
13616,CatMouth
13617,DogFace
13618,DogEye
13619,DogFace
13620,DogMouth
13621,DogMouth
13622,DogFace
13623,DogNose
13624,CatEye
13625,DogMouth
13626,CatMouth
13627,DogFace
13628,DogNose
13629,CatNose
13630,DogMouth
13631,CatMouth
13632,CatMouth
13633,CatEye
13634,DogMouth
13635,CatEye
13636,CatNose
13637,CatFace
13638,DogFace
13639,DogNose
13640,DogEye
13641,DogFace
13642,CatEye
13643,DogFace
13644,CatMouth
13645,CatFace
13646,DogNose
13647,CatFace
13648,DogMouth
13649,CatMouth
13650,CatFace
13651,CatMouth
13652,CatNose
13653,DogNose
13654,CatFace
13655,CatNose
13656,DogMouth
13657,DogEye
13658,CatEye
13659,CatMouth
13660,CatNose
13661,DogEye
13662,CatFace
13663,CatMouth
13664,CatEye
13665,DogMouth
13666,DogMouth
13667,CatNose
13668,CatMouth
13669,CatEye
13670,CatEye
13671,CatEye
13672,DogFace
13673,DogEye
13674,CatMouth
13675,CatNose
13676,CatEye
13677,DogMouth
13678,CatEye
13679,CatFace
13680,DogEye
13681,CatEye
13682,DogEye
13683,CatEye
13684,DogEye
13685,CatEye
13686,DogEye
13687,CatMouth
13688,CatFace
13689,CatEye
13690,CatEye
13691,DogNose
13692,DogFace
13693,DogFace
13694,CatEye
13695,CatEye
13696,CatFace
13697,DogMouth
13698,CatFace
13699,CatNose
13700,CatMouth
13701,CatEye
13702,CatNose
13703,CatNose
13704,DogFace
13705,DogNose
13706,CatEye
13707,CatMouth
13708,DogEye
13709,CatNose
13710,DogNose
13711,CatEye
13712,DogEye
13713,CatEye
13714,CatEye
13715,DogMouth
13716,CatEye
13717,CatEye
13718,CatEye
13719,CatEye
13720,DogMouth
13721,DogEye
13722,DogFace
13723,CatEye
13724,CatFace
13725,DogFace
13726,DogFace
13727,CatMouth
13728,CatEye
13729,CatMouth
13730,DogFace
13731,CatMouth
13732,CatMouth
13733,CatMouth
13734,DogMouth
13735,CatNose
13736,CatEye
13737,CatFace
13738,DogEye
13739,CatEye
13740,CatEye
13741,CatMouth
13742,CatMouth
13743,CatFace
13744,CatFace
13745,CatFace
13746,CatEye
13747,DogFace
13748,DogFace
13749,DogEye
13750,DogEye
13751,CatFace
13752,CatNose
13753,CatFace
13754,CatMouth
13755,CatFace
13756,DogEye
13757,DogNose
13758,DogMouth
13759,DogEye
13760,DogEye
13761,CatMouth
13762,DogEye
13763,CatEye
13764,DogEye
13765,CatNose
13766,CatEye
13767,DogNose
13768,CatEye
13769,DogFace
13770,DogEye
13771,CatMouth
13772,CatFace
13773,CatFace
13774,CatMouth
13775,CatEye
13776,CatEye
13777,CatEye
13778,DogMouth
13779,CatFace
13780,DogEye
13781,CatMouth
13782,DogNose
13783,CatEye
13784,DogFace
13785,CatNose
13786,DogNose
13787,CatEye
13788,DogNose
13789,CatEye
13790,CatNose
13791,CatFace
13792,DogEye
13793,DogMouth
13794,CatEye
13795,CatEye
13796,DogEye
13797,DogMouth
13798,CatNose
13799,DogNose
13800,DogEye
13801,DogNose
13802,CatEye
13803,CatEye
13804,DogEye
13805,DogFace
13806,DogEye
13807,CatEye
13808,CatFace
13809,DogEye
13810,CatMouth
13811,DogNose
13812,CatFace
13813,CatEye
13814,CatEye
13815,CatEye
13816,CatEye
13817,CatEye
13818,DogMouth
13819,CatEye
13820,CatEye
13821,CatEye
13822,DogFace
13823,CatEye
13824,DogNose
13825,DogMouth
13826,DogFace
13827,CatNose
13828,CatMouth
13829,DogMouth
13830,DogNose
13831,CatEye
13832,CatNose
13833,CatMouth
13834,CatEye
13835,CatMouth
13836,DogMouth
13837,DogFace
13838,CatNose
13839,CatNose
13840,DogMouth
13841,CatNose
13842,DogEye
13843,DogEye
13844,DogNose
13845,DogEye
13846,DogNose
13847,DogEye
13848,DogEye
13849,DogMouth
13850,CatEye
13851,DogMouth
13852,CatNose
13853,CatMouth
13854,DogFace
13855,DogFace
13856,DogEye
13857,CatNose
13858,DogEye
13859,DogMouth
13860,DogEye
13861,CatEye
13862,CatEye
13863,CatMouth
13864,CatMouth
13865,DogFace
13866,CatMouth
13867,DogEye
13868,CatMouth
13869,DogMouth
13870,CatEye
13871,DogEye
13872,DogEye
13873,DogMouth
13874,DogMouth
13875,CatNose
13876,CatFace
13877,CatFace
13878,CatNose
13879,DogNose
13880,DogNose
13881,DogEye
13882,DogMouth
13883,DogNose
13884,CatEye
13885,CatNose
13886,CatMouth
13887,CatEye
13888,CatFace
13889,DogEye
13890,CatEye
13891,DogEye
13892,CatNose
13893,CatEye
13894,CatNose
13895,CatEye
13896,CatEye
13897,CatNose
13898,CatEye
13899,DogEye
13900,DogEye
13901,CatMouth
13902,CatNose
13903,CatNose
13904,CatEye
13905,DogMouth
13906,DogEye
13907,CatMouth
13908,CatFace
13909,CatFace
13910,CatMouth
13911,CatEye
13912,DogEye
13913,DogEye
13914,CatFace
13915,CatEye
13916,CatMouth
13917,DogMouth
13918,CatEye
13919,CatEye
13920,CatEye
13921,DogMouth
13922,CatFace
13923,DogMouth
13924,DogEye
13925,DogEye
13926,CatEye
13927,DogNose
13928,CatMouth
13929,CatNose
13930,DogEye
13931,DogNose
13932,CatMouth
13933,CatEye
13934,CatEye
13935,CatMouth
13936,CatNose
13937,CatMouth
13938,CatFace
13939,CatFace
13940,DogEye
13941,CatMouth
13942,DogMouth
13943,CatEye
13944,DogNose
13945,CatFace
13946,DogNose
13947,CatFace
13948,CatEye
13949,CatMouth
13950,DogFace
13951,CatEye
13952,DogEye
13953,CatMouth
13954,DogEye
13955,CatEye
13956,CatNose
13957,DogMouth
13958,CatEye
13959,CatNose
13960,CatEye
13961,CatMouth
13962,DogEye
13963,CatEye
13964,DogMouth
13965,CatEye
13966,DogMouth
13967,CatEye
13968,CatFace
13969,CatFace
13970,DogEye
13971,CatFace
13972,CatMouth
13973,CatEye
13974,DogFace
13975,CatFace
13976,CatNose
13977,DogEye
13978,CatNose
13979,CatMouth
13980,CatEye
13981,CatEye
13982,DogEye
13983,DogNose
13984,CatEye
13985,CatFace
13986,CatMouth
13987,CatEye
13988,DogMouth
13989,CatMouth
13990,CatMouth
13991,DogNose
13992,CatEye
13993,DogEye
13994,CatMouth
13995,DogFace
13996,DogNose
13997,DogFace
13998,CatEye
13999,CatNose
14000,CatMouth
14001,DogFace
14002,DogFace
14003,DogMouth
14004,CatEye
14005,CatEye
14006,DogEye
14007,DogEye
14008,CatEye
14009,CatFace
14010,CatNose
14011,CatEye
14012,CatEye
14013,DogMouth
14014,DogEye
14015,CatMouth
14016,CatEye
14017,CatEye
14018,CatNose
14019,DogFace
14020,CatEye
14021,CatFace
14022,CatEye
14023,CatFace
14024,CatEye
14025,CatMouth
14026,CatFace
14027,DogNose
14028,DogNose
14029,DogNose
14030,CatMouth
14031,DogMouth
14032,DogMouth
14033,DogNose
14034,DogFace
14035,DogEye
14036,DogFace
14037,DogFace
14038,DogEye
14039,DogMouth
14040,DogMouth
14041,DogNose
14042,CatEye
14043,DogMouth
14044,CatEye
14045,CatNose
14046,CatEye
14047,CatEye
14048,CatEye
14049,DogEye
14050,DogNose
14051,DogFace
14052,DogEye
14053,DogNose
14054,DogEye
14055,CatEye
14056,CatMouth
14057,CatEye
14058,DogEye
14059,DogEye
14060,CatNose
14061,DogFace
14062,DogFace
14063,CatEye
14064,DogEye
14065,DogEye
14066,CatMouth
14067,CatMouth
14068,DogNose
14069,DogMouth
14070,DogEye
14071,CatNose
14072,DogNose
14073,CatFace
14074,CatEye
14075,CatMouth
14076,DogEye
14077,CatEye
14078,DogEye
14079,DogEye
14080,CatFace
14081,CatEye
14082,CatFace
14083,CatFace
14084,DogEye
14085,DogEye
14086,CatNose
14087,CatFace
14088,CatEye
14089,CatFace
14090,DogEye
14091,CatNose
14092,DogNose
14093,DogMouth
14094,CatFace
14095,CatNose
14096,CatMouth
14097,CatFace
14098,CatEye
14099,CatEye
14100,DogEye
14101,CatNose
14102,CatMouth
14103,DogFace
14104,CatEye
14105,DogNose
14106,DogEye
14107,CatEye
14108,DogMouth
14109,CatEye
14110,CatFace
14111,CatMouth
14112,CatMouth
14113,CatEye
14114,CatFace
14115,DogEye
14116,CatEye
14117,CatEye
14118,CatEye
14119,DogEye
14120,CatNose
14121,CatEye
14122,DogFace
14123,DogEye
14124,CatFace
14125,DogFace
14126,CatNose
14127,DogEye
14128,CatEye
14129,CatEye
14130,CatNose
14131,DogMouth
14132,CatEye
14133,CatFace
14134,CatMouth
14135,CatMouth
14136,CatNose
14137,CatEye
14138,CatEye
14139,DogFace
14140,CatEye
14141,CatMouth
14142,DogEye
14143,DogNose
14144,DogEye
14145,CatNose
14146,CatMouth
14147,CatFace
14148,DogEye
14149,DogNose
14150,CatEye
14151,DogEye
14152,CatMouth
14153,CatNose
14154,DogEye
14155,CatNose
14156,DogEye
14157,DogEye
14158,DogNose
14159,CatEye
14160,CatFace
14161,DogFace
14162,CatNose
14163,DogEye
14164,DogEye
14165,CatFace
14166,CatEye
14167,DogEye
14168,CatNose
14169,DogNose
14170,CatNose
14171,DogEye
14172,CatFace
14173,DogEye
14174,CatEye
14175,DogEye
14176,DogFace
14177,DogEye
14178,CatEye
14179,DogFace
14180,DogEye
14181,CatEye
14182,CatFace
14183,CatEye
14184,CatEye
14185,CatFace
14186,CatEye
14187,DogEye
14188,DogEye
14189,DogNose
14190,DogEye
14191,CatFace
14192,CatFace
14193,DogMouth
14194,DogEye
14195,DogEye
14196,DogEye
14197,CatMouth
14198,DogFace
14199,DogMouth
14200,CatEye
14201,DogEye
14202,CatEye
14203,DogNose
14204,CatEye
14205,CatMouth
14206,CatEye
14207,CatFace
14208,DogMouth
14209,CatEye
14210,CatFace
14211,CatEye
14212,CatEye
14213,DogEye
14214,DogEye
14215,DogMouth
14216,DogMouth
14217,DogEye
14218,CatEye
14219,CatFace
14220,CatMouth
14221,DogEye
14222,DogFace
14223,DogNose
14224,DogEye
14225,CatNose
14226,CatMouth
14227,DogFace
14228,DogNose
14229,CatMouth
14230,CatFace
14231,CatNose
14232,CatEye
14233,DogEye
14234,CatFace
14235,CatFace
14236,DogFace
14237,DogFace
14238,DogEye
14239,DogNose
14240,CatFace
14241,CatEye
14242,CatFace
14243,DogEye
14244,DogFace
14245,CatEye
14246,DogMouth
14247,DogEye
14248,CatEye
14249,CatNose
14250,CatMouth
14251,CatNose
14252,CatMouth
14253,CatEye
14254,DogNose
14255,DogMouth
14256,CatEye
14257,DogMouth
14258,CatEye
14259,CatMouth
14260,CatEye
14261,CatEye
14262,DogFace
14263,DogFace
14264,CatEye
14265,DogEye
14266,DogNose
14267,DogEye
14268,CatEye
14269,DogEye
14270,CatMouth
14271,DogEye
14272,CatMouth
14273,CatNose
14274,DogNose
14275,CatFace
14276,CatEye
14277,CatEye
14278,CatMouth
14279,DogEye
14280,DogFace
14281,DogFace
14282,DogEye
14283,CatEye
14284,DogEye
14285,CatMouth
14286,DogFace
14287,CatEye
14288,DogMouth
14289,DogMouth
14290,CatMouth
14291,DogMouth
14292,DogMouth
14293,DogMouth
14294,CatFace
14295,CatFace
14296,CatMouth
14297,DogEye
14298,DogFace
14299,DogEye
14300,CatMouth
14301,DogEye
14302,DogMouth
14303,CatEye
14304,CatEye
14305,DogFace
14306,DogNose
14307,CatNose
14308,CatEye
14309,DogFace
14310,CatEye
14311,CatNose
14312,DogEye
14313,DogFace
14314,DogMouth
14315,DogNose
14316,DogFace
14317,CatNose
14318,CatEye
14319,CatFace
14320,CatEye
14321,CatEye
14322,CatEye
14323,DogMouth
14324,DogEye
14325,DogEye
14326,DogMouth
14327,CatMouth
14328,CatEye
14329,DogEye
14330,CatEye
14331,CatMouth
14332,DogNose
14333,DogNose
14334,CatMouth
14335,CatEye
14336,DogNose
14337,CatFace
14338,CatNose
14339,CatNose
14340,DogMouth
14341,DogNose
14342,DogMouth
14343,CatMouth
14344,CatEye
14345,CatFace
14346,CatEye
14347,DogFace
14348,DogEye
14349,CatMouth
14350,DogFace
14351,CatMouth
14352,CatNose
14353,DogFace
14354,DogFace
14355,DogMouth
14356,CatEye
14357,DogEye
14358,DogFace
14359,CatEye
14360,CatEye
14361,CatEye
14362,CatFace
14363,DogFace
14364,DogNose
14365,CatMouth
14366,DogMouth
14367,DogMouth
14368,DogFace
14369,DogEye
14370,DogEye
14371,DogEye
14372,CatFace
14373,CatEye
14374,DogNose
14375,DogEye
14376,DogEye
14377,CatFace
14378,DogEye
14379,DogFace
14380,CatMouth
14381,CatNose
14382,DogEye
14383,DogEye
14384,DogFace
14385,CatFace
14386,DogEye
14387,DogEye
14388,CatEye
14389,CatMouth
14390,DogEye
14391,CatNose
14392,DogNose
14393,CatMouth
14394,CatNose
14395,DogFace
14396,DogFace
14397,DogMouth
14398,DogMouth
14399,CatEye
14400,CatMouth
14401,DogFace
14402,CatMouth
14403,CatMouth
14404,CatFace
14405,CatMouth
14406,CatEye
14407,DogNose
14408,CatMouth
14409,DogFace
14410,DogNose
14411,DogNose
14412,DogEye
14413,CatFace
14414,DogEye
14415,DogEye
14416,CatMouth
14417,DogEye
14418,CatFace
14419,CatMouth
14420,CatEye
14421,CatEye
14422,CatNose
14423,CatNose
14424,CatFace
14425,CatEye
14426,CatEye
14427,CatNose
14428,CatEye
14429,CatEye
14430,CatEye
14431,CatMouth
14432,DogFace
14433,CatEye
14434,DogMouth
14435,CatMouth
14436,CatEye
14437,CatEye
14438,CatEye
14439,CatMouth
14440,DogMouth
14441,CatMouth
14442,DogEye
14443,CatEye
14444,CatEye
14445,CatFace
14446,DogMouth
14447,CatEye
14448,CatEye
14449,CatEye
14450,DogEye
14451,DogNose
14452,CatFace
14453,DogEye
14454,DogNose
14455,DogEye
14456,DogEye
14457,DogNose
14458,CatEye
14459,CatEye
14460,CatNose
14461,CatEye
14462,CatNose
14463,CatEye
14464,DogFace
14465,DogFace
14466,CatEye
14467,CatEye
14468,CatEye
14469,DogFace
14470,CatMouth
14471,CatEye
14472,DogFace
14473,DogFace
14474,CatEye
14475,CatMouth
14476,DogFace
14477,DogMouth
14478,DogEye
14479,DogFace
14480,DogEye
14481,CatNose
14482,CatNose
14483,DogNose
14484,DogEye
14485,DogEye
14486,DogMouth
14487,DogEye
14488,CatEye
14489,DogEye
14490,CatMouth
14491,DogNose
14492,CatMouth
14493,DogEye
14494,DogMouth
14495,CatMouth
14496,DogMouth
14497,CatEye
14498,DogFace
14499,DogEye
14500,CatMouth
14501,CatFace
14502,CatNose
14503,CatEye
14504,DogNose
14505,DogEye
14506,DogNose
14507,DogEye
14508,DogEye
14509,DogMouth
14510,CatEye
14511,DogMouth
14512,CatNose
14513,CatEye
14514,DogMouth
14515,CatNose
14516,CatEye
14517,CatEye
14518,DogNose
14519,CatEye
14520,CatEye
14521,CatNose
14522,DogMouth
14523,CatEye
14524,DogEye
14525,CatEye
14526,DogEye
14527,CatEye
14528,CatMouth
14529,DogEye
14530,CatMouth
14531,DogFace
14532,CatEye
14533,CatFace
14534,CatEye
14535,CatEye
14536,DogNose
14537,CatEye
14538,CatFace
14539,DogEye
14540,CatMouth
14541,DogEye
14542,DogNose
14543,DogNose
14544,CatFace
14545,DogEye
14546,DogFace
14547,CatMouth
14548,CatNose
14549,DogEye
14550,CatEye
14551,DogEye
14552,CatFace
14553,CatEye
14554,CatMouth
14555,CatFace
14556,CatEye
14557,CatMouth
14558,CatNose
14559,CatFace
14560,CatFace
14561,DogFace
14562,CatFace
14563,DogEye
14564,DogEye
14565,CatNose
14566,CatEye
14567,CatEye
14568,CatNose
14569,CatFace
14570,CatEye
14571,DogMouth
14572,DogFace
14573,DogMouth
14574,CatNose
14575,CatFace
14576,CatMouth
14577,DogNose
14578,DogMouth
14579,CatMouth
14580,CatFace
14581,CatEye
14582,CatMouth
14583,CatEye
14584,DogMouth
14585,DogMouth
14586,CatNose
14587,DogNose
14588,CatNose
14589,CatEye
14590,DogEye
14591,DogMouth
14592,DogEye
14593,DogNose
14594,DogEye
14595,CatEye
14596,DogEye
14597,DogFace
14598,CatEye
14599,CatEye
14600,CatMouth
14601,CatEye
14602,CatEye
14603,DogEye
14604,CatNose
14605,CatEye
14606,CatEye
14607,CatNose
14608,CatEye
14609,DogMouth
14610,CatMouth
14611,DogEye
14612,CatEye
14613,DogEye
14614,DogEye
14615,CatEye
14616,CatMouth
14617,CatEye
14618,CatFace
14619,DogEye
14620,CatFace
14621,CatFace
14622,CatEye
14623,CatFace
14624,CatEye
14625,CatFace
14626,CatMouth
14627,CatEye
14628,CatMouth
14629,DogEye
14630,CatNose
14631,DogNose
14632,CatMouth
14633,CatEye
14634,CatFace
14635,CatEye
14636,CatFace
14637,DogMouth
14638,CatNose
14639,DogFace
14640,DogFace
14641,CatEye
14642,CatNose
14643,CatNose
14644,CatNose
14645,CatEye
14646,DogEye
14647,CatNose
14648,CatEye
14649,DogNose
14650,DogFace
14651,DogMouth
14652,CatNose
14653,DogEye
14654,CatFace
14655,DogMouth
14656,CatEye
14657,DogFace
14658,CatFace
14659,CatNose
14660,CatNose
14661,DogEye
14662,CatNose
14663,CatFace
14664,CatFace
14665,DogEye
14666,DogEye
14667,DogNose
14668,CatMouth
14669,DogEye
14670,CatEye
14671,CatNose
14672,DogMouth
14673,DogFace
14674,DogEye
14675,DogEye
14676,CatFace
14677,DogEye
14678,DogEye
14679,CatEye
14680,CatNose
14681,CatEye
14682,DogEye
14683,CatMouth
14684,DogEye
14685,CatEye
14686,DogEye
14687,DogFace
14688,DogNose
14689,DogEye
14690,DogNose
14691,DogEye
14692,DogNose
14693,DogMouth
14694,DogFace
14695,DogEye
14696,CatMouth
14697,DogMouth
14698,CatEye
14699,DogEye
14700,DogEye
14701,DogFace
14702,DogMouth
14703,DogEye
14704,DogEye
14705,DogFace
14706,CatNose
14707,DogMouth
14708,CatEye
14709,CatFace
14710,DogMouth
14711,DogNose
14712,CatMouth
14713,DogEye
14714,CatFace
14715,CatEye
14716,DogMouth
14717,CatMouth
14718,CatEye
14719,CatMouth
14720,CatEye
14721,CatNose
14722,CatMouth
14723,DogEye
14724,DogMouth
14725,CatNose
14726,DogNose
14727,CatEye
14728,CatEye
14729,DogEye
14730,CatMouth
14731,DogEye
14732,CatNose
14733,CatMouth
14734,CatMouth
14735,CatEye
14736,CatFace
14737,DogFace
14738,CatFace
14739,CatEye
14740,CatMouth
14741,DogMouth
14742,CatFace
14743,CatEye
14744,DogEye
14745,DogMouth
14746,CatNose
14747,CatEye
14748,DogMouth
14749,DogEye
14750,DogEye
14751,DogEye
14752,DogFace
14753,DogFace
14754,DogMouth
14755,CatMouth
14756,DogEye
14757,DogEye
14758,CatFace
14759,CatFace
14760,CatEye
14761,CatEye
14762,CatFace
14763,DogNose
14764,CatNose
14765,CatMouth
14766,CatMouth
14767,DogFace
14768,CatEye
14769,CatMouth
14770,CatEye
14771,DogMouth
14772,CatEye
14773,DogNose
14774,CatNose
14775,DogEye
14776,CatMouth
14777,DogNose
14778,CatMouth
14779,CatFace
14780,DogEye
14781,CatEye
14782,DogEye
14783,CatNose
14784,CatEye
14785,DogEye
14786,CatFace
14787,CatEye
14788,DogNose
14789,DogEye
14790,CatMouth
14791,CatFace
14792,CatFace
14793,CatEye
14794,DogFace
14795,DogEye
14796,CatEye
14797,DogEye
14798,CatMouth
14799,CatNose
14800,CatMouth
14801,DogMouth
14802,DogNose
14803,DogFace
14804,DogFace
14805,DogNose
14806,DogEye
14807,DogFace
14808,DogNose
14809,CatEye
14810,DogEye
14811,DogEye
14812,DogEye
14813,DogMouth
14814,CatMouth
14815,DogFace
14816,CatNose
14817,CatEye
14818,CatEye
14819,DogEye
14820,CatFace
14821,CatNose
14822,CatEye
14823,CatEye
14824,DogNose
14825,CatEye
14826,DogMouth
14827,CatMouth
14828,CatEye
14829,CatNose
14830,CatNose
14831,DogEye
14832,DogNose
14833,CatFace
14834,CatEye
14835,DogEye
14836,DogFace
14837,CatEye
14838,DogEye
14839,DogNose
14840,CatMouth
14841,CatMouth
14842,CatFace
14843,CatMouth
14844,DogEye
14845,CatFace
14846,DogEye
14847,DogEye
14848,CatEye
14849,CatNose
14850,DogMouth
14851,CatFace
14852,DogFace
14853,DogNose
14854,DogNose
14855,DogEye
14856,CatEye
14857,CatNose
14858,CatFace
14859,CatEye
14860,DogMouth
14861,CatFace
14862,DogMouth
14863,CatFace
14864,DogMouth
14865,CatEye
14866,CatEye
14867,CatNose
14868,CatNose
14869,CatEye
14870,CatMouth
14871,CatEye
14872,CatEye
14873,CatNose
14874,CatEye
14875,CatEye
14876,DogEye
14877,CatFace
14878,DogFace
14879,CatEye
14880,CatEye
14881,DogMouth
14882,CatNose
14883,CatNose
14884,CatEye
14885,CatEye
14886,DogMouth
14887,CatNose
14888,CatEye
14889,CatEye
14890,DogEye
14891,CatEye
14892,DogMouth
14893,CatEye
14894,DogEye
14895,DogMouth
14896,CatMouth
14897,CatFace
14898,DogEye
14899,DogEye
14900,CatEye
14901,CatEye
14902,CatNose
14903,DogEye
14904,DogEye
14905,CatFace
14906,DogFace
14907,CatMouth
14908,CatEye
14909,DogEye
14910,CatMouth
14911,DogFace
14912,DogEye
14913,DogNose
14914,CatMouth
14915,CatEye
14916,CatFace
14917,DogFace
14918,CatEye
14919,DogNose
14920,DogEye
14921,DogEye
14922,CatEye
14923,CatEye
14924,DogEye
14925,DogFace
14926,DogNose
14927,DogEye
14928,DogNose
14929,CatNose
14930,DogEye
14931,CatNose
14932,CatFace
14933,CatMouth
14934,CatFace
14935,CatEye
14936,DogFace
14937,CatMouth
14938,CatEye
14939,DogEye
14940,DogEye
14941,DogEye
14942,CatMouth
14943,CatMouth
14944,DogMouth
14945,CatEye
14946,CatFace
14947,CatEye
14948,CatNose
14949,CatNose
14950,DogEye
14951,CatEye
14952,DogNose
14953,DogNose
14954,DogEye
14955,DogNose
14956,CatFace
14957,CatEye
14958,DogFace
14959,DogMouth
14960,CatEye
14961,DogEye
14962,DogEye
14963,CatMouth
14964,DogMouth
14965,CatEye
14966,DogEye
14967,DogEye
14968,CatEye
14969,CatMouth
14970,CatFace
14971,DogEye
14972,DogEye
14973,CatEye
14974,CatEye
14975,DogFace
14976,CatMouth
14977,CatMouth
14978,CatNose
14979,CatFace
14980,DogNose
14981,DogNose
14982,DogFace
14983,CatEye
14984,DogNose
14985,CatNose
14986,CatMouth
14987,CatEye
14988,DogNose
14989,DogFace
14990,DogMouth
14991,CatNose
14992,CatEye
14993,DogEye
14994,CatEye
14995,DogEye
14996,DogEye
14997,DogMouth
14998,CatNose
14999,DogMouth
15000,DogFace
15001,CatEye
15002,CatEye
15003,CatEye
15004,CatEye
15005,DogMouth
15006,CatEye
15007,DogMouth
15008,CatMouth
15009,CatNose
15010,DogEye
15011,CatNose
15012,DogNose
15013,DogNose
15014,DogFace
15015,CatFace
15016,CatFace
15017,CatMouth
15018,DogNose
15019,CatEye
15020,DogNose
15021,CatEye
15022,CatFace
15023,CatEye
15024,CatNose
15025,CatFace
15026,DogEye
15027,CatEye
15028,DogEye
15029,CatNose
15030,DogFace
15031,DogEye
15032,CatMouth
15033,DogFace
15034,DogFace
15035,CatEye
15036,DogEye
15037,CatEye
15038,DogNose
15039,DogFace
15040,CatFace
15041,DogNose
15042,CatFace
15043,DogEye
15044,DogNose
15045,DogMouth
15046,DogMouth
15047,CatEye
15048,CatEye
15049,DogEye
15050,CatMouth
15051,CatMouth
15052,CatNose
15053,CatNose
15054,CatEye
15055,DogNose
15056,DogFace
15057,DogEye
15058,CatEye
15059,CatMouth
15060,DogFace
15061,CatNose
15062,DogFace
15063,CatMouth
15064,CatEye
15065,CatFace
15066,CatEye
15067,CatEye
15068,DogFace
15069,DogNose
15070,CatNose
15071,DogMouth
15072,DogFace
15073,CatNose
15074,DogEye
15075,CatMouth
15076,DogMouth
15077,DogEye
15078,CatFace
15079,DogEye
15080,CatMouth
15081,DogEye
15082,DogEye
15083,DogNose
15084,CatEye
15085,DogMouth
15086,CatMouth
15087,CatEye
15088,CatFace
15089,DogNose
15090,CatFace
15091,DogMouth
15092,DogEye
15093,DogEye
15094,CatFace
15095,DogNose
15096,DogFace
15097,CatEye
15098,DogEye
15099,CatEye
15100,CatMouth
15101,DogEye
15102,CatFace
15103,DogEye
15104,DogFace
15105,DogEye
15106,DogMouth
15107,DogFace
15108,CatMouth
15109,CatEye
15110,CatEye
15111,DogFace
15112,CatEye
15113,CatMouth
15114,CatFace
15115,CatFace
15116,DogEye
15117,CatNose
15118,DogEye
15119,CatEye
15120,CatNose
15121,CatEye
15122,DogFace
15123,CatFace
15124,CatEye
15125,DogNose
15126,CatEye
15127,CatFace
15128,DogFace
15129,DogNose
15130,CatEye
15131,DogEye
15132,CatEye
15133,DogEye
15134,CatNose
15135,CatEye
15136,CatFace
15137,DogFace
15138,CatNose
15139,CatFace
15140,DogEye
15141,CatEye
15142,CatEye
15143,CatMouth
15144,CatFace
15145,DogMouth
15146,CatFace
15147,DogMouth
15148,DogEye
15149,CatEye
15150,DogFace
15151,CatNose
15152,DogNose
15153,CatMouth
15154,DogEye
15155,DogNose
15156,CatEye
15157,DogFace
15158,CatMouth
15159,CatNose
15160,CatMouth
15161,DogFace
15162,DogEye
15163,DogMouth
15164,CatFace
15165,CatFace
15166,CatEye
15167,CatEye
15168,CatEye
15169,DogEye
15170,CatEye
15171,CatEye
15172,CatFace
15173,CatEye
15174,CatNose
15175,CatMouth
15176,DogEye
15177,DogNose
15178,DogEye
15179,CatMouth
15180,DogFace
15181,CatFace
15182,CatNose
15183,DogEye
15184,CatEye
15185,DogNose
15186,CatFace
15187,CatEye
15188,DogMouth
15189,CatEye
15190,CatFace
15191,DogMouth
15192,DogNose
15193,CatEye
15194,CatFace
15195,DogEye
15196,DogMouth
15197,DogMouth
15198,DogMouth
15199,CatEye
15200,CatNose
15201,DogEye
15202,CatMouth
15203,DogEye
15204,DogFace
15205,CatNose
15206,DogFace
15207,DogMouth
15208,DogEye
15209,DogEye
15210,CatEye
15211,DogEye
15212,CatNose
15213,DogFace
15214,CatEye
15215,CatEye
15216,DogEye
15217,DogFace
15218,DogFace
15219,CatFace
15220,CatEye
15221,DogFace
15222,CatFace
15223,DogMouth
15224,CatEye
15225,CatNose
15226,CatMouth
15227,DogMouth
15228,CatEye
15229,DogEye
15230,CatEye
15231,CatFace
15232,DogNose
15233,CatNose
15234,CatFace
15235,DogEye
15236,DogEye
15237,DogEye
15238,CatEye
15239,DogMouth
15240,CatEye
15241,DogEye
15242,DogFace
15243,DogFace
15244,CatEye
15245,DogFace
15246,CatFace
15247,CatNose
15248,DogEye
15249,CatFace
15250,CatFace
15251,DogNose
15252,DogMouth
15253,DogFace
15254,CatEye
15255,DogMouth
15256,CatEye
15257,DogNose
15258,DogEye
15259,DogNose
15260,DogEye
15261,CatEye
15262,DogMouth
15263,CatEye
15264,DogMouth
15265,DogMouth
15266,DogEye
15267,DogNose
15268,CatNose
15269,CatMouth
15270,CatMouth
15271,CatEye
15272,DogNose
15273,CatMouth
15274,DogEye
15275,CatFace
15276,DogFace
15277,CatFace
15278,DogFace
15279,CatNose
15280,DogEye
15281,CatNose
15282,DogEye
15283,CatNose
15284,CatFace
15285,CatEye
15286,DogEye
15287,CatEye
15288,CatMouth
15289,DogNose
15290,CatEye
15291,DogFace
15292,DogEye
15293,CatFace
15294,DogEye
15295,CatEye
15296,CatEye
15297,CatFace
15298,DogEye
15299,DogMouth
15300,DogMouth
15301,DogMouth
15302,CatEye
15303,DogNose
15304,CatMouth
15305,DogNose
15306,DogFace
15307,CatEye
15308,DogMouth
15309,CatEye
15310,DogMouth
15311,CatEye
15312,CatNose
15313,CatNose
15314,CatEye
15315,DogMouth
15316,CatFace
15317,CatNose
15318,DogEye
15319,CatMouth
15320,DogEye
15321,CatMouth
15322,DogFace
15323,CatEye
15324,CatEye
15325,DogMouth
15326,CatEye
15327,CatMouth
15328,CatMouth
15329,CatEye
15330,DogNose
15331,CatEye
15332,CatEye
15333,DogEye
15334,DogFace
15335,DogEye
15336,DogEye
15337,DogNose
15338,CatFace
15339,DogEye
15340,CatNose
15341,CatMouth
15342,DogEye
15343,CatEye
15344,DogEye
15345,CatEye
15346,CatFace
15347,CatNose
15348,CatNose
15349,CatMouth
15350,DogEye
15351,DogMouth
15352,DogMouth
15353,DogNose
15354,DogEye
15355,DogNose
15356,DogNose
15357,DogEye
15358,CatEye
15359,DogEye
15360,CatEye
15361,DogEye
15362,CatFace
15363,CatMouth
15364,CatEye
15365,DogEye
15366,CatEye
15367,DogMouth
15368,DogEye
15369,CatFace
15370,CatEye
15371,CatMouth
15372,DogEye
15373,DogNose
15374,CatEye
15375,CatFace
15376,CatEye
15377,DogMouth
15378,DogFace
15379,DogNose
15380,CatMouth
15381,DogEye
15382,CatFace
15383,DogMouth
15384,CatFace
15385,DogNose
15386,DogEye
15387,CatEye
15388,DogFace
15389,CatMouth
15390,DogEye
15391,DogFace
15392,CatFace
15393,DogEye
15394,CatEye
15395,CatFace
15396,CatEye
15397,CatEye
15398,CatMouth
15399,CatEye
15400,DogEye
15401,CatMouth
15402,CatEye
15403,CatFace
15404,DogEye
15405,CatMouth
15406,CatNose
15407,DogFace
15408,CatMouth
15409,CatEye
15410,CatEye
15411,DogMouth
15412,CatEye
15413,CatEye
15414,DogEye
15415,CatEye
15416,DogEye
15417,CatEye
15418,CatNose
15419,CatMouth
15420,DogMouth
15421,CatMouth
15422,DogNose
15423,DogEye
15424,CatFace
15425,DogEye
15426,DogMouth
15427,CatMouth
15428,DogEye
15429,DogEye
15430,DogEye
15431,DogNose
15432,CatFace
15433,DogEye
15434,CatMouth
15435,DogNose
15436,DogMouth
15437,DogEye
15438,CatNose
15439,CatNose
15440,DogEye
15441,CatFace
15442,CatNose
15443,CatFace
15444,DogMouth
15445,CatFace
15446,DogMouth
15447,CatEye
15448,CatEye
15449,DogEye
15450,DogEye
15451,CatEye
15452,CatNose
15453,DogMouth
15454,CatMouth
15455,CatMouth
15456,DogFace
15457,DogFace
15458,DogFace
15459,CatEye
15460,CatMouth
15461,DogEye
15462,CatFace
15463,DogEye
15464,CatFace
15465,CatEye
15466,CatNose
15467,DogEye
15468,DogMouth
15469,CatMouth
15470,DogFace
15471,DogEye
15472,CatNose
15473,DogNose
15474,DogNose
15475,CatMouth
15476,CatNose
15477,DogEye
15478,DogNose
15479,DogNose
15480,CatNose
15481,CatMouth
15482,CatFace
15483,DogNose
15484,DogEye
15485,DogMouth
15486,CatMouth
15487,CatFace
15488,CatFace
15489,CatNose
15490,CatMouth
15491,CatFace
15492,DogMouth
15493,DogEye
15494,DogMouth
15495,CatNose
15496,CatEye
15497,DogNose
15498,CatNose
15499,CatMouth
15500,DogEye
15501,DogNose
15502,CatNose
15503,DogEye
15504,DogMouth
15505,DogEye
15506,CatNose
15507,DogEye
15508,CatEye
15509,DogNose
15510,CatEye
15511,DogEye
15512,CatEye
15513,CatEye
15514,DogFace
15515,CatMouth
15516,DogEye
15517,DogEye
15518,DogEye
15519,DogFace
15520,CatFace
15521,DogEye
15522,DogEye
15523,DogNose
15524,CatFace
15525,CatEye
15526,DogEye
15527,CatEye
15528,CatEye
15529,CatFace
15530,CatEye
15531,CatEye
15532,CatEye
15533,DogEye
15534,DogNose
15535,DogFace
15536,CatEye
15537,CatNose
15538,DogMouth
15539,DogNose
15540,CatMouth
15541,DogEye
15542,CatMouth
15543,CatNose
15544,CatNose
15545,CatEye
15546,CatFace
15547,CatEye
15548,DogEye
15549,CatEye
15550,CatNose
15551,CatFace
15552,CatEye
15553,CatEye
15554,CatMouth
15555,CatNose
15556,CatFace
15557,DogEye
15558,CatMouth
15559,CatEye
15560,CatEye
15561,CatEye
15562,CatEye
15563,DogEye
15564,DogFace
15565,CatEye
15566,CatEye
15567,DogMouth
15568,CatFace
15569,DogMouth
15570,DogEye
15571,DogMouth
15572,DogNose
15573,DogFace
15574,CatEye
15575,CatEye
15576,CatEye
15577,CatFace
15578,CatEye
15579,CatNose
15580,CatEye
15581,CatNose
15582,CatMouth
15583,DogMouth
15584,CatEye
15585,CatFace
15586,CatEye
15587,CatMouth
15588,CatEye
15589,DogNose
15590,CatMouth
15591,CatNose
15592,DogEye
15593,DogEye
15594,DogMouth
15595,CatEye
15596,DogEye
15597,CatFace
15598,CatEye
15599,DogEye
15600,CatEye
15601,CatEye
15602,CatFace
15603,DogMouth
15604,CatEye
15605,CatEye
15606,CatFace
15607,DogEye
15608,CatFace
15609,DogNose
15610,CatEye
15611,DogNose
15612,DogMouth
15613,DogEye
15614,DogMouth
15615,CatFace
15616,CatMouth
15617,DogEye
15618,DogEye
15619,CatEye
15620,CatNose
15621,CatMouth
15622,CatNose
15623,DogNose
15624,DogEye
15625,CatEye
15626,CatNose
15627,DogFace
15628,CatFace
15629,CatFace
15630,DogEye
15631,CatFace
15632,DogEye
15633,CatEye
15634,DogEye
15635,DogFace
15636,CatNose
15637,CatFace
15638,DogFace
15639,DogMouth
15640,CatEye
15641,DogNose
15642,CatMouth
15643,DogEye
15644,CatFace
15645,DogNose
15646,DogEye
15647,DogEye
15648,CatNose
15649,DogEye
15650,CatFace
15651,DogEye
15652,DogMouth
15653,DogMouth
15654,CatMouth
15655,DogNose
15656,CatNose
15657,CatEye
15658,CatMouth
15659,CatNose
15660,DogEye
15661,CatFace
15662,DogFace
15663,DogEye
15664,CatMouth
15665,DogFace
15666,CatMouth
15667,CatNose
15668,CatEye
15669,DogEye
15670,DogMouth
15671,CatEye
15672,DogEye
15673,CatNose
15674,CatEye
15675,CatNose
15676,DogEye
15677,DogMouth
15678,DogFace
15679,DogFace
15680,CatNose
15681,CatFace
15682,DogMouth
15683,CatEye
15684,CatNose
15685,CatEye
15686,CatEye
15687,CatMouth
15688,DogEye
15689,CatMouth
15690,DogFace
15691,DogEye
15692,CatEye
15693,CatNose
15694,DogFace
15695,DogEye
15696,CatNose
15697,DogNose
15698,DogNose
15699,CatNose
15700,CatEye
15701,DogNose
15702,CatEye
15703,CatNose
15704,DogNose
15705,DogNose
15706,CatFace
15707,CatFace
15708,CatEye
15709,CatFace
15710,CatMouth
15711,CatFace
15712,CatFace
15713,CatMouth
15714,DogNose
15715,CatNose
15716,DogEye
15717,DogNose
15718,DogEye
15719,DogEye
15720,DogNose
15721,DogEye
15722,DogEye
15723,CatNose
15724,CatEye
15725,CatEye
15726,DogNose
15727,CatEye
15728,CatEye
15729,CatFace
15730,DogMouth
15731,CatMouth
15732,DogEye
15733,CatEye
15734,CatEye
15735,CatFace
15736,DogNose
15737,CatEye
15738,CatEye
15739,CatMouth
15740,CatFace
15741,CatFace
15742,DogEye
15743,CatFace
15744,CatEye
15745,DogFace
15746,DogEye
15747,CatEye
15748,CatMouth
15749,CatFace
15750,CatNose
15751,DogMouth
15752,CatFace
15753,CatFace
15754,DogFace
15755,DogFace
15756,CatEye
15757,CatEye
15758,CatFace
15759,CatFace
15760,DogNose
15761,DogNose
15762,DogNose
15763,DogNose
15764,CatFace
15765,DogEye
15766,CatFace
15767,CatNose
15768,DogEye
15769,CatEye
15770,DogEye
15771,CatFace
15772,CatFace
15773,DogMouth
15774,DogNose
15775,DogEye
15776,DogEye
15777,DogEye
15778,CatEye
15779,DogFace
15780,DogMouth
15781,CatFace
15782,DogNose
15783,DogEye
15784,CatNose
15785,CatFace
15786,CatFace
15787,DogEye
15788,DogMouth
15789,DogEye
15790,DogEye
15791,DogEye
15792,CatNose
15793,CatFace
15794,CatMouth
15795,CatEye
15796,CatEye
15797,DogEye
15798,CatNose
15799,CatMouth
15800,DogNose
15801,CatMouth
15802,DogMouth
15803,DogEye
15804,CatFace
15805,CatEye
15806,CatNose
15807,DogEye
15808,DogFace
15809,DogEye
15810,DogMouth
15811,DogEye
15812,CatNose
15813,CatEye
15814,CatNose
15815,CatFace
15816,DogMouth
15817,CatEye
15818,CatNose
15819,CatEye
15820,DogEye
15821,CatFace
15822,DogNose
15823,DogFace
15824,DogNose
15825,CatEye
15826,CatFace
15827,CatEye
15828,DogFace
15829,DogMouth
15830,CatFace
15831,CatEye
15832,CatNose
15833,CatNose
15834,CatEye
15835,CatFace
15836,DogMouth
15837,DogEye
15838,CatEye
15839,DogMouth
15840,CatEye
15841,DogFace
15842,CatMouth
15843,CatEye
15844,CatEye
15845,DogEye
15846,CatEye
15847,DogEye
15848,DogMouth
15849,CatFace
15850,CatEye
15851,CatMouth
15852,CatNose
15853,DogMouth
15854,DogEye
15855,DogMouth
15856,DogMouth
15857,DogMouth
15858,CatEye
15859,DogEye
15860,CatFace
15861,DogFace
15862,DogNose
15863,DogEye
15864,CatEye
15865,DogNose
15866,CatMouth
15867,CatEye
15868,CatEye
15869,CatEye
15870,CatNose
15871,CatMouth
15872,CatFace
15873,DogEye
15874,DogFace
15875,CatEye
15876,DogFace
15877,CatNose
15878,CatEye
15879,DogNose
15880,DogFace
15881,DogFace
15882,CatEye
15883,DogMouth
15884,CatNose
15885,CatEye
15886,DogEye
15887,CatEye
15888,CatFace
15889,CatNose
15890,CatEye
15891,CatEye
15892,CatMouth
15893,CatEye
15894,CatFace
15895,DogEye
15896,CatFace
15897,CatNose
15898,DogEye
15899,DogNose
15900,DogEye
15901,CatFace
15902,DogFace
15903,CatEye
15904,DogNose
15905,CatEye
15906,DogEye
15907,CatFace
15908,DogMouth
15909,CatMouth
15910,CatNose
15911,DogEye
15912,CatMouth
15913,CatEye
15914,DogMouth
15915,CatMouth
15916,CatEye
15917,CatNose
15918,DogMouth
15919,DogEye
15920,CatEye
15921,CatEye
15922,DogFace
15923,CatMouth
15924,DogMouth
15925,CatEye
15926,CatEye
15927,CatEye
15928,DogEye
15929,DogEye
15930,CatEye
15931,CatEye
15932,DogNose
15933,DogMouth
15934,CatEye
15935,DogFace
15936,CatFace
15937,DogMouth
15938,DogMouth
15939,CatNose
15940,CatFace
15941,DogEye
15942,CatEye
15943,CatEye
15944,CatEye
15945,DogEye
15946,DogMouth
15947,CatEye
15948,DogEye
15949,DogNose
15950,CatEye
15951,CatEye
15952,DogMouth
15953,CatEye
15954,CatEye
15955,CatNose
15956,CatNose
15957,DogNose
15958,DogEye
15959,DogFace
15960,CatFace
15961,CatNose
15962,DogNose
15963,DogFace
15964,CatMouth
15965,CatMouth
15966,DogEye
15967,CatEye
15968,DogFace
15969,CatEye
15970,CatMouth
15971,CatFace
15972,CatEye
15973,CatNose
15974,CatEye
15975,DogEye
15976,CatNose
15977,CatFace
15978,CatEye
15979,DogNose
15980,CatMouth
15981,CatEye
15982,DogNose
15983,CatEye
15984,DogEye
15985,DogFace
15986,CatEye
15987,CatEye
15988,CatNose
15989,DogEye
15990,DogEye
15991,CatNose
15992,CatEye
15993,DogMouth
15994,CatEye
15995,DogEye
15996,DogEye
15997,DogEye
15998,DogEye
15999,CatFace
16000,DogEye
16001,CatMouth
16002,CatEye
16003,CatEye
16004,DogMouth
16005,CatMouth
16006,DogNose
16007,CatMouth
16008,CatEye
16009,DogMouth
16010,DogEye
16011,CatMouth
16012,DogFace
16013,DogEye
16014,DogMouth
16015,CatEye
16016,CatEye
16017,CatEye
16018,DogFace
16019,DogMouth
16020,CatFace
16021,DogFace
16022,DogFace
16023,DogFace
16024,CatEye
16025,DogEye
16026,CatEye
16027,DogFace
16028,DogNose
16029,CatFace
16030,DogFace
16031,DogEye
16032,DogMouth
16033,CatEye
16034,DogMouth
16035,CatMouth
16036,DogEye
16037,DogFace
16038,CatEye
16039,CatNose
16040,CatEye
16041,DogFace
16042,DogNose
16043,CatNose
16044,DogMouth
16045,DogEye
16046,DogEye
16047,CatFace
16048,CatMouth
16049,CatNose
16050,DogMouth
16051,CatFace
16052,CatEye
16053,DogMouth
16054,CatEye
16055,CatEye
16056,DogMouth
16057,CatNose
16058,DogMouth
16059,DogEye
16060,CatFace
16061,DogNose
16062,DogEye
16063,CatFace
16064,CatNose
16065,DogNose
16066,DogNose
16067,DogMouth
16068,DogNose
16069,DogEye
16070,CatMouth
16071,DogMouth
16072,CatFace
16073,DogNose
16074,CatFace
16075,DogFace
16076,CatNose
16077,DogEye
16078,CatNose
16079,CatEye
16080,DogNose
16081,CatNose
16082,DogEye
16083,DogEye
16084,DogNose
16085,DogFace
16086,CatEye
16087,CatEye
16088,DogMouth
16089,DogNose
16090,DogEye
16091,DogEye
16092,DogEye
16093,CatEye
16094,CatFace
16095,DogNose
16096,CatEye
16097,DogEye
16098,CatEye
16099,DogMouth
16100,CatFace
16101,DogNose
16102,CatFace
16103,CatMouth
16104,DogFace
16105,DogFace
16106,DogFace
16107,CatNose
16108,DogFace
16109,CatEye
16110,DogEye
16111,DogMouth
16112,DogEye
16113,CatNose
16114,DogEye
16115,CatMouth
16116,DogEye
16117,CatNose
16118,DogEye
16119,CatEye
16120,DogEye
16121,CatEye
16122,CatNose
16123,DogEye
16124,CatEye
16125,DogFace
16126,DogNose
16127,DogEye
16128,DogEye
16129,CatMouth
16130,DogNose
16131,CatEye
16132,CatFace
16133,CatFace
16134,CatNose
16135,DogEye
16136,DogEye
16137,DogNose
16138,CatEye
16139,DogEye
16140,CatEye
16141,CatMouth
16142,DogMouth
16143,CatMouth
16144,CatMouth
16145,DogMouth
16146,CatEye
16147,CatEye
16148,DogFace
16149,DogEye
16150,DogMouth
16151,CatNose
16152,DogEye
16153,DogFace
16154,CatEye
16155,CatFace
16156,CatMouth
16157,CatEye
16158,CatNose
16159,CatMouth
16160,DogEye
16161,DogEye
16162,DogFace
16163,CatFace
16164,CatNose
16165,CatFace
16166,CatFace
16167,CatMouth
16168,DogEye
16169,DogEye
16170,DogMouth
16171,DogEye
16172,DogFace
16173,DogFace
16174,DogEye
16175,DogMouth
16176,CatNose
16177,DogEye
16178,DogMouth
16179,CatFace
16180,CatFace
16181,CatNose
16182,CatMouth
16183,DogMouth
16184,CatFace
16185,CatEye
16186,CatEye
16187,CatEye
16188,CatFace
16189,CatNose
16190,DogEye
16191,CatNose
16192,DogEye
16193,CatEye
16194,DogEye
16195,CatFace
16196,CatMouth
16197,DogMouth
16198,DogEye
16199,DogMouth
16200,CatMouth
16201,DogEye
16202,DogFace
16203,CatMouth
16204,CatNose
16205,CatEye
16206,CatEye
16207,CatFace
16208,DogEye
16209,DogNose
16210,DogMouth
16211,DogEye
16212,DogFace
16213,DogNose
16214,DogNose
16215,DogEye
16216,DogMouth
16217,CatEye
16218,CatNose
16219,CatMouth
16220,DogEye
16221,CatFace
16222,DogNose
16223,DogMouth
16224,CatFace
16225,CatFace
16226,DogFace
16227,CatNose
16228,DogFace
16229,CatEye
16230,CatNose
16231,CatEye
16232,CatFace
16233,DogMouth
16234,DogMouth
16235,DogMouth
16236,DogFace
16237,DogNose
16238,CatMouth
16239,CatEye
16240,DogFace
16241,CatEye
16242,DogEye
16243,CatFace
16244,CatFace
16245,DogFace
16246,CatNose
16247,CatNose
16248,CatEye
16249,CatEye
16250,DogFace
16251,DogMouth
16252,DogFace
16253,DogEye
16254,DogEye
16255,CatMouth
16256,CatEye
16257,DogFace
16258,DogNose
16259,CatEye
16260,DogNose
16261,CatNose
16262,CatMouth
16263,DogMouth
16264,DogNose
16265,CatEye
16266,DogEye
16267,DogNose
16268,CatFace
16269,DogEye
16270,CatEye
16271,CatFace
16272,DogNose
16273,DogEye
16274,CatMouth
16275,CatEye
16276,CatEye
16277,CatFace
16278,DogFace
16279,DogEye
16280,CatNose
16281,DogNose
16282,DogFace
16283,CatEye
16284,CatMouth
16285,CatMouth
16286,DogEye
16287,CatMouth
16288,CatNose
16289,CatNose
16290,CatMouth
16291,CatMouth
16292,CatEye
16293,CatEye
16294,DogFace
16295,CatMouth
16296,CatEye
16297,DogMouth
16298,DogMouth
16299,DogFace
16300,DogFace
16301,DogMouth
16302,DogNose
16303,CatNose
16304,DogEye
16305,CatMouth
16306,DogNose
16307,CatFace
16308,CatEye
16309,CatMouth
16310,CatMouth
16311,DogMouth
16312,CatMouth
16313,CatNose
16314,CatEye
16315,CatNose
16316,CatEye
16317,DogEye
16318,CatEye
16319,CatNose
16320,DogMouth
16321,DogEye
16322,CatEye
16323,CatEye
16324,CatFace
16325,DogEye
16326,CatEye
16327,DogEye
16328,DogFace
16329,CatMouth
16330,CatNose
16331,CatEye
16332,CatMouth
16333,DogMouth
16334,CatNose
16335,CatFace
16336,CatEye
16337,DogNose
16338,CatFace
16339,DogEye
16340,CatNose
16341,CatFace
16342,CatEye
16343,CatEye
16344,CatEye
16345,DogEye
16346,CatFace
16347,DogEye
16348,DogEye
16349,DogEye
16350,CatFace
16351,DogNose
16352,CatNose
16353,CatEye
16354,CatEye
16355,CatNose
16356,CatEye
16357,DogMouth
16358,CatEye
16359,CatEye
16360,CatEye
16361,DogFace
16362,DogNose
16363,CatEye
16364,CatEye
16365,CatFace
16366,DogFace
16367,DogMouth
16368,CatNose
16369,CatEye
16370,DogEye
16371,DogFace
16372,DogEye
16373,DogFace
16374,CatEye
16375,DogNose
16376,CatMouth
16377,DogMouth
16378,DogEye
16379,DogEye
16380,DogEye
16381,DogNose
16382,CatMouth
16383,DogFace
16384,CatNose
16385,DogEye
16386,DogFace
16387,DogMouth
16388,DogEye
16389,DogEye
16390,CatEye
16391,DogEye
16392,DogMouth
16393,CatEye
16394,DogEye
16395,CatEye
16396,CatEye
16397,DogEye
16398,DogEye
16399,DogMouth
16400,DogEye
16401,CatNose
16402,CatNose
16403,CatNose
16404,DogNose
16405,DogFace
16406,DogEye
16407,CatFace
16408,DogFace
16409,CatEye
16410,CatEye
16411,CatMouth
16412,DogMouth
16413,CatMouth
16414,DogEye
16415,CatEye
16416,CatEye
16417,CatEye
16418,CatEye
16419,CatNose
16420,DogNose
16421,CatEye
16422,CatEye
16423,DogEye
16424,CatEye
16425,CatEye
16426,CatNose
16427,DogFace
16428,CatMouth
16429,CatEye
16430,CatFace
16431,CatNose
16432,CatEye
16433,CatFace
16434,CatEye
16435,CatEye
16436,CatEye
16437,CatEye
16438,DogMouth
16439,CatEye
16440,DogNose
16441,DogEye
16442,CatNose
16443,CatMouth
16444,CatMouth
16445,CatEye
16446,DogEye
16447,DogMouth
16448,CatMouth
16449,DogEye
16450,DogEye
16451,CatEye
16452,DogMouth
16453,CatFace
16454,CatEye
16455,CatEye
16456,CatMouth
16457,CatEye
16458,DogMouth
16459,CatNose
16460,CatNose
16461,CatEye
16462,CatFace
16463,CatMouth
16464,DogEye
16465,CatFace
16466,DogEye
16467,CatMouth
16468,DogMouth
16469,DogFace
16470,DogNose
16471,CatMouth
16472,DogMouth
16473,CatFace
16474,CatEye
16475,DogEye
16476,DogEye
16477,CatNose
16478,DogEye
16479,DogEye
16480,DogEye
16481,DogNose
16482,DogEye
16483,DogEye
16484,DogEye
16485,DogEye
16486,CatNose
16487,CatEye
16488,CatEye
16489,CatEye
16490,CatEye
16491,CatFace
16492,DogEye
16493,CatEye
16494,DogEye
16495,CatEye
16496,DogEye
16497,DogMouth
16498,DogEye
16499,DogNose
16500,CatNose
16501,CatNose
16502,DogEye
16503,DogEye
16504,CatNose
16505,CatEye
16506,CatEye
16507,CatEye
16508,CatFace
16509,DogNose
16510,DogEye
16511,DogMouth
16512,DogEye
16513,DogEye
16514,CatEye
16515,CatMouth
16516,DogFace
16517,CatMouth
16518,CatNose
16519,CatFace
16520,CatFace
16521,CatEye
16522,CatMouth
16523,DogFace
16524,DogEye
16525,CatNose
16526,DogEye
16527,CatMouth
16528,DogEye
16529,CatMouth
16530,DogFace
16531,DogMouth
16532,CatEye
16533,CatFace
16534,CatNose
16535,DogEye
16536,DogNose
16537,CatMouth
16538,CatFace
16539,DogEye
16540,CatEye
16541,CatMouth
16542,CatMouth
16543,CatFace
16544,CatEye
16545,CatMouth
16546,DogNose
16547,DogEye
16548,CatNose
16549,CatEye
16550,CatMouth
16551,DogFace
16552,CatNose
16553,DogNose
16554,DogEye
16555,CatEye
16556,CatMouth
16557,CatNose
16558,DogEye
16559,DogFace
16560,CatMouth
16561,DogMouth
16562,CatFace
16563,DogMouth
16564,DogMouth
16565,DogFace
16566,CatEye
16567,CatMouth
16568,DogFace
16569,DogFace
16570,CatEye
16571,CatEye
16572,DogEye
16573,CatNose
16574,DogFace
16575,CatEye
16576,DogEye
16577,DogNose
16578,DogFace
16579,DogFace
16580,CatFace
16581,CatFace
16582,CatFace
16583,DogEye
16584,CatEye
16585,DogMouth
16586,CatEye
16587,CatEye
16588,DogMouth
16589,DogEye
16590,DogMouth
16591,DogFace
16592,CatEye
16593,CatFace
16594,CatEye
16595,CatEye
16596,DogNose
16597,CatEye
16598,DogMouth
16599,CatMouth
16600,CatFace
16601,CatNose
16602,CatMouth
16603,CatNose
16604,CatFace
16605,DogEye
16606,DogNose
16607,CatFace
16608,DogMouth
16609,CatEye
16610,CatMouth
16611,CatEye
16612,CatEye
16613,DogFace
16614,DogEye
16615,CatEye
16616,CatFace
16617,CatNose
16618,CatEye
16619,CatNose
16620,CatNose
16621,CatFace
16622,CatEye
16623,CatMouth
16624,DogEye
16625,CatEye
16626,CatEye
16627,CatEye
16628,DogMouth
16629,CatNose
16630,DogNose
16631,DogEye
16632,DogFace
16633,CatEye
16634,CatEye
16635,CatEye
16636,DogMouth
16637,DogEye
16638,CatEye
16639,DogEye
16640,CatFace
16641,CatEye
16642,CatFace
16643,DogFace
16644,DogFace
16645,DogFace
16646,DogMouth
16647,CatEye
16648,DogFace
16649,CatMouth
16650,CatFace
16651,CatFace
16652,CatNose
16653,DogEye
16654,CatMouth
16655,CatNose
16656,CatNose
16657,CatFace
16658,DogEye
16659,CatEye
16660,CatNose
16661,DogFace
16662,CatEye
16663,CatFace
16664,CatEye
16665,DogMouth
16666,CatEye
16667,CatNose
16668,CatMouth
16669,DogNose
16670,CatFace
16671,DogEye
16672,CatMouth
16673,CatEye
16674,DogNose
16675,CatEye
16676,CatNose
16677,DogNose
16678,CatMouth
16679,CatNose
16680,DogEye
16681,CatFace
16682,DogNose
16683,DogNose
16684,CatMouth
16685,DogEye
16686,DogEye
16687,DogNose
16688,DogMouth
16689,CatNose
16690,CatMouth
16691,CatNose
16692,DogMouth
16693,CatEye
16694,CatMouth
16695,DogNose
16696,DogEye
16697,CatEye
16698,CatEye
16699,CatFace
16700,CatNose
16701,CatEye
16702,CatEye
16703,CatMouth
16704,DogEye
16705,DogEye
16706,CatFace
16707,DogEye
16708,CatEye
16709,CatEye
16710,CatFace
16711,DogNose
16712,CatEye
16713,CatEye
16714,DogNose
16715,CatEye
16716,DogNose
16717,CatEye
16718,DogFace
16719,DogNose
16720,DogNose
16721,DogEye
16722,CatEye
16723,CatFace
16724,DogNose
16725,DogFace
16726,CatMouth
16727,DogFace
16728,CatEye
16729,DogNose
16730,CatEye
16731,CatFace
16732,CatEye
16733,CatEye
16734,CatFace
16735,CatEye
16736,CatEye
16737,CatMouth
16738,CatEye
16739,CatEye
16740,CatNose
16741,CatMouth
16742,DogNose
16743,CatNose
16744,CatFace
16745,DogMouth
16746,CatFace
16747,DogMouth
16748,CatEye
16749,CatEye
16750,DogEye
16751,CatFace
16752,CatMouth
16753,CatEye
16754,CatEye
16755,CatEye
16756,DogEye
16757,CatNose
16758,CatNose
16759,CatMouth
16760,CatFace
16761,CatMouth
16762,CatFace
16763,DogEye
16764,DogMouth
16765,DogFace
16766,DogEye
16767,CatMouth
16768,CatEye
16769,DogNose
16770,DogMouth
16771,CatFace
16772,CatEye
16773,CatMouth
16774,CatEye
16775,DogNose
16776,CatEye
16777,CatNose
16778,DogEye
16779,DogFace
16780,CatFace
16781,CatEye
16782,DogEye
16783,DogEye
16784,CatEye
16785,DogFace
16786,CatMouth
16787,DogEye
16788,CatEye
16789,CatMouth
16790,DogFace
16791,CatEye
16792,DogNose
16793,CatEye
16794,DogEye
16795,DogNose
16796,CatNose
16797,CatEye
16798,CatFace
16799,CatMouth
16800,DogFace
16801,CatNose
16802,CatFace
16803,CatEye
16804,CatEye
16805,DogEye
16806,DogMouth
16807,DogFace
16808,DogFace
16809,CatEye
16810,DogEye
16811,DogFace
16812,CatNose
16813,CatMouth
16814,DogFace
16815,DogFace
16816,DogNose
16817,CatFace
16818,DogEye
16819,DogFace
16820,DogFace
16821,DogEye
16822,DogEye
16823,DogMouth
16824,CatEye
16825,DogFace
16826,CatNose
16827,DogNose
16828,DogFace
16829,DogFace
16830,DogEye
16831,DogFace
16832,CatEye
16833,DogEye
16834,CatEye
16835,CatEye
16836,CatFace
16837,CatEye
16838,CatEye
16839,CatMouth
16840,DogFace
16841,DogNose
16842,CatNose
16843,CatNose
16844,DogFace
16845,DogEye
16846,DogFace
16847,CatEye
16848,CatNose
16849,DogFace
16850,DogFace
16851,DogFace
16852,CatEye
16853,DogNose
16854,DogEye
16855,CatFace
16856,CatFace
16857,CatEye
16858,CatMouth
16859,DogEye
16860,CatEye
16861,DogNose
16862,CatNose
16863,CatNose
16864,DogEye
16865,CatFace
16866,DogMouth
16867,DogNose
16868,DogMouth
16869,CatNose
16870,CatMouth
16871,DogEye
16872,CatMouth
16873,DogMouth
16874,CatNose
16875,DogEye
16876,CatEye
16877,DogEye
16878,DogFace
16879,CatMouth
16880,CatEye
16881,CatFace
16882,DogNose
16883,CatEye
16884,CatMouth
16885,DogMouth
16886,CatNose
16887,CatEye
16888,CatEye
16889,CatMouth
16890,CatEye
16891,CatEye
16892,DogMouth
16893,CatMouth
16894,CatNose
16895,DogEye
16896,DogMouth
16897,DogFace
16898,CatEye
16899,CatEye
16900,DogMouth
16901,DogFace
16902,CatEye
16903,DogEye
16904,CatEye
16905,CatFace
16906,DogFace
16907,DogEye
16908,CatEye
16909,CatFace
16910,CatFace
16911,DogMouth
16912,CatNose
16913,CatMouth
16914,CatFace
16915,DogNose
16916,CatEye
16917,CatEye
16918,CatNose
16919,CatMouth
16920,CatNose
16921,CatEye
16922,CatFace
16923,DogMouth
16924,DogNose
16925,DogNose
16926,CatFace
16927,CatEye
16928,CatEye
16929,CatEye
16930,CatNose
16931,CatEye
16932,DogFace
16933,DogFace
16934,DogNose
16935,CatEye
16936,DogEye
16937,CatFace
16938,CatEye
16939,DogEye
16940,CatNose
16941,DogMouth
16942,CatMouth
16943,DogEye
16944,DogNose
16945,DogMouth
16946,DogEye
16947,CatMouth
16948,CatEye
16949,CatMouth
16950,DogEye
16951,DogMouth
16952,CatMouth
16953,CatFace
16954,CatMouth
16955,CatMouth
16956,CatEye
16957,CatFace
16958,CatEye
16959,DogEye
16960,DogEye
16961,DogFace
16962,CatMouth
16963,CatEye
16964,DogFace
16965,CatFace
16966,DogMouth
16967,CatFace
16968,DogFace
16969,DogFace
16970,DogMouth
16971,CatMouth
16972,CatMouth
16973,CatNose
16974,DogEye
16975,CatEye
16976,CatMouth
16977,DogEye
16978,CatEye
16979,DogEye
16980,DogNose
16981,DogEye
16982,CatFace
16983,DogNose
16984,DogNose
16985,DogFace
16986,DogMouth
16987,DogFace
16988,CatNose
16989,DogFace
16990,DogNose
16991,CatEye
16992,CatEye
16993,DogFace
16994,DogEye
16995,CatMouth
16996,CatFace
16997,DogMouth
16998,DogEye
16999,DogEye
17000,DogEye
17001,DogEye
17002,DogFace
17003,CatEye
17004,CatEye
17005,DogFace
17006,CatEye
17007,DogMouth
17008,CatMouth
17009,DogFace
17010,CatNose
17011,CatNose
17012,DogEye
17013,CatEye
17014,CatNose
17015,CatFace
17016,DogEye
17017,CatEye
17018,CatEye
17019,CatMouth
17020,DogNose
17021,CatNose
17022,CatMouth
17023,DogEye
17024,CatFace
17025,CatNose
17026,DogFace
17027,CatNose
17028,CatEye
17029,DogEye
17030,DogMouth
17031,CatEye
17032,CatFace
17033,CatEye
17034,CatNose
17035,DogMouth
17036,CatEye
17037,CatEye
17038,CatNose
17039,DogEye
17040,CatMouth
17041,CatMouth
17042,CatNose
17043,CatNose
17044,CatFace
17045,DogMouth
17046,DogMouth
17047,CatEye
17048,DogEye
17049,CatEye
17050,CatNose
17051,CatFace
17052,CatNose
17053,CatFace
17054,CatMouth
17055,CatEye
17056,CatEye
17057,CatEye
17058,DogEye
17059,CatEye
17060,CatFace
17061,DogEye
17062,DogNose
17063,CatNose
17064,DogMouth
17065,DogEye
17066,DogEye
17067,CatEye
17068,CatMouth
17069,CatNose
17070,CatFace
17071,CatNose
17072,DogFace
17073,DogNose
17074,CatEye
17075,CatEye
17076,CatFace
17077,DogFace
17078,CatFace
17079,DogNose
17080,DogMouth
17081,CatMouth
17082,DogNose
17083,CatFace
17084,DogMouth
17085,CatNose
17086,CatFace
17087,DogNose
17088,CatMouth
17089,DogMouth
17090,CatEye
17091,CatFace
17092,CatFace
17093,CatEye
17094,CatFace
17095,CatFace
17096,CatMouth
17097,CatEye
17098,CatMouth
17099,CatMouth
17100,CatFace
17101,CatNose
17102,DogMouth
17103,DogMouth
17104,DogEye
17105,CatMouth
17106,DogEye
17107,CatNose
17108,CatEye
17109,DogEye
17110,CatMouth
17111,CatNose
17112,CatFace
17113,CatEye
17114,DogEye
17115,CatMouth
17116,CatEye
17117,DogFace
17118,DogEye
17119,CatMouth
17120,CatEye
17121,DogEye
17122,CatMouth
17123,DogMouth
17124,CatEye
17125,DogEye
17126,CatMouth
17127,DogEye
17128,DogNose
17129,DogEye
17130,DogMouth
17131,CatNose
17132,DogEye
17133,CatFace
17134,DogFace
17135,DogEye
17136,DogFace
17137,DogMouth
17138,DogMouth
17139,DogMouth
17140,DogEye
17141,DogEye
17142,DogFace
17143,DogFace
17144,CatNose
17145,DogNose
17146,DogNose
17147,CatFace
17148,CatMouth
17149,DogEye
17150,DogEye
17151,DogMouth
17152,DogEye
17153,DogEye
17154,CatFace
17155,CatEye
17156,DogNose
17157,CatFace
17158,DogFace
17159,CatMouth
17160,DogNose
17161,CatEye
17162,DogMouth
17163,CatEye
17164,CatEye
17165,CatEye
17166,CatFace
17167,CatNose
17168,DogEye
17169,DogEye
17170,CatEye
17171,DogNose
17172,CatFace
17173,CatNose
17174,CatFace
17175,DogNose
17176,CatNose
17177,DogEye
17178,DogMouth
17179,DogFace
17180,CatFace
17181,CatMouth
17182,CatFace
17183,CatNose
17184,CatEye
17185,CatMouth
17186,CatEye
17187,DogEye
17188,CatEye
17189,DogEye
17190,DogNose
17191,CatEye
17192,DogFace
17193,DogNose
17194,CatNose
17195,DogFace
17196,DogEye
17197,CatMouth
17198,DogEye
17199,CatEye
17200,CatMouth
17201,CatMouth
17202,CatEye
17203,CatNose
17204,CatFace
17205,DogFace
17206,CatMouth
17207,CatNose
17208,CatFace
17209,CatEye
17210,CatEye
17211,CatMouth
17212,DogFace
17213,CatEye
17214,CatFace
17215,CatMouth
17216,CatEye
17217,CatMouth
17218,CatFace
17219,CatNose
17220,CatEye
17221,CatFace
17222,CatEye
17223,DogEye
17224,DogMouth
17225,DogFace
17226,CatEye
17227,DogEye
17228,CatMouth
17229,CatMouth
17230,DogEye
17231,CatEye
17232,DogEye
17233,CatNose
17234,CatMouth
17235,CatMouth
17236,CatNose
17237,CatEye
17238,CatEye
17239,CatFace
17240,DogEye
17241,DogFace
17242,CatEye
17243,DogFace
17244,DogEye
17245,CatMouth
17246,CatEye
17247,CatEye
17248,DogFace
17249,DogMouth
17250,CatNose
17251,DogFace
17252,DogNose
17253,DogEye
17254,CatEye
17255,DogMouth
17256,DogMouth
17257,DogEye
17258,DogMouth
17259,DogMouth
17260,CatFace
17261,CatFace
17262,CatNose
17263,DogEye
17264,DogMouth
17265,CatMouth
17266,CatFace
17267,CatNose
17268,DogEye
17269,CatFace
17270,CatEye
17271,CatEye
17272,DogMouth
17273,DogNose
17274,CatEye
17275,DogMouth
17276,CatMouth
17277,CatEye
17278,DogEye
17279,DogEye
17280,DogFace
17281,CatMouth
17282,CatEye
17283,CatFace
17284,DogNose
17285,DogNose
17286,CatMouth
17287,CatNose
17288,DogEye
17289,CatMouth
17290,CatFace
17291,CatNose
17292,CatEye
17293,DogNose
17294,CatEye
17295,CatEye
17296,CatFace
17297,DogEye
17298,CatMouth
17299,CatEye
17300,CatEye
17301,CatFace
17302,CatMouth
17303,DogFace
17304,DogMouth
17305,DogFace
17306,CatFace
17307,CatEye
17308,CatMouth
17309,DogFace
17310,DogEye
17311,DogNose
17312,CatFace
17313,DogMouth
17314,DogNose
17315,DogFace
17316,DogNose
17317,DogMouth
17318,CatNose
17319,CatFace
17320,DogEye
17321,CatEye
17322,CatFace
17323,DogMouth
17324,DogEye
17325,DogEye
17326,CatNose
17327,CatFace
17328,DogMouth
17329,DogEye
17330,DogNose
17331,CatEye
17332,CatNose
17333,CatMouth
17334,CatFace
17335,CatEye
17336,DogMouth
17337,CatFace
17338,CatNose
17339,DogEye
17340,DogNose
17341,CatFace
17342,DogFace
17343,CatEye
17344,DogEye
17345,CatEye
17346,CatFace
17347,DogFace
17348,CatEye
17349,CatEye
17350,DogEye
17351,DogMouth
17352,DogMouth
17353,DogFace
17354,DogNose
17355,DogMouth
17356,CatEye
17357,CatEye
17358,CatEye
17359,CatFace
17360,CatMouth
17361,DogNose
17362,DogFace
17363,CatNose
17364,DogFace
17365,CatMouth
17366,CatFace
17367,CatMouth
17368,CatEye
17369,CatEye
17370,DogMouth
17371,DogEye
17372,CatFace
17373,DogMouth
17374,DogFace
17375,CatEye
17376,CatMouth
17377,DogEye
17378,DogNose
17379,CatFace
17380,DogFace
17381,DogEye
17382,CatFace
17383,CatEye
17384,CatEye
17385,CatMouth
17386,CatEye
17387,CatMouth
17388,CatNose
17389,DogMouth
17390,CatEye
17391,CatEye
17392,CatNose
17393,CatEye
17394,CatMouth
17395,DogEye
17396,CatMouth
17397,CatFace
17398,CatMouth
17399,CatMouth
17400,DogMouth
17401,CatMouth
17402,DogFace
17403,DogNose
17404,CatEye
17405,DogFace
17406,DogNose
17407,DogEye
17408,CatMouth
17409,CatEye
17410,DogMouth
17411,CatEye
17412,DogEye
17413,CatFace
17414,CatNose
17415,DogEye
17416,DogNose
17417,DogFace
17418,DogEye
17419,DogNose
17420,CatMouth
17421,CatNose
17422,CatEye
17423,DogNose
17424,DogEye
17425,CatEye
17426,DogMouth
17427,CatMouth
17428,CatFace
17429,CatNose
17430,DogMouth
17431,CatNose
17432,DogEye
17433,DogMouth
17434,CatNose
17435,CatNose
17436,DogEye
17437,DogNose
17438,DogNose
17439,CatEye
17440,DogMouth
17441,DogEye
17442,CatNose
17443,DogEye
17444,DogMouth
17445,CatNose
17446,DogEye
17447,DogEye
17448,CatEye
17449,CatNose
17450,DogNose
17451,CatNose
17452,CatNose
17453,CatNose
17454,DogFace
17455,DogEye
17456,DogEye
17457,DogEye
17458,CatMouth
17459,DogMouth
17460,DogEye
17461,CatEye
17462,CatNose
17463,DogMouth
17464,DogMouth
17465,CatEye
17466,CatFace
17467,CatMouth
17468,DogEye
17469,CatFace
17470,DogFace
17471,DogNose
17472,CatFace
17473,DogEye
17474,CatNose
17475,CatNose
17476,CatMouth
17477,DogNose
17478,CatMouth
17479,CatEye
17480,DogMouth
17481,CatNose
17482,CatEye
17483,DogFace
17484,CatNose
17485,DogEye
17486,CatEye
17487,DogFace
17488,DogNose
17489,CatFace
17490,CatEye
17491,CatEye
17492,CatNose
17493,DogEye
17494,DogEye
17495,DogEye
17496,CatMouth
17497,DogEye
17498,DogEye
17499,DogMouth
17500,DogNose
17501,DogMouth
17502,DogFace
17503,DogEye
17504,CatFace
17505,CatFace
17506,CatNose
17507,DogMouth
17508,DogFace
17509,DogNose
17510,DogEye
17511,CatMouth
17512,CatNose
17513,CatMouth
17514,DogNose
17515,CatMouth
17516,CatEye
17517,CatMouth
17518,CatEye
17519,DogMouth
17520,DogMouth
17521,DogEye
17522,DogFace
17523,DogFace
17524,CatFace
17525,CatEye
17526,DogMouth
17527,CatEye
17528,CatNose
17529,DogFace
17530,DogEye
17531,DogFace
17532,DogEye
17533,CatNose
17534,DogFace
17535,CatFace
17536,DogEye
17537,CatFace
17538,CatFace
17539,CatNose
17540,DogFace
17541,DogEye
17542,DogEye
17543,CatMouth
17544,DogFace
17545,DogFace
17546,CatEye
17547,DogEye
17548,DogFace
17549,DogMouth
17550,DogMouth
17551,CatNose
17552,DogEye
17553,CatNose
17554,CatFace
17555,DogNose
17556,DogEye
17557,DogFace
17558,DogEye
17559,CatEye
17560,DogNose
17561,CatEye
17562,DogFace
17563,CatFace
17564,DogEye
17565,CatEye
17566,DogMouth
17567,CatEye
17568,CatEye
17569,DogFace
17570,DogMouth
17571,DogFace
17572,DogNose
17573,DogNose
17574,CatMouth
17575,DogFace
17576,DogNose
17577,DogEye
17578,CatEye
17579,DogEye
17580,CatNose
17581,CatMouth
17582,CatNose
17583,DogMouth
17584,CatEye
17585,DogEye
17586,CatNose
17587,CatFace
17588,CatNose
17589,DogMouth
17590,CatFace
17591,DogMouth
17592,CatNose
17593,CatMouth
17594,CatEye
17595,DogEye
17596,CatNose
17597,CatNose
17598,DogFace
17599,DogFace
17600,DogNose
17601,DogEye
17602,DogEye
17603,CatMouth
17604,CatEye
17605,DogFace
17606,CatMouth
17607,CatEye
17608,CatEye
17609,CatFace
17610,CatNose
17611,DogEye
17612,CatMouth
17613,CatEye
17614,CatEye
17615,DogFace
17616,CatFace
17617,CatFace
17618,CatEye
17619,DogNose
17620,CatEye
17621,CatNose
17622,CatMouth
17623,CatMouth
17624,DogEye
17625,DogNose
17626,CatEye
17627,DogFace
17628,CatNose
17629,DogEye
17630,DogEye
17631,CatNose
17632,CatFace
17633,CatFace
17634,CatEye
17635,CatMouth
17636,CatEye
17637,DogFace
17638,CatEye
17639,DogEye
17640,CatEye
17641,CatFace
17642,CatMouth
17643,DogEye
17644,CatEye
17645,DogNose
17646,CatEye
17647,CatFace
17648,CatFace
17649,CatEye
17650,CatMouth
17651,DogEye
17652,DogFace
17653,CatMouth
17654,CatNose
17655,CatFace
17656,DogMouth
17657,DogNose
17658,CatMouth
17659,CatMouth
17660,CatFace
17661,DogFace
17662,CatMouth
17663,CatMouth
17664,CatMouth
17665,CatFace
17666,DogFace
17667,CatMouth
17668,CatMouth
17669,DogFace
17670,CatMouth
17671,CatEye
17672,CatNose
17673,CatEye
17674,CatEye
17675,CatEye
17676,DogNose
17677,CatEye
17678,CatNose
17679,CatFace
17680,DogEye
17681,DogEye
17682,CatEye
17683,CatEye
17684,CatEye
17685,DogEye
17686,DogNose
17687,DogMouth
17688,DogMouth
17689,CatEye
17690,CatEye
17691,DogNose
17692,CatEye
17693,DogFace
17694,DogEye
17695,CatMouth
17696,CatEye
17697,CatEye
17698,DogNose
17699,DogEye
17700,DogFace
17701,CatMouth
17702,DogEye
17703,CatEye
17704,DogFace
17705,CatEye
17706,DogMouth
17707,DogEye
17708,CatMouth
17709,CatEye
17710,DogEye
17711,CatEye
17712,DogEye
17713,DogMouth
17714,CatEye
17715,CatMouth
17716,CatFace
17717,DogMouth
17718,CatFace
17719,DogEye
17720,CatMouth
17721,CatEye
17722,DogNose
17723,CatMouth
17724,CatEye
17725,DogNose
17726,CatMouth
17727,DogMouth
17728,CatEye
17729,DogNose
17730,DogNose
17731,CatFace
17732,DogEye
17733,CatMouth
17734,DogMouth
17735,DogFace
17736,DogEye
17737,CatNose
17738,DogEye
17739,CatEye
17740,CatMouth
17741,CatNose
17742,CatMouth
17743,DogFace
17744,DogEye
17745,CatEye
17746,DogNose
17747,CatEye
17748,DogEye
17749,DogNose
17750,CatMouth
17751,CatNose
17752,DogNose
17753,DogMouth
17754,CatEye
17755,CatFace
17756,DogNose
17757,DogMouth
17758,CatEye
17759,CatFace
17760,DogMouth
17761,DogFace
17762,DogEye
17763,DogEye
17764,CatMouth
17765,CatEye
17766,CatEye
17767,DogFace
17768,CatEye
17769,DogMouth
17770,CatMouth
17771,DogEye
17772,CatEye
17773,CatMouth
17774,CatNose
17775,CatFace
17776,CatMouth
17777,CatNose
17778,DogFace
17779,CatEye
17780,DogNose
17781,CatMouth
17782,CatNose
17783,DogEye
17784,DogNose
17785,DogEye
17786,DogFace
17787,CatEye
17788,CatEye
17789,CatNose
17790,DogMouth
17791,CatEye
17792,DogFace
17793,CatEye
17794,CatMouth
17795,DogFace
17796,DogNose
17797,CatEye
17798,CatEye
17799,CatFace
17800,DogMouth
17801,CatEye
17802,CatEye
17803,DogEye
17804,CatNose
17805,CatEye
17806,CatFace
17807,DogEye
17808,DogMouth
17809,DogNose
17810,DogNose
17811,DogFace
17812,CatFace
17813,CatFace
17814,DogNose
17815,DogMouth
17816,DogNose
17817,DogFace
17818,DogMouth
17819,CatNose
17820,DogMouth
17821,DogNose
17822,CatMouth
17823,CatEye
17824,CatEye
17825,CatEye
17826,DogEye
17827,DogFace
17828,DogEye
17829,CatNose
17830,DogEye
17831,DogFace
17832,DogEye
17833,DogMouth
17834,DogEye
17835,DogMouth
17836,DogFace
17837,DogMouth
17838,CatEye
17839,DogEye
17840,CatEye
17841,DogFace
17842,DogFace
17843,CatNose
17844,CatMouth
17845,DogEye
17846,DogEye
17847,DogMouth
17848,DogNose
17849,DogEye
17850,CatEye
17851,CatEye
17852,CatEye
17853,DogEye
17854,DogNose
17855,CatMouth
17856,DogEye
17857,CatFace
17858,CatFace
17859,DogNose
17860,DogNose
17861,DogEye
17862,DogEye
17863,CatEye
17864,DogMouth
17865,CatNose
17866,DogMouth
17867,DogEye
17868,CatFace
17869,DogMouth
17870,DogNose
17871,CatFace
17872,DogMouth
17873,CatFace
17874,CatMouth
17875,CatMouth
17876,CatEye
17877,CatFace
17878,DogMouth
17879,CatEye
17880,DogFace
17881,CatMouth
17882,CatEye
17883,DogEye
17884,DogFace
17885,CatEye
17886,CatEye
17887,CatFace
17888,DogMouth
17889,DogEye
17890,CatFace
17891,DogNose
17892,DogEye
17893,DogFace
17894,DogEye
17895,DogEye
17896,CatFace
17897,CatFace
17898,DogMouth
17899,DogEye
17900,CatMouth
17901,CatMouth
17902,CatEye
17903,CatMouth
17904,CatMouth
17905,DogEye
17906,CatEye
17907,DogMouth
17908,DogNose
17909,DogEye
17910,CatFace
17911,DogEye
17912,DogMouth
17913,CatEye
17914,CatMouth
17915,CatEye
17916,DogNose
17917,DogEye
17918,CatMouth
17919,CatNose
17920,CatEye
17921,DogNose
17922,CatNose
17923,CatFace
17924,DogMouth
17925,DogNose
17926,CatFace
17927,CatEye
17928,CatEye
17929,CatNose
17930,CatEye
17931,CatEye
17932,DogEye
17933,CatNose
17934,CatFace
17935,CatEye
17936,CatNose
17937,DogEye
17938,DogMouth
17939,DogEye
17940,CatEye
17941,DogNose
17942,DogFace
17943,DogEye
17944,CatEye
17945,DogEye
17946,CatFace
17947,DogMouth
17948,DogFace
17949,CatEye
17950,CatNose
17951,DogNose
17952,DogMouth
17953,DogNose
17954,DogMouth
17955,DogEye
17956,CatEye
17957,CatFace
17958,DogFace
17959,CatFace
17960,CatEye
17961,CatEye
17962,DogEye
17963,CatEye
17964,CatEye
17965,CatFace
17966,CatEye
17967,DogNose
17968,DogEye
17969,DogEye
17970,CatMouth
17971,DogEye
17972,DogFace
17973,DogEye
17974,DogNose
17975,CatFace
17976,CatFace
17977,DogFace
17978,CatEye
17979,DogFace
17980,DogMouth
17981,CatEye
17982,CatEye
17983,DogFace
17984,CatFace
17985,DogEye
17986,DogMouth
17987,CatNose
17988,DogEye
17989,CatNose
17990,CatEye
17991,DogEye
17992,CatFace
17993,DogMouth
17994,DogNose
17995,CatEye
17996,CatFace
17997,DogEye
17998,DogFace
17999,CatNose
18000,CatFace
18001,DogNose
18002,CatEye
18003,CatEye
18004,DogEye
18005,DogNose
18006,CatEye
18007,DogEye
18008,CatEye
18009,DogMouth
18010,CatEye
18011,DogEye
18012,CatMouth
18013,CatNose
18014,CatEye
18015,DogEye
18016,DogNose
18017,DogEye
18018,CatEye
18019,DogMouth
18020,CatEye
18021,CatFace
18022,CatNose
18023,DogEye
18024,CatFace
18025,CatFace
18026,DogMouth
18027,DogNose
18028,DogFace
18029,DogEye
18030,CatNose
18031,DogNose
18032,CatNose
18033,DogFace
18034,CatNose
18035,CatEye
18036,DogMouth
18037,CatMouth
18038,CatNose
18039,DogEye
18040,CatFace
18041,CatEye
18042,CatMouth
18043,CatEye
18044,CatEye
18045,CatNose
18046,DogMouth
18047,CatFace
18048,DogFace
18049,CatEye
18050,CatEye
18051,DogMouth
18052,CatEye
18053,CatMouth
18054,DogNose
18055,CatEye
18056,CatEye
18057,DogFace
18058,DogEye
18059,CatEye
18060,CatFace
18061,DogFace
18062,CatEye
18063,CatMouth
18064,DogEye
18065,DogNose
18066,DogEye
18067,CatEye
18068,CatEye
18069,CatNose
18070,CatEye
18071,DogEye
18072,DogNose
18073,CatMouth
18074,DogEye
18075,DogMouth
18076,DogMouth
18077,CatFace
18078,CatNose
18079,CatEye
18080,CatNose
18081,CatMouth
18082,CatMouth
18083,DogNose
18084,DogNose
18085,CatNose
18086,CatFace
18087,DogEye
18088,DogFace
18089,DogEye
18090,CatNose
18091,DogEye
18092,CatMouth
18093,DogMouth
18094,CatFace
18095,CatNose
18096,DogEye
18097,CatEye
18098,CatEye
18099,CatEye
18100,CatEye
18101,CatEye
18102,CatMouth
18103,DogFace
18104,DogFace
18105,CatFace
18106,DogEye
18107,CatFace
18108,DogNose
18109,CatNose
18110,CatEye
18111,DogEye
18112,CatNose
18113,CatNose
18114,DogEye
18115,DogMouth
18116,DogNose
18117,DogMouth
18118,DogMouth
18119,DogFace
18120,DogEye
18121,CatEye
18122,CatEye
18123,CatNose
18124,DogEye
18125,CatNose
18126,CatNose
18127,CatNose
18128,CatEye
18129,DogEye
18130,DogEye
18131,DogEye
18132,CatNose
18133,CatEye
18134,CatNose
18135,DogEye
18136,CatEye
18137,CatNose
18138,DogNose
18139,DogMouth
18140,DogMouth
18141,CatEye
18142,DogMouth
18143,DogMouth
18144,DogEye
18145,CatMouth
18146,DogMouth
18147,DogMouth
18148,DogEye
18149,CatFace
18150,DogFace
18151,CatMouth
18152,CatEye
18153,DogFace
18154,CatEye
18155,CatEye
18156,DogNose
18157,CatEye
18158,CatNose
18159,CatFace
18160,DogMouth
18161,CatFace
18162,DogEye
18163,CatMouth
18164,CatFace
18165,CatEye
18166,CatEye
18167,DogMouth
18168,DogEye
18169,DogEye
18170,DogMouth
18171,DogNose
18172,CatNose
18173,DogMouth
18174,DogMouth
18175,DogNose
18176,DogNose
18177,CatNose
18178,CatEye
18179,DogFace
18180,DogEye
18181,CatFace
18182,CatEye
18183,DogEye
18184,DogEye
18185,DogNose
18186,DogFace
18187,CatEye
18188,CatNose
18189,CatNose
18190,CatFace
18191,CatFace
18192,DogNose
18193,DogNose
18194,DogEye
18195,DogEye
18196,CatEye
18197,DogEye
18198,CatNose
18199,CatNose
18200,CatEye
18201,DogFace
18202,CatEye
18203,CatEye
18204,CatMouth
18205,CatEye
18206,CatFace
18207,CatMouth
18208,CatEye
18209,CatFace
18210,CatNose
18211,DogNose
18212,CatNose
18213,DogFace
18214,DogMouth
18215,CatMouth
18216,DogNose
18217,CatNose
18218,DogEye
18219,DogEye
18220,CatEye
18221,CatMouth
18222,DogFace
18223,CatFace
18224,DogNose
18225,CatEye
18226,DogEye
18227,DogNose
18228,DogMouth
18229,DogEye
18230,DogEye
18231,DogMouth
18232,DogMouth
18233,CatEye
18234,CatNose
18235,CatEye
18236,CatEye
18237,CatEye
18238,CatFace
18239,DogFace
18240,CatFace
18241,DogEye
18242,CatFace
18243,CatEye
18244,DogNose
18245,DogFace
18246,DogNose
18247,CatMouth
18248,DogEye
18249,CatEye
18250,CatFace
18251,DogNose
18252,DogEye
18253,CatEye
18254,DogNose
18255,CatMouth
18256,DogEye
18257,CatFace
18258,CatEye
18259,CatEye
18260,DogEye
18261,DogEye
18262,CatEye
18263,DogEye
18264,DogEye
18265,DogEye
18266,CatFace
18267,CatEye
18268,DogNose
18269,CatNose
18270,CatNose
18271,DogEye
18272,DogFace
18273,CatNose
18274,CatMouth
18275,DogNose
18276,DogMouth
18277,DogNose
18278,CatMouth
18279,DogEye
18280,CatEye
18281,CatMouth
18282,CatMouth
18283,CatNose
18284,DogEye
18285,DogNose
18286,CatFace
18287,DogMouth
18288,CatEye
18289,DogFace
18290,CatMouth
18291,DogMouth
18292,CatEye
18293,CatMouth
18294,DogFace
18295,CatMouth
18296,DogNose
18297,CatEye
18298,CatNose
18299,CatEye
18300,DogMouth
18301,DogEye
18302,CatNose
18303,DogEye
18304,CatMouth
18305,CatEye
18306,CatEye
18307,CatNose
18308,CatMouth
18309,CatFace
18310,CatEye
18311,CatMouth
18312,DogNose
18313,DogEye
18314,CatEye
18315,CatEye
18316,CatNose
18317,DogEye
18318,CatEye
18319,CatFace
18320,DogNose
18321,DogEye
18322,CatEye
18323,CatEye
18324,DogEye
18325,DogMouth
18326,CatEye
18327,CatFace
18328,DogNose
18329,CatFace
18330,DogMouth
18331,CatNose
18332,CatNose
18333,DogEye
18334,CatMouth
18335,DogFace
18336,CatNose
18337,DogEye
18338,DogNose
18339,DogFace
18340,CatNose
18341,CatMouth
18342,DogFace
18343,CatEye
18344,CatEye
18345,CatEye
18346,DogEye
18347,DogEye
18348,DogFace
18349,CatFace
18350,CatFace
18351,DogFace
18352,CatEye
18353,CatFace
18354,CatNose
18355,DogMouth
18356,CatEye
18357,CatFace
18358,DogEye
18359,CatEye
18360,DogMouth
18361,CatMouth
18362,CatEye
18363,CatMouth
18364,CatFace
18365,CatFace
18366,CatMouth
18367,CatNose
18368,DogNose
18369,DogNose
18370,CatMouth
18371,DogMouth
18372,DogMouth
18373,CatEye
18374,CatNose
18375,CatMouth
18376,DogMouth
18377,DogNose
18378,CatEye
18379,DogEye
18380,CatNose
18381,CatMouth
18382,CatMouth
18383,CatEye
18384,CatFace
18385,CatMouth
18386,DogEye
18387,CatMouth
18388,CatMouth
18389,DogNose
18390,CatFace
18391,DogMouth
18392,DogEye
18393,DogEye
18394,CatMouth
18395,DogFace
18396,CatNose
18397,CatFace
18398,CatNose
18399,CatEye
18400,CatMouth
18401,CatFace
18402,CatMouth
18403,CatEye
18404,CatMouth
18405,DogNose
18406,CatMouth
18407,CatFace
18408,DogEye
18409,CatEye
18410,CatEye
18411,DogMouth
18412,DogEye
18413,DogFace
18414,CatMouth
18415,CatNose
18416,CatNose
18417,DogEye
18418,DogNose
18419,CatNose
18420,DogNose
18421,DogEye
18422,CatMouth
18423,CatNose
18424,DogNose
18425,DogMouth
18426,CatMouth
18427,DogEye
18428,DogNose
18429,CatNose
18430,CatNose
18431,DogFace
18432,DogFace
18433,CatEye
18434,CatMouth
18435,CatEye
18436,CatEye
18437,CatEye
18438,DogFace
18439,CatMouth
18440,DogEye
18441,DogMouth
18442,DogEye
18443,DogEye
18444,DogNose
18445,CatFace
18446,DogFace
18447,CatMouth
18448,CatFace
18449,CatNose
18450,DogEye
18451,CatEye
18452,CatFace
18453,DogNose
18454,DogNose
18455,DogNose
18456,DogEye
18457,CatNose
18458,CatEye
18459,DogEye
18460,DogNose
18461,DogEye
18462,DogFace
18463,DogFace
18464,CatFace
18465,DogEye
18466,CatEye
18467,DogFace
18468,DogMouth
18469,DogMouth
18470,CatNose
18471,CatNose
18472,CatMouth
18473,CatEye
18474,DogEye
18475,CatMouth
18476,DogNose
18477,CatEye
18478,DogNose
18479,DogFace
18480,CatFace
18481,DogFace
18482,CatNose
18483,CatEye
18484,CatEye
18485,DogNose
18486,CatEye
18487,DogFace
18488,CatMouth
18489,DogEye
18490,DogEye
18491,DogMouth
18492,CatNose
18493,DogNose
18494,DogNose
18495,DogEye
18496,CatNose
18497,DogEye
18498,DogEye
18499,DogEye
18500,DogEye
18501,DogEye
18502,CatNose
18503,CatEye
18504,DogEye
18505,CatEye
18506,DogEye
18507,DogEye
18508,CatEye
18509,CatEye
18510,CatNose
18511,DogFace
18512,DogFace
18513,CatNose
18514,DogFace
18515,DogFace
18516,CatEye
18517,DogEye
18518,DogMouth
18519,CatNose
18520,DogMouth
18521,CatMouth
18522,CatFace
18523,CatFace
18524,CatEye
18525,DogFace
18526,CatEye
18527,CatEye
18528,DogNose
18529,DogFace
18530,DogFace
18531,CatFace
18532,CatFace
18533,CatMouth
18534,CatMouth
18535,DogFace
18536,DogMouth
18537,DogEye
18538,DogEye
18539,DogEye
18540,CatEye
18541,CatEye
18542,CatMouth
18543,DogFace
18544,DogEye
18545,DogNose
18546,CatFace
18547,DogFace
18548,DogEye
18549,CatMouth
18550,DogMouth
18551,DogFace
18552,DogEye
18553,CatNose
18554,CatMouth
18555,DogNose
18556,DogFace
18557,CatFace
18558,CatEye
18559,CatEye
18560,DogEye
18561,CatEye
18562,CatNose
18563,CatNose
18564,DogEye
18565,DogEye
18566,CatFace
18567,DogMouth
18568,CatEye
18569,DogNose
18570,DogMouth
18571,DogMouth
18572,CatNose
18573,CatEye
18574,DogEye
18575,DogMouth
18576,CatEye
18577,DogEye
18578,DogMouth
18579,DogEye
18580,DogFace
18581,DogEye
18582,CatEye
18583,DogFace
18584,DogFace
18585,CatNose
18586,DogEye
18587,DogMouth
18588,DogFace
18589,CatFace
18590,DogFace
18591,CatMouth
18592,DogMouth
18593,DogEye
18594,DogNose
18595,CatEye
18596,CatFace
18597,DogMouth
18598,CatEye
18599,DogFace
18600,DogFace
18601,CatEye
18602,DogFace
18603,DogMouth
18604,CatMouth
18605,DogNose
18606,CatEye
18607,DogMouth
18608,DogMouth
18609,CatMouth
18610,CatMouth
18611,CatEye
18612,CatFace
18613,CatFace
18614,CatFace
18615,CatNose
18616,DogFace
18617,CatFace
18618,CatEye
18619,CatFace
18620,CatEye
18621,DogFace
18622,CatEye
18623,CatMouth
18624,DogEye
18625,DogFace
18626,CatEye
18627,CatEye
18628,DogMouth
18629,CatFace
18630,DogEye
18631,CatFace
18632,DogNose
18633,DogEye
18634,CatEye
18635,DogEye
18636,CatEye
18637,DogEye
18638,DogEye
18639,DogFace
18640,CatNose
18641,DogFace
18642,CatEye
18643,CatEye
18644,CatFace
18645,DogEye
18646,CatEye
18647,CatFace
18648,DogNose
18649,CatNose
18650,CatNose
18651,CatEye
18652,DogEye
18653,CatMouth
18654,DogEye
18655,CatFace
18656,CatFace
18657,CatNose
18658,DogNose
18659,DogFace
18660,DogEye
18661,DogFace
18662,CatFace
18663,CatEye
18664,CatEye
18665,CatNose
18666,CatEye
18667,DogNose
18668,DogMouth
18669,CatEye
18670,DogEye
18671,CatEye
18672,DogMouth
18673,DogEye
18674,DogMouth
18675,DogEye
18676,DogNose
18677,DogFace
18678,DogNose
18679,DogFace
18680,DogEye
18681,DogEye
18682,CatEye
18683,DogEye
18684,CatNose
18685,CatEye
18686,DogFace
18687,DogEye
18688,CatMouth
18689,DogMouth
18690,DogFace
18691,CatEye
18692,CatNose
18693,DogNose
18694,CatEye
18695,DogNose
18696,DogEye
18697,DogNose
18698,DogEye
18699,DogNose
18700,CatEye
18701,CatMouth
18702,CatMouth
18703,DogEye
18704,DogEye
18705,CatMouth
18706,CatEye
18707,CatFace
18708,CatEye
18709,DogMouth
18710,CatMouth
18711,CatMouth
18712,CatMouth
18713,DogNose
18714,CatNose
18715,DogMouth
18716,DogEye
18717,CatFace
18718,CatMouth
18719,CatMouth
18720,CatEye
18721,DogMouth
18722,DogEye
18723,CatNose
18724,CatFace
18725,CatMouth
18726,DogFace
18727,DogMouth
18728,CatNose
18729,DogEye
18730,DogEye
18731,CatEye
18732,CatEye
18733,DogNose
18734,DogMouth
18735,DogEye
18736,CatEye
18737,CatEye
18738,DogNose
18739,CatEye
18740,DogEye
18741,DogFace
18742,DogEye
18743,CatEye
18744,DogEye
18745,CatFace
18746,DogEye
18747,CatFace
18748,DogEye
18749,CatFace
18750,CatEye
18751,DogFace
18752,DogEye
18753,DogEye
18754,CatFace
18755,CatNose
18756,CatFace
18757,DogEye
18758,DogFace
18759,DogEye
18760,CatEye
18761,CatEye
18762,CatNose
18763,DogEye
18764,CatMouth
18765,DogMouth
18766,CatFace
18767,CatMouth
18768,CatMouth
18769,DogMouth
18770,DogMouth
18771,DogMouth
18772,DogEye
18773,CatFace
18774,CatEye
18775,CatNose
18776,CatMouth
18777,DogEye
18778,CatMouth
18779,CatFace
18780,DogEye
18781,DogMouth
18782,DogEye
18783,DogNose
18784,CatMouth
18785,CatNose
18786,DogEye
18787,DogEye
18788,CatNose
18789,CatMouth
18790,CatMouth
18791,CatNose
18792,DogFace
18793,CatEye
18794,DogNose
18795,CatNose
18796,CatFace
18797,CatNose
18798,DogEye
18799,CatEye
18800,DogEye
18801,CatFace
18802,CatEye
18803,CatNose
18804,DogFace
18805,CatMouth
18806,CatFace
18807,DogEye
18808,DogEye
18809,DogNose
18810,CatFace
18811,DogEye
18812,DogMouth
18813,DogNose
18814,CatEye
18815,CatMouth
18816,DogEye
18817,DogEye
18818,DogFace
18819,CatMouth
18820,CatEye
18821,DogNose
18822,CatFace
18823,CatEye
18824,DogNose
18825,DogMouth
18826,DogEye
18827,DogEye
18828,DogNose
18829,CatNose
18830,CatMouth
18831,CatNose
18832,CatEye
18833,CatMouth
18834,CatEye
18835,DogNose
18836,CatNose
18837,DogEye
18838,DogMouth
18839,DogEye
18840,DogEye
18841,CatEye
18842,CatFace
18843,CatMouth
18844,CatFace
18845,CatNose
18846,CatEye
18847,CatEye
18848,CatEye
18849,CatEye
18850,CatMouth
18851,CatEye
18852,DogNose
18853,DogEye
18854,DogFace
18855,DogEye
18856,CatFace
18857,CatFace
18858,DogEye
18859,CatEye
18860,CatMouth
18861,CatNose
18862,DogNose
18863,CatFace
18864,DogEye
18865,CatMouth
18866,CatEye
18867,CatMouth
18868,CatEye
18869,DogNose
18870,CatNose
18871,CatFace
18872,CatEye
18873,CatFace
18874,CatMouth
18875,CatMouth
18876,CatEye
18877,CatFace
18878,CatNose
18879,DogFace
18880,CatEye
18881,DogNose
18882,CatMouth
18883,CatEye
18884,DogFace
18885,DogEye
18886,DogFace
18887,DogEye
18888,DogNose
18889,DogNose
18890,DogEye
18891,CatMouth
18892,DogEye
18893,CatEye
18894,CatEye
18895,DogFace
18896,DogNose
18897,CatEye
18898,DogNose
18899,DogEye
18900,DogNose
18901,DogFace
18902,CatFace
18903,CatMouth
18904,DogNose
18905,DogEye
18906,DogEye
18907,DogMouth
18908,DogFace
18909,CatEye
18910,CatMouth
18911,CatFace
18912,DogEye
18913,CatFace
18914,DogFace
18915,CatEye
18916,CatMouth
18917,DogEye
18918,CatEye
18919,DogMouth
18920,CatEye
18921,CatMouth
18922,DogEye
18923,DogNose
18924,DogMouth
18925,DogNose
18926,CatMouth
18927,DogFace
18928,DogEye
18929,DogEye
18930,CatEye
18931,CatMouth
18932,CatNose
18933,CatEye
18934,CatMouth
18935,DogEye
18936,CatMouth
18937,CatEye
18938,DogNose
18939,CatNose
18940,CatNose
18941,CatNose
18942,DogEye
18943,DogEye
18944,CatMouth
18945,DogNose
18946,CatEye
18947,CatMouth
18948,CatMouth
18949,DogFace
18950,CatEye
18951,DogFace
18952,DogFace
18953,DogMouth
18954,CatFace
18955,DogMouth
18956,DogEye
18957,DogMouth
18958,DogEye
18959,CatEye
18960,CatFace
18961,CatEye
18962,DogNose
18963,CatNose
18964,CatEye
18965,DogFace
18966,CatFace
18967,DogEye
18968,DogNose
18969,CatFace
18970,DogNose
18971,DogNose
18972,CatFace
18973,CatNose
18974,CatNose
18975,CatEye
18976,CatNose
18977,DogNose
18978,CatNose
18979,DogFace
18980,CatEye
18981,DogEye
18982,DogEye
18983,CatMouth
18984,CatNose
18985,DogMouth
18986,CatNose
18987,CatNose
18988,CatNose
18989,CatMouth
18990,DogEye
18991,CatNose
18992,CatMouth
18993,CatNose
18994,CatMouth
18995,DogMouth
18996,CatEye
18997,CatEye
18998,CatEye
18999,DogEye
19000,DogNose
19001,CatFace
19002,DogEye
19003,CatMouth
19004,CatNose
19005,CatNose
19006,DogFace
19007,DogNose
19008,CatNose
19009,DogNose
19010,CatEye
19011,CatEye
19012,DogEye
19013,CatEye
19014,CatMouth
19015,CatFace
19016,DogEye
19017,DogEye
19018,DogMouth
19019,CatEye
19020,CatEye
19021,DogMouth
19022,CatFace
19023,DogEye
19024,DogNose
19025,CatNose
19026,CatEye
19027,DogEye
19028,CatFace
19029,CatEye
19030,DogEye
19031,DogEye
19032,DogNose
19033,CatFace
19034,CatMouth
19035,DogMouth
19036,CatMouth
19037,DogEye
19038,DogFace
19039,CatMouth
19040,DogEye
19041,DogEye
19042,CatEye
19043,CatFace
19044,DogEye
19045,CatEye
19046,CatEye
19047,CatEye
19048,CatNose
19049,CatMouth
19050,DogNose
19051,CatMouth
19052,DogMouth
19053,CatNose
19054,DogMouth
19055,CatMouth
19056,CatFace
19057,DogMouth
19058,CatFace
19059,CatMouth
19060,DogEye
19061,CatEye
19062,DogEye
19063,CatFace
19064,DogMouth
19065,CatEye
19066,CatFace
19067,CatEye
19068,CatMouth
19069,CatEye
19070,DogNose
19071,CatMouth
19072,DogEye
19073,CatFace
19074,DogFace
19075,DogMouth
19076,DogFace
19077,DogEye
19078,CatEye
19079,DogFace
19080,CatFace
19081,DogEye
19082,CatNose
19083,DogEye
19084,DogNose
19085,CatFace
19086,CatEye
19087,DogMouth
19088,DogEye
19089,CatFace
19090,DogEye
19091,CatFace
19092,DogNose
19093,DogEye
19094,CatEye
19095,DogEye
19096,DogNose
19097,CatNose
19098,DogMouth
19099,CatNose
19100,CatMouth
19101,DogEye
19102,DogEye
19103,DogMouth
19104,CatEye
19105,CatFace
19106,DogMouth
19107,CatMouth
19108,CatEye
19109,DogNose
19110,CatEye
19111,CatMouth
19112,CatNose
19113,DogFace
19114,CatEye
19115,CatEye
19116,DogFace
19117,DogNose
19118,DogNose
19119,DogNose
19120,DogEye
19121,CatMouth
19122,CatEye
19123,CatNose
19124,CatNose
19125,CatNose
19126,DogNose
19127,CatNose
19128,CatMouth
19129,CatNose
19130,CatFace
19131,CatEye
19132,DogNose
19133,CatMouth
19134,CatEye
19135,DogMouth
19136,CatEye
19137,DogEye
19138,DogEye
19139,DogNose
19140,CatMouth
19141,CatFace
19142,CatEye
19143,DogEye
19144,CatFace
19145,CatFace
19146,CatNose
19147,CatFace
19148,CatMouth
19149,CatNose
19150,CatFace
19151,DogNose
19152,CatEye
19153,CatEye
19154,DogMouth
19155,DogFace
19156,DogMouth
19157,DogFace
19158,CatEye
19159,DogMouth
19160,DogMouth
19161,CatEye
19162,CatEye
19163,DogFace
19164,DogFace
19165,DogNose
19166,DogMouth
19167,CatEye
19168,CatEye
19169,DogNose
19170,CatNose
19171,CatEye
19172,DogEye
19173,CatEye
19174,DogEye
19175,CatFace
19176,DogEye
19177,CatEye
19178,DogEye
19179,DogNose
19180,CatEye
19181,DogNose
19182,DogEye
19183,DogEye
19184,CatFace
19185,CatMouth
19186,CatFace
19187,DogEye
19188,DogFace
19189,DogEye
19190,DogNose
19191,CatFace
19192,CatFace
19193,CatNose
19194,DogNose
19195,DogEye
19196,CatFace
19197,DogEye
19198,CatEye
19199,CatMouth
19200,CatEye
19201,CatEye
19202,CatMouth
19203,DogMouth
19204,DogNose
19205,DogNose
19206,CatEye
19207,DogMouth
19208,DogFace
19209,CatNose
19210,DogEye
19211,DogMouth
19212,DogEye
19213,DogEye
19214,CatEye
19215,CatEye
19216,DogEye
19217,CatFace
19218,CatMouth
19219,DogNose
19220,CatEye
19221,CatMouth
19222,DogEye
19223,DogFace
19224,DogNose
19225,CatMouth
19226,DogNose
19227,CatEye
19228,CatMouth
19229,CatEye
19230,CatNose
19231,CatEye
19232,CatMouth
19233,CatEye
19234,CatEye
19235,DogFace
19236,CatEye
19237,DogMouth
19238,DogFace
19239,CatEye
19240,DogEye
19241,DogMouth
19242,CatFace
19243,DogEye
19244,DogFace
19245,DogEye
19246,CatNose
19247,CatMouth
19248,DogEye
19249,DogEye
19250,DogNose
19251,CatMouth
19252,DogFace
19253,DogEye
19254,CatFace
19255,DogEye
19256,CatMouth
19257,DogEye
19258,CatFace
19259,DogEye
19260,CatEye
19261,CatFace
19262,DogNose
19263,CatNose
19264,CatMouth
19265,CatEye
19266,DogFace
19267,DogNose
19268,CatNose
19269,DogEye
19270,CatNose
19271,CatMouth
19272,DogFace
19273,CatEye
19274,CatEye
19275,CatMouth
19276,CatEye
19277,CatNose
19278,CatFace
19279,CatFace
19280,CatNose
19281,DogMouth
19282,DogMouth
19283,CatEye
19284,DogNose
19285,DogFace
19286,CatMouth
19287,CatNose
19288,CatMouth
19289,CatNose
19290,CatMouth
19291,DogFace
19292,CatMouth
19293,DogEye
19294,CatEye
19295,DogEye
19296,CatEye
19297,DogNose
19298,DogEye
19299,CatEye
19300,CatEye
19301,DogEye
19302,CatEye
19303,DogEye
19304,DogEye
19305,CatMouth
19306,CatMouth
19307,DogEye
19308,CatNose
19309,CatEye
19310,DogFace
19311,DogEye
19312,CatMouth
19313,CatEye
19314,DogNose
19315,CatEye
19316,DogFace
19317,CatFace
19318,CatEye
19319,CatNose
19320,DogEye
19321,CatNose
19322,CatMouth
19323,CatMouth
19324,DogFace
19325,DogEye
19326,CatMouth
19327,CatEye
19328,DogNose
19329,CatFace
19330,DogEye
19331,CatMouth
19332,CatNose
19333,CatEye
19334,DogFace
19335,CatNose
19336,CatMouth
19337,CatEye
19338,CatNose
19339,CatMouth
19340,CatEye
19341,CatFace
19342,CatEye
19343,CatEye
19344,DogMouth
19345,DogMouth
19346,DogMouth
19347,DogEye
19348,CatNose
19349,CatFace
19350,DogNose
19351,CatMouth
19352,DogEye
19353,CatEye
19354,CatEye
19355,DogFace
19356,CatEye
19357,CatEye
19358,DogNose
19359,DogEye
19360,DogEye
19361,DogEye
19362,DogNose
19363,CatNose
19364,DogFace
19365,DogMouth
19366,DogEye
19367,CatEye
19368,DogEye
19369,CatFace
19370,CatEye
19371,DogMouth
19372,CatMouth
19373,CatEye
19374,CatMouth
19375,CatFace
19376,DogEye
19377,DogNose
19378,CatNose
19379,CatNose
19380,DogFace
19381,DogEye
19382,CatEye
19383,DogFace
19384,DogFace
19385,CatMouth
19386,CatMouth
19387,CatEye
19388,DogMouth
19389,DogEye
19390,DogNose
19391,DogEye
19392,CatFace
19393,CatFace
19394,CatEye
19395,CatFace
19396,DogEye
19397,CatEye
19398,CatFace
19399,DogNose
19400,CatFace
19401,DogMouth
19402,DogFace
19403,DogNose
19404,CatMouth
19405,CatEye
19406,CatFace
19407,DogMouth
19408,CatFace
19409,DogFace
19410,DogMouth
19411,DogEye
19412,DogEye
19413,DogEye
19414,CatMouth
19415,CatMouth
19416,DogEye
19417,CatEye
19418,CatMouth
19419,DogFace
19420,DogFace
19421,CatFace
19422,DogNose
19423,DogNose
19424,DogEye
19425,DogMouth
19426,CatNose
19427,DogEye
19428,DogFace
19429,DogNose
19430,DogNose
19431,DogMouth
19432,DogMouth
19433,DogMouth
19434,CatFace
19435,CatNose
19436,CatEye
19437,CatEye
19438,DogFace
19439,CatMouth
19440,DogNose
19441,DogEye
19442,DogNose
19443,DogMouth
19444,DogFace
19445,CatFace
19446,CatFace
19447,CatNose
19448,CatEye
19449,DogNose
19450,CatMouth
19451,CatFace
19452,CatEye
19453,DogEye
19454,CatNose
19455,CatFace
19456,CatFace
19457,CatEye
19458,CatEye
19459,DogFace
19460,CatFace
19461,CatEye
19462,CatEye
19463,CatFace
19464,CatMouth
19465,CatEye
19466,CatMouth
19467,DogMouth
19468,DogNose
19469,CatNose
19470,CatNose
19471,DogMouth
19472,CatNose
19473,CatFace
19474,CatFace
19475,DogEye
19476,CatEye
19477,DogEye
19478,DogMouth
19479,DogEye
19480,CatFace
19481,DogMouth
19482,CatEye
19483,CatEye
19484,CatEye
19485,DogFace
19486,CatMouth
19487,DogEye
19488,CatMouth
19489,DogEye
19490,CatFace
19491,CatEye
19492,DogEye
19493,DogNose
19494,CatNose
19495,CatNose
19496,CatEye
19497,CatNose
19498,CatEye
19499,CatNose
19500,CatMouth
19501,CatMouth
19502,CatEye
19503,DogEye
19504,CatMouth
19505,CatEye
19506,DogNose
19507,CatEye
19508,DogMouth
19509,CatNose
19510,DogEye
19511,CatEye
19512,CatMouth
19513,CatEye
19514,CatEye
19515,CatEye
19516,CatEye
19517,CatFace
19518,DogNose
19519,CatMouth
19520,DogFace
19521,CatFace
19522,CatNose
19523,CatMouth
19524,DogFace
19525,CatMouth
19526,CatNose
19527,CatEye
19528,DogFace
19529,DogFace
19530,CatNose
19531,CatMouth
19532,DogEye
19533,DogNose
19534,CatFace
19535,DogEye
19536,CatNose
19537,DogEye
19538,DogMouth
19539,DogEye
19540,DogFace
19541,CatNose
19542,DogNose
19543,DogFace
19544,CatMouth
19545,CatEye
19546,CatNose
19547,DogEye
19548,DogEye
19549,DogEye
19550,CatEye
19551,CatFace
19552,DogMouth
19553,CatMouth
19554,CatMouth
19555,CatMouth
19556,DogNose
19557,DogNose
19558,CatEye
19559,DogFace
19560,CatEye
19561,DogFace
19562,CatEye
19563,DogNose
19564,CatMouth
19565,CatEye
19566,DogEye
19567,CatMouth
19568,DogFace
19569,CatFace
19570,DogMouth
19571,CatMouth
19572,CatFace
19573,CatMouth
19574,CatFace
19575,CatEye
19576,DogEye
19577,CatMouth
19578,CatFace
19579,DogEye
19580,CatFace
19581,CatEye
19582,DogMouth
19583,DogEye
19584,CatEye
19585,DogEye
19586,DogNose
19587,DogEye
19588,CatEye
19589,CatEye
19590,DogEye
19591,CatEye
19592,DogNose
19593,CatFace
19594,CatEye
19595,DogFace
19596,CatEye
19597,CatEye
19598,CatMouth
19599,DogEye
19600,CatFace
19601,CatMouth
19602,DogEye
19603,DogNose
19604,CatNose
19605,CatEye
19606,DogNose
19607,CatMouth
19608,CatNose
19609,CatNose
19610,DogEye
19611,CatNose
19612,DogMouth
19613,CatFace
19614,DogNose
19615,CatFace
19616,DogEye
19617,CatFace
19618,DogEye
19619,DogFace
19620,CatEye
19621,CatMouth
19622,DogEye
19623,DogMouth
19624,DogFace
19625,DogEye
19626,DogEye
19627,CatEye
19628,DogEye
19629,DogEye
19630,CatFace
19631,DogEye
19632,CatMouth
19633,CatEye
19634,CatEye
19635,CatMouth
19636,DogEye
19637,DogNose
19638,DogNose
19639,CatNose
19640,CatMouth
19641,DogNose
19642,CatMouth
19643,CatNose
19644,CatNose
19645,CatMouth
19646,CatEye
19647,CatEye
19648,DogNose
19649,DogFace
19650,DogEye
19651,CatMouth
19652,CatEye
19653,DogEye
19654,CatFace
19655,DogMouth
19656,CatEye
19657,DogNose
19658,CatEye
19659,DogFace
19660,CatEye
19661,CatEye
19662,DogMouth
19663,DogEye
19664,DogNose
19665,DogMouth
19666,DogEye
19667,CatEye
19668,CatEye
19669,DogMouth
19670,DogEye
19671,CatNose
19672,DogEye
19673,CatMouth
19674,CatEye
19675,CatFace
19676,DogEye
19677,DogEye
19678,DogNose
19679,CatFace
19680,DogMouth
19681,CatNose
19682,CatEye
19683,DogFace
19684,DogEye
19685,CatMouth
19686,CatMouth
19687,CatMouth
19688,DogEye
19689,CatEye
19690,DogEye
19691,CatMouth
19692,CatNose
19693,DogMouth
19694,DogNose
19695,DogMouth
19696,CatEye
19697,CatEye
19698,DogEye
19699,CatEye
19700,CatNose
19701,DogEye
19702,DogEye
19703,CatEye
19704,DogEye
19705,DogEye
19706,CatEye
19707,CatEye
19708,DogEye
19709,DogEye
19710,DogNose
19711,DogEye
19712,CatEye
19713,CatEye
19714,CatNose
19715,DogFace
19716,DogEye
19717,DogEye
19718,DogMouth
19719,DogMouth
19720,CatMouth
19721,CatNose
19722,DogFace
19723,DogEye
19724,CatEye
19725,DogFace
19726,CatEye
19727,CatNose
19728,DogMouth
19729,DogEye
19730,DogNose
19731,CatNose
19732,CatMouth
19733,CatMouth
19734,DogNose
19735,CatFace
19736,DogEye
19737,DogNose
19738,CatEye
19739,CatMouth
19740,DogNose
19741,DogNose
19742,DogEye
19743,DogFace
19744,DogEye
19745,CatEye
19746,DogEye
19747,DogEye
19748,DogEye
19749,CatNose
19750,DogMouth
19751,CatFace
19752,CatEye
19753,DogMouth
19754,DogNose
19755,CatFace
19756,DogEye
19757,DogMouth
19758,DogEye
19759,CatNose
19760,CatMouth
19761,CatMouth
19762,DogNose
19763,DogEye
19764,CatNose
19765,DogNose
19766,CatEye
19767,CatFace
19768,CatEye
19769,CatNose
19770,CatEye
19771,DogMouth
19772,DogEye
19773,CatEye
19774,DogMouth
19775,DogEye
19776,CatFace
19777,CatNose
19778,DogNose
19779,CatNose
19780,DogEye
19781,DogMouth
19782,CatNose
19783,CatNose
19784,DogNose
19785,CatNose
19786,CatMouth
19787,CatNose
19788,CatNose
19789,DogFace
19790,DogEye
19791,CatMouth
19792,DogEye
19793,DogEye
19794,DogNose
19795,CatNose
19796,CatEye
19797,DogFace
19798,CatNose
19799,CatNose
19800,DogNose
19801,CatMouth
19802,DogMouth
19803,CatMouth
19804,DogEye
19805,DogEye
19806,CatFace
19807,DogEye
19808,CatEye
19809,DogEye
19810,DogEye
19811,DogEye
19812,CatFace
19813,DogEye
19814,DogNose
19815,DogMouth
19816,DogEye
19817,CatNose
19818,CatNose
19819,DogNose
19820,CatEye
19821,DogEye
19822,CatFace
19823,DogEye
19824,DogNose
19825,DogNose
19826,DogEye
19827,DogEye
19828,CatMouth
19829,DogFace
19830,DogEye
19831,DogNose
19832,CatNose
19833,DogNose
19834,DogMouth
19835,CatEye
19836,DogEye
19837,DogNose
19838,DogNose
19839,DogEye
19840,CatFace
19841,CatEye
19842,CatMouth
19843,DogMouth
19844,CatMouth
19845,DogFace
19846,CatEye
19847,CatEye
19848,CatEye
19849,CatEye
19850,CatEye
19851,DogNose
19852,CatMouth
19853,CatNose
19854,DogFace
19855,CatNose
19856,DogMouth
19857,DogEye
19858,CatMouth
19859,DogEye
19860,CatEye
19861,DogNose
19862,DogMouth
19863,CatFace
19864,CatFace
19865,CatEye
19866,CatEye
19867,CatEye
19868,CatNose
19869,DogEye
19870,CatNose
19871,CatFace
19872,DogEye
19873,CatEye
19874,CatEye
19875,CatEye
19876,CatMouth
19877,CatEye
19878,CatMouth
19879,DogMouth
19880,DogMouth
19881,CatNose
19882,DogNose
19883,CatEye
19884,CatNose
19885,DogNose
19886,DogEye
19887,DogMouth
19888,DogMouth
19889,CatEye
19890,DogEye
19891,DogMouth
19892,CatEye
19893,CatFace
19894,DogEye
19895,CatEye
19896,CatNose
19897,DogNose
19898,DogFace
19899,DogEye
19900,CatMouth
19901,CatEye
19902,DogNose
19903,CatNose
19904,DogEye
19905,CatEye
19906,CatFace
19907,CatNose
19908,CatMouth
19909,DogEye
19910,CatMouth
19911,DogMouth
19912,DogEye
19913,DogFace
19914,DogMouth
19915,CatNose
19916,DogEye
19917,DogMouth
19918,CatFace
19919,DogEye
19920,DogEye
19921,CatEye
19922,DogEye
19923,CatEye
19924,DogMouth
19925,DogMouth
19926,CatNose
19927,DogEye
19928,DogEye
19929,DogMouth
19930,DogEye
19931,CatEye
19932,CatMouth
19933,DogNose
19934,CatEye
19935,CatNose
19936,DogEye
19937,DogEye
19938,DogFace
19939,CatNose
19940,CatFace
19941,DogMouth
19942,DogEye
19943,DogEye
19944,CatEye
19945,DogEye
19946,DogMouth
19947,CatNose
19948,DogFace
19949,DogFace
19950,DogMouth
19951,CatNose
19952,CatMouth
19953,CatEye
19954,CatMouth
19955,CatNose
19956,CatNose
19957,DogEye
19958,CatMouth
19959,DogEye
19960,DogFace
19961,DogEye
19962,DogMouth
19963,CatMouth
19964,CatNose
19965,CatEye
19966,CatMouth
19967,CatEye
19968,DogEye
19969,CatEye
19970,DogEye
19971,DogNose
19972,DogEye
19973,DogNose
19974,DogFace
19975,CatFace
19976,DogEye
19977,CatMouth
19978,CatEye
19979,DogEye
19980,CatMouth
19981,CatMouth
19982,CatNose
19983,CatEye
19984,DogFace
19985,CatNose
19986,CatEye
19987,DogNose
19988,CatFace
19989,CatNose
19990,DogEye
19991,DogMouth
19992,CatEye
19993,CatFace
19994,CatEye
19995,DogNose
19996,CatNose
19997,CatNose
19998,DogEye
19999,DogEye
20000,DogEye
20001,DogMouth
20002,DogFace
20003,CatMouth
20004,DogFace
20005,DogNose
20006,DogNose
20007,DogFace
20008,DogNose
20009,DogEye
20010,CatEye
20011,CatFace
20012,CatNose
20013,DogEye
20014,DogMouth
20015,CatEye
20016,DogMouth
20017,DogEye
20018,DogMouth
20019,DogEye
20020,CatMouth
20021,CatMouth
20022,CatEye
20023,CatEye
20024,DogMouth
20025,DogNose
20026,CatEye
20027,CatMouth
20028,CatMouth
20029,DogNose
20030,CatEye
20031,CatFace
20032,DogEye
20033,CatEye
20034,DogEye
20035,CatEye
20036,CatEye
20037,CatEye
20038,DogNose
20039,DogMouth
20040,CatFace
20041,DogFace
20042,CatEye
20043,CatEye
20044,CatMouth
20045,DogMouth
20046,DogMouth
20047,DogFace
20048,DogMouth
20049,CatFace
20050,CatEye
20051,CatFace
20052,CatFace
20053,CatMouth
20054,CatFace
20055,CatNose
20056,DogNose
20057,DogMouth
20058,CatEye
20059,CatEye
20060,DogNose
20061,CatEye
20062,DogMouth
20063,CatNose
20064,DogMouth
20065,CatMouth
20066,DogEye
20067,DogFace
20068,CatMouth
20069,CatFace
20070,DogMouth
20071,DogEye
20072,DogEye
20073,CatMouth
20074,DogNose
20075,CatNose
20076,DogFace
20077,CatFace
20078,DogFace
20079,DogEye
20080,CatMouth
20081,CatEye
20082,DogMouth
20083,CatFace
20084,CatNose
20085,CatNose
20086,DogNose
20087,DogEye
20088,CatEye
20089,DogEye
20090,CatEye
20091,CatMouth
20092,CatFace
20093,CatFace
20094,CatNose
20095,DogFace
20096,CatNose
20097,DogFace
20098,DogFace
20099,CatEye
20100,DogNose
20101,CatEye
20102,CatMouth
20103,DogMouth
20104,DogNose
20105,CatEye
20106,CatNose
20107,CatNose
20108,DogEye
20109,CatMouth
20110,DogMouth
20111,CatEye
20112,DogMouth
20113,CatNose
20114,CatNose
20115,CatMouth
20116,CatEye
20117,CatEye
20118,DogNose
20119,CatFace
20120,CatFace
20121,DogFace
20122,CatEye
20123,DogFace
20124,DogNose
20125,DogMouth
20126,CatFace
20127,CatNose
20128,DogMouth
20129,DogEye
20130,DogFace
20131,CatEye
20132,CatFace
20133,CatMouth
20134,CatEye
20135,DogNose
20136,DogEye
20137,CatMouth
20138,DogFace
20139,CatEye
20140,CatFace
20141,DogMouth
20142,CatEye
20143,CatFace
20144,CatMouth
20145,CatEye
20146,DogEye
20147,DogEye
20148,CatFace
20149,DogMouth
20150,DogNose
20151,CatEye
20152,DogMouth
20153,DogMouth
20154,CatMouth
20155,DogNose
20156,CatEye
20157,CatFace
20158,DogMouth
20159,CatEye
20160,CatFace
20161,CatEye
20162,CatMouth
20163,DogMouth
20164,DogEye
20165,DogMouth
20166,CatFace
20167,DogEye
20168,DogEye
20169,DogEye
20170,DogEye
20171,DogFace
20172,DogNose
20173,CatEye
20174,DogFace
20175,CatMouth
20176,CatMouth
20177,CatNose
20178,DogFace
20179,CatEye
20180,DogFace
20181,DogMouth
20182,DogEye
20183,DogNose
20184,CatFace
20185,CatEye
20186,DogMouth
20187,CatMouth
20188,CatNose
20189,CatMouth
20190,CatNose
20191,DogMouth
20192,DogEye
20193,CatEye
20194,DogMouth
20195,CatFace
20196,CatEye
20197,DogNose
20198,CatEye
20199,DogMouth
20200,DogNose
20201,CatMouth
20202,CatNose
20203,DogMouth
20204,DogEye
20205,DogNose
20206,CatMouth
20207,DogEye
20208,CatMouth
20209,CatFace
20210,DogEye
20211,DogNose
20212,CatMouth
20213,CatMouth
20214,CatEye
20215,DogEye
20216,DogFace
20217,DogNose
20218,DogMouth
20219,DogEye
20220,DogMouth
20221,CatEye
20222,DogFace
20223,CatNose
20224,DogEye
20225,CatEye
20226,DogNose
20227,CatMouth
20228,CatFace
20229,DogEye
20230,CatEye
20231,CatMouth
20232,DogFace
20233,CatEye
20234,DogFace
20235,CatEye
20236,CatMouth
20237,CatFace
20238,CatNose
20239,DogFace
20240,DogEye
20241,CatEye
20242,DogFace
20243,CatEye
20244,DogEye
20245,CatMouth
20246,CatEye
20247,CatFace
20248,CatEye
20249,CatNose
20250,DogFace
20251,CatMouth
20252,CatEye
20253,CatEye
20254,DogNose
20255,DogEye
20256,CatEye
20257,DogNose
20258,CatNose
20259,CatMouth
20260,DogEye
20261,DogFace
20262,CatNose
20263,CatEye
20264,CatFace
20265,DogMouth
20266,CatFace
20267,CatEye
20268,DogNose
20269,DogEye
20270,CatMouth
20271,CatFace
20272,DogMouth
20273,CatEye
20274,CatMouth
20275,DogNose
20276,DogEye
20277,CatFace
20278,CatEye
20279,DogMouth
20280,CatNose
20281,DogEye
20282,CatEye
20283,DogEye
20284,CatMouth
20285,CatNose
20286,DogEye
20287,DogEye
20288,CatFace
20289,DogNose
20290,CatFace
20291,DogEye
20292,CatNose
20293,CatFace
20294,CatMouth
20295,CatFace
20296,CatEye
20297,CatFace
20298,DogMouth
20299,CatNose
20300,CatMouth
20301,DogEye
20302,CatEye
20303,DogEye
20304,DogFace
20305,DogNose
20306,DogMouth
20307,CatEye
20308,CatMouth
20309,CatNose
20310,DogEye
20311,CatNose
20312,CatEye
20313,DogFace
20314,CatNose
20315,CatEye
20316,CatNose
20317,DogFace
20318,CatEye
20319,CatEye
20320,CatFace
20321,DogMouth
20322,CatNose
20323,CatFace
20324,CatFace
20325,DogNose
20326,CatNose
20327,CatEye
20328,DogFace
20329,DogEye
20330,CatMouth
20331,CatEye
20332,CatNose
20333,DogEye
20334,CatEye
20335,DogFace
20336,DogFace
20337,DogFace
20338,CatEye
20339,DogEye
20340,CatFace
20341,DogEye
20342,DogNose
20343,CatFace
20344,DogMouth
20345,DogFace
20346,CatEye
20347,CatNose
20348,CatMouth
20349,DogMouth
20350,DogNose
20351,CatEye
20352,DogNose
20353,DogEye
20354,CatEye
20355,CatMouth
20356,CatMouth
20357,CatEye
20358,DogMouth
20359,CatNose
20360,DogEye
20361,CatMouth
20362,DogNose
20363,CatEye
20364,CatEye
20365,DogEye
20366,CatEye
20367,CatFace
20368,DogEye
20369,DogNose
20370,CatMouth
20371,CatEye
20372,CatFace
20373,CatMouth
20374,CatEye
20375,DogNose
20376,DogNose
20377,DogEye
20378,CatEye
20379,CatFace
20380,DogFace
20381,CatFace
20382,CatMouth
20383,CatEye
20384,DogNose
20385,DogFace
20386,CatMouth
20387,DogEye
20388,CatMouth
20389,DogFace
20390,DogNose
20391,DogMouth
20392,DogEye
20393,DogFace
20394,DogNose
20395,DogNose
20396,DogFace
20397,CatNose
20398,DogMouth
20399,CatEye
20400,CatFace
20401,CatMouth
20402,CatEye
20403,DogNose
20404,DogMouth
20405,CatMouth
20406,CatEye
20407,CatFace
20408,CatFace
20409,DogMouth
20410,CatEye
20411,DogEye
20412,DogFace
20413,CatMouth
20414,CatNose
20415,CatEye
20416,DogNose
20417,DogEye
20418,CatFace
20419,CatMouth
20420,DogEye
20421,DogNose
20422,CatNose
20423,DogEye
20424,DogFace
20425,DogMouth
20426,CatFace
20427,CatFace
20428,CatEye
20429,CatFace
20430,CatFace
20431,DogEye
20432,DogEye
20433,CatEye
20434,CatFace
20435,DogFace
20436,DogEye
20437,CatEye
20438,DogNose
20439,DogNose
20440,DogNose
20441,DogEye
20442,DogFace
20443,DogEye
20444,DogEye
20445,DogNose
20446,DogEye
20447,CatFace
20448,CatNose
20449,CatMouth
20450,DogEye
20451,CatMouth
20452,CatMouth
20453,CatMouth
20454,CatNose
20455,CatNose
20456,CatEye
20457,DogMouth
20458,DogEye
20459,CatEye
20460,CatMouth
20461,DogMouth
20462,CatEye
20463,DogMouth
20464,DogMouth
20465,CatEye
20466,DogNose
20467,DogEye
20468,DogMouth
20469,DogMouth
20470,DogNose
20471,DogFace
20472,DogNose
20473,DogEye
20474,CatMouth
20475,DogFace
20476,DogEye
20477,DogEye
20478,CatMouth
20479,DogEye
20480,CatFace
20481,CatEye
20482,CatMouth
20483,CatFace
20484,CatMouth
20485,CatMouth
20486,CatFace
20487,CatMouth
20488,DogNose
20489,CatNose
20490,CatEye
20491,DogEye
20492,CatEye
20493,CatEye
20494,CatEye
20495,DogFace
20496,CatEye
20497,DogFace
20498,CatEye
20499,DogFace
20500,CatFace
20501,DogEye
20502,CatFace
20503,CatFace
20504,DogEye
20505,DogMouth
20506,CatEye
20507,CatFace
20508,CatEye
20509,CatMouth
20510,CatFace
20511,CatNose
20512,CatEye
20513,CatEye
20514,CatNose
20515,DogNose
20516,CatMouth
20517,DogEye
20518,DogFace
20519,CatEye
20520,DogMouth
20521,DogEye
20522,CatEye
20523,DogMouth
20524,DogMouth
20525,DogFace
20526,DogEye
20527,CatNose
20528,CatFace
20529,CatEye
20530,CatMouth
20531,DogNose
20532,CatMouth
20533,CatNose
20534,DogNose
20535,CatEye
20536,DogFace
20537,CatEye
20538,DogEye
20539,CatMouth
20540,CatEye
20541,DogEye
20542,DogFace
20543,DogEye
20544,CatEye
20545,CatEye
20546,DogNose
20547,CatFace
20548,CatEye
20549,CatNose
20550,DogEye
20551,CatFace
20552,CatNose
20553,CatEye
20554,DogEye
20555,DogFace
20556,CatEye
20557,CatEye
20558,DogFace
20559,DogEye
20560,DogNose
20561,DogFace
20562,DogMouth
20563,CatNose
20564,CatEye
20565,DogMouth
20566,CatMouth
20567,DogNose
20568,CatEye
20569,DogNose
20570,DogFace
20571,CatMouth
20572,DogEye
20573,DogEye
20574,DogNose
20575,CatMouth
20576,CatMouth
20577,DogEye
20578,DogEye
20579,CatMouth
20580,DogEye
20581,CatEye
20582,CatEye
20583,CatMouth
20584,CatEye
20585,DogEye
20586,CatMouth
20587,CatEye
20588,DogEye
20589,CatEye
20590,DogNose
20591,CatEye
20592,DogFace
20593,DogEye
20594,DogFace
20595,DogEye
20596,DogEye
20597,DogNose
20598,DogEye
20599,DogMouth
20600,CatMouth
20601,DogEye
20602,DogFace
20603,DogFace
20604,DogEye
20605,CatFace
20606,CatNose
20607,CatNose
20608,DogFace
20609,DogFace
20610,CatEye
20611,CatFace
20612,CatNose
20613,DogMouth
20614,DogFace
20615,CatEye
20616,DogNose
20617,CatNose
20618,CatFace
20619,DogMouth
20620,DogMouth
20621,DogEye
20622,CatNose
20623,CatNose
20624,CatEye
20625,CatEye
20626,CatNose
20627,DogMouth
20628,CatEye
20629,DogNose
20630,DogNose
20631,CatEye
20632,CatEye
20633,DogNose
20634,DogNose
20635,CatMouth
20636,CatMouth
20637,CatNose
20638,CatMouth
20639,CatEye
20640,DogNose
20641,CatEye
20642,CatEye
20643,CatMouth
20644,CatNose
20645,CatMouth
20646,DogNose
20647,CatNose
20648,CatEye
20649,DogMouth
20650,DogNose
20651,CatNose
20652,CatMouth
20653,CatMouth
20654,CatMouth
20655,DogMouth
20656,CatEye
20657,CatEye
20658,DogEye
20659,DogEye
20660,DogFace
20661,DogMouth
20662,DogFace
20663,CatFace
20664,CatEye
20665,DogEye
20666,CatMouth
20667,CatNose
20668,DogNose
20669,DogFace
20670,DogEye
20671,DogFace
20672,DogNose
20673,DogMouth
20674,CatEye
20675,CatMouth
20676,CatNose
20677,CatMouth
20678,DogFace
20679,CatEye
20680,DogMouth
20681,DogEye
20682,CatNose
20683,CatFace
20684,DogNose
20685,DogNose
20686,CatNose
20687,CatEye
20688,DogFace
20689,DogEye
20690,CatEye
20691,CatEye
20692,DogNose
20693,DogMouth
20694,DogEye
20695,CatEye
20696,DogNose
20697,DogNose
20698,DogEye
20699,CatEye
20700,CatFace
20701,DogEye
20702,DogEye
20703,CatEye
20704,DogEye
20705,DogEye
20706,DogEye
20707,DogEye
20708,DogFace
20709,DogNose
20710,DogEye
20711,CatEye
20712,CatEye
20713,CatMouth
20714,DogEye
20715,DogNose
20716,CatEye
20717,CatEye
20718,CatFace
20719,DogEye
20720,DogNose
20721,CatNose
20722,CatEye
20723,CatMouth
20724,CatEye
20725,CatMouth
20726,DogNose
20727,DogFace
20728,DogMouth
20729,CatNose
20730,CatFace
20731,DogMouth
20732,DogMouth
20733,DogMouth
20734,CatFace
20735,CatEye
20736,DogEye
20737,CatFace
20738,DogFace
20739,CatFace
20740,DogNose
20741,CatFace
20742,DogMouth
20743,DogFace
20744,DogEye
20745,DogMouth
20746,DogEye
20747,CatNose
20748,DogFace
20749,CatFace
20750,DogNose
20751,DogEye
20752,CatEye
20753,DogFace
20754,CatMouth
20755,DogNose
20756,DogMouth
20757,DogMouth
20758,DogFace
20759,CatEye
20760,DogEye
20761,CatEye
20762,DogFace
20763,DogEye
20764,DogEye
20765,DogEye
20766,CatEye
20767,DogNose
20768,CatNose
20769,DogFace
20770,CatMouth
20771,DogFace
20772,CatEye
20773,DogFace
20774,DogNose
20775,DogFace
20776,CatNose
20777,DogEye
20778,CatEye
20779,DogNose
20780,CatMouth
20781,DogEye
20782,DogFace
20783,CatEye
20784,DogNose
20785,DogNose
20786,CatNose
20787,DogNose
20788,CatEye
20789,CatEye
20790,CatFace
20791,DogEye
20792,CatFace
20793,CatMouth
20794,CatNose
20795,CatEye
20796,DogMouth
20797,DogNose
20798,DogEye
20799,CatNose
20800,DogNose
20801,CatNose
20802,CatFace
20803,DogEye
20804,CatNose
20805,CatFace
20806,DogNose
20807,DogEye
20808,DogEye
20809,CatFace
20810,DogMouth
20811,DogMouth
20812,DogNose
20813,CatFace
20814,CatNose
20815,DogMouth
20816,CatEye
20817,DogFace
20818,DogFace
20819,DogEye
20820,CatEye
20821,DogEye
20822,DogEye
20823,CatEye
20824,CatNose
20825,CatMouth
20826,CatEye
20827,CatEye
20828,CatFace
20829,CatEye
20830,DogNose
20831,CatNose
20832,CatEye
20833,DogNose
20834,CatFace
20835,DogEye
20836,DogNose
20837,DogNose
20838,DogNose
20839,DogNose
20840,CatFace
20841,DogEye
20842,CatMouth
20843,CatMouth
20844,DogFace
20845,CatFace
20846,CatMouth
20847,DogMouth
20848,DogEye
20849,DogEye
20850,DogNose
20851,CatNose
20852,CatEye
20853,CatEye
20854,CatEye
20855,CatMouth
20856,CatNose
20857,DogEye
20858,DogFace
20859,DogFace
20860,CatEye
20861,DogFace
20862,DogEye
20863,CatNose
20864,DogMouth
20865,CatFace
20866,CatEye
20867,CatNose
20868,DogFace
20869,DogNose
20870,CatEye
20871,CatEye
20872,DogEye
20873,CatNose
20874,CatNose
20875,CatMouth
20876,CatFace
20877,CatNose
20878,DogMouth
20879,CatMouth
20880,CatMouth
20881,CatMouth
20882,DogEye
20883,DogEye
20884,DogEye
20885,CatFace
20886,CatMouth
20887,DogEye
20888,CatNose
20889,DogMouth
20890,DogNose
20891,CatEye
20892,DogEye
20893,DogEye
20894,DogEye
20895,DogFace
20896,DogFace
20897,CatFace
20898,CatMouth
20899,DogFace
20900,DogEye
20901,DogEye
20902,DogNose
20903,DogFace
20904,CatFace
20905,CatFace
20906,CatMouth
20907,DogEye
20908,CatFace
20909,DogEye
20910,CatEye
20911,CatEye
20912,CatFace
20913,DogFace
20914,DogEye
20915,CatEye
20916,CatMouth
20917,CatMouth
20918,DogFace
20919,DogMouth
20920,DogFace
20921,DogMouth
20922,CatEye
20923,DogMouth
20924,DogFace
20925,CatNose
20926,CatFace
20927,DogFace
20928,CatNose
20929,CatFace
20930,DogMouth
20931,CatMouth
20932,CatEye
20933,DogNose
20934,CatNose
20935,DogEye
20936,DogFace
20937,DogFace
20938,DogEye
20939,DogFace
20940,CatMouth
20941,DogNose
20942,CatMouth
20943,CatFace
20944,DogEye
20945,CatEye
20946,CatEye
20947,DogMouth
20948,CatMouth
20949,DogNose
20950,CatEye
20951,DogFace
20952,CatMouth
20953,DogFace
20954,CatNose
20955,DogEye
20956,CatEye
20957,DogMouth
20958,DogEye
20959,DogNose
20960,DogEye
20961,CatMouth
20962,DogMouth
20963,CatMouth
20964,DogFace
20965,DogFace
20966,DogEye
20967,DogNose
20968,CatEye
20969,DogEye
20970,CatEye
20971,DogNose
20972,CatMouth
20973,CatFace
20974,DogNose
20975,CatNose
20976,DogEye
20977,CatFace
20978,DogEye
20979,DogEye
20980,DogFace
20981,CatEye
20982,DogNose
20983,CatEye
20984,CatMouth
20985,CatEye
20986,CatEye
20987,CatNose
20988,DogEye
20989,CatNose
20990,CatEye
20991,CatNose
20992,DogEye
20993,DogFace
20994,CatNose
20995,CatEye
20996,DogEye
20997,CatNose
20998,DogEye
20999,DogEye
21000,CatEye
21001,CatNose
21002,CatEye
21003,CatEye
21004,CatFace
21005,CatFace
21006,DogEye
21007,DogEye
21008,CatFace
21009,DogMouth
21010,CatEye
21011,DogEye
21012,CatNose
21013,CatFace
21014,CatFace
21015,CatFace
21016,CatMouth
21017,DogMouth
21018,DogMouth
21019,CatNose
21020,CatNose
21021,CatNose
21022,DogFace
21023,CatMouth
21024,DogFace
21025,DogNose
21026,CatFace
21027,DogEye
21028,DogMouth
21029,CatFace
21030,DogEye
21031,DogEye
21032,CatEye
21033,CatMouth
21034,CatEye
21035,DogEye
21036,CatEye
21037,CatEye
21038,CatEye
21039,DogEye
21040,CatNose
21041,DogNose
21042,CatEye
21043,CatNose
21044,DogNose
21045,DogNose
21046,CatMouth
21047,CatEye
21048,CatMouth
21049,DogNose
21050,DogMouth
21051,CatMouth
21052,CatNose
21053,CatMouth
21054,CatFace
21055,DogFace
21056,DogNose
21057,CatEye
21058,CatNose
21059,DogFace
21060,DogMouth
21061,CatNose
21062,CatNose
21063,DogNose
21064,DogNose
21065,CatFace
21066,CatFace
21067,CatEye
21068,CatNose
21069,DogEye
21070,CatMouth
21071,DogEye
21072,CatEye
21073,CatEye
21074,DogMouth
21075,CatMouth
21076,CatNose
21077,CatFace
21078,CatFace
21079,DogMouth
21080,DogEye
21081,CatEye
21082,DogMouth
21083,DogFace
21084,CatNose
21085,CatNose
21086,CatMouth
21087,DogEye
21088,DogEye
21089,DogFace
21090,CatEye
21091,DogFace
21092,DogNose
21093,DogEye
21094,DogMouth
21095,DogFace
21096,DogFace
21097,DogEye
21098,CatEye
21099,CatEye
21100,DogEye
21101,CatEye
21102,DogEye
21103,DogMouth
21104,DogNose
21105,CatEye
21106,CatEye
21107,CatEye
21108,DogNose
21109,CatNose
21110,DogMouth
21111,CatFace
21112,CatEye
21113,CatMouth
21114,CatEye
21115,CatEye
21116,CatMouth
21117,DogNose
21118,DogNose
21119,CatNose
21120,CatMouth
21121,DogFace
21122,DogEye
21123,CatFace
21124,DogEye
21125,DogNose
21126,CatMouth
21127,CatEye
21128,CatFace
21129,DogEye
21130,DogNose
21131,CatFace
21132,DogEye
21133,CatNose
21134,DogNose
21135,DogMouth
21136,DogEye
21137,DogEye
21138,CatFace
21139,CatMouth
21140,DogEye
21141,CatNose
21142,CatMouth
21143,CatEye
21144,CatNose
21145,DogMouth
21146,CatFace
21147,DogEye
21148,CatMouth
21149,CatMouth
21150,CatNose
21151,CatEye
21152,CatNose
21153,CatMouth
21154,DogEye
21155,CatFace
21156,CatMouth
21157,CatFace
21158,DogMouth
21159,DogEye
21160,DogEye
21161,DogEye
21162,CatEye
21163,CatEye
21164,CatMouth
21165,CatNose
21166,CatEye
21167,DogMouth
21168,CatMouth
21169,CatEye
21170,DogFace
21171,CatEye
21172,DogNose
21173,DogEye
21174,DogMouth
21175,DogMouth
21176,CatEye
21177,CatMouth
21178,DogNose
21179,DogNose
21180,CatEye
21181,CatEye
21182,DogNose
21183,CatEye
21184,CatEye
21185,CatNose
21186,DogFace
21187,DogMouth
21188,CatMouth
21189,DogMouth
21190,CatEye
21191,DogEye
21192,CatEye
21193,DogEye
21194,DogMouth
21195,DogFace
21196,CatFace
21197,CatNose
21198,DogMouth
21199,CatEye
21200,CatFace
21201,CatEye
21202,DogEye
21203,CatEye
21204,CatEye
21205,CatEye
21206,DogFace
21207,CatMouth
21208,CatFace
21209,CatNose
21210,CatEye
21211,DogMouth
21212,CatEye
21213,CatEye
21214,DogEye
21215,CatNose
21216,CatEye
21217,DogEye
21218,DogEye
21219,DogEye
21220,DogMouth
21221,DogNose
21222,CatNose
21223,DogNose
21224,DogFace
21225,DogFace
21226,DogNose
21227,CatFace
21228,DogEye
21229,CatMouth
21230,CatNose
21231,DogFace
21232,CatEye
21233,DogEye
21234,CatMouth
21235,CatEye
21236,CatFace
21237,CatNose
21238,DogEye
21239,CatEye
21240,CatFace
21241,CatFace
21242,DogNose
21243,DogEye
21244,CatEye
21245,CatNose
21246,CatMouth
21247,DogEye
21248,CatFace
21249,CatFace
21250,DogFace
21251,CatEye
21252,CatNose
21253,DogFace
21254,DogMouth
21255,CatNose
21256,DogNose
21257,DogFace
21258,CatFace
21259,CatNose
21260,CatEye
21261,DogMouth
21262,CatMouth
21263,DogEye
21264,DogMouth
21265,CatMouth
21266,CatEye
21267,CatEye
21268,CatEye
21269,DogEye
21270,DogNose
21271,DogEye
21272,DogFace
21273,DogNose
21274,DogEye
21275,CatEye
21276,CatEye
21277,CatNose
21278,DogNose
21279,CatEye
21280,CatFace
21281,DogEye
21282,CatEye
21283,DogNose
21284,CatEye
21285,DogFace
21286,CatEye
21287,CatEye
21288,DogMouth
21289,DogEye
21290,DogNose
21291,CatFace
21292,CatNose
21293,DogNose
21294,CatMouth
21295,DogEye
21296,DogEye
21297,DogEye
21298,CatEye
21299,CatMouth
21300,DogEye
21301,DogFace
21302,CatMouth
21303,DogNose
21304,DogEye
21305,CatEye
21306,DogFace
21307,CatEye
21308,DogEye
21309,CatEye
21310,DogEye
21311,CatFace
21312,CatNose
21313,CatEye
21314,DogFace
21315,CatMouth
21316,CatMouth
21317,DogFace
21318,CatEye
21319,DogNose
21320,DogEye
21321,CatNose
21322,DogMouth
21323,CatMouth
21324,CatFace
21325,CatEye
21326,CatFace
21327,CatFace
21328,CatMouth
21329,CatEye
21330,DogEye
21331,CatFace
21332,CatMouth
21333,DogEye
21334,DogEye
21335,CatMouth
21336,DogMouth
21337,CatEye
21338,CatNose
21339,DogMouth
21340,CatFace
21341,DogMouth
21342,CatEye
21343,DogFace
21344,DogEye
21345,DogFace
21346,DogEye
21347,DogEye
21348,CatEye
21349,CatFace
21350,CatEye
21351,CatNose
21352,CatEye
21353,CatFace
21354,CatMouth
21355,DogEye
21356,DogMouth
21357,CatEye
21358,CatFace
21359,DogEye
21360,CatEye
21361,DogEye
21362,DogNose
21363,CatNose
21364,DogNose
21365,DogEye
21366,CatFace
21367,CatFace
21368,DogEye
21369,CatEye
21370,DogFace
21371,DogMouth
21372,DogEye
21373,CatFace
21374,DogEye
21375,CatFace
21376,DogFace
21377,DogFace
21378,CatEye
21379,DogEye
21380,CatEye
21381,DogEye
21382,DogEye
21383,DogFace
21384,CatNose
21385,CatFace
21386,DogMouth
21387,DogMouth
21388,DogFace
21389,CatNose
21390,CatNose
21391,CatNose
21392,CatFace
21393,CatNose
21394,DogEye
21395,CatFace
21396,DogEye
21397,DogFace
21398,CatMouth
21399,CatFace
21400,CatNose
21401,CatMouth
21402,CatFace
21403,DogEye
21404,CatEye
21405,CatEye
21406,DogEye
21407,CatNose
21408,CatFace
21409,CatEye
21410,DogEye
21411,CatEye
21412,CatEye
21413,CatFace
21414,CatNose
21415,CatFace
21416,CatEye
21417,DogNose
21418,CatMouth
21419,CatMouth
21420,CatEye
21421,CatFace
21422,CatFace
21423,CatFace
21424,CatEye
21425,CatEye
21426,CatEye
21427,CatEye
21428,CatMouth
21429,DogEye
21430,CatEye
21431,CatMouth
21432,CatEye
21433,CatFace
21434,CatEye
21435,DogEye
21436,CatFace
21437,CatFace
21438,DogEye
21439,CatEye
21440,CatNose
21441,CatEye
21442,CatMouth
21443,CatEye
21444,DogEye
21445,DogEye
21446,DogEye
21447,DogEye
21448,DogFace
21449,DogMouth
21450,DogEye
21451,CatNose
21452,CatEye
21453,CatMouth
21454,DogEye
21455,CatFace
21456,DogMouth
21457,CatFace
21458,DogMouth
21459,CatEye
21460,DogEye
21461,DogNose
21462,CatEye
21463,DogEye
21464,CatEye
21465,CatEye
21466,CatEye
21467,DogEye
21468,DogEye
21469,DogFace
21470,CatEye
21471,CatMouth
21472,DogMouth
21473,CatMouth
21474,DogEye
21475,CatNose
21476,CatEye
21477,DogNose
21478,CatEye
21479,CatFace
21480,DogEye
21481,CatEye
21482,DogMouth
21483,CatNose
21484,DogFace
21485,CatEye
21486,CatEye
21487,DogEye
21488,CatMouth
21489,CatEye
21490,DogMouth
21491,CatFace
21492,DogFace
21493,DogEye
21494,CatMouth
21495,CatMouth
21496,DogFace
21497,DogEye
21498,CatFace
21499,DogMouth
21500,CatEye
21501,CatEye
21502,CatEye
21503,DogNose
21504,CatEye
21505,CatNose
21506,CatNose
21507,CatFace
21508,DogEye
21509,CatFace
21510,DogEye
21511,CatEye
21512,CatFace
21513,CatEye
21514,CatFace
21515,CatEye
21516,DogMouth
21517,CatNose
21518,CatNose
21519,CatFace
21520,CatMouth
21521,CatNose
21522,CatMouth
21523,DogMouth
21524,CatNose
21525,CatMouth
21526,DogEye
21527,CatEye
21528,CatFace
21529,DogFace
21530,CatEye
21531,DogEye
21532,CatEye
21533,DogFace
21534,CatEye
21535,DogEye
21536,CatMouth
21537,CatEye
21538,CatEye
21539,CatEye
21540,CatMouth
21541,CatEye
21542,DogFace
21543,DogMouth
21544,CatMouth
21545,CatMouth
21546,CatEye
21547,CatMouth
21548,CatEye
21549,DogEye
21550,CatEye
21551,DogNose
21552,CatMouth
21553,DogMouth
21554,DogFace
21555,CatMouth
21556,CatEye
21557,CatEye
21558,DogEye
21559,CatEye
21560,CatFace
21561,DogEye
21562,CatMouth
21563,CatMouth
21564,CatEye
21565,DogEye
21566,DogFace
21567,CatEye
21568,DogEye
21569,CatEye
21570,CatFace
21571,DogEye
21572,CatNose
21573,CatEye
21574,CatEye
21575,DogEye
21576,DogNose
21577,DogNose
21578,DogNose
21579,DogMouth
21580,DogMouth
21581,CatMouth
21582,CatMouth
21583,CatEye
21584,DogEye
21585,CatMouth
21586,DogEye
21587,DogEye
21588,CatEye
21589,DogEye
21590,DogEye
21591,CatEye
21592,CatFace
21593,DogEye
21594,DogEye
21595,CatEye
21596,DogEye
21597,DogEye
21598,CatEye
21599,CatEye
21600,CatNose
21601,CatFace
21602,CatNose
21603,CatMouth
21604,DogFace
21605,CatEye
21606,DogFace
21607,DogEye
21608,CatMouth
21609,CatFace
21610,DogEye
21611,CatFace
21612,CatEye
21613,CatEye
21614,DogMouth
21615,DogEye
21616,DogEye
21617,DogFace
21618,CatMouth
21619,CatEye
21620,CatMouth
21621,CatEye
21622,CatEye
21623,DogMouth
21624,CatFace
21625,CatMouth
21626,CatFace
21627,CatNose
21628,DogFace
21629,CatEye
21630,CatNose
21631,CatEye
21632,CatEye
21633,DogMouth
21634,DogEye
21635,CatEye
21636,CatNose
21637,CatEye
21638,DogFace
21639,DogNose
21640,CatEye
21641,DogEye
21642,CatEye
21643,DogMouth
21644,CatEye
21645,CatEye
21646,DogEye
21647,DogNose
21648,DogEye
21649,DogEye
21650,CatMouth
21651,DogEye
21652,DogMouth
21653,CatNose
21654,DogEye
21655,CatFace
21656,DogMouth
21657,DogEye
21658,CatMouth
21659,DogEye
21660,DogMouth
21661,DogMouth
21662,DogEye
21663,CatNose
21664,DogEye
21665,CatMouth
21666,DogEye
21667,DogEye
21668,CatFace
21669,CatFace
21670,DogEye
21671,DogNose
21672,DogFace
21673,CatEye
21674,CatEye
21675,DogNose
21676,CatFace
21677,DogEye
21678,CatFace
21679,DogEye
21680,DogNose
21681,CatEye
21682,DogFace
21683,CatMouth
21684,CatEye
21685,DogMouth
21686,CatFace
21687,DogEye
21688,DogEye
21689,CatEye
21690,DogNose
21691,DogNose
21692,DogEye
21693,DogEye
21694,CatEye
21695,CatFace
21696,DogFace
21697,DogNose
21698,DogNose
21699,CatEye
21700,DogFace
21701,DogFace
21702,DogEye
21703,DogFace
21704,DogNose
21705,CatEye
21706,CatNose
21707,CatFace
21708,CatFace
21709,CatNose
21710,DogMouth
21711,CatMouth
21712,DogEye
21713,CatMouth
21714,DogEye
21715,CatMouth
21716,DogFace
21717,CatEye
21718,CatEye
21719,CatMouth
21720,CatEye
21721,DogNose
21722,DogMouth
21723,DogNose
21724,CatNose
21725,CatEye
21726,DogMouth
21727,DogFace
21728,CatEye
21729,CatFace
21730,CatEye
21731,DogNose
21732,CatNose
21733,DogEye
21734,CatEye
21735,CatNose
21736,CatEye
21737,DogNose
21738,DogFace
21739,CatMouth
21740,DogMouth
21741,CatMouth
21742,CatFace
21743,CatMouth
21744,CatEye
21745,DogNose
21746,DogNose
21747,CatMouth
21748,CatFace
21749,CatFace
21750,DogNose
21751,CatMouth
21752,CatMouth
21753,CatEye
21754,DogNose
21755,DogEye
21756,DogFace
21757,CatFace
21758,CatFace
21759,DogFace
21760,DogEye
21761,CatEye
21762,CatMouth
21763,CatFace
21764,DogMouth
21765,DogFace
21766,DogEye
21767,CatFace
21768,DogEye
21769,DogEye
21770,CatMouth
21771,DogMouth
21772,DogFace
21773,CatEye
21774,DogMouth
21775,CatEye
21776,CatNose
21777,CatFace
21778,CatEye
21779,CatMouth
21780,DogNose
21781,CatMouth
21782,CatFace
21783,CatNose
21784,CatEye
21785,DogEye
21786,DogEye
21787,DogMouth
21788,CatEye
21789,DogNose
21790,DogEye
21791,CatEye
21792,DogEye
21793,CatEye
21794,DogMouth
21795,CatEye
21796,CatEye
21797,CatFace
21798,CatEye
21799,CatEye
21800,CatEye
21801,CatMouth
21802,DogNose
21803,CatEye
21804,DogFace
21805,DogEye
21806,CatMouth
21807,CatMouth
21808,DogMouth
21809,CatEye
21810,CatEye
21811,CatFace
21812,DogMouth
21813,CatMouth
21814,DogFace
21815,DogMouth
21816,CatEye
21817,CatFace
21818,DogFace
21819,DogNose
21820,DogEye
21821,CatEye
21822,CatEye
21823,CatEye
21824,DogNose
21825,DogMouth
21826,CatEye
21827,CatNose
21828,CatMouth
21829,DogEye
21830,DogNose
21831,CatEye
21832,CatEye
21833,DogNose
21834,DogFace
21835,CatEye
21836,CatFace
21837,CatEye
21838,CatFace
21839,CatEye
21840,CatNose
21841,DogEye
21842,CatEye
21843,CatFace
21844,CatMouth
21845,CatMouth
21846,DogFace
21847,CatNose
21848,DogFace
21849,DogEye
21850,CatEye
21851,DogEye
21852,CatEye
21853,CatNose
21854,DogEye
21855,CatEye
21856,DogEye
21857,DogMouth
21858,DogNose
21859,CatEye
21860,DogMouth
21861,CatNose
21862,DogMouth
21863,CatEye
21864,DogEye
21865,CatMouth
21866,CatEye
21867,CatFace
21868,CatEye
21869,DogFace
21870,CatNose
21871,CatEye
21872,DogMouth
21873,DogEye
21874,DogFace
21875,DogEye
21876,CatFace
21877,CatEye
21878,CatFace
21879,DogNose
21880,CatEye
21881,CatFace
21882,CatEye
21883,CatMouth
21884,DogEye
21885,CatEye
21886,DogEye
21887,DogEye
21888,CatEye
21889,CatMouth
21890,CatFace
21891,DogEye
21892,CatFace
21893,CatMouth
21894,DogEye
21895,DogEye
21896,DogNose
21897,CatEye
21898,DogMouth
21899,CatNose
21900,CatMouth
21901,CatEye
21902,CatEye
21903,CatFace
21904,DogEye
21905,CatFace
21906,DogMouth
21907,CatNose
21908,CatEye
21909,DogFace
21910,CatNose
21911,CatFace
21912,DogEye
21913,DogEye
21914,DogFace
21915,DogEye
21916,DogMouth
21917,CatMouth
21918,DogEye
21919,DogEye
21920,DogEye
21921,DogEye
21922,DogMouth
21923,CatEye
21924,CatEye
21925,CatEye
21926,DogEye
21927,DogEye
21928,DogEye
21929,DogEye
21930,CatEye
21931,CatFace
21932,DogFace
21933,DogEye
21934,DogNose
21935,DogEye
21936,CatEye
21937,DogMouth
21938,DogMouth
21939,CatMouth
21940,DogEye
21941,DogNose
21942,DogMouth
21943,CatEye
21944,CatEye
21945,CatMouth
21946,DogMouth
21947,CatNose
21948,CatMouth
21949,CatNose
21950,CatFace
21951,CatMouth
21952,CatNose
21953,CatEye
21954,DogEye
21955,DogFace
21956,DogNose
21957,CatFace
21958,CatMouth
21959,CatEye
21960,CatEye
21961,DogMouth
21962,CatMouth
21963,DogEye
21964,CatMouth
21965,DogNose
21966,CatFace
21967,CatNose
21968,CatEye
21969,CatEye
21970,CatMouth
21971,CatEye
21972,DogMouth
21973,DogMouth
21974,DogEye
21975,DogEye
21976,CatEye
21977,CatEye
21978,DogMouth
21979,DogEye
21980,DogFace
21981,DogEye
21982,CatNose
21983,DogMouth
21984,CatFace
21985,DogEye
21986,DogMouth
21987,CatMouth
21988,DogEye
21989,CatFace
21990,CatEye
21991,DogEye
21992,CatFace
21993,CatNose
21994,DogNose
21995,CatFace
21996,DogEye
21997,CatFace
21998,CatFace
21999,DogEye
22000,DogNose
22001,DogEye
22002,DogEye
22003,CatMouth
22004,DogNose
22005,CatMouth
22006,DogEye
22007,CatMouth
22008,CatEye
22009,CatNose
22010,DogMouth
22011,DogMouth
22012,CatMouth
22013,CatEye
22014,DogFace
22015,DogFace
22016,DogEye
22017,DogFace
22018,CatEye
22019,CatEye
22020,CatEye
22021,DogNose
22022,DogEye
22023,DogMouth
22024,CatNose
22025,CatEye
22026,DogEye
22027,CatEye
22028,DogFace
22029,CatEye
22030,DogEye
22031,CatMouth
22032,DogEye
22033,DogMouth
22034,DogMouth
22035,CatFace
22036,CatNose
22037,CatEye
22038,DogMouth
22039,DogMouth
22040,CatEye
22041,DogMouth
22042,CatEye
22043,DogEye
22044,CatEye
22045,CatEye
22046,DogEye
22047,DogEye
22048,DogMouth
22049,DogNose
22050,DogNose
22051,CatNose
22052,CatNose
22053,CatMouth
22054,CatFace
22055,DogEye
22056,DogNose
22057,DogEye
22058,CatFace
22059,DogFace
22060,DogEye
22061,DogFace
22062,DogFace
22063,CatFace
22064,CatEye
22065,CatFace
22066,DogEye
22067,DogNose
22068,DogNose
22069,CatFace
22070,CatFace
22071,DogNose
22072,DogNose
22073,CatEye
22074,DogFace
22075,DogMouth
22076,CatEye
22077,DogFace
22078,CatMouth
22079,CatEye
22080,DogNose
22081,CatEye
22082,DogNose
22083,CatEye
22084,CatMouth
22085,DogFace
22086,DogFace
22087,DogMouth
22088,CatMouth
22089,DogNose
22090,DogFace
22091,CatEye
22092,CatMouth
22093,DogEye
22094,DogFace
22095,DogEye
22096,CatFace
22097,DogEye
22098,DogEye
22099,DogNose
22100,CatFace
22101,CatEye
22102,DogMouth
22103,DogEye
22104,CatMouth
22105,CatEye
22106,CatNose
22107,CatEye
22108,CatNose
22109,CatEye
22110,CatEye
22111,DogFace
22112,DogMouth
22113,CatNose
22114,CatFace
22115,CatFace
22116,DogFace
22117,DogNose
22118,CatNose
22119,CatMouth
22120,CatEye
22121,CatFace
22122,DogEye
22123,DogEye
22124,CatNose
22125,DogEye
22126,DogFace
22127,CatMouth
22128,DogFace
22129,CatEye
22130,CatEye
22131,CatEye
22132,CatEye
22133,CatFace
22134,DogFace
22135,CatEye
22136,CatEye
22137,DogEye
22138,DogEye
22139,DogNose
22140,DogMouth
22141,CatEye
22142,DogFace
22143,DogFace
22144,CatEye
22145,DogNose
22146,DogNose
22147,DogEye
22148,CatFace
22149,DogNose
22150,CatEye
22151,DogFace
22152,CatFace
22153,CatEye
22154,CatMouth
22155,DogNose
22156,DogEye
22157,CatNose
22158,DogMouth
22159,DogNose
22160,DogMouth
22161,DogEye
22162,DogEye
22163,CatNose
22164,CatFace
22165,CatNose
22166,CatEye
22167,CatEye
22168,CatMouth
22169,DogNose
22170,DogMouth
22171,DogNose
22172,CatNose
22173,DogEye
22174,DogEye
22175,DogEye
22176,DogMouth
22177,CatNose
22178,CatEye
22179,CatFace
22180,CatFace
22181,CatNose
22182,CatFace
22183,DogNose
22184,CatNose
22185,DogEye
22186,DogFace
22187,CatFace
22188,DogMouth
22189,DogMouth
22190,DogMouth
22191,DogNose
22192,CatNose
22193,CatFace
22194,DogFace
22195,DogEye
22196,CatEye
22197,DogFace
22198,CatEye
22199,CatEye
22200,CatNose
22201,CatMouth
22202,CatEye
22203,DogEye
22204,CatEye
22205,CatNose
22206,CatFace
22207,CatEye
22208,DogMouth
22209,DogMouth
22210,CatEye
22211,CatNose
22212,DogMouth
22213,DogFace
22214,DogFace
22215,DogFace
22216,CatFace
22217,CatMouth
22218,DogFace
22219,DogNose
22220,CatEye
22221,CatEye
22222,CatEye
22223,DogEye
22224,CatMouth
22225,DogNose
22226,DogEye
22227,CatMouth
22228,DogEye
22229,DogNose
22230,CatNose
22231,CatMouth
22232,CatMouth
22233,CatMouth
22234,CatFace
22235,CatNose
22236,CatNose
22237,DogEye
22238,CatEye
22239,DogEye
22240,DogEye
22241,CatEye
22242,CatEye
22243,CatNose
22244,CatEye
22245,CatEye
22246,DogEye
22247,CatNose
22248,DogFace
22249,CatMouth
22250,CatEye
22251,CatNose
22252,DogNose
22253,DogFace
22254,CatFace
22255,CatEye
22256,CatEye
22257,DogMouth
22258,DogEye
22259,CatEye
22260,DogMouth
22261,DogNose
22262,CatNose
22263,CatEye
22264,CatFace
22265,CatFace
22266,CatFace
22267,CatNose
22268,DogEye
22269,CatMouth
22270,CatFace
22271,CatMouth
22272,CatEye
22273,CatMouth
22274,CatMouth
22275,DogFace
22276,DogEye
22277,DogFace
22278,CatNose
22279,DogNose
22280,DogMouth
22281,CatFace
22282,CatEye
22283,CatEye
22284,CatEye
22285,CatFace
22286,CatNose
22287,DogFace
22288,CatEye
22289,CatEye
22290,DogNose
22291,DogEye
22292,CatFace
22293,CatMouth
22294,DogMouth
22295,CatEye
22296,CatMouth
22297,DogNose
22298,DogEye
22299,CatEye
22300,CatEye
22301,CatEye
22302,CatNose
22303,CatMouth
22304,DogEye
22305,DogFace
22306,DogEye
22307,DogEye
22308,CatEye
22309,DogEye
22310,CatNose
22311,CatEye
22312,CatMouth
22313,CatFace
22314,CatEye
22315,CatEye
22316,DogNose
22317,CatFace
22318,CatNose
22319,CatEye
22320,DogEye
22321,DogEye
22322,DogMouth
22323,CatMouth
22324,CatEye
22325,CatNose
22326,CatEye
22327,DogFace
22328,CatMouth
22329,DogNose
22330,DogNose
22331,DogMouth
22332,DogMouth
22333,CatFace
22334,DogEye
22335,CatEye
22336,DogEye
22337,CatFace
22338,CatNose
22339,CatEye
22340,DogFace
22341,CatFace
22342,DogEye
22343,CatMouth
22344,DogNose
22345,CatMouth
22346,CatNose
22347,CatFace
22348,DogNose
22349,DogEye
22350,CatMouth
22351,CatFace
22352,DogNose
22353,CatNose
22354,DogMouth
22355,DogEye
22356,DogEye
22357,DogEye
22358,CatEye
22359,DogMouth
22360,DogFace
22361,DogMouth
22362,DogFace
22363,CatMouth
22364,CatMouth
22365,CatEye
22366,CatFace
22367,DogEye
22368,CatEye
22369,DogNose
22370,CatEye
22371,CatMouth
22372,DogMouth
22373,DogEye
22374,DogEye
22375,DogEye
22376,DogNose
22377,CatFace
22378,CatEye
22379,DogEye
22380,DogEye
22381,CatFace
22382,DogNose
22383,DogEye
22384,CatMouth
22385,DogEye
22386,DogNose
22387,CatMouth
22388,DogEye
22389,DogNose
22390,CatNose
22391,DogMouth
22392,CatMouth
22393,DogEye
22394,CatEye
22395,DogNose
22396,DogNose
22397,DogNose
22398,DogEye
22399,CatEye
22400,CatMouth
22401,CatMouth
22402,CatFace
22403,CatMouth
22404,DogMouth
22405,CatFace
22406,CatNose
22407,DogFace
22408,DogEye
22409,CatEye
22410,CatFace
22411,DogEye
22412,CatMouth
22413,CatEye
22414,CatNose
22415,CatMouth
22416,CatNose
22417,DogFace
22418,DogEye
22419,CatEye
22420,DogFace
22421,CatEye
22422,DogMouth
22423,CatNose
22424,CatEye
22425,CatNose
22426,CatMouth
22427,DogEye
22428,CatNose
22429,DogEye
22430,CatEye
22431,DogMouth
22432,DogNose
22433,DogMouth
22434,CatEye
22435,DogFace
22436,CatMouth
22437,CatEye
22438,DogFace
22439,CatEye
22440,DogEye
22441,CatEye
22442,DogFace
22443,DogFace
22444,CatNose
22445,CatEye
22446,DogFace
22447,CatEye
22448,DogFace
22449,CatFace
22450,CatEye
22451,CatFace
22452,CatFace
22453,CatFace
22454,DogNose
22455,CatEye
22456,DogFace
22457,DogFace
22458,CatEye
22459,DogEye
22460,DogEye
22461,CatEye
22462,DogNose
22463,CatMouth
22464,DogEye
22465,CatFace
22466,CatEye
22467,DogNose
22468,CatNose
22469,CatFace
22470,CatMouth
22471,DogEye
22472,CatEye
22473,CatFace
22474,CatMouth
22475,CatFace
22476,DogNose
22477,DogEye
22478,DogMouth
22479,CatMouth
22480,DogNose
22481,DogFace
22482,CatFace
22483,CatMouth
22484,DogFace
22485,DogNose
22486,CatEye
22487,DogFace
22488,CatFace
22489,DogEye
22490,CatEye
22491,CatMouth
22492,DogEye
22493,DogMouth
22494,CatMouth
22495,CatFace
22496,CatEye
22497,DogFace
22498,DogEye
22499,CatEye
22500,DogFace
22501,CatEye
22502,CatFace
22503,DogMouth
22504,CatFace
22505,DogFace
22506,DogFace
22507,CatMouth
22508,CatMouth
22509,DogEye
22510,DogNose
22511,CatNose
22512,CatEye
22513,CatEye
22514,CatEye
22515,DogNose
22516,CatFace
22517,DogEye
22518,CatMouth
22519,DogEye
22520,DogEye
22521,CatEye
22522,DogFace
22523,DogFace
22524,CatMouth
22525,DogMouth
22526,DogEye
22527,DogEye
22528,DogEye
22529,CatEye
22530,CatMouth
22531,CatMouth
22532,DogNose
22533,DogNose
22534,DogFace
22535,CatEye
22536,CatEye
22537,CatMouth
22538,DogNose
22539,CatNose
22540,CatEye
22541,DogNose
22542,DogEye
22543,CatEye
22544,CatEye
22545,DogEye
22546,DogMouth
22547,DogEye
22548,DogEye
22549,DogFace
22550,DogNose
22551,CatEye
22552,CatNose
22553,CatEye
22554,DogEye
22555,CatMouth
22556,CatEye
22557,DogFace
22558,DogEye
22559,CatEye
22560,CatEye
22561,DogFace
22562,DogEye
22563,CatFace
22564,CatFace
22565,CatEye
22566,CatMouth
22567,DogEye
22568,DogNose
22569,CatMouth
22570,CatEye
22571,DogEye
22572,DogMouth
22573,DogMouth
22574,CatMouth
22575,DogFace
22576,DogNose
22577,CatNose
22578,DogFace
22579,CatEye
22580,CatEye
22581,DogMouth
22582,CatEye
22583,CatNose
22584,CatNose
22585,DogNose
22586,DogNose
22587,CatEye
22588,CatMouth
22589,DogEye
22590,DogEye
22591,DogNose
22592,DogNose
22593,CatEye
22594,CatFace
22595,CatEye
22596,CatNose
22597,CatFace
22598,DogNose
22599,CatEye
22600,DogEye
22601,CatFace
22602,DogMouth
22603,CatNose
22604,CatEye
22605,DogEye
22606,DogEye
22607,CatMouth
22608,DogFace
22609,CatEye
22610,DogMouth
22611,CatEye
22612,DogFace
22613,CatNose
22614,CatNose
22615,DogMouth
22616,CatFace
22617,CatFace
22618,DogMouth
22619,DogFace
22620,DogEye
22621,DogNose
22622,CatFace
22623,DogFace
22624,DogEye
22625,CatEye
22626,DogEye
22627,CatEye
22628,CatEye
22629,CatNose
22630,CatEye
22631,CatEye
22632,DogNose
22633,CatEye
22634,CatMouth
22635,DogNose
22636,CatEye
22637,DogEye
22638,DogMouth
22639,CatNose
22640,CatFace
22641,CatEye
22642,DogEye
22643,CatFace
22644,DogNose
22645,CatMouth
22646,DogFace
22647,CatMouth
22648,CatMouth
22649,CatEye
22650,CatFace
22651,DogMouth
22652,CatFace
22653,CatEye
22654,DogEye
22655,CatNose
22656,CatNose
22657,DogFace
22658,DogEye
22659,DogMouth
22660,CatMouth
22661,CatMouth
22662,CatMouth
22663,DogFace
22664,CatEye
22665,CatNose
22666,CatEye
22667,DogEye
22668,CatMouth
22669,DogEye
22670,DogEye
22671,DogEye
22672,CatEye
22673,CatEye
22674,CatEye
22675,CatEye
22676,CatFace
22677,CatFace
22678,CatEye
22679,DogNose
22680,DogNose
22681,CatEye
22682,DogNose
22683,DogEye
22684,CatEye
22685,DogNose
22686,CatMouth
22687,CatMouth
22688,CatNose
22689,CatNose
22690,CatFace
22691,CatEye
22692,DogNose
22693,CatEye
22694,CatEye
22695,CatNose
22696,DogNose
22697,DogMouth
22698,DogEye
22699,CatMouth
22700,DogMouth
22701,CatNose
22702,DogNose
22703,DogEye
22704,DogEye
22705,DogEye
22706,CatNose
22707,DogNose
22708,CatEye
22709,CatFace
22710,CatEye
22711,DogNose
22712,DogEye
22713,DogEye
22714,CatFace
22715,CatEye
22716,CatEye
22717,DogMouth
22718,DogFace
22719,DogMouth
22720,DogEye
22721,DogEye
22722,CatEye
22723,DogFace
22724,CatMouth
22725,CatMouth
22726,CatEye
22727,CatMouth
22728,CatEye
22729,DogFace
22730,DogEye
22731,DogEye
22732,DogNose
22733,DogEye
22734,CatMouth
22735,DogNose
22736,CatEye
22737,DogNose
22738,DogNose
22739,DogNose
22740,CatEye
22741,CatNose
22742,CatNose
22743,DogMouth
22744,CatEye
22745,DogFace
22746,DogEye
22747,DogFace
22748,DogEye
22749,CatEye
22750,CatEye
22751,DogFace
22752,CatNose
22753,DogEye
22754,CatNose
22755,DogEye
22756,CatMouth
22757,DogFace
22758,DogEye
22759,CatEye
22760,CatNose
22761,CatMouth
22762,CatEye
22763,DogFace
22764,CatFace
22765,CatEye
22766,CatEye
22767,CatMouth
22768,DogMouth
22769,CatEye
22770,DogEye
22771,DogFace
22772,CatEye
22773,DogFace
22774,DogEye
22775,CatEye
22776,DogEye
22777,CatEye
22778,DogNose
22779,CatEye
22780,CatEye
22781,CatEye
22782,DogNose
22783,DogFace
22784,CatEye
22785,DogEye
22786,DogMouth
22787,CatFace
22788,CatMouth
22789,DogFace
22790,CatMouth
22791,DogEye
22792,CatMouth
22793,DogEye
22794,CatMouth
22795,CatMouth
22796,DogMouth
22797,CatNose
22798,DogMouth
22799,DogMouth
22800,CatMouth
22801,DogEye
22802,CatMouth
22803,CatFace
22804,DogEye
22805,DogEye
22806,DogEye
22807,CatMouth
22808,CatFace
22809,CatEye
22810,DogEye
22811,CatEye
22812,DogEye
22813,CatEye
22814,CatEye
22815,DogFace
22816,CatEye
22817,CatEye
22818,DogNose
22819,DogEye
22820,DogNose
22821,DogMouth
22822,DogMouth
22823,CatEye
22824,DogMouth
22825,CatFace
22826,CatEye
22827,DogNose
22828,DogFace
22829,CatNose
22830,DogEye
22831,DogMouth
22832,DogEye
22833,DogMouth
22834,CatEye
22835,CatEye
22836,CatEye
22837,CatNose
22838,CatNose
22839,CatNose
22840,CatNose
22841,CatMouth
22842,DogNose
22843,CatFace
22844,CatEye
22845,CatFace
22846,CatEye
22847,CatNose
22848,CatMouth
22849,DogNose
22850,CatFace
22851,DogMouth
22852,CatNose
22853,CatFace
22854,CatFace
22855,CatEye
22856,CatMouth
22857,CatFace
22858,DogNose
22859,DogEye
22860,DogEye
22861,CatNose
22862,DogMouth
22863,DogEye
22864,CatEye
22865,CatEye
22866,CatMouth
22867,DogMouth
22868,DogEye
22869,DogMouth
22870,DogEye
22871,DogFace
22872,DogEye
22873,DogEye
22874,CatEye
22875,DogFace
22876,CatFace
22877,CatEye
22878,CatNose
22879,CatNose
22880,CatNose
22881,CatEye
22882,CatEye
22883,DogNose
22884,CatEye
22885,CatEye
22886,CatEye
22887,CatFace
22888,CatFace
22889,CatEye
22890,DogFace
22891,DogEye
22892,CatEye
22893,CatEye
22894,DogFace
22895,CatMouth
22896,DogFace
22897,CatNose
22898,DogMouth
22899,DogNose
22900,CatEye
22901,CatMouth
22902,DogMouth
22903,CatNose
22904,CatNose
22905,DogEye
22906,DogNose
22907,CatEye
22908,CatNose
22909,DogEye
22910,CatMouth
22911,CatFace
22912,CatEye
22913,DogMouth
22914,DogMouth
22915,CatMouth
22916,DogEye
22917,DogFace
22918,CatEye
22919,CatNose
22920,DogEye
22921,DogFace
22922,DogNose
22923,CatEye
22924,CatEye
22925,CatEye
22926,DogEye
22927,DogMouth
22928,DogNose
22929,CatMouth
22930,CatFace
22931,DogEye
22932,DogFace
22933,DogFace
22934,DogEye
22935,CatFace
22936,CatEye
22937,CatFace
22938,CatEye
22939,CatEye
22940,CatEye
22941,CatFace
22942,DogFace
22943,DogNose
22944,DogMouth
22945,DogEye
22946,CatNose
22947,CatMouth
22948,DogEye
22949,DogEye
22950,DogMouth
22951,DogFace
22952,DogFace
22953,DogMouth
22954,CatNose
22955,CatEye
22956,CatMouth
22957,CatNose
22958,CatNose
22959,CatEye
22960,CatNose
22961,CatNose
22962,DogNose
22963,DogNose
22964,DogFace
22965,DogFace
22966,DogMouth
22967,CatFace
22968,DogMouth
22969,DogMouth
22970,CatEye
22971,DogFace
22972,CatEye
22973,CatNose
22974,DogEye
22975,DogNose
22976,CatEye
22977,CatFace
22978,CatEye
22979,CatEye
22980,DogEye
22981,DogEye
22982,DogEye
22983,CatEye
22984,CatEye
22985,CatMouth
22986,CatNose
22987,DogNose
22988,CatEye
22989,CatFace
22990,DogNose
22991,CatEye
22992,CatFace
22993,CatEye
22994,CatEye
22995,DogEye
22996,DogNose
22997,CatMouth
22998,CatFace
22999,CatNose
23000,CatNose
23001,DogEye
23002,DogEye
23003,CatEye
23004,CatEye
23005,DogFace
23006,CatNose
23007,DogEye
23008,CatEye
23009,CatEye
23010,CatNose
23011,DogMouth
23012,CatEye
23013,DogEye
23014,DogEye
23015,DogMouth
23016,CatFace
23017,CatEye
23018,DogEye
23019,CatEye
23020,CatEye
23021,DogEye
23022,CatNose
23023,CatEye
23024,CatNose
23025,DogFace
23026,CatMouth
23027,DogNose
23028,DogFace
23029,DogNose
23030,CatNose
23031,DogEye
23032,CatEye
23033,CatEye
23034,DogNose
23035,DogFace
23036,DogFace
23037,DogNose
23038,DogFace
23039,CatEye
23040,DogEye
23041,DogEye
23042,DogEye
23043,DogMouth
23044,DogMouth
23045,DogMouth
23046,DogFace
23047,CatFace
23048,DogNose
23049,CatNose
23050,CatEye
23051,CatFace
23052,CatEye
23053,DogMouth
23054,CatNose
23055,CatEye
23056,CatNose
23057,CatEye
23058,DogEye
23059,CatMouth
23060,DogMouth
23061,CatEye
23062,DogEye
23063,DogEye
23064,CatNose
23065,CatMouth
23066,CatNose
23067,CatFace
23068,CatNose
23069,CatEye
23070,CatEye
23071,CatEye
23072,CatFace
23073,DogEye
23074,DogMouth
23075,DogMouth
23076,CatFace
23077,DogEye
23078,CatFace
23079,CatFace
23080,CatFace
23081,DogMouth
23082,CatMouth
23083,CatNose
23084,CatMouth
23085,CatEye
23086,DogEye
23087,CatNose
23088,CatEye
23089,DogEye
23090,DogFace
23091,CatNose
23092,CatEye
23093,CatEye
23094,CatEye
23095,DogFace
23096,CatEye
23097,CatMouth
23098,DogNose
23099,CatFace
23100,DogFace
23101,DogMouth
23102,DogEye
23103,CatNose
23104,CatNose
23105,CatEye
23106,DogFace
23107,DogNose
23108,DogFace
23109,CatEye
23110,DogEye
23111,DogFace
23112,CatEye
23113,CatEye
23114,DogFace
23115,CatEye
23116,CatEye
23117,DogEye
23118,DogNose
23119,DogMouth
23120,DogEye
23121,DogNose
23122,DogNose
23123,DogFace
23124,DogMouth
23125,DogFace
23126,CatMouth
23127,CatEye
23128,CatNose
23129,DogFace
23130,CatMouth
23131,DogFace
23132,CatNose
23133,CatFace
23134,CatNose
23135,CatMouth
23136,DogFace
23137,CatEye
23138,DogFace
23139,DogFace
23140,CatFace
23141,CatEye
23142,DogMouth
23143,CatEye
23144,CatMouth
23145,DogEye
23146,DogMouth
23147,DogFace
23148,DogFace
23149,CatEye
23150,CatEye
23151,DogFace
23152,CatEye
23153,DogFace
23154,CatFace
23155,CatNose
23156,CatNose
23157,DogMouth
23158,CatEye
23159,CatEye
23160,CatEye
23161,DogFace
23162,CatEye
23163,DogFace
23164,CatEye
23165,CatMouth
23166,CatFace
23167,DogEye
23168,DogEye
23169,DogMouth
23170,DogFace
23171,DogEye
23172,CatMouth
23173,CatEye
23174,DogEye
23175,DogMouth
23176,DogMouth
23177,CatMouth
23178,DogNose
23179,DogMouth
23180,DogEye
23181,DogFace
23182,CatMouth
23183,DogEye
23184,CatEye
23185,DogFace
23186,CatEye
23187,CatMouth
23188,CatMouth
23189,CatEye
23190,DogFace
23191,CatNose
23192,CatMouth
23193,CatNose
23194,CatEye
23195,CatEye
23196,CatMouth
23197,CatEye
23198,CatNose
23199,DogEye
23200,CatFace
23201,CatEye
23202,DogEye
23203,CatEye
23204,DogEye
23205,DogMouth
23206,CatEye
23207,DogFace
23208,CatNose
23209,CatEye
23210,DogFace
23211,DogFace
23212,CatFace
23213,DogEye
23214,CatEye
23215,CatMouth
23216,DogNose
23217,CatMouth
23218,CatFace
23219,DogEye
23220,DogEye
23221,CatNose
23222,CatFace
23223,CatEye
23224,CatEye
23225,CatFace
23226,CatMouth
23227,CatEye
23228,CatEye
23229,DogEye
23230,CatEye
23231,CatMouth
23232,CatNose
23233,DogNose
23234,DogFace
23235,CatNose
23236,CatNose
23237,CatFace
23238,CatMouth
23239,DogEye
23240,DogEye
23241,DogEye
23242,CatNose
23243,CatEye
23244,CatEye
23245,CatEye
23246,DogEye
23247,DogFace
23248,CatEye
23249,CatNose
23250,DogEye
23251,CatEye
23252,CatFace
23253,DogEye
23254,DogFace
23255,DogFace
23256,DogNose
23257,CatFace
23258,DogMouth
23259,DogMouth
23260,DogEye
23261,CatEye
23262,DogMouth
23263,CatFace
23264,DogEye
23265,DogFace
23266,CatEye
23267,CatFace
23268,DogMouth
23269,DogEye
23270,CatEye
23271,CatEye
23272,DogEye
23273,DogEye
23274,DogEye
23275,CatNose
23276,CatMouth
23277,DogEye
23278,DogMouth
23279,DogMouth
23280,DogEye
23281,DogMouth
23282,DogNose
23283,CatEye
23284,CatMouth
23285,CatNose
23286,CatMouth
23287,DogEye
23288,CatEye
23289,CatMouth
23290,CatFace
23291,DogEye
23292,DogEye
23293,DogFace
23294,CatEye
23295,CatNose
23296,DogMouth
23297,DogFace
23298,DogEye
23299,DogMouth
23300,CatMouth
23301,DogEye
23302,DogNose
23303,CatEye
23304,DogMouth
23305,CatFace
23306,CatEye
23307,CatEye
23308,DogMouth
23309,DogFace
23310,CatEye
23311,CatNose
23312,DogEye
23313,DogMouth
23314,CatEye
23315,CatFace
23316,CatFace
23317,CatMouth
23318,CatMouth
23319,DogEye
23320,DogEye
23321,CatNose
23322,DogNose
23323,DogFace
23324,DogNose
23325,DogNose
23326,CatNose
23327,DogNose
23328,DogMouth
23329,DogEye
23330,CatEye
23331,CatEye
23332,CatEye
23333,CatNose
23334,CatNose
23335,DogEye
23336,DogEye
23337,CatNose
23338,DogFace
23339,CatMouth
23340,CatMouth
23341,CatEye
23342,CatNose
23343,CatNose
23344,CatFace
23345,CatFace
23346,CatNose
23347,DogEye
23348,CatFace
23349,DogFace
23350,CatEye
23351,DogEye
23352,CatEye
23353,DogEye
23354,DogEye
23355,CatNose
23356,DogFace
23357,CatNose
23358,CatMouth
23359,CatEye
23360,CatNose
23361,DogFace
23362,DogNose
23363,CatMouth
23364,CatNose
23365,CatNose
23366,CatEye
23367,CatNose
23368,CatEye
23369,CatEye
23370,CatFace
23371,CatMouth
23372,DogEye
23373,CatEye
23374,CatFace
23375,DogNose
23376,DogFace
23377,DogFace
23378,DogNose
23379,CatFace
23380,CatFace
23381,DogMouth
23382,DogEye
23383,DogMouth
23384,DogEye
23385,DogMouth
23386,CatNose
23387,DogMouth
23388,CatEye
23389,DogEye
23390,CatFace
23391,CatNose
23392,DogEye
23393,DogFace
23394,CatMouth
23395,CatFace
23396,CatEye
23397,DogFace
23398,CatFace
23399,CatEye
23400,DogEye
23401,DogMouth
23402,CatNose
23403,DogEye
23404,CatFace
23405,DogEye
23406,CatEye
23407,CatMouth
23408,CatEye
23409,CatEye
23410,CatNose
23411,CatEye
23412,CatEye
23413,CatEye
23414,CatEye
23415,DogMouth
23416,CatEye
23417,CatMouth
23418,DogMouth
23419,CatFace
23420,DogEye
23421,DogEye
23422,DogMouth
23423,CatEye
23424,CatEye
23425,DogFace
23426,CatNose
23427,CatMouth
23428,DogNose
23429,CatNose
23430,CatFace
23431,DogEye
23432,DogMouth
23433,CatEye
23434,DogMouth
23435,DogEye
23436,CatEye
23437,DogMouth
23438,DogNose
23439,DogEye
23440,CatFace
23441,CatEye
23442,DogMouth
23443,DogFace
23444,CatMouth
23445,DogFace
23446,CatNose
23447,CatMouth
23448,CatNose
23449,CatEye
23450,CatMouth
23451,CatEye
23452,DogNose
23453,CatEye
23454,DogFace
23455,DogEye
23456,DogEye
23457,CatFace
23458,CatEye
23459,CatMouth
23460,CatFace
23461,DogEye
23462,CatEye
23463,CatFace
23464,CatMouth
23465,CatMouth
23466,CatMouth
23467,CatNose
23468,CatMouth
23469,CatMouth
23470,DogEye
23471,CatEye
23472,DogMouth
23473,CatEye
23474,DogEye
23475,DogEye
23476,CatEye
23477,CatMouth
23478,CatEye
23479,CatEye
23480,CatEye
23481,DogEye
23482,DogFace
23483,CatMouth
23484,CatMouth
23485,DogFace
23486,CatFace
23487,DogEye
23488,CatMouth
23489,CatNose
23490,DogEye
23491,CatFace
23492,DogNose
23493,DogNose
23494,CatFace
23495,CatMouth
23496,DogFace
23497,CatEye
23498,CatNose
23499,DogNose
23500,DogNose
23501,DogMouth
23502,DogMouth
23503,CatNose
23504,DogMouth
23505,DogFace
23506,CatEye
23507,CatMouth
23508,DogEye
23509,CatFace
23510,DogEye
23511,CatEye
23512,DogFace
23513,DogEye
23514,CatNose
23515,CatEye
23516,CatNose
23517,DogEye
23518,DogFace
23519,DogEye
23520,DogNose
23521,CatFace
23522,DogFace
23523,CatEye
23524,CatEye
23525,DogNose
23526,DogFace
23527,DogFace
23528,DogNose
23529,DogNose
23530,CatEye
23531,CatFace
23532,DogFace
23533,DogEye
23534,DogFace
23535,CatEye
23536,DogEye
23537,CatEye
23538,CatNose
23539,CatEye
23540,CatFace
23541,DogEye
23542,DogEye
23543,CatEye
23544,CatFace
23545,CatFace
23546,CatEye
23547,CatEye
23548,CatMouth
23549,DogFace
23550,CatNose
23551,CatFace
23552,DogEye
23553,DogFace
23554,CatFace
23555,CatFace
23556,DogMouth
23557,DogEye
23558,CatFace
23559,CatNose
23560,CatFace
23561,DogFace
23562,DogMouth
23563,CatFace
23564,CatNose
23565,DogNose
23566,DogMouth
23567,DogEye
23568,DogFace
23569,CatMouth
23570,CatFace
23571,DogMouth
23572,DogEye
23573,CatEye
23574,CatNose
23575,DogEye
23576,CatEye
23577,DogFace
23578,DogEye
23579,DogFace
23580,CatNose
23581,DogFace
23582,DogEye
23583,DogMouth
23584,CatFace
23585,DogMouth
23586,CatEye
23587,CatNose
23588,DogMouth
23589,CatEye
23590,DogEye
23591,CatEye
23592,CatEye
23593,CatEye
23594,CatEye
23595,CatMouth
23596,CatEye
23597,DogFace
23598,DogEye
23599,DogEye
23600,DogEye
23601,CatFace
23602,CatFace
23603,CatMouth
23604,DogNose
23605,CatMouth
23606,CatEye
23607,DogNose
23608,CatFace
23609,CatNose
23610,DogEye
23611,CatMouth
23612,CatEye
23613,DogFace
23614,DogNose
23615,CatEye
23616,CatNose
23617,DogMouth
23618,DogEye
23619,DogEye
23620,DogEye
23621,CatEye
23622,CatEye
23623,DogEye
23624,CatEye
23625,CatNose
23626,DogEye
23627,DogEye
23628,DogFace
23629,CatEye
23630,CatEye
23631,DogFace
23632,DogFace
23633,DogMouth
23634,DogEye
23635,CatNose
23636,DogNose
23637,DogEye
23638,DogMouth
23639,DogNose
23640,DogEye
23641,DogFace
23642,CatFace
23643,DogEye
23644,DogEye
23645,CatFace
23646,CatNose
23647,DogNose
23648,DogMouth
23649,DogEye
23650,DogMouth
23651,CatFace
23652,DogMouth
23653,CatMouth
23654,DogEye
23655,CatNose
23656,DogEye
23657,CatFace
23658,DogMouth
23659,DogNose
23660,CatEye
23661,DogNose
23662,CatEye
23663,DogEye
23664,CatNose
23665,DogMouth
23666,CatEye
23667,DogEye
23668,DogMouth
23669,CatEye
23670,DogEye
23671,CatFace
23672,CatMouth
23673,CatEye
23674,DogFace
23675,DogNose
23676,CatEye
23677,DogEye
23678,CatNose
23679,DogMouth
23680,DogFace
23681,DogMouth
23682,CatEye
23683,CatEye
23684,DogMouth
23685,CatEye
23686,DogEye
23687,DogEye
23688,DogMouth
23689,CatNose
23690,CatEye
23691,CatNose
23692,CatNose
23693,DogEye
23694,CatNose
23695,CatFace
23696,CatMouth
23697,CatMouth
23698,DogFace
23699,CatEye
23700,DogEye
23701,DogNose
23702,CatFace
23703,DogFace
23704,DogEye
23705,DogNose
23706,CatFace
23707,CatMouth
23708,DogEye
23709,CatMouth
23710,CatFace
23711,CatFace
23712,CatNose
23713,CatFace
23714,DogEye
23715,DogEye
23716,CatEye
23717,CatFace
23718,DogMouth
23719,DogMouth
23720,DogFace
23721,CatMouth
23722,DogNose
23723,CatFace
23724,CatMouth
23725,CatNose
23726,DogFace
23727,DogMouth
23728,CatEye
23729,DogEye
23730,DogNose
23731,CatNose
23732,DogMouth
23733,CatFace
23734,DogEye
23735,DogEye
23736,DogFace
23737,CatFace
23738,CatFace
23739,CatEye
23740,CatEye
23741,CatEye
23742,CatEye
23743,CatEye
23744,CatEye
23745,CatEye
23746,DogNose
23747,DogEye
23748,CatMouth
23749,DogEye
23750,DogMouth
23751,CatEye
23752,CatEye
23753,CatEye
23754,DogNose
23755,CatEye
23756,CatEye
23757,CatMouth
23758,DogEye
23759,CatEye
23760,DogEye
23761,CatEye
23762,DogNose
23763,CatFace
23764,CatMouth
23765,DogMouth
23766,CatEye
23767,CatEye
23768,DogEye
23769,CatEye
23770,CatMouth
23771,CatMouth
23772,CatMouth
23773,CatEye
23774,DogNose
23775,DogMouth
23776,DogEye
23777,CatMouth
23778,DogEye
23779,DogFace
23780,DogMouth
23781,DogEye
23782,CatFace
23783,DogEye
23784,CatMouth
23785,DogMouth
23786,CatNose
23787,CatNose
23788,CatEye
23789,DogMouth
23790,CatFace
23791,CatEye
23792,CatNose
23793,DogMouth
23794,DogEye
23795,CatFace
23796,DogEye
23797,CatEye
23798,CatNose
23799,CatNose
23800,CatNose
23801,DogNose
23802,CatMouth
23803,CatFace
23804,DogFace
23805,CatNose
23806,CatMouth
23807,DogMouth
23808,CatMouth
23809,CatFace
23810,CatMouth
23811,DogMouth
23812,CatEye
23813,CatNose
23814,CatEye
23815,DogMouth
23816,DogMouth
23817,CatFace
23818,CatNose
23819,DogEye
23820,CatEye
23821,DogEye
23822,CatNose
23823,DogMouth
23824,CatEye
23825,DogEye
23826,CatEye
23827,CatMouth
23828,CatNose
23829,DogEye
23830,CatEye
23831,CatEye
23832,CatMouth
23833,CatFace
23834,DogEye
23835,DogFace
23836,CatEye
23837,CatEye
23838,DogNose
23839,DogNose
23840,DogEye
23841,DogEye
23842,CatMouth
23843,DogNose
23844,CatMouth
23845,DogEye
23846,CatEye
23847,DogEye
23848,CatEye
23849,CatFace
23850,CatNose
23851,CatMouth
23852,CatEye
23853,CatMouth
23854,DogMouth
23855,CatEye
23856,CatFace
23857,CatMouth
23858,DogEye
23859,CatEye
23860,DogMouth
23861,DogEye
23862,CatEye
23863,CatNose
23864,DogNose
23865,CatEye
23866,CatFace
23867,DogEye
23868,CatNose
23869,DogEye
23870,CatFace
23871,CatEye
23872,CatEye
23873,DogEye
23874,CatMouth
23875,CatNose
23876,CatEye
23877,CatMouth
23878,DogMouth
23879,CatEye
23880,CatEye
23881,CatMouth
23882,DogNose
23883,DogFace
23884,CatNose
23885,DogMouth
23886,CatEye
23887,DogEye
23888,CatEye
23889,CatNose
23890,DogMouth
23891,DogFace
23892,DogEye
23893,CatEye
23894,CatMouth
23895,CatNose
23896,DogFace
23897,CatMouth
23898,CatNose
23899,CatMouth
23900,CatEye
23901,CatNose
23902,CatEye
23903,DogEye
23904,DogNose
23905,CatNose
23906,CatEye
23907,CatEye
23908,DogNose
23909,CatNose
23910,CatFace
23911,DogMouth
23912,CatEye
23913,CatFace
23914,DogNose
23915,DogNose
23916,DogNose
23917,CatNose
23918,DogMouth
23919,CatEye
23920,CatNose
23921,CatFace
23922,CatNose
23923,DogFace
23924,CatEye
23925,DogEye
23926,CatEye
23927,CatEye
23928,DogMouth
23929,CatEye
23930,CatFace
23931,DogFace
23932,DogEye
23933,CatMouth
23934,DogMouth
23935,DogEye
23936,CatMouth
23937,DogEye
23938,CatEye
23939,DogNose
23940,DogEye
23941,DogEye
23942,DogFace
23943,DogNose
23944,CatFace
23945,DogEye
23946,DogEye
23947,DogEye
23948,DogFace
23949,DogFace
23950,DogFace
23951,CatFace
23952,DogFace
23953,DogEye
23954,DogEye
23955,CatMouth
23956,CatEye
23957,DogMouth
23958,CatMouth
23959,DogEye
23960,DogEye
23961,DogEye
23962,CatFace
23963,DogMouth
23964,DogFace
23965,CatEye
23966,DogNose
23967,DogFace
23968,CatFace
23969,CatEye
23970,CatEye
23971,DogEye
23972,CatEye
23973,CatMouth
23974,DogNose
23975,CatFace
23976,DogEye
23977,DogEye
23978,CatNose
23979,CatNose
23980,CatMouth
23981,CatEye
23982,CatEye
23983,DogEye
23984,CatMouth
23985,DogMouth
23986,CatNose
23987,CatMouth
23988,DogEye
23989,CatMouth
23990,CatNose
23991,CatEye
23992,CatEye
23993,DogEye
23994,DogFace
23995,CatEye
23996,DogEye
23997,CatFace
23998,CatEye
23999,DogFace
24000,DogMouth
24001,DogMouth
24002,CatNose
24003,DogFace
24004,DogEye
24005,DogEye
24006,DogNose
24007,CatNose
24008,CatEye
24009,CatMouth
24010,DogEye
24011,CatEye
24012,DogEye
24013,CatEye
24014,DogFace
24015,CatFace
24016,DogNose
24017,CatNose
24018,CatEye
24019,DogFace
24020,DogNose
24021,DogEye
24022,CatEye
24023,DogMouth
24024,DogNose
24025,DogEye
24026,DogFace
24027,DogNose
24028,CatEye
24029,CatNose
24030,CatNose
24031,DogEye
24032,CatNose
24033,CatNose
24034,CatMouth
24035,CatEye
24036,CatFace
24037,DogFace
24038,CatMouth
24039,DogNose
24040,DogNose
24041,CatMouth
24042,CatEye
24043,CatEye
24044,DogEye
24045,CatNose
24046,CatEye
24047,DogNose
24048,CatMouth
24049,CatFace
24050,CatMouth
24051,CatNose
24052,CatFace
24053,DogNose
24054,DogNose
24055,CatFace
24056,CatEye
24057,DogNose
24058,DogEye
24059,DogFace
24060,DogEye
24061,DogMouth
24062,CatNose
24063,CatEye
24064,CatNose
24065,CatFace
24066,CatMouth
24067,DogNose
24068,CatFace
24069,CatEye
24070,DogEye
24071,DogFace
24072,DogEye
24073,DogFace
24074,DogMouth
24075,DogMouth
24076,DogEye
24077,CatEye
24078,CatFace
24079,CatEye
24080,CatEye
24081,DogFace
24082,CatEye
24083,DogEye
24084,CatNose
24085,CatEye
24086,CatEye
24087,DogNose
24088,DogFace
24089,CatEye
24090,CatMouth
24091,CatEye
24092,DogFace
24093,CatFace
24094,DogMouth
24095,DogEye
24096,DogEye
24097,DogNose
24098,DogNose
24099,CatEye
24100,DogMouth
24101,DogEye
24102,DogFace
24103,CatEye
24104,DogEye
24105,CatEye
24106,DogMouth
24107,DogEye
24108,DogNose
24109,CatEye
24110,CatMouth
24111,CatNose
24112,DogMouth
24113,CatFace
24114,CatMouth
24115,CatFace
24116,CatFace
24117,CatEye
24118,DogFace
24119,DogEye
24120,CatNose
24121,DogEye
24122,DogEye
24123,CatNose
24124,DogMouth
24125,CatNose
24126,DogEye
24127,DogNose
24128,CatEye
24129,CatFace
24130,DogFace
24131,CatMouth
24132,CatEye
24133,CatMouth
24134,CatFace
24135,CatFace
24136,DogMouth
24137,CatFace
24138,CatEye
24139,CatEye
24140,DogFace
24141,DogMouth
24142,CatEye
24143,CatFace
24144,DogMouth
24145,DogEye
24146,CatFace
24147,DogMouth
24148,DogEye
24149,CatNose
24150,CatEye
24151,CatFace
24152,DogMouth
24153,DogNose
24154,DogFace
24155,DogNose
24156,DogNose
24157,DogEye
24158,CatMouth
24159,CatNose
24160,CatEye
24161,CatMouth
24162,DogEye
24163,DogEye
24164,CatFace
24165,DogNose
24166,CatEye
24167,DogMouth
24168,DogFace
24169,DogEye
24170,DogNose
24171,DogEye
24172,DogMouth
24173,DogMouth
24174,DogEye
24175,DogFace
24176,CatEye
24177,CatFace
24178,DogEye
24179,CatEye
24180,DogEye
24181,DogMouth
24182,DogMouth
24183,CatNose
24184,DogEye
24185,DogMouth
24186,CatEye
24187,DogFace
24188,CatMouth
24189,DogFace
24190,CatFace
24191,DogEye
24192,CatMouth
24193,DogEye
24194,CatMouth
24195,DogEye
24196,DogNose
24197,CatEye
24198,DogEye
24199,CatNose
24200,DogEye
24201,CatMouth
24202,DogFace
24203,CatNose
24204,DogEye
24205,DogMouth
24206,DogFace
24207,CatMouth
24208,CatFace
24209,DogEye
24210,DogFace
24211,CatEye
24212,CatNose
24213,DogMouth
24214,DogEye
24215,DogEye
24216,DogFace
24217,DogNose
24218,DogEye
24219,CatNose
24220,DogNose
24221,DogNose
24222,CatEye
24223,CatFace
24224,CatEye
24225,CatEye
24226,CatFace
24227,DogNose
24228,DogEye
24229,DogFace
24230,CatEye
24231,CatFace
24232,CatMouth
24233,DogEye
24234,CatNose
24235,CatFace
24236,CatFace
24237,CatEye
24238,CatFace
24239,CatNose
24240,CatFace
24241,DogEye
24242,DogMouth
24243,DogMouth
24244,CatFace
24245,CatEye
24246,CatEye
24247,DogEye
24248,DogMouth
24249,CatEye
24250,DogNose
24251,DogNose
24252,CatEye
24253,DogNose
24254,DogEye
24255,DogFace
24256,CatNose
24257,CatFace
24258,DogNose
24259,DogFace
24260,CatMouth
24261,DogEye
24262,DogEye
24263,CatEye
24264,CatEye
24265,CatMouth
24266,DogEye
24267,DogEye
24268,DogMouth
24269,CatFace
24270,DogNose
24271,CatEye
24272,DogEye
24273,CatEye
24274,CatEye
24275,CatEye
24276,DogEye
24277,CatFace
24278,DogEye
24279,CatFace
24280,DogNose
24281,CatEye
24282,CatEye
24283,CatNose
24284,CatNose
24285,DogEye
24286,CatEye
24287,CatFace
24288,DogFace
24289,CatNose
24290,CatEye
24291,CatNose
24292,CatMouth
24293,CatNose
24294,CatEye
24295,CatEye
24296,DogMouth
24297,CatEye
24298,CatFace
24299,CatEye
24300,DogEye
24301,DogEye
24302,CatEye
24303,DogMouth
24304,DogNose
24305,CatEye
24306,CatFace
24307,DogMouth
24308,CatEye
24309,DogMouth
24310,DogEye
24311,DogNose
24312,DogEye
24313,DogEye
24314,CatMouth
24315,CatEye
24316,DogMouth
24317,DogNose
24318,CatFace
24319,CatEye
24320,CatNose
24321,CatMouth
24322,CatNose
24323,DogFace
24324,DogNose
24325,CatMouth
24326,CatFace
24327,CatMouth
24328,DogMouth
24329,CatNose
24330,CatMouth
24331,CatEye
24332,DogNose
24333,CatEye
24334,CatEye
24335,CatEye
24336,DogNose
24337,CatEye
24338,CatEye
24339,DogMouth
24340,CatFace
24341,DogEye
24342,CatNose
24343,CatEye
24344,DogMouth
24345,DogMouth
24346,CatEye
24347,CatEye
24348,DogMouth
24349,CatFace
24350,DogFace
24351,CatFace
24352,CatMouth
24353,CatNose
24354,CatFace
24355,CatEye
24356,DogNose
24357,CatEye
24358,CatEye
24359,CatEye
24360,CatNose
24361,CatEye
24362,DogMouth
24363,CatNose
24364,CatNose
24365,DogEye
24366,CatEye
24367,CatFace
24368,DogEye
24369,DogNose
24370,CatMouth
24371,DogMouth
24372,DogEye
24373,DogEye
24374,DogEye
24375,CatNose
24376,DogEye
24377,DogMouth
24378,CatEye
24379,CatEye
24380,CatFace
24381,DogNose
24382,CatMouth
24383,DogMouth
24384,DogEye
24385,DogMouth
24386,CatMouth
24387,CatFace
24388,DogEye
24389,CatEye
24390,DogNose
24391,CatNose
24392,CatEye
24393,DogMouth
24394,CatEye
24395,DogNose
24396,DogNose
24397,CatMouth
24398,DogEye
24399,DogNose
24400,CatEye
24401,CatNose
24402,CatEye
24403,DogNose
24404,DogEye
24405,DogEye
24406,DogNose
24407,DogFace
24408,CatMouth
24409,CatEye
24410,DogEye
24411,CatMouth
24412,CatEye
24413,CatNose
24414,CatFace
24415,DogEye
24416,CatNose
24417,DogEye
24418,DogEye
24419,CatFace
24420,CatFace
24421,CatEye
24422,DogFace
24423,DogEye
24424,DogFace
24425,CatEye
24426,CatNose
24427,DogEye
24428,CatEye
24429,DogEye
24430,DogEye
24431,DogEye
24432,DogEye
24433,DogEye
24434,CatNose
24435,DogEye
24436,CatNose
24437,CatMouth
24438,CatFace
24439,CatFace
24440,CatFace
24441,DogFace
24442,DogMouth
24443,DogFace
24444,DogEye
24445,CatNose
24446,DogEye
24447,CatNose
24448,DogNose
24449,DogFace
24450,CatMouth
24451,CatMouth
24452,DogEye
24453,CatMouth
24454,CatNose
24455,DogEye
24456,DogFace
24457,CatMouth
24458,CatNose
24459,DogEye
24460,DogEye
24461,DogEye
24462,CatNose
24463,CatNose
24464,DogMouth
24465,CatFace
24466,DogEye
24467,DogNose
24468,CatMouth
24469,DogNose
24470,DogFace
24471,CatNose
24472,DogNose
24473,DogEye
24474,DogEye
24475,DogMouth
24476,DogFace
24477,CatMouth
24478,CatFace
24479,CatEye
24480,CatFace
24481,CatNose
24482,DogMouth
24483,DogEye
24484,DogEye
24485,DogEye
24486,DogNose
24487,DogEye
24488,CatEye
24489,DogEye
24490,DogEye
24491,DogFace
24492,CatMouth
24493,DogMouth
24494,DogNose
24495,CatEye
24496,CatEye
24497,DogNose
24498,DogMouth
24499,DogMouth
24500,DogMouth
24501,CatFace
24502,DogNose
24503,CatFace
24504,CatEye
24505,CatEye
24506,CatMouth
24507,DogNose
24508,CatEye
24509,CatEye
24510,DogMouth
24511,DogEye
24512,DogFace
24513,DogFace
24514,CatNose
24515,DogEye
24516,CatFace
24517,DogEye
24518,CatEye
24519,CatMouth
24520,CatEye
24521,DogMouth
24522,CatEye
24523,CatEye
24524,DogNose
24525,CatEye
24526,CatFace
24527,CatEye
24528,CatNose
24529,DogEye
24530,DogEye
24531,CatNose
24532,CatMouth
24533,CatNose
24534,DogEye
24535,CatEye
24536,CatNose
24537,CatEye
24538,CatFace
24539,DogNose
24540,DogEye
24541,DogEye
24542,DogEye
24543,CatMouth
24544,DogFace
24545,CatMouth
24546,DogEye
24547,CatFace
24548,CatEye
24549,DogNose
24550,DogFace
24551,CatFace
24552,CatFace
24553,CatFace
24554,CatEye
24555,CatMouth
24556,CatFace
24557,DogNose
24558,CatFace
24559,DogEye
24560,CatFace
24561,DogEye
24562,CatNose
24563,CatNose
24564,CatNose
24565,DogEye
24566,CatMouth
24567,DogMouth
24568,CatNose
24569,CatEye
24570,DogMouth
24571,DogEye
24572,CatFace
24573,DogMouth
24574,CatEye
24575,CatEye
24576,DogMouth
24577,CatEye
24578,CatNose
24579,CatEye
24580,CatEye
24581,CatEye
24582,DogEye
24583,CatEye
24584,DogMouth
24585,CatEye
24586,DogEye
24587,DogEye
24588,CatEye
24589,DogEye
24590,DogMouth
24591,DogEye
24592,CatFace
24593,CatEye
24594,DogEye
24595,CatEye
24596,DogFace
24597,DogEye
24598,CatEye
24599,CatEye
24600,CatEye
24601,DogNose
24602,CatMouth
24603,DogFace
24604,CatEye
24605,DogEye
24606,DogFace
24607,CatNose
24608,DogEye
24609,CatFace
24610,CatFace
24611,CatEye
24612,CatMouth
24613,CatNose
24614,DogEye
24615,DogMouth
24616,CatEye
24617,DogMouth
24618,DogEye
24619,DogNose
24620,DogEye
24621,CatNose
24622,CatEye
24623,DogEye
24624,CatNose
24625,DogMouth
24626,DogNose
24627,CatEye
24628,CatMouth
24629,DogEye
24630,DogMouth
24631,DogNose
24632,CatEye
24633,DogNose
24634,DogEye
24635,DogEye
24636,CatEye
24637,DogMouth
24638,CatNose
24639,DogEye
24640,CatMouth
24641,CatNose
24642,DogMouth
24643,CatFace
24644,CatNose
24645,DogFace
24646,DogNose
24647,DogNose
24648,CatEye
24649,DogEye
24650,CatEye
24651,CatEye
24652,CatEye
24653,CatEye
24654,DogNose
24655,CatNose
24656,CatMouth
24657,CatMouth
24658,CatNose
24659,CatMouth
24660,CatEye
24661,CatEye
24662,CatEye
24663,CatNose
24664,CatMouth
24665,DogNose
24666,CatMouth
24667,DogNose
24668,CatNose
24669,DogEye
24670,DogNose
24671,CatMouth
24672,DogEye
24673,CatEye
24674,DogMouth
24675,DogEye
24676,DogEye
24677,DogMouth
24678,DogNose
24679,DogNose
24680,CatFace
24681,CatEye
24682,DogFace
24683,CatEye
24684,DogNose
24685,DogMouth
24686,DogFace
24687,CatFace
24688,CatEye
24689,CatEye
24690,DogMouth
24691,DogMouth
24692,CatFace
24693,CatMouth
24694,CatFace
24695,CatFace
24696,CatMouth
24697,DogEye
24698,DogMouth
24699,DogEye
24700,CatFace
24701,DogEye
24702,DogEye
24703,DogEye
24704,DogNose
24705,CatNose
24706,CatFace
24707,DogEye
24708,DogNose
24709,DogEye
24710,CatNose
24711,DogEye
24712,CatEye
24713,DogMouth
24714,DogEye
24715,CatMouth
24716,DogEye
24717,DogNose
24718,DogEye
24719,CatNose
24720,CatNose
24721,CatFace
24722,CatFace
24723,CatEye
24724,CatMouth
24725,CatEye
24726,CatMouth
24727,CatNose
24728,CatMouth
24729,DogMouth
24730,DogFace
24731,CatFace
24732,CatEye
24733,DogFace
24734,DogEye
24735,CatMouth
24736,DogNose
24737,CatEye
24738,DogEye
24739,CatEye
24740,DogEye
24741,CatMouth
24742,CatEye
24743,CatNose
24744,DogFace
24745,DogFace
24746,CatEye
24747,CatMouth
24748,CatNose
24749,DogEye
24750,CatFace
24751,DogEye
24752,DogEye
24753,CatNose
24754,DogNose
24755,CatEye
24756,CatMouth
24757,CatEye
24758,DogNose
24759,CatNose
24760,DogMouth
24761,DogEye
24762,DogEye
24763,DogMouth
24764,DogMouth
24765,DogEye
24766,CatMouth
24767,DogEye
24768,DogNose
24769,DogEye
24770,DogEye
24771,CatEye
24772,CatEye
24773,DogFace
24774,CatEye
24775,CatEye
24776,DogEye
24777,DogEye
24778,CatEye
24779,CatNose
24780,CatFace
24781,DogMouth
24782,CatEye
24783,DogEye
24784,DogNose
24785,CatMouth
24786,CatNose
24787,CatEye
24788,CatFace
24789,DogFace
24790,DogMouth
24791,DogEye
24792,CatFace
24793,CatFace
24794,DogFace
24795,DogMouth
24796,DogEye
24797,DogNose
24798,CatMouth
24799,CatEye
24800,CatEye
24801,CatMouth
24802,CatNose
24803,DogEye
24804,DogNose
24805,CatEye
24806,CatNose
24807,DogNose
24808,DogEye
24809,DogEye
24810,CatNose
24811,CatNose
24812,CatMouth
24813,CatMouth
24814,CatMouth
24815,DogFace
24816,DogEye
24817,DogEye
24818,CatEye
24819,DogFace
24820,DogMouth
24821,DogEye
24822,DogFace
24823,DogEye
24824,CatEye
24825,CatFace
24826,CatNose
24827,DogMouth
24828,CatMouth
24829,DogNose
24830,CatEye
24831,DogFace
24832,DogEye
24833,CatNose
24834,CatMouth
24835,CatFace
24836,CatMouth
24837,DogEye
24838,DogFace
24839,DogEye
24840,CatEye
24841,CatEye
24842,CatEye
24843,CatFace
24844,DogEye
24845,CatFace
24846,CatEye
24847,DogMouth
24848,DogNose
24849,DogFace
24850,CatNose
24851,CatFace
24852,CatMouth
24853,CatMouth
24854,DogEye
24855,CatEye
24856,CatNose
24857,CatEye
24858,DogNose
24859,CatEye
24860,CatEye
24861,CatEye
24862,CatEye
24863,DogNose
24864,CatMouth
24865,DogEye
24866,CatEye
24867,DogNose
24868,CatFace
24869,CatEye
24870,CatFace
24871,DogMouth
24872,CatNose
24873,CatFace
24874,DogFace
24875,CatFace
24876,CatFace
24877,CatFace
24878,DogEye
24879,DogNose
24880,DogEye
24881,DogMouth
24882,DogEye
24883,CatMouth
24884,CatEye
24885,CatNose
24886,CatMouth
24887,CatFace
24888,DogEye
24889,CatFace
24890,CatEye
24891,CatNose
24892,CatEye
24893,DogEye
24894,DogMouth
24895,DogNose
24896,CatNose
24897,CatFace
24898,DogFace
24899,CatMouth
24900,CatEye
24901,DogMouth
24902,CatEye
24903,DogFace
24904,CatFace
24905,CatMouth
24906,CatEye
24907,DogMouth
24908,CatMouth
24909,CatEye
24910,DogNose
24911,DogEye
24912,DogEye
24913,DogEye
24914,DogEye
24915,CatFace
24916,CatEye
24917,DogEye
24918,CatNose
24919,CatNose
24920,DogEye
24921,CatNose
24922,CatEye
24923,DogMouth
24924,DogEye
24925,DogEye
24926,DogMouth
24927,DogEye
24928,DogNose
24929,CatNose
24930,DogNose
24931,CatFace
24932,CatEye
24933,DogEye
24934,CatEye
24935,CatMouth
24936,CatFace
24937,CatEye
24938,CatMouth
24939,DogMouth
24940,DogEye
24941,CatEye
24942,CatFace
24943,DogFace
24944,CatNose
24945,CatFace
24946,DogEye
24947,DogNose
24948,DogEye
24949,DogEye
24950,DogEye
24951,CatNose
24952,DogEye
24953,DogEye
24954,CatMouth
24955,DogNose
24956,DogEye
24957,CatFace
24958,CatEye
24959,CatMouth
24960,DogEye
24961,CatNose
24962,DogEye
24963,DogMouth
24964,CatNose
24965,DogEye
24966,DogEye
24967,DogMouth
24968,DogEye
24969,DogEye
24970,CatFace
24971,CatEye
24972,CatFace
24973,DogFace
24974,DogFace
24975,CatMouth
24976,DogFace
24977,DogMouth
24978,CatNose
24979,CatNose
24980,CatMouth
24981,DogFace
24982,CatFace
24983,CatFace
24984,DogMouth
24985,DogNose
24986,CatMouth
24987,CatNose
24988,CatFace
24989,DogEye
24990,CatEye
24991,DogEye
24992,CatEye
24993,DogMouth
24994,DogFace
24995,CatEye
24996,DogEye
24997,DogMouth
24998,CatEye
24999,CatEye
25000,CatNose
25001,DogMouth
25002,CatEye
25003,DogEye
25004,DogFace
25005,CatMouth
25006,CatEye
25007,CatNose
25008,DogMouth
25009,CatMouth
25010,DogFace
25011,CatEye
25012,DogNose
25013,CatEye
25014,DogNose
25015,CatEye
25016,CatFace
25017,DogEye
25018,CatEye
25019,DogEye
25020,CatFace
25021,CatEye
25022,CatMouth
25023,DogEye
25024,CatMouth
25025,DogFace
25026,DogEye
25027,CatEye
25028,DogEye
25029,CatEye
25030,DogNose
25031,DogEye
25032,DogFace
25033,CatNose
25034,CatMouth
25035,DogEye
25036,DogMouth
25037,CatEye
25038,CatFace
25039,CatEye
25040,CatEye
25041,CatNose
25042,CatMouth
25043,CatMouth
25044,CatEye
25045,DogMouth
25046,CatEye
25047,CatMouth
25048,CatEye
25049,DogEye
25050,CatEye
25051,CatEye
25052,DogNose
25053,CatEye
25054,DogEye
25055,CatEye
25056,DogMouth
25057,CatNose
25058,DogEye
25059,DogEye
25060,DogEye
25061,CatEye
25062,CatEye
25063,CatFace
25064,CatEye
25065,CatEye
25066,DogFace
25067,DogFace
25068,DogMouth
25069,DogEye
25070,CatEye
25071,CatNose
25072,DogFace
25073,DogNose
25074,DogFace
25075,CatEye
25076,CatMouth
25077,DogEye
25078,CatEye
25079,CatEye
25080,DogMouth
25081,CatFace
25082,CatMouth
25083,CatMouth
25084,DogEye
25085,CatFace
25086,DogMouth
25087,DogFace
25088,CatNose
25089,CatMouth
25090,CatEye
25091,DogEye
25092,CatEye
25093,CatNose
25094,CatMouth
25095,CatMouth
25096,CatMouth
25097,CatNose
25098,DogMouth
25099,DogEye
25100,DogEye
25101,CatEye
25102,DogFace
25103,CatEye
25104,CatNose
25105,DogMouth
25106,DogNose
25107,DogEye
25108,CatFace
25109,CatMouth
25110,CatNose
25111,DogEye
25112,CatEye
25113,CatMouth
25114,DogEye
25115,CatMouth
25116,CatFace
25117,CatNose
25118,DogFace
25119,DogEye
25120,DogEye
25121,CatEye
25122,CatEye
25123,DogNose
25124,CatNose
25125,CatNose
25126,DogNose
25127,CatMouth
25128,CatNose
25129,CatFace
25130,DogFace
25131,CatEye
25132,CatEye
25133,CatMouth
25134,CatNose
25135,DogEye
25136,DogEye
25137,DogEye
25138,CatMouth
25139,DogFace
25140,DogMouth
25141,CatNose
25142,DogNose
25143,DogFace
25144,DogEye
25145,DogNose
25146,DogFace
25147,DogNose
25148,CatEye
25149,CatNose
25150,DogEye
25151,DogMouth
25152,CatMouth
25153,CatNose
25154,DogEye
25155,DogNose
25156,CatEye
25157,DogEye
25158,DogMouth
25159,CatMouth
25160,CatNose
25161,CatEye
25162,DogEye
25163,CatNose
25164,CatEye
25165,DogMouth
25166,DogFace
25167,CatNose
25168,CatFace
25169,DogMouth
25170,DogNose
25171,CatFace
25172,DogEye
25173,DogMouth
25174,CatMouth
25175,DogFace
25176,DogMouth
25177,CatMouth
25178,CatEye
25179,DogNose
25180,CatEye
25181,CatMouth
25182,DogEye
25183,DogEye
25184,DogEye
25185,DogNose
25186,DogFace
25187,DogEye
25188,CatFace
25189,DogMouth
25190,DogEye
25191,CatEye
25192,DogFace
25193,DogEye
25194,CatEye
25195,CatEye
25196,DogEye
25197,CatNose
25198,CatMouth
25199,DogFace
25200,DogFace
25201,CatEye
25202,DogFace
25203,DogFace
25204,CatFace
25205,DogMouth
25206,DogEye
25207,DogNose
25208,DogNose
25209,DogNose
25210,CatMouth
25211,CatFace
25212,DogNose
25213,DogEye
25214,CatEye
25215,CatNose
25216,CatFace
25217,CatEye
25218,CatFace
25219,CatNose
25220,DogEye
25221,CatFace
25222,DogEye
25223,CatEye
25224,CatFace
25225,CatEye
25226,CatMouth
25227,CatNose
25228,DogEye
25229,CatFace
25230,CatMouth
25231,CatFace
25232,DogMouth
25233,CatFace
25234,DogFace
25235,CatNose
25236,CatEye
25237,CatNose
25238,CatNose
25239,DogNose
25240,DogEye
25241,CatFace
25242,CatEye
25243,DogNose
25244,CatMouth
25245,CatEye
25246,DogNose
25247,CatMouth
25248,CatEye
25249,DogFace
25250,DogEye
25251,DogMouth
25252,DogEye
25253,DogMouth
25254,DogMouth
25255,DogFace
25256,CatNose
25257,CatMouth
25258,DogEye
25259,DogEye
25260,CatMouth
25261,CatEye
25262,DogNose
25263,CatFace
25264,DogFace
25265,CatMouth
25266,CatEye
25267,CatEye
25268,CatFace
25269,DogEye
25270,DogEye
25271,DogEye
25272,CatEye
25273,CatMouth
25274,DogNose
25275,DogEye
25276,CatFace
25277,CatMouth
25278,CatMouth
25279,CatNose
25280,CatEye
25281,DogNose
25282,DogMouth
25283,DogNose
25284,CatFace
25285,DogNose
25286,CatEye
25287,DogEye
25288,CatEye
25289,DogEye
25290,DogNose
25291,DogNose
25292,CatMouth
25293,DogMouth
25294,DogEye
25295,CatFace
25296,DogEye
25297,DogNose
25298,DogEye
25299,DogNose
25300,DogFace
25301,DogFace
25302,DogMouth
25303,CatFace
25304,CatMouth
25305,CatNose
25306,DogNose
25307,CatEye
25308,CatMouth
25309,CatEye
25310,CatMouth
25311,DogMouth
25312,CatFace
25313,DogFace
25314,DogEye
25315,CatMouth
25316,DogEye
25317,CatEye
25318,CatFace
25319,DogNose
25320,CatMouth
25321,CatFace
25322,DogEye
25323,DogEye
25324,DogEye
25325,CatEye
25326,CatEye
25327,CatFace
25328,DogMouth
25329,DogEye
25330,DogMouth
25331,CatNose
25332,CatEye
25333,CatEye
25334,DogMouth
25335,CatNose
25336,CatNose
25337,DogNose
25338,CatFace
25339,DogMouth
25340,DogNose
25341,CatEye
25342,CatEye
25343,CatMouth
25344,CatEye
25345,CatMouth
25346,DogNose
25347,DogFace
25348,CatEye
25349,DogFace
25350,CatEye
25351,CatEye
25352,DogNose
25353,DogFace
25354,DogNose
25355,DogEye
25356,DogNose
25357,DogNose
25358,DogNose
25359,DogEye
25360,DogNose
25361,DogFace
25362,DogNose
25363,DogNose
25364,DogEye
25365,DogMouth
25366,DogEye
25367,CatEye
25368,DogMouth
25369,DogNose
25370,DogEye
25371,CatEye
25372,DogFace
25373,DogFace
25374,CatEye
25375,CatEye
25376,DogNose
25377,CatFace
25378,CatMouth
25379,CatNose
25380,DogEye
25381,DogNose
25382,DogEye
25383,DogMouth
25384,DogEye
25385,DogEye
25386,DogEye
25387,CatNose
25388,CatMouth
25389,CatNose
25390,CatEye
25391,CatEye
25392,DogEye
25393,CatNose
25394,DogNose
25395,DogEye
25396,CatFace
25397,CatFace
25398,CatNose
25399,CatNose
25400,DogMouth
25401,DogEye
25402,DogMouth
25403,DogMouth
25404,DogFace
25405,CatEye
25406,DogEye
25407,CatNose
25408,CatEye
25409,CatNose
25410,CatMouth
25411,DogFace
25412,CatFace
25413,CatEye
25414,CatFace
25415,CatEye
25416,CatMouth
25417,CatEye
25418,DogEye
25419,DogFace
25420,CatNose
25421,CatEye
25422,DogFace
25423,DogFace
25424,CatMouth
25425,DogMouth
25426,CatNose
25427,DogEye
25428,DogMouth
25429,DogEye
25430,CatEye
25431,DogMouth
25432,CatMouth
25433,CatMouth
25434,CatFace
25435,DogFace
25436,CatNose
25437,DogFace
25438,CatNose
25439,DogMouth
25440,DogEye
25441,DogFace
25442,CatNose
25443,DogEye
25444,DogNose
25445,CatNose
25446,CatEye
25447,CatMouth
25448,DogNose
25449,DogNose
25450,CatMouth
25451,CatMouth
25452,CatEye
25453,DogFace
25454,CatMouth
25455,DogMouth
25456,CatFace
25457,DogEye
25458,CatEye
25459,CatNose
25460,DogEye
25461,DogNose
25462,DogEye
25463,DogEye
25464,CatNose
25465,DogNose
25466,CatFace
25467,CatEye
25468,CatMouth
25469,DogNose
25470,CatEye
25471,CatEye
25472,DogMouth
25473,CatEye
25474,DogEye
25475,CatEye
25476,DogNose
25477,CatFace
25478,CatEye
25479,CatEye
25480,CatEye
25481,DogFace
25482,DogEye
25483,CatFace
25484,DogNose
25485,DogEye
25486,DogEye
25487,DogFace
25488,DogFace
25489,CatMouth
25490,DogEye
25491,CatEye
25492,DogNose
25493,DogMouth
25494,CatFace
25495,DogEye
25496,CatFace
25497,DogMouth
25498,DogNose
25499,DogMouth
25500,DogMouth
25501,DogMouth
25502,CatFace
25503,CatNose
25504,CatMouth
25505,DogNose
25506,CatEye
25507,CatEye
25508,DogEye
25509,CatNose
25510,CatMouth
25511,DogEye
25512,CatEye
25513,CatNose
25514,CatMouth
25515,CatEye
25516,DogEye
25517,DogFace
25518,DogMouth
25519,CatEye
25520,DogEye
25521,CatNose
25522,CatFace
25523,CatFace
25524,CatEye
25525,DogEye
25526,DogMouth
25527,DogEye
25528,CatMouth
25529,DogFace
25530,CatEye
25531,CatEye
25532,DogNose
25533,DogEye
25534,CatMouth
25535,CatFace
25536,DogNose
25537,DogMouth
25538,CatNose
25539,CatFace
25540,CatEye
25541,CatMouth
25542,DogFace
25543,CatNose
25544,DogNose
25545,CatFace
25546,CatEye
25547,DogEye
25548,DogFace
25549,CatEye
25550,DogNose
25551,CatEye
25552,DogMouth
25553,CatMouth
25554,CatNose
25555,DogFace
25556,CatMouth
25557,DogNose
25558,CatEye
25559,DogEye
25560,DogEye
25561,CatNose
25562,DogFace
25563,CatMouth
25564,DogMouth
25565,DogFace
25566,CatFace
25567,DogEye
25568,CatFace
25569,DogFace
25570,CatMouth
25571,CatMouth
25572,DogNose
25573,CatEye
25574,CatFace
25575,DogNose
25576,DogNose
25577,DogEye
25578,DogEye
25579,CatNose
25580,DogMouth
25581,CatEye
25582,DogNose
25583,DogEye
25584,DogNose
25585,DogFace
25586,CatMouth
25587,CatFace
25588,DogEye
25589,DogFace
25590,CatNose
25591,CatFace
25592,DogNose
25593,CatMouth
25594,CatNose
25595,CatEye
25596,DogMouth
25597,CatMouth
25598,CatNose
25599,CatEye
25600,CatNose
25601,CatEye
25602,CatFace
25603,DogNose
25604,DogEye
25605,DogFace
25606,CatEye
25607,DogEye
25608,CatNose
25609,DogFace
25610,DogEye
25611,CatEye
25612,CatEye
25613,CatNose
25614,DogEye
25615,CatNose
25616,DogFace
25617,CatMouth
25618,CatMouth
25619,DogMouth
25620,DogEye
25621,CatEye
25622,CatFace
25623,DogNose
25624,DogEye
25625,CatFace
25626,DogMouth
25627,DogEye
25628,DogMouth
25629,DogFace
25630,DogMouth
25631,CatNose
25632,CatFace
25633,CatFace
25634,CatEye
25635,DogEye
25636,DogEye
25637,DogFace
25638,DogEye
25639,CatMouth
25640,DogNose
25641,CatEye
25642,CatEye
25643,CatEye
25644,CatEye
25645,CatEye
25646,CatNose
25647,CatMouth
25648,DogEye
25649,CatEye
25650,DogEye
25651,DogEye
25652,DogNose
25653,CatNose
25654,DogMouth
25655,CatEye
25656,CatNose
25657,CatEye
25658,CatNose
25659,CatEye
25660,CatEye
25661,DogNose
25662,CatFace
25663,CatEye
25664,DogNose
25665,DogFace
25666,DogNose
25667,DogFace
25668,CatFace
25669,DogNose
25670,DogMouth
25671,CatMouth
25672,DogMouth
25673,CatEye
25674,CatMouth
25675,DogFace
25676,CatMouth
25677,CatEye
25678,DogMouth
25679,CatEye
25680,DogEye
25681,DogEye
25682,CatEye
25683,CatEye
25684,DogEye
25685,DogNose
25686,DogNose
25687,DogFace
25688,DogMouth
25689,CatEye
25690,DogEye
25691,DogEye
25692,DogEye
25693,CatEye
25694,DogNose
25695,CatFace
25696,DogFace
25697,CatEye
25698,CatMouth
25699,DogNose
25700,CatEye
25701,DogEye
25702,CatMouth
25703,CatNose
25704,CatEye
25705,CatEye
25706,DogFace
25707,CatNose
25708,DogEye
25709,DogFace
25710,CatMouth
25711,CatEye
25712,CatFace
25713,CatFace
25714,CatEye
25715,DogMouth
25716,DogFace
25717,CatMouth
25718,CatEye
25719,CatMouth
25720,DogFace
25721,DogEye
25722,DogMouth
25723,DogFace
25724,CatFace
25725,CatEye
25726,DogNose
25727,CatFace
25728,CatFace
25729,CatEye
25730,CatEye
25731,CatNose
25732,CatNose
25733,CatMouth
25734,DogMouth
25735,CatNose
25736,CatNose
25737,DogNose
25738,CatMouth
25739,CatEye
25740,CatMouth
25741,DogFace
25742,DogEye
25743,CatNose
25744,DogFace
25745,DogMouth
25746,CatNose
25747,DogEye
25748,DogFace
25749,DogNose
25750,CatEye
25751,DogNose
25752,CatEye
25753,CatMouth
25754,CatMouth
25755,CatEye
25756,CatEye
25757,CatFace
25758,DogMouth
25759,CatFace
25760,CatEye
25761,CatNose
25762,DogNose
25763,CatEye
25764,CatFace
25765,CatEye
25766,CatEye
25767,DogFace
25768,CatEye
25769,CatFace
25770,CatMouth
25771,CatEye
25772,DogEye
25773,CatNose
25774,DogFace
25775,CatNose
25776,CatMouth
25777,DogNose
25778,DogEye
25779,DogMouth
25780,CatFace
25781,DogNose
25782,CatEye
25783,DogEye
25784,CatNose
25785,CatNose
25786,DogEye
25787,DogNose
25788,DogMouth
25789,CatEye
25790,DogMouth
25791,CatMouth
25792,DogMouth
25793,CatFace
25794,CatEye
25795,CatMouth
25796,CatEye
25797,DogFace
25798,CatFace
25799,CatMouth
25800,DogEye
25801,CatEye
25802,DogEye
25803,CatEye
25804,CatNose
25805,CatEye
25806,CatMouth
25807,CatEye
25808,DogFace
25809,DogNose
25810,CatEye
25811,CatEye
25812,CatMouth
25813,DogEye
25814,DogEye
25815,DogMouth
25816,DogMouth
25817,DogEye
25818,DogEye
25819,DogNose
25820,CatFace
25821,CatEye
25822,DogEye
25823,DogEye
25824,CatFace
25825,CatEye
25826,CatEye
25827,DogFace
25828,CatFace
25829,CatNose
25830,DogFace
25831,CatFace
25832,DogFace
25833,CatFace
25834,DogNose
25835,CatEye
25836,CatEye
25837,DogFace
25838,CatEye
25839,DogNose
25840,DogEye
25841,DogFace
25842,CatMouth
25843,CatNose
25844,CatNose
25845,DogFace
25846,CatMouth
25847,CatNose
25848,DogMouth
25849,CatEye
25850,CatFace
25851,DogNose
25852,DogEye
25853,DogEye
25854,DogEye
25855,CatMouth
25856,CatEye
25857,CatEye
25858,CatEye
25859,CatEye
25860,CatEye
25861,CatNose
25862,CatMouth
25863,DogEye
25864,DogFace
25865,CatEye
25866,CatFace
25867,DogFace
25868,DogMouth
25869,DogNose
25870,DogMouth
25871,DogEye
25872,DogMouth
25873,CatMouth
25874,CatEye
25875,DogFace
25876,CatFace
25877,DogEye
25878,CatEye
25879,DogNose
25880,DogEye
25881,CatNose
25882,DogFace
25883,DogEye
25884,DogMouth
25885,DogMouth
25886,CatNose
25887,DogFace
25888,CatEye
25889,CatMouth
25890,CatEye
25891,CatEye
25892,DogFace
25893,DogEye
25894,CatFace
25895,DogNose
25896,DogMouth
25897,DogMouth
25898,CatNose
25899,DogFace
25900,DogEye
25901,DogEye
25902,DogEye
25903,CatFace
25904,CatNose
25905,CatFace
25906,CatEye
25907,CatEye
25908,DogEye
25909,CatEye
25910,CatEye
25911,DogEye
25912,DogEye
25913,CatEye
25914,DogMouth
25915,DogMouth
25916,CatEye
25917,DogFace
25918,CatEye
25919,CatMouth
25920,DogNose
25921,DogFace
25922,CatFace
25923,CatFace
25924,DogEye
25925,DogEye
25926,DogMouth
25927,CatFace
25928,CatEye
25929,CatFace
25930,DogFace
25931,CatEye
25932,DogMouth
25933,DogEye
25934,DogEye
25935,CatNose
25936,DogNose
25937,DogNose
25938,DogEye
25939,DogMouth
25940,CatEye
25941,DogFace
25942,DogNose
25943,CatNose
25944,DogEye
25945,DogEye
25946,DogMouth
25947,DogFace
25948,CatEye
25949,CatNose
25950,DogFace
25951,CatFace
25952,CatEye
25953,DogMouth
25954,DogEye
25955,CatEye
25956,CatNose
25957,CatMouth
25958,DogEye
25959,CatNose
25960,CatNose
25961,CatMouth
25962,DogMouth
25963,DogMouth
25964,CatEye
25965,CatFace
25966,CatMouth
25967,CatNose
25968,DogFace
25969,DogNose
25970,CatEye
25971,CatEye
25972,CatEye
25973,DogFace
25974,DogEye
25975,CatEye
25976,CatEye
25977,DogNose
25978,CatEye
25979,DogEye
25980,CatMouth
25981,CatFace
25982,CatMouth
25983,DogFace
25984,CatNose
25985,CatEye
25986,CatNose
25987,CatEye
25988,CatEye
25989,CatEye
25990,DogFace
25991,DogEye
25992,CatEye
25993,CatFace
25994,CatMouth
25995,DogEye
25996,DogNose
25997,DogMouth
25998,CatNose
25999,DogNose
26000,DogFace
26001,CatMouth
26002,DogEye
26003,CatEye
26004,DogMouth
26005,DogEye
26006,CatNose
26007,CatEye
26008,DogFace
26009,CatMouth
26010,DogMouth
26011,CatEye
26012,CatFace
26013,DogEye
26014,CatFace
26015,DogMouth
26016,DogNose
26017,CatEye
26018,CatNose
26019,CatNose
26020,DogMouth
26021,DogEye
26022,DogMouth
26023,CatEye
26024,DogNose
26025,DogEye
26026,CatEye
26027,CatMouth
26028,DogEye
26029,CatFace
26030,CatEye
26031,DogMouth
26032,CatFace
26033,CatEye
26034,CatNose
26035,CatFace
26036,CatMouth
26037,CatFace
26038,CatEye
26039,DogFace
26040,CatMouth
26041,CatMouth
26042,CatEye
26043,DogNose
26044,DogMouth
26045,DogNose
26046,CatMouth
26047,CatEye
26048,CatEye
26049,DogEye
26050,DogEye
26051,CatMouth
26052,DogEye
26053,CatEye
26054,DogEye
26055,CatEye
26056,DogFace
26057,CatMouth
26058,DogNose
26059,CatEye
26060,DogFace
26061,DogEye
26062,DogEye
26063,DogEye
26064,CatFace
26065,DogFace
26066,DogNose
26067,CatFace
26068,CatEye
26069,DogEye
26070,CatFace
26071,DogNose
26072,DogFace
26073,CatEye
26074,DogMouth
26075,DogEye
26076,CatMouth
26077,DogMouth
26078,CatMouth
26079,CatFace
26080,DogEye
26081,CatMouth
26082,DogEye
26083,DogMouth
26084,CatNose
26085,DogFace
26086,CatMouth
26087,DogFace
26088,DogEye
26089,DogNose
26090,DogEye
26091,CatNose
26092,CatEye
26093,CatEye
26094,DogMouth
26095,CatEye
26096,CatMouth
26097,DogEye
26098,CatFace
26099,CatEye
26100,DogFace
26101,DogFace
26102,CatEye
26103,DogNose
26104,DogNose
26105,CatNose
26106,DogMouth
26107,CatNose
26108,CatFace
26109,CatFace
26110,CatFace
26111,CatFace
26112,CatNose
26113,DogMouth
26114,CatEye
26115,DogEye
26116,DogMouth
26117,CatEye
26118,CatFace
26119,DogFace
26120,DogNose
26121,CatMouth
26122,CatEye
26123,DogEye
26124,CatEye
26125,CatNose
26126,DogEye
26127,DogEye
26128,CatEye
26129,CatEye
26130,CatMouth
26131,CatMouth
26132,DogNose
26133,CatEye
26134,CatMouth
26135,CatNose
26136,CatEye
26137,CatNose
26138,CatEye
26139,CatFace
26140,CatEye
26141,DogEye
26142,DogFace
26143,CatEye
26144,CatNose
26145,DogNose
26146,DogFace
26147,DogEye
26148,CatNose
26149,DogFace
26150,CatMouth
26151,CatEye
26152,CatMouth
26153,CatMouth
26154,CatFace
26155,DogMouth
26156,DogNose
26157,DogMouth
26158,DogMouth
26159,CatEye
26160,CatMouth
26161,CatFace
26162,DogEye
26163,CatMouth
26164,CatFace
26165,DogEye
26166,DogEye
26167,DogNose
26168,CatEye
26169,DogMouth
26170,CatMouth
26171,DogMouth
26172,DogEye
26173,CatEye
26174,CatFace
26175,CatEye
26176,DogNose
26177,DogMouth
26178,DogEye
26179,DogEye
26180,DogNose
26181,CatFace
26182,CatNose
26183,DogEye
26184,CatFace
26185,CatMouth
26186,DogNose
26187,CatNose
26188,DogNose
26189,DogEye
26190,CatMouth
26191,DogNose
26192,DogNose
26193,CatNose
26194,DogEye
26195,DogNose
26196,CatFace
26197,CatEye
26198,DogEye
26199,CatFace
26200,CatEye
26201,DogMouth
26202,DogFace
26203,DogMouth
26204,CatNose
26205,CatEye
26206,DogEye
26207,CatEye
26208,CatEye
26209,CatNose
26210,DogEye
26211,CatMouth
26212,CatEye
26213,DogMouth
26214,DogEye
26215,DogFace
26216,DogEye
26217,CatEye
26218,CatFace
26219,DogMouth
26220,DogMouth
26221,DogMouth
26222,CatEye
26223,DogMouth
26224,DogNose
26225,CatNose
26226,DogFace
26227,DogFace
26228,DogFace
26229,CatMouth
26230,CatEye
26231,CatFace
26232,CatFace
26233,DogMouth
26234,CatFace
26235,CatEye
26236,CatFace
26237,CatEye
26238,CatEye
26239,CatEye
26240,DogEye
26241,DogEye
26242,CatFace
26243,DogFace
26244,CatNose
26245,CatEye
26246,CatFace
26247,DogEye
26248,CatEye
26249,CatNose
26250,DogEye
26251,DogEye
26252,CatNose
26253,CatEye
26254,CatFace
26255,DogEye
26256,CatNose
26257,CatEye
26258,CatMouth
26259,CatEye
26260,DogNose
26261,DogEye
26262,DogMouth
26263,DogMouth
26264,DogMouth
26265,CatEye
26266,DogFace
26267,DogEye
26268,DogMouth
26269,CatEye
26270,DogEye
26271,DogMouth
26272,DogEye
26273,CatEye
26274,DogNose
26275,CatEye
26276,CatEye
26277,DogMouth
26278,DogEye
26279,DogNose
26280,DogMouth
26281,DogFace
26282,DogMouth
26283,DogMouth
26284,CatMouth
26285,CatNose
26286,CatMouth
26287,CatNose
26288,CatEye
26289,CatEye
26290,CatEye
26291,CatFace
26292,DogNose
26293,CatNose
26294,CatEye
26295,CatEye
26296,DogMouth
26297,CatNose
26298,CatNose
26299,CatNose
26300,DogEye
26301,DogFace
26302,CatEye
26303,CatEye
26304,CatEye
26305,DogNose
26306,DogNose
26307,CatEye
26308,DogEye
26309,CatEye
26310,CatFace
26311,CatNose
26312,DogFace
26313,DogMouth
26314,DogEye
26315,CatFace
26316,DogNose
26317,DogMouth
26318,CatFace
26319,DogEye
26320,CatNose
26321,DogEye
26322,DogNose
26323,DogEye
26324,CatFace
26325,DogEye
26326,DogNose
26327,CatEye
26328,CatNose
26329,DogEye
26330,DogEye
26331,DogEye
26332,CatEye
26333,CatFace
26334,DogEye
26335,CatEye
26336,DogEye
26337,CatNose
26338,DogMouth
26339,DogNose
26340,DogMouth
26341,CatEye
26342,CatFace
26343,CatMouth
26344,DogEye
26345,DogFace
26346,CatFace
26347,DogMouth
26348,DogMouth
26349,CatEye
26350,DogEye
26351,CatEye
26352,DogFace
26353,DogEye
26354,DogMouth
26355,CatEye
26356,DogEye
26357,DogNose
26358,DogMouth
26359,DogMouth
26360,CatEye
26361,CatMouth
26362,CatFace
26363,CatNose
26364,CatEye
26365,CatEye
26366,CatMouth
26367,CatEye
26368,CatEye
26369,CatNose
26370,DogMouth
26371,CatEye
26372,CatMouth
26373,CatEye
26374,CatMouth
26375,CatEye
26376,CatFace
26377,CatMouth
26378,CatFace
26379,CatFace
26380,CatNose
26381,DogFace
26382,DogFace
26383,DogMouth
26384,CatMouth
26385,CatEye
26386,CatFace
26387,CatMouth
26388,CatFace
26389,CatNose
26390,CatEye
26391,CatNose
26392,DogEye
26393,DogMouth
26394,DogMouth
26395,CatMouth
26396,DogFace
26397,CatEye
26398,DogMouth
26399,DogFace
26400,DogNose
26401,CatFace
26402,CatNose
26403,CatMouth
26404,DogNose
26405,CatMouth
26406,CatNose
26407,DogEye
26408,DogEye
26409,DogNose
26410,DogEye
26411,CatEye
26412,DogFace
26413,CatFace
26414,CatEye
26415,CatEye
26416,DogFace
26417,CatNose
26418,CatEye
26419,DogMouth
26420,CatNose
26421,DogNose
26422,CatMouth
26423,CatFace
26424,CatEye
26425,DogMouth
26426,DogEye
26427,CatEye
26428,CatNose
26429,DogMouth
26430,DogEye
26431,CatEye
26432,DogFace
26433,CatFace
26434,CatEye
26435,DogEye
26436,DogFace
26437,DogNose
26438,CatEye
26439,DogMouth
26440,CatFace
26441,DogEye
26442,CatFace
26443,DogMouth
26444,CatEye
26445,DogMouth
26446,CatEye
26447,DogMouth
26448,CatEye
26449,CatEye
26450,DogMouth
26451,CatFace
26452,DogFace
26453,DogEye
26454,DogMouth
26455,DogEye
26456,DogMouth
26457,CatNose
26458,CatEye
26459,CatEye
26460,CatFace
26461,DogEye
26462,CatEye
26463,DogEye
26464,CatMouth
26465,CatEye
26466,DogMouth
26467,CatEye
26468,DogMouth
26469,DogNose
26470,DogEye
26471,CatNose
26472,CatNose
26473,CatEye
26474,CatMouth
26475,CatMouth
26476,CatEye
26477,CatEye
26478,CatNose
26479,CatEye
26480,DogNose
26481,DogEye
26482,CatMouth
26483,CatEye
26484,CatEye
26485,CatEye
26486,DogMouth
26487,CatEye
26488,DogFace
26489,DogEye
26490,DogEye
26491,DogFace
26492,DogMouth
26493,CatEye
26494,DogMouth
26495,CatEye
26496,CatNose
26497,DogEye
26498,CatEye
26499,CatMouth
26500,DogMouth
26501,DogNose
26502,DogFace
26503,DogFace
26504,DogNose
26505,DogNose
26506,DogMouth
26507,DogEye
26508,CatFace
26509,DogEye
26510,CatEye
26511,CatFace
26512,CatEye
26513,CatMouth
26514,DogEye
26515,CatEye
26516,CatMouth
26517,DogEye
26518,CatEye
26519,DogEye
26520,DogFace
26521,CatMouth
26522,DogFace
26523,CatEye
26524,CatEye
26525,CatEye
26526,DogEye
26527,CatEye
26528,DogEye
26529,DogNose
26530,DogMouth
26531,DogEye
26532,DogNose
26533,CatEye
26534,DogEye
26535,CatMouth
26536,CatFace
26537,CatMouth
26538,CatNose
26539,CatFace
26540,CatEye
26541,CatEye
26542,DogEye
26543,CatFace
26544,DogFace
26545,CatMouth
26546,DogMouth
26547,DogNose
26548,CatEye
26549,DogNose
26550,DogMouth
26551,CatMouth
26552,CatFace
26553,CatEye
26554,DogNose
26555,CatFace
26556,DogMouth
26557,CatMouth
26558,CatNose
26559,DogMouth
26560,DogFace
26561,CatEye
26562,CatMouth
26563,CatEye
26564,CatEye
26565,DogEye
26566,CatFace
26567,CatMouth
26568,CatMouth
26569,DogEye
26570,DogNose
26571,CatEye
26572,CatEye
26573,CatEye
26574,CatFace
26575,DogMouth
26576,DogNose
26577,CatEye
26578,CatEye
26579,DogEye
26580,DogFace
26581,DogEye
26582,DogEye
26583,DogEye
26584,DogNose
26585,DogEye
26586,CatEye
26587,DogEye
26588,DogEye
26589,CatEye
26590,CatMouth
26591,CatEye
26592,CatEye
26593,DogNose
26594,CatEye
26595,CatNose
26596,CatMouth
26597,DogEye
26598,DogMouth
26599,CatEye
26600,CatEye
26601,CatFace
26602,DogMouth
26603,CatEye
26604,DogNose
26605,CatMouth
26606,CatNose
26607,CatMouth
26608,DogEye
26609,DogEye
26610,DogMouth
26611,CatEye
26612,DogEye
26613,DogFace
26614,CatEye
26615,CatFace
26616,CatFace
26617,DogEye
26618,CatMouth
26619,CatNose
26620,CatEye
26621,CatEye
26622,CatNose
26623,CatEye
26624,DogEye
26625,CatFace
26626,DogMouth
26627,DogFace
26628,DogEye
26629,CatMouth
26630,DogNose
26631,DogMouth
26632,CatEye
26633,DogEye
26634,CatNose
26635,CatFace
26636,DogEye
26637,DogNose
26638,DogEye
26639,CatEye
26640,DogEye
26641,CatFace
26642,DogEye
26643,DogMouth
26644,CatMouth
26645,CatEye
26646,DogEye
26647,CatEye
26648,CatEye
26649,CatNose
26650,CatNose
26651,DogFace
26652,DogEye
26653,DogEye
26654,DogNose
26655,DogEye
26656,CatEye
26657,DogMouth
26658,CatNose
26659,DogEye
26660,CatEye
26661,DogEye
26662,DogMouth
26663,DogFace
26664,CatMouth
26665,DogMouth
26666,CatEye
26667,CatEye
26668,DogEye
26669,CatMouth
26670,DogNose
26671,CatEye
26672,CatEye
26673,DogNose
26674,DogMouth
26675,DogMouth
26676,DogNose
26677,CatMouth
26678,DogNose
26679,DogMouth
26680,CatFace
26681,DogMouth
26682,DogMouth
26683,CatFace
26684,CatFace
26685,DogFace
26686,DogFace
26687,CatMouth
26688,DogNose
26689,DogEye
26690,DogFace
26691,CatMouth
26692,CatEye
26693,CatFace
26694,DogFace
26695,DogFace
26696,CatFace
26697,CatMouth
26698,DogEye
26699,DogFace
26700,CatFace
26701,CatMouth
26702,DogNose
26703,CatMouth
26704,CatEye
26705,CatEye
26706,CatNose
26707,CatEye
26708,DogFace
26709,DogMouth
26710,CatEye
26711,DogFace
26712,DogEye
26713,CatEye
26714,DogFace
26715,CatMouth
26716,CatEye
26717,CatFace
26718,DogEye
26719,DogNose
26720,CatMouth
26721,CatEye
26722,CatFace
26723,CatMouth
26724,DogEye
26725,DogMouth
26726,CatEye
26727,DogMouth
26728,DogEye
26729,DogFace
26730,DogEye
26731,CatNose
26732,CatMouth
26733,DogMouth
26734,CatEye
26735,DogFace
26736,DogEye
26737,DogNose
26738,CatNose
26739,CatEye
26740,DogEye
26741,DogEye
26742,CatNose
26743,CatEye
26744,DogMouth
26745,DogEye
26746,CatEye
26747,DogEye
26748,DogMouth
26749,DogFace
26750,DogEye
26751,CatEye
26752,CatEye
26753,DogEye
26754,DogEye
26755,DogEye
26756,CatFace
26757,CatEye
26758,DogEye
26759,CatNose
26760,CatEye
26761,CatNose
26762,CatNose
26763,DogEye
26764,DogEye
26765,CatEye
26766,CatMouth
26767,DogEye
26768,CatMouth
26769,CatMouth
26770,CatNose
26771,DogNose
26772,DogNose
26773,CatMouth
26774,CatEye
26775,CatMouth
26776,CatEye
26777,DogEye
26778,DogFace
26779,CatFace
26780,DogNose
26781,CatEye
26782,CatMouth
26783,DogMouth
26784,DogFace
26785,DogEye
26786,DogEye
26787,CatMouth
26788,CatMouth
26789,DogEye
26790,CatNose
26791,CatFace
26792,DogFace
26793,DogFace
26794,CatMouth
26795,DogEye
26796,CatEye
26797,DogFace
26798,CatEye
26799,CatNose
26800,DogEye
26801,CatMouth
26802,CatNose
26803,CatEye
26804,CatEye
26805,CatFace
26806,DogMouth
26807,CatNose
26808,CatFace
26809,CatNose
26810,DogEye
26811,DogMouth
26812,DogNose
26813,CatNose
26814,DogEye
26815,CatMouth
26816,CatFace
26817,DogNose
26818,DogNose
26819,DogFace
26820,DogMouth
26821,CatNose
26822,DogEye
26823,CatFace
26824,CatMouth
26825,CatEye
26826,DogFace
26827,CatEye
26828,CatEye
26829,CatEye
26830,DogFace
26831,DogMouth
26832,DogMouth
26833,CatEye
26834,CatEye
26835,CatMouth
26836,DogEye
26837,CatFace
26838,CatNose
26839,DogNose
26840,DogNose
26841,CatEye
26842,DogEye
26843,CatNose
26844,DogNose
26845,CatEye
26846,CatEye
26847,DogEye
26848,DogEye
26849,DogEye
26850,CatFace
26851,DogFace
26852,CatEye
26853,CatFace
26854,DogEye
26855,CatEye
26856,DogNose
26857,CatNose
26858,CatEye
26859,DogMouth
26860,CatMouth
26861,CatEye
26862,CatFace
26863,DogNose
26864,DogEye
26865,CatEye
26866,DogNose
26867,DogNose
26868,CatFace
26869,DogEye
26870,CatEye
26871,CatNose
26872,CatNose
26873,CatMouth
26874,CatNose
26875,CatEye
26876,CatEye
26877,CatEye
26878,DogMouth
26879,CatFace
26880,CatFace
26881,CatEye
26882,DogEye
26883,CatFace
26884,DogEye
26885,CatFace
26886,CatFace
26887,CatNose
26888,DogEye
26889,CatEye
26890,CatNose
26891,CatMouth
26892,CatMouth
26893,DogEye
26894,CatEye
26895,CatEye
26896,CatEye
26897,DogNose
26898,CatMouth
26899,DogFace
26900,CatEye
26901,DogNose
26902,CatEye
26903,DogMouth
26904,CatFace
26905,DogMouth
26906,CatFace
26907,DogEye
26908,DogEye
26909,DogNose
26910,DogEye
26911,CatFace
26912,CatEye
26913,CatNose
26914,DogNose
26915,DogMouth
26916,DogFace
26917,CatNose
26918,CatNose
26919,DogNose
26920,CatNose
26921,CatNose
26922,DogFace
26923,CatMouth
26924,CatEye
26925,DogNose
26926,CatEye
26927,CatFace
26928,CatEye
26929,DogEye
26930,CatNose
26931,CatNose
26932,DogMouth
26933,CatNose
26934,CatNose
26935,DogNose
26936,DogEye
26937,CatNose
26938,CatEye
26939,CatMouth
26940,CatMouth
26941,DogMouth
26942,CatEye
26943,CatEye
26944,CatFace
26945,CatFace
26946,DogEye
26947,DogMouth
26948,CatMouth
26949,DogEye
26950,DogFace
26951,DogMouth
26952,CatEye
26953,CatFace
26954,CatEye
26955,CatMouth
26956,CatEye
26957,DogEye
26958,DogFace
26959,DogEye
26960,CatNose
26961,CatMouth
26962,DogNose
26963,CatFace
26964,CatNose
26965,CatMouth
26966,CatFace
26967,CatEye
26968,CatEye
26969,CatFace
26970,DogEye
26971,DogNose
26972,CatEye
26973,CatEye
26974,DogEye
26975,DogEye
26976,CatNose
26977,CatNose
26978,CatFace
26979,DogNose
26980,CatNose
26981,CatFace
26982,CatMouth
26983,CatNose
26984,CatMouth
26985,CatEye
26986,DogNose
26987,DogFace
26988,CatFace
26989,DogEye
26990,DogMouth
26991,CatFace
26992,CatFace
26993,DogMouth
26994,CatNose
26995,CatMouth
26996,DogEye
26997,CatFace
26998,CatEye
26999,DogMouth
27000,DogFace
27001,DogEye
27002,CatEye
27003,CatEye
27004,CatNose
27005,CatFace
27006,DogFace
27007,CatNose
27008,CatNose
27009,DogMouth
27010,CatEye
27011,CatFace
27012,DogFace
27013,DogMouth
27014,DogMouth
27015,DogMouth
27016,DogFace
27017,CatFace
27018,DogEye
27019,CatFace
27020,DogMouth
27021,DogEye
27022,CatFace
27023,CatEye
27024,DogNose
27025,CatMouth
27026,DogFace
27027,CatMouth
27028,DogEye
27029,DogNose
27030,CatMouth
27031,CatEye
27032,CatNose
27033,CatNose
27034,CatNose
27035,CatEye
27036,DogEye
27037,CatEye
27038,CatMouth
27039,DogEye
27040,DogFace
27041,DogEye
27042,DogFace
27043,CatEye
27044,CatFace
27045,CatEye
27046,DogEye
27047,DogFace
27048,DogEye
27049,CatNose
27050,DogMouth
27051,CatNose
27052,DogFace
27053,DogEye
27054,CatEye
27055,DogFace
27056,CatMouth
27057,CatNose
27058,CatMouth
27059,CatFace
27060,CatEye
27061,DogEye
27062,CatFace
27063,DogEye
27064,DogEye
27065,CatFace
27066,CatFace
27067,DogNose
27068,CatFace
27069,CatFace
27070,DogNose
27071,DogEye
27072,DogFace
27073,DogFace
27074,DogNose
27075,CatNose
27076,CatEye
27077,CatNose
27078,DogMouth
27079,CatNose
27080,DogEye
27081,CatNose
27082,DogEye
27083,CatMouth
27084,DogEye
27085,CatMouth
27086,DogMouth
27087,CatEye
27088,CatEye
27089,CatFace
27090,DogNose
27091,CatEye
27092,DogNose
27093,DogMouth
27094,DogEye
27095,DogMouth
27096,CatFace
27097,DogEye
27098,CatFace
27099,CatFace
27100,CatNose
27101,DogEye
27102,CatFace
27103,DogMouth
27104,CatFace
27105,CatEye
27106,CatNose
27107,CatMouth
27108,DogEye
27109,CatEye
27110,DogEye
27111,DogEye
27112,DogEye
27113,CatEye
27114,DogEye
27115,DogEye
27116,DogNose
27117,CatEye
27118,DogFace
27119,DogMouth
27120,DogEye
27121,DogEye
27122,DogMouth
27123,DogEye
27124,DogFace
27125,CatEye
27126,DogMouth
27127,DogNose
27128,DogNose
27129,DogFace
27130,DogEye
27131,DogMouth
27132,CatEye
27133,DogMouth
27134,CatEye
27135,CatFace
27136,CatMouth
27137,DogEye
27138,CatFace
27139,DogEye
27140,CatFace
27141,CatEye
27142,CatNose
27143,DogFace
27144,CatMouth
27145,CatFace
27146,DogEye
27147,DogNose
27148,CatEye
27149,CatEye
27150,DogFace
27151,DogFace
27152,CatEye
27153,CatMouth
27154,DogEye
27155,CatNose
27156,CatFace
27157,CatEye
27158,DogNose
27159,DogEye
27160,DogEye
27161,CatFace
27162,CatEye
27163,CatEye
27164,CatFace
27165,CatEye
27166,DogEye
27167,CatMouth
27168,CatEye
27169,CatEye
27170,DogMouth
27171,CatEye
27172,CatFace
27173,DogNose
27174,CatFace
27175,CatFace
27176,CatEye
27177,DogEye
27178,CatEye
27179,CatEye
27180,DogNose
27181,DogMouth
27182,DogNose
27183,CatNose
27184,CatNose
27185,DogEye
27186,CatFace
27187,DogEye
27188,CatEye
27189,CatFace
27190,CatEye
27191,DogEye
27192,CatEye
27193,CatEye
27194,CatFace
27195,DogEye
27196,DogFace
27197,CatMouth
27198,DogEye
27199,DogEye
27200,CatMouth
27201,DogFace
27202,DogEye
27203,CatNose
27204,DogEye
27205,CatNose
27206,CatFace
27207,DogFace
27208,CatFace
27209,CatEye
27210,DogEye
27211,CatNose
27212,CatNose
27213,DogEye
27214,DogEye
27215,DogMouth
27216,DogEye
27217,CatNose
27218,DogMouth
27219,DogEye
27220,DogEye
27221,CatMouth
27222,DogMouth
27223,CatEye
27224,CatNose
27225,DogFace
27226,CatNose
27227,CatEye
27228,CatFace
27229,DogMouth
27230,CatMouth
27231,CatNose
27232,DogEye
27233,CatEye
27234,DogFace
27235,CatMouth
27236,CatEye
27237,CatNose
27238,CatEye
27239,DogNose
27240,DogEye
27241,CatEye
27242,CatFace
27243,DogNose
27244,DogFace
27245,CatEye
27246,CatEye
27247,CatFace
27248,CatFace
27249,DogEye
27250,CatEye
27251,CatNose
27252,CatEye
27253,CatNose
27254,CatFace
27255,DogFace
27256,CatNose
27257,DogEye
27258,DogEye
27259,CatMouth
27260,DogMouth
27261,DogFace
27262,CatFace
27263,DogEye
27264,DogEye
27265,CatEye
27266,CatEye
27267,DogMouth
27268,CatEye
27269,CatMouth
27270,CatMouth
27271,DogEye
27272,CatFace
27273,DogEye
27274,DogEye
27275,DogFace
27276,CatEye
27277,DogNose
27278,DogMouth
27279,CatMouth
27280,CatEye
27281,DogEye
27282,DogNose
27283,CatEye
27284,CatFace
27285,DogEye
27286,CatMouth
27287,CatFace
27288,CatMouth
27289,CatEye
27290,DogMouth
27291,DogEye
27292,DogEye
27293,CatMouth
27294,DogMouth
27295,CatEye
27296,DogEye
27297,CatMouth
27298,CatNose
27299,DogFace
27300,DogEye
27301,DogFace
27302,DogNose
27303,CatEye
27304,CatEye
27305,DogFace
27306,DogEye
27307,CatFace
27308,CatEye
27309,CatEye
27310,CatNose
27311,DogEye
27312,CatEye
27313,CatEye
27314,DogNose
27315,CatEye
27316,CatNose
27317,CatFace
27318,CatNose
27319,CatFace
27320,DogEye
27321,CatEye
27322,DogEye
27323,DogNose
27324,DogMouth
27325,CatFace
27326,CatMouth
27327,CatNose
27328,CatNose
27329,CatEye
27330,CatNose
27331,DogFace
27332,CatFace
27333,CatNose
27334,CatEye
27335,DogNose
27336,CatNose
27337,CatNose
27338,CatMouth
27339,CatMouth
27340,DogFace
27341,CatNose
27342,CatFace
27343,CatEye
27344,DogFace
27345,DogNose
27346,CatEye
27347,CatEye
27348,DogNose
27349,CatMouth
27350,DogEye
27351,CatNose
27352,DogEye
27353,DogFace
27354,CatEye
27355,DogNose
27356,CatFace
27357,DogNose
27358,DogNose
27359,DogNose
27360,CatEye
27361,DogMouth
27362,DogFace
27363,CatEye
27364,DogMouth
27365,DogEye
27366,DogEye
27367,CatFace
27368,CatMouth
27369,DogMouth
27370,CatEye
27371,CatFace
27372,CatMouth
27373,DogEye
27374,DogNose
27375,CatMouth
27376,CatEye
27377,DogNose
27378,DogEye
27379,DogEye
27380,CatEye
27381,DogNose
27382,DogFace
27383,CatEye
27384,DogEye
27385,CatEye
27386,DogEye
27387,CatEye
27388,DogEye
27389,DogFace
27390,CatNose
27391,CatEye
27392,CatNose
27393,CatMouth
27394,DogEye
27395,CatEye
27396,CatMouth
27397,CatNose
27398,DogFace
27399,CatEye
27400,DogEye
27401,DogEye
27402,CatNose
27403,CatFace
27404,CatMouth
27405,CatMouth
27406,DogNose
27407,CatEye
27408,DogFace
27409,DogEye
27410,DogMouth
27411,CatEye
27412,CatEye
27413,DogFace
27414,DogEye
27415,CatMouth
27416,DogMouth
27417,CatFace
27418,DogNose
27419,DogMouth
27420,CatFace
27421,DogEye
27422,DogEye
27423,DogMouth
27424,CatEye
27425,DogNose
27426,DogMouth
27427,CatEye
27428,DogEye
27429,CatFace
27430,CatEye
27431,CatMouth
27432,CatEye
27433,DogMouth
27434,DogMouth
27435,DogFace
27436,CatEye
27437,CatMouth
27438,CatMouth
27439,CatEye
27440,CatEye
27441,DogMouth
27442,CatMouth
27443,DogNose
27444,CatEye
27445,CatFace
27446,CatEye
27447,CatNose
27448,DogNose
27449,CatFace
27450,CatNose
27451,DogFace
27452,CatFace
27453,CatNose
27454,CatEye
27455,CatEye
27456,DogNose
27457,DogNose
27458,CatMouth
27459,CatEye
27460,CatEye
27461,DogNose
27462,DogEye
27463,DogMouth
27464,CatEye
27465,CatNose
27466,CatEye
27467,DogNose
27468,CatMouth
27469,CatNose
27470,CatEye
27471,CatEye
27472,CatFace
27473,CatEye
27474,CatFace
27475,DogMouth
27476,CatNose
27477,CatEye
27478,CatEye
27479,CatNose
27480,CatEye
27481,DogEye
27482,DogFace
27483,DogMouth
27484,DogMouth
27485,CatNose
27486,CatNose
27487,CatNose
27488,CatFace
27489,DogEye
27490,CatEye
27491,DogFace
27492,CatFace
27493,DogMouth
27494,DogEye
27495,DogEye
27496,CatEye
27497,DogEye
27498,CatNose
27499,DogNose
27500,CatMouth
27501,DogFace
27502,DogMouth
27503,CatFace
27504,DogEye
27505,CatMouth
27506,DogEye
27507,CatEye
27508,CatNose
27509,DogNose
27510,CatMouth
27511,CatMouth
27512,CatMouth
27513,DogMouth
27514,CatNose
27515,CatEye
27516,CatFace
27517,DogEye
27518,DogFace
27519,DogFace
27520,DogEye
27521,DogFace
27522,DogFace
27523,DogEye
27524,DogFace
27525,CatEye
27526,CatEye
27527,CatFace
27528,CatNose
27529,DogFace
27530,CatMouth
27531,CatMouth
27532,CatEye
27533,CatFace
27534,CatMouth
27535,DogEye
27536,CatFace
27537,CatNose
27538,DogEye
27539,DogEye
27540,DogEye
27541,CatEye
27542,DogNose
27543,DogEye
27544,CatMouth
27545,DogEye
27546,DogFace
27547,DogMouth
27548,DogFace
27549,CatEye
27550,DogFace
27551,DogNose
27552,DogEye
27553,CatEye
27554,DogEye
27555,CatNose
27556,DogMouth
27557,DogEye
27558,CatNose
27559,CatEye
27560,CatNose
27561,DogEye
27562,CatEye
27563,CatMouth
27564,DogNose
27565,DogEye
27566,DogEye
27567,CatFace
27568,CatMouth
27569,DogEye
27570,CatNose
27571,DogEye
27572,DogEye
27573,CatFace
27574,CatMouth
27575,CatEye
27576,DogFace
27577,DogMouth
27578,DogEye
27579,CatMouth
27580,DogFace
27581,DogEye
27582,DogNose
27583,CatEye
27584,CatFace
27585,CatEye
27586,DogMouth
27587,DogEye
27588,CatEye
27589,CatEye
27590,CatFace
27591,DogFace
27592,CatEye
27593,CatEye
27594,CatNose
27595,CatMouth
27596,CatMouth
27597,CatNose
27598,CatEye
27599,CatEye
27600,CatEye
27601,CatNose
27602,CatEye
27603,CatEye
27604,DogEye
27605,DogMouth
27606,CatMouth
27607,CatEye
27608,DogEye
27609,CatEye
27610,CatFace
27611,DogEye
27612,CatEye
27613,DogFace
27614,CatEye
27615,DogNose
27616,CatEye
27617,CatMouth
27618,DogEye
27619,DogEye
27620,CatNose
27621,CatEye
27622,DogMouth
27623,CatMouth
27624,DogNose
27625,CatNose
27626,CatEye
27627,CatNose
27628,CatEye
27629,DogMouth
27630,CatFace
27631,CatMouth
27632,DogFace
27633,CatFace
27634,CatEye
27635,CatNose
27636,CatEye
27637,DogNose
27638,DogMouth
27639,DogNose
27640,CatMouth
27641,CatEye
27642,CatFace
27643,CatMouth
27644,CatMouth
27645,DogFace
27646,DogNose
27647,DogFace
27648,CatMouth
27649,CatMouth
27650,DogEye
27651,CatEye
27652,DogEye
27653,CatNose
27654,CatEye
27655,DogEye
27656,DogMouth
27657,CatEye
27658,CatFace
27659,DogNose
27660,DogEye
27661,CatEye
27662,CatEye
27663,CatFace
27664,DogEye
27665,DogEye
27666,CatFace
27667,CatFace
27668,DogFace
27669,CatEye
27670,DogFace
27671,DogMouth
27672,CatNose
27673,DogMouth
27674,CatEye
27675,DogFace
27676,CatMouth
27677,CatFace
27678,CatMouth
27679,CatNose
27680,CatEye
27681,CatEye
27682,DogEye
27683,DogNose
27684,CatEye
27685,CatEye
27686,CatMouth
27687,DogNose
27688,CatMouth
27689,CatFace
27690,CatMouth
27691,CatEye
27692,CatNose
27693,CatEye
27694,DogFace
27695,DogMouth
27696,CatEye
27697,CatFace
27698,CatEye
27699,DogFace
27700,CatEye
27701,DogEye
27702,CatFace
27703,CatEye
27704,DogFace
27705,DogNose
27706,CatNose
27707,DogFace
27708,CatMouth
27709,DogFace
27710,DogEye
27711,CatFace
27712,CatFace
27713,CatNose
27714,DogNose
27715,DogEye
27716,CatNose
27717,DogNose
27718,DogFace
27719,DogFace
27720,CatEye
27721,DogFace
27722,CatFace
27723,DogMouth
27724,CatMouth
27725,CatEye
27726,DogEye
27727,DogFace
27728,CatMouth
27729,DogMouth
27730,CatNose
27731,CatEye
27732,CatEye
27733,CatFace
27734,CatFace
27735,CatEye
27736,CatFace
27737,DogMouth
27738,CatNose
27739,CatEye
27740,CatFace
27741,DogNose
27742,DogEye
27743,DogNose
27744,CatEye
27745,CatNose
27746,CatMouth
27747,CatMouth
27748,CatNose
27749,CatMouth
27750,DogEye
27751,CatEye
27752,DogMouth
27753,CatMouth
27754,DogMouth
27755,CatMouth
27756,CatFace
27757,CatNose
27758,DogEye
27759,CatNose
27760,CatNose
27761,CatFace
27762,CatEye
27763,DogFace
27764,CatMouth
27765,DogMouth
27766,DogMouth
27767,DogFace
27768,CatNose
27769,DogFace
27770,CatEye
27771,DogEye
27772,CatNose
27773,CatFace
27774,CatMouth
27775,DogNose
27776,CatNose
27777,CatNose
27778,CatNose
27779,DogFace
27780,CatMouth
27781,DogMouth
27782,CatEye
27783,DogNose
27784,CatMouth
27785,CatEye
27786,DogEye
27787,CatNose
27788,CatMouth
27789,DogFace
27790,CatEye
27791,DogEye
27792,CatEye
27793,CatMouth
27794,CatNose
27795,CatEye
27796,CatNose
27797,DogNose
27798,DogMouth
27799,DogFace
27800,CatFace
27801,DogEye
27802,DogEye
27803,DogEye
27804,CatMouth
27805,DogMouth
27806,DogMouth
27807,CatFace
27808,CatEye
27809,DogMouth
27810,CatEye
27811,DogFace
27812,CatEye
27813,CatFace
27814,DogMouth
27815,CatEye
27816,CatNose
27817,CatEye
27818,DogEye
27819,DogEye
27820,CatEye
27821,DogMouth
27822,CatFace
27823,DogNose
27824,CatFace
27825,CatEye
27826,CatEye
27827,DogFace
27828,CatMouth
27829,CatMouth
27830,CatEye
27831,DogNose
27832,CatFace
27833,CatEye
27834,DogNose
27835,DogEye
27836,CatEye
27837,DogEye
27838,DogEye
27839,DogEye
27840,CatNose
27841,CatEye
27842,CatFace
27843,DogFace
27844,CatFace
27845,DogNose
27846,CatEye
27847,DogEye
27848,CatNose
27849,DogFace
27850,DogEye
27851,DogEye
27852,DogNose
27853,DogMouth
27854,DogEye
27855,DogEye
27856,CatEye
27857,DogFace
27858,CatEye
27859,CatNose
27860,DogEye
27861,DogEye
27862,CatEye
27863,DogEye
27864,CatEye
27865,CatEye
27866,CatNose
27867,CatNose
27868,CatEye
27869,DogEye
27870,DogFace
27871,CatFace
27872,CatFace
27873,CatFace
27874,DogMouth
27875,CatMouth
27876,DogFace
27877,CatFace
27878,CatEye
27879,DogEye
27880,DogNose
27881,CatFace
27882,CatEye
27883,DogFace
27884,CatEye
27885,CatNose
27886,CatEye
27887,CatEye
27888,DogNose
27889,DogNose
27890,CatNose
27891,DogNose
27892,DogFace
27893,CatFace
27894,CatEye
27895,DogFace
27896,DogMouth
27897,CatFace
27898,CatEye
27899,DogEye
27900,CatMouth
27901,DogMouth
27902,DogMouth
27903,DogFace
27904,CatNose
27905,DogEye
27906,CatNose
27907,CatNose
27908,DogEye
27909,CatMouth
27910,DogEye
27911,CatEye
27912,DogEye
27913,CatFace
27914,CatEye
27915,CatNose
27916,DogEye
27917,DogMouth
27918,DogEye
27919,DogMouth
27920,DogMouth
27921,DogNose
27922,CatFace
27923,DogEye
27924,CatEye
27925,CatEye
27926,DogEye
27927,CatFace
27928,DogMouth
27929,DogEye
27930,CatFace
27931,DogEye
27932,DogEye
27933,CatEye
27934,DogFace
27935,CatMouth
27936,DogEye
27937,DogEye
27938,DogNose
27939,CatEye
27940,CatMouth
27941,CatFace
27942,CatEye
27943,CatNose
27944,DogEye
27945,DogEye
27946,CatNose
27947,CatNose
27948,CatNose
27949,CatMouth
27950,DogEye
27951,CatEye
27952,DogFace
27953,CatNose
27954,CatMouth
27955,CatEye
27956,DogEye
27957,DogEye
27958,DogEye
27959,DogEye
27960,CatNose
27961,CatEye
27962,DogNose
27963,DogNose
27964,DogNose
27965,DogEye
27966,CatNose
27967,DogNose
27968,CatEye
27969,CatEye
27970,DogEye
27971,CatEye
27972,CatEye
27973,CatNose
27974,DogFace
27975,CatNose
27976,CatMouth
27977,CatFace
27978,DogEye
27979,DogEye
27980,CatNose
27981,DogNose
27982,CatEye
27983,DogEye
27984,CatNose
27985,CatEye
27986,CatNose
27987,DogEye
27988,CatEye
27989,CatFace
27990,DogNose
27991,DogNose
27992,CatFace
27993,CatFace
27994,CatFace
27995,CatEye
27996,CatFace
27997,DogEye
27998,CatEye
27999,CatMouth
28000,DogFace
28001,CatEye
28002,CatMouth
28003,DogEye
28004,CatNose
28005,CatEye
28006,CatMouth
28007,CatMouth
28008,DogMouth
28009,CatMouth
28010,CatFace
28011,CatFace
28012,CatFace
28013,CatFace
28014,DogEye
28015,DogFace
28016,DogNose
28017,DogMouth
28018,CatEye
28019,DogEye
28020,DogEye
28021,CatNose
28022,CatEye
28023,DogMouth
28024,CatEye
28025,CatFace
28026,CatMouth
28027,DogMouth
28028,DogFace
28029,CatFace
28030,DogEye
28031,CatMouth
28032,DogFace
28033,DogEye
28034,DogEye
28035,DogFace
28036,CatFace
28037,DogNose
28038,CatFace
28039,DogFace
28040,DogFace
28041,CatFace
28042,CatEye
28043,CatNose
28044,CatNose
28045,CatEye
28046,CatEye
28047,DogEye
28048,CatEye
28049,DogMouth
28050,CatEye
28051,CatMouth
28052,CatEye
28053,CatNose
28054,DogMouth
28055,DogFace
28056,CatMouth
28057,DogNose
28058,CatMouth
28059,CatNose
28060,CatEye
28061,DogEye
28062,CatMouth
28063,DogNose
28064,DogNose
28065,CatNose
28066,DogNose
28067,DogNose
28068,CatEye
28069,DogNose
28070,CatEye
28071,CatNose
28072,CatNose
28073,CatMouth
28074,CatEye
28075,DogNose
28076,CatMouth
28077,CatNose
28078,DogEye
28079,DogEye
28080,CatNose
28081,CatEye
28082,DogEye
28083,CatMouth
28084,DogEye
28085,CatNose
28086,DogMouth
28087,DogEye
28088,CatEye
28089,CatEye
28090,CatMouth
28091,DogEye
28092,DogFace
28093,DogMouth
28094,DogEye
28095,DogEye
28096,CatEye
28097,DogEye
28098,CatEye
28099,DogEye
28100,CatEye
28101,CatEye
28102,CatNose
28103,DogEye
28104,DogFace
28105,CatEye
28106,DogEye
28107,CatEye
28108,CatMouth
28109,DogEye
28110,CatEye
28111,DogEye
28112,CatEye
28113,CatEye
28114,DogMouth
28115,CatEye
28116,CatMouth
28117,CatFace
28118,DogNose
28119,CatEye
28120,CatFace
28121,CatEye
28122,DogEye
28123,DogFace
28124,CatEye
28125,CatFace
28126,CatNose
28127,CatEye
28128,CatMouth
28129,CatEye
28130,CatNose
28131,DogMouth
28132,DogEye
28133,DogEye
28134,CatEye
28135,CatFace
28136,CatMouth
28137,CatEye
28138,DogFace
28139,DogMouth
28140,DogEye
28141,DogEye
28142,CatEye
28143,DogFace
28144,DogEye
28145,CatMouth
28146,DogNose
28147,DogEye
28148,DogEye
28149,DogEye
28150,CatEye
28151,CatMouth
28152,DogEye
28153,CatMouth
28154,DogNose
28155,CatMouth
28156,CatMouth
28157,DogFace
28158,DogEye
28159,CatEye
28160,DogEye
28161,CatEye
28162,CatFace
28163,DogEye
28164,CatNose
28165,CatNose
28166,CatEye
28167,CatEye
28168,CatEye
28169,CatMouth
28170,CatFace
28171,DogFace
28172,CatEye
28173,CatFace
28174,CatFace
28175,CatMouth
28176,DogEye
28177,CatNose
28178,CatEye
28179,CatFace
28180,CatEye
28181,DogMouth
28182,CatNose
28183,CatEye
28184,CatNose
28185,CatEye
28186,DogFace
28187,CatFace
28188,CatEye
28189,CatMouth
28190,DogEye
28191,DogFace
28192,CatFace
28193,CatFace
28194,CatEye
28195,CatMouth
28196,CatEye
28197,DogEye
28198,CatEye
28199,DogMouth
28200,CatMouth
28201,CatFace
28202,CatEye
28203,CatNose
28204,DogNose
28205,CatNose
28206,CatEye
28207,DogFace
28208,DogMouth
28209,CatEye
28210,CatEye
28211,CatEye
28212,DogMouth
28213,CatMouth
28214,DogEye
28215,DogFace
28216,DogEye
28217,CatEye
28218,DogFace
28219,CatNose
28220,CatFace
28221,DogEye
28222,DogEye
28223,CatFace
28224,CatMouth
28225,CatEye
28226,DogNose
28227,DogMouth
28228,DogEye
28229,DogMouth
28230,CatEye
28231,DogNose
28232,DogFace
28233,DogEye
28234,DogNose
28235,DogFace
28236,DogEye
28237,DogFace
28238,DogFace
28239,CatFace
28240,CatFace
28241,CatNose
28242,DogEye
28243,DogEye
28244,DogEye
28245,CatNose
28246,DogEye
28247,DogNose
28248,CatNose
28249,CatEye
28250,DogFace
28251,CatMouth
28252,DogEye
28253,DogMouth
28254,DogFace
28255,DogFace
28256,CatEye
28257,DogEye
28258,DogEye
28259,CatEye
28260,DogMouth
28261,CatFace
28262,DogEye
28263,CatFace
28264,CatEye
28265,DogNose
28266,CatFace
28267,DogMouth
28268,CatNose
28269,CatFace
28270,DogMouth
28271,CatFace
28272,CatEye
28273,DogNose
28274,CatEye
28275,CatMouth
28276,CatMouth
28277,DogMouth
28278,CatEye
28279,CatEye
28280,DogFace
28281,CatFace
28282,CatEye
28283,CatFace
28284,DogEye
28285,CatNose
28286,DogNose
28287,CatMouth
28288,CatNose
28289,CatNose
28290,DogNose
28291,CatNose
28292,CatEye
28293,DogFace
28294,CatFace
28295,DogFace
28296,CatEye
28297,CatEye
28298,CatFace
28299,CatNose
28300,CatEye
28301,CatEye
28302,CatNose
28303,DogEye
28304,CatEye
28305,CatNose
28306,DogFace
28307,DogNose
28308,CatMouth
28309,DogMouth
28310,CatEye
28311,CatNose
28312,DogNose
28313,DogEye
28314,CatEye
28315,DogNose
28316,CatEye
28317,DogNose
28318,DogFace
28319,DogEye
28320,CatEye
28321,CatEye
28322,CatNose
28323,CatEye
28324,CatFace
28325,CatMouth
28326,DogEye
28327,DogFace
28328,DogFace
28329,DogMouth
28330,CatMouth
28331,DogMouth
28332,DogEye
28333,DogEye
28334,DogEye
28335,DogMouth
28336,CatEye
28337,DogEye
28338,CatEye
28339,DogNose
28340,CatMouth
28341,CatEye
28342,DogEye
28343,CatEye
28344,DogEye
28345,DogEye
28346,DogMouth
28347,CatNose
28348,DogFace
28349,DogFace
28350,CatEye
28351,DogNose
28352,CatEye
28353,CatFace
28354,DogNose
28355,CatEye
28356,CatFace
28357,CatMouth
28358,DogNose
28359,CatFace
28360,CatFace
28361,DogNose
28362,CatFace
28363,CatEye
28364,DogEye
28365,DogEye
28366,CatMouth
28367,CatFace
28368,DogFace
28369,CatFace
28370,DogMouth
28371,DogMouth
28372,DogEye
28373,CatFace
28374,DogNose
28375,DogEye
28376,CatMouth
28377,DogEye
28378,CatMouth
28379,DogMouth
28380,CatEye
28381,DogMouth
28382,CatMouth
28383,DogEye
28384,DogMouth
28385,DogNose
28386,DogMouth
28387,CatEye
28388,DogMouth
28389,DogMouth
28390,DogNose
28391,DogNose
28392,DogFace
28393,DogMouth
28394,CatMouth
28395,CatNose
28396,DogEye
28397,DogMouth
28398,CatFace
28399,DogEye
28400,DogNose
28401,DogNose
28402,CatMouth
28403,CatNose
28404,CatNose
28405,CatFace
28406,DogEye
28407,DogEye
28408,CatEye
28409,CatMouth
28410,CatMouth
28411,CatEye
28412,CatNose
28413,CatMouth
28414,DogEye
28415,DogEye
28416,DogNose
28417,CatEye
28418,DogMouth
28419,CatFace
28420,DogEye
28421,DogEye
28422,CatNose
28423,CatMouth
28424,CatFace
28425,CatEye
28426,DogNose
28427,DogEye
28428,DogFace
28429,DogEye
28430,CatMouth
28431,CatMouth
28432,CatEye
28433,CatEye
28434,CatEye
28435,DogEye
28436,CatFace
28437,CatEye
28438,DogMouth
28439,CatEye
28440,DogNose
28441,DogNose
28442,CatFace
28443,DogMouth
28444,DogNose
28445,CatMouth
28446,CatNose
28447,CatMouth
28448,DogNose
28449,DogNose
28450,CatMouth
28451,DogNose
28452,CatMouth
28453,CatNose
28454,CatNose
28455,CatEye
28456,CatNose
28457,CatMouth
28458,DogNose
28459,CatEye
28460,DogFace
28461,DogFace
28462,DogFace
28463,DogEye
28464,DogEye
28465,CatFace
28466,CatEye
28467,CatEye
28468,DogEye
28469,DogEye
28470,DogFace
28471,CatEye
28472,CatEye
28473,DogEye
28474,DogFace
28475,CatEye
28476,CatNose
28477,CatEye
28478,CatEye
28479,CatEye
28480,CatFace
28481,CatNose
28482,CatEye
28483,CatFace
28484,CatMouth
28485,CatEye
28486,DogFace
28487,DogNose
28488,DogMouth
28489,CatNose
28490,CatFace
28491,CatMouth
28492,DogMouth
28493,CatEye
28494,CatEye
28495,CatFace
28496,CatMouth
28497,CatNose
28498,DogFace
28499,CatEye
28500,CatEye
28501,DogEye
28502,CatNose
28503,CatEye
28504,DogMouth
28505,DogEye
28506,DogEye
28507,CatNose
28508,CatMouth
28509,CatEye
28510,CatNose
28511,CatEye
28512,CatEye
28513,CatFace
28514,CatEye
28515,DogMouth
28516,CatEye
28517,DogFace
28518,DogMouth
28519,DogFace
28520,CatNose
28521,CatFace
28522,DogFace
28523,CatFace
28524,DogEye
28525,DogFace
28526,CatFace
28527,CatMouth
28528,CatMouth
28529,CatEye
28530,CatEye
28531,CatFace
28532,DogEye
28533,DogNose
28534,CatMouth
28535,CatFace
28536,CatMouth
28537,DogNose
28538,CatEye
28539,DogMouth
28540,DogFace
28541,CatNose
28542,DogEye
28543,CatEye
28544,DogEye
28545,CatMouth
28546,CatEye
28547,DogEye
28548,CatNose
28549,CatNose
28550,CatNose
28551,CatNose
28552,DogEye
28553,CatEye
28554,CatNose
28555,CatMouth
28556,CatEye
28557,DogNose
28558,CatNose
28559,CatMouth
28560,DogNose
28561,DogMouth
28562,DogEye
28563,DogFace
28564,CatEye
28565,CatMouth
28566,CatFace
28567,CatEye
28568,CatFace
28569,CatEye
28570,CatNose
28571,CatFace
28572,CatNose
28573,CatMouth
28574,DogEye
28575,DogEye
28576,DogFace
28577,DogNose
28578,DogEye
28579,DogEye
28580,CatFace
28581,CatNose
28582,CatFace
28583,DogNose
28584,CatEye
28585,DogEye
28586,CatNose
28587,CatEye
28588,DogEye
28589,DogFace
28590,DogFace
28591,CatMouth
28592,DogMouth
28593,CatNose
28594,DogNose
28595,CatFace
28596,CatMouth
28597,CatEye
28598,DogMouth
28599,DogEye
28600,DogMouth
28601,CatNose
28602,CatNose
28603,CatFace
28604,DogNose
28605,CatEye
28606,CatEye
28607,CatEye
28608,DogEye
28609,DogNose
28610,CatNose
28611,CatEye
28612,DogEye
28613,CatMouth
28614,CatEye
28615,DogFace
28616,CatFace
28617,CatFace
28618,CatNose
28619,CatEye
28620,DogNose
28621,CatMouth
28622,CatFace
28623,CatMouth
28624,CatNose
28625,DogEye
28626,CatFace
28627,CatMouth
28628,CatNose
28629,DogMouth
28630,CatMouth
28631,DogMouth
28632,CatMouth
28633,DogNose
28634,CatEye
28635,DogNose
28636,DogFace
28637,DogMouth
28638,DogNose
28639,DogEye
28640,CatFace
28641,DogEye
28642,CatEye
28643,CatFace
28644,CatFace
28645,DogFace
28646,DogEye
28647,DogFace
28648,DogEye
28649,DogNose
28650,DogNose
28651,CatNose
28652,CatFace
28653,CatFace
28654,CatEye
28655,CatEye
28656,DogFace
28657,CatEye
28658,CatFace
28659,CatEye
28660,DogMouth
28661,DogNose
28662,CatFace
28663,CatEye
28664,DogFace
28665,DogNose
28666,DogEye
28667,CatMouth
28668,CatEye
28669,DogEye
28670,CatFace
28671,DogFace
28672,DogEye
28673,CatEye
28674,DogEye
28675,DogEye
28676,DogEye
28677,CatNose
28678,CatMouth
28679,CatNose
28680,DogEye
28681,DogNose
28682,CatEye
28683,CatNose
28684,CatEye
28685,CatFace
28686,DogEye
28687,DogEye
28688,CatNose
28689,DogEye
28690,DogEye
28691,CatMouth
28692,CatEye
28693,CatEye
28694,DogMouth
28695,DogNose
28696,CatNose
28697,CatFace
28698,CatEye
28699,DogNose
28700,DogEye
28701,DogFace
28702,DogEye
28703,DogFace
28704,DogEye
28705,DogFace
28706,DogFace
28707,CatEye
28708,DogNose
28709,CatEye
28710,DogMouth
28711,DogMouth
28712,CatFace
28713,CatFace
28714,DogFace
28715,CatNose
28716,DogFace
28717,CatNose
28718,DogNose
28719,DogNose
28720,DogFace
28721,DogNose
28722,CatFace
28723,DogMouth
28724,DogEye
28725,CatEye
28726,CatFace
28727,DogMouth
28728,DogFace
28729,DogFace
28730,CatNose
28731,CatEye
28732,CatEye
28733,DogEye
28734,CatEye
28735,CatNose
28736,DogMouth
28737,CatNose
28738,CatEye
28739,CatEye
28740,DogEye
28741,CatFace
28742,DogMouth
28743,DogEye
28744,CatEye
28745,CatFace
28746,DogEye
28747,CatNose
28748,CatEye
28749,DogFace
28750,DogFace
28751,CatEye
28752,CatEye
28753,DogNose
28754,CatFace
28755,CatMouth
28756,CatEye
28757,CatMouth
28758,DogEye
28759,CatFace
28760,CatEye
28761,CatEye
28762,CatEye
28763,DogEye
28764,CatEye
28765,CatMouth
28766,DogEye
28767,CatEye
28768,DogNose
28769,CatEye
28770,DogEye
28771,DogNose
28772,DogFace
28773,DogMouth
28774,DogEye
28775,DogMouth
28776,CatEye
28777,DogEye
28778,CatFace
28779,CatFace
28780,DogEye
28781,CatEye
28782,DogFace
28783,CatMouth
28784,DogNose
28785,CatMouth
28786,CatMouth
28787,CatNose
28788,CatFace
28789,DogEye
28790,DogMouth
28791,DogEye
28792,DogFace
28793,DogNose
28794,DogFace
28795,DogEye
28796,CatNose
28797,CatEye
28798,CatMouth
28799,DogFace
28800,CatNose
28801,DogMouth
28802,CatEye
28803,DogEye
28804,DogEye
28805,DogMouth
28806,CatEye
28807,CatNose
28808,DogEye
28809,CatMouth
28810,DogFace
28811,CatNose
28812,DogFace
28813,CatEye
28814,DogNose
28815,CatMouth
28816,DogFace
28817,DogFace
28818,CatEye
28819,CatFace
28820,CatMouth
28821,DogMouth
28822,CatEye
28823,DogMouth
28824,CatEye
28825,CatMouth
28826,CatEye
28827,CatEye
28828,CatMouth
28829,CatMouth
28830,DogEye
28831,CatEye
28832,DogEye
28833,CatFace
28834,DogEye
28835,CatFace
28836,CatNose
28837,DogEye
28838,CatMouth
28839,DogMouth
28840,CatEye
28841,CatEye
28842,CatFace
28843,DogEye
28844,DogFace
28845,CatEye
28846,DogMouth
28847,DogNose
28848,CatMouth
28849,CatMouth
28850,CatFace
28851,CatEye
28852,DogEye
28853,CatNose
28854,DogFace
28855,CatNose
28856,DogEye
28857,DogMouth
28858,DogEye
28859,DogEye
28860,CatNose
28861,DogNose
28862,CatNose
28863,CatEye
28864,DogFace
28865,DogEye
28866,CatEye
28867,CatMouth
28868,CatEye
28869,DogMouth
28870,DogMouth
28871,CatEye
28872,DogMouth
28873,CatNose
28874,CatMouth
28875,CatFace
28876,DogMouth
28877,CatEye
28878,DogFace
28879,CatEye
28880,CatEye
28881,DogEye
28882,DogEye
28883,DogMouth
28884,DogEye
28885,DogFace
28886,CatMouth
28887,CatEye
28888,DogFace
28889,CatEye
28890,DogFace
28891,DogEye
28892,CatFace
28893,DogEye
28894,DogEye
28895,CatEye
28896,CatEye
28897,DogFace
28898,DogNose
28899,DogNose
28900,DogFace
28901,DogEye
28902,DogEye
28903,CatNose
28904,CatEye
28905,CatMouth
28906,DogMouth
28907,CatEye
28908,DogEye
28909,DogMouth
28910,CatEye
28911,DogMouth
28912,CatEye
28913,CatMouth
28914,CatEye
28915,DogEye
28916,DogEye
28917,CatFace
28918,DogEye
28919,CatFace
28920,DogEye
28921,CatNose
28922,DogFace
28923,CatEye
28924,CatEye
28925,CatEye
28926,CatEye
28927,DogFace
28928,CatFace
28929,DogEye
28930,CatNose
28931,CatNose
28932,DogMouth
28933,CatFace
28934,DogNose
28935,DogNose
28936,CatEye
28937,CatEye
28938,DogEye
28939,CatMouth
28940,CatEye
28941,CatFace
28942,CatEye
28943,CatEye
28944,DogEye
28945,CatNose
28946,CatNose
28947,CatNose
28948,CatNose
28949,CatNose
28950,DogMouth
28951,DogEye
28952,DogEye
28953,DogEye
28954,DogEye
28955,CatNose
28956,DogMouth
28957,DogNose
28958,DogEye
28959,DogEye
28960,DogEye
28961,CatEye
28962,CatEye
28963,DogMouth
28964,CatEye
28965,DogMouth
28966,DogFace
28967,CatNose
28968,DogEye
28969,CatNose
28970,DogNose
28971,CatEye
28972,DogEye
28973,CatNose
28974,DogEye
28975,DogFace
28976,DogEye
28977,DogEye
28978,DogFace
28979,DogEye
28980,CatMouth
28981,CatNose
28982,CatEye
28983,CatFace
28984,DogNose
28985,CatEye
28986,DogFace
28987,DogFace
28988,DogMouth
28989,CatMouth
28990,DogMouth
28991,DogNose
28992,DogFace
28993,DogEye
28994,CatMouth
28995,CatMouth
28996,CatEye
28997,DogNose
28998,DogFace
28999,CatFace
29000,CatEye
29001,CatMouth
29002,CatMouth
29003,CatEye
29004,DogMouth
29005,CatMouth
29006,CatMouth
29007,CatMouth
29008,CatEye
29009,CatNose
29010,CatEye
29011,CatEye
29012,CatNose
29013,CatNose
29014,CatFace
29015,CatEye
29016,CatEye
29017,DogEye
29018,CatNose
29019,DogEye
29020,CatEye
29021,CatEye
29022,CatMouth
29023,CatNose
29024,CatFace
29025,CatNose
29026,CatEye
29027,CatMouth
29028,DogNose
29029,CatFace
29030,DogFace
29031,DogNose
29032,DogMouth
29033,CatNose
29034,CatEye
29035,DogFace
29036,DogEye
29037,DogNose
29038,DogFace
29039,DogMouth
29040,DogEye
29041,CatFace
29042,CatEye
29043,DogEye
29044,DogEye
29045,DogNose
29046,CatEye
29047,DogEye
29048,CatMouth
29049,CatEye
29050,CatNose
29051,DogEye
29052,DogFace
29053,CatEye
29054,CatNose
29055,DogFace
29056,CatFace
29057,CatFace
29058,CatMouth
29059,CatFace
29060,DogMouth
29061,CatEye
29062,DogEye
29063,DogEye
29064,CatMouth
29065,DogMouth
29066,DogEye
29067,CatNose
29068,CatEye
29069,CatEye
29070,CatNose
29071,CatEye
29072,CatFace
29073,DogEye
29074,DogEye
29075,DogEye
29076,DogEye
29077,DogMouth
29078,DogMouth
29079,DogNose
29080,CatEye
29081,CatEye
29082,DogMouth
29083,DogEye
29084,DogEye
29085,DogEye
29086,CatEye
29087,CatNose
29088,CatFace
29089,CatEye
29090,DogMouth
29091,DogEye
29092,CatEye
29093,CatEye
29094,DogEye
29095,CatNose
29096,CatMouth
29097,CatNose
29098,CatEye
29099,CatMouth
29100,DogFace
29101,DogEye
29102,CatMouth
29103,CatEye
29104,DogNose
29105,DogFace
29106,CatFace
29107,DogNose
29108,DogMouth
29109,DogFace
29110,CatEye
29111,CatMouth
29112,DogFace
29113,DogNose
29114,DogNose
29115,CatFace
29116,CatMouth
29117,CatEye
29118,CatFace
29119,CatEye
29120,CatNose
29121,DogFace
29122,CatEye
29123,CatNose
29124,CatNose
29125,DogNose
29126,CatFace
29127,DogEye
29128,DogFace
29129,DogEye
29130,DogEye
29131,DogEye
29132,DogMouth
29133,CatMouth
29134,CatNose
29135,CatEye
29136,CatFace
29137,DogEye
29138,DogFace
29139,DogNose
29140,CatEye
29141,CatNose
29142,DogMouth
29143,CatFace
29144,CatEye
29145,DogEye
29146,DogEye
29147,DogEye
29148,CatFace
29149,DogNose
29150,DogEye
29151,CatFace
29152,DogEye
29153,CatEye
29154,CatEye
29155,CatEye
29156,DogNose
29157,CatEye
29158,CatEye
29159,CatMouth
29160,CatEye
29161,CatFace
29162,CatFace
29163,CatMouth
29164,CatEye
29165,CatMouth
29166,DogFace
29167,CatFace
29168,CatFace
29169,CatNose
29170,CatNose
29171,CatMouth
29172,DogMouth
29173,DogEye
29174,DogMouth
29175,CatMouth
29176,CatFace
29177,DogFace
29178,CatEye
29179,DogFace
29180,CatNose
29181,DogFace
29182,DogMouth
29183,DogMouth
29184,CatMouth
29185,DogEye
29186,DogMouth
29187,CatNose
29188,DogEye
29189,CatNose
29190,CatFace
29191,DogEye
29192,DogMouth
29193,CatEye
29194,CatEye
29195,CatEye
29196,CatMouth
29197,DogEye
29198,DogNose
29199,CatNose
29200,CatEye
29201,DogFace
29202,CatMouth
29203,CatMouth
29204,DogEye
29205,DogFace
29206,CatEye
29207,DogEye
29208,CatEye
29209,DogEye
29210,DogMouth
29211,DogEye
29212,CatMouth
29213,CatNose
29214,DogNose
29215,DogNose
29216,CatMouth
29217,DogEye
29218,DogEye
29219,CatEye
29220,CatNose
29221,CatNose
29222,CatNose
29223,CatNose
29224,DogEye
29225,DogNose
29226,CatEye
29227,DogEye
29228,CatFace
29229,CatNose
29230,CatNose
29231,DogEye
29232,DogNose
29233,CatEye
29234,CatNose
29235,DogEye
29236,DogFace
29237,DogFace
29238,CatFace
29239,CatEye
29240,DogEye
29241,CatNose
29242,DogEye
29243,DogMouth
29244,CatEye
29245,CatFace
29246,CatNose
29247,DogNose
29248,DogEye
29249,CatEye
29250,CatEye
29251,CatFace
29252,CatFace
29253,DogMouth
29254,CatEye
29255,CatEye
29256,DogMouth
29257,CatEye
29258,DogFace
29259,DogEye
29260,DogFace
29261,CatFace
29262,CatMouth
29263,DogEye
29264,DogEye
29265,DogEye
29266,CatEye
29267,CatNose
29268,DogEye
29269,CatMouth
29270,CatMouth
29271,DogEye
29272,CatEye
29273,CatEye
29274,CatFace
29275,CatNose
29276,DogFace
29277,DogEye
29278,CatEye
29279,CatEye
29280,CatEye
29281,CatFace
29282,CatEye
29283,CatFace
29284,CatEye
29285,CatEye
29286,CatMouth
29287,DogEye
29288,DogFace
29289,DogEye
29290,DogEye
29291,DogNose
29292,CatEye
29293,CatEye
29294,CatMouth
29295,CatEye
29296,CatMouth
29297,DogMouth
29298,CatFace
29299,DogFace
29300,DogEye
29301,DogFace
29302,CatEye
29303,DogEye
29304,CatFace
29305,CatEye
29306,CatNose
29307,DogMouth
29308,CatMouth
29309,CatNose
29310,CatEye
29311,CatFace
29312,CatNose
29313,DogMouth
29314,DogEye
29315,CatMouth
29316,DogNose
29317,CatNose
29318,DogMouth
29319,DogFace
29320,DogEye
29321,DogFace
29322,CatEye
29323,CatMouth
29324,CatMouth
29325,CatEye
29326,CatEye
29327,CatEye
29328,DogMouth
29329,CatMouth
29330,CatEye
29331,CatEye
29332,DogEye
29333,CatEye
29334,DogNose
29335,DogNose
29336,DogNose
29337,CatFace
29338,DogMouth
29339,CatEye
29340,CatMouth
29341,CatMouth
29342,CatEye
29343,DogEye
29344,DogNose
29345,DogMouth
29346,CatNose
29347,DogEye
29348,CatFace
29349,CatMouth
29350,CatNose
29351,DogMouth
29352,DogEye
29353,DogEye
29354,CatMouth
29355,DogNose
29356,DogEye
29357,CatEye
29358,DogNose
29359,CatFace
29360,CatMouth
29361,DogEye
29362,CatNose
29363,DogEye
29364,DogEye
29365,DogEye
29366,CatFace
29367,CatNose
29368,DogNose
29369,CatNose
29370,DogFace
29371,CatEye
29372,DogMouth
29373,CatEye
29374,DogEye
29375,CatEye
29376,CatNose
29377,DogFace
29378,CatMouth
29379,CatFace
29380,CatEye
29381,DogMouth
29382,CatEye
29383,CatFace
29384,DogNose
29385,CatEye
29386,CatMouth
29387,CatMouth
29388,DogEye
29389,CatEye
29390,DogEye
29391,DogEye
29392,CatNose
29393,CatEye
29394,CatMouth
29395,CatEye
29396,CatMouth
29397,CatFace
29398,CatEye
29399,DogNose
29400,CatEye
29401,DogEye
29402,CatNose
29403,DogFace
29404,CatNose
29405,DogEye
29406,CatFace
29407,DogMouth
29408,DogFace
29409,CatEye
29410,DogNose
29411,DogFace
29412,DogMouth
29413,DogEye
29414,DogEye
29415,CatEye
29416,CatMouth
29417,CatFace
29418,CatFace
29419,CatMouth
29420,DogNose
29421,CatFace
29422,CatEye
29423,CatNose
29424,DogFace
29425,CatEye
29426,DogEye
29427,DogFace
29428,DogNose
29429,DogNose
29430,DogNose
29431,DogFace
29432,CatNose
29433,CatMouth
29434,CatEye
29435,CatEye
29436,CatFace
29437,DogFace
29438,DogNose
29439,DogEye
29440,DogFace
29441,CatEye
29442,CatEye
29443,CatMouth
29444,DogNose
29445,DogEye
29446,CatEye
29447,CatFace
29448,CatMouth
29449,CatNose
29450,CatMouth
29451,CatEye
29452,DogEye
29453,CatFace
29454,CatEye
29455,CatNose
29456,CatNose
29457,CatEye
29458,CatMouth
29459,CatEye
29460,CatFace
29461,CatEye
29462,DogEye
29463,DogFace
29464,CatNose
29465,CatMouth
29466,DogEye
29467,DogEye
29468,DogFace
29469,DogEye
29470,DogMouth
29471,DogMouth
29472,CatEye
29473,CatNose
29474,DogEye
29475,CatNose
29476,CatNose
29477,CatMouth
29478,CatNose
29479,CatNose
29480,CatMouth
29481,DogFace
29482,CatEye
29483,CatMouth
29484,DogEye
29485,DogEye
29486,DogEye
29487,CatNose
29488,CatMouth
29489,CatEye
29490,CatEye
29491,CatNose
29492,CatEye
29493,DogMouth
29494,DogEye
29495,DogFace
29496,CatEye
29497,DogMouth
29498,CatFace
29499,DogFace
29500,CatEye
29501,CatEye
29502,CatEye
29503,DogEye
29504,CatEye
29505,CatEye
29506,DogFace
29507,CatMouth
29508,DogNose
29509,CatFace
29510,CatEye
29511,DogNose
29512,CatMouth
29513,DogFace
29514,CatEye
29515,DogEye
29516,CatEye
29517,CatEye
29518,DogNose
29519,DogEye
29520,CatEye
29521,DogEye
29522,DogNose
29523,DogEye
29524,CatFace
29525,DogEye
29526,CatEye
29527,CatEye
29528,DogMouth
29529,DogFace
29530,DogMouth
29531,CatMouth
29532,CatEye
29533,CatNose
29534,CatFace
29535,DogEye
29536,DogEye
29537,DogNose
29538,CatEye
29539,CatNose
29540,DogMouth
29541,CatMouth
29542,CatFace
29543,CatEye
29544,CatEye
29545,CatMouth
29546,DogEye
29547,DogEye
29548,CatNose
29549,DogEye
29550,CatMouth
29551,CatMouth
29552,CatEye
29553,CatEye
29554,DogFace
29555,DogEye
29556,CatNose
29557,DogEye
29558,DogMouth
29559,DogFace
29560,CatEye
29561,CatNose
29562,DogEye
29563,CatNose
29564,CatEye
29565,DogMouth
29566,CatEye
29567,DogNose
29568,CatFace
29569,DogEye
29570,DogEye
29571,DogNose
29572,DogFace
29573,CatMouth
29574,DogEye
29575,DogEye
29576,CatEye
29577,DogEye
29578,CatNose
29579,DogFace
29580,CatMouth
29581,DogEye
29582,DogFace
29583,CatFace
29584,CatMouth
29585,DogFace
29586,CatMouth
29587,DogEye
29588,CatEye
29589,CatMouth
29590,DogEye
29591,DogEye
29592,CatEye
29593,CatNose
29594,CatEye
29595,CatMouth
29596,DogFace
29597,CatFace
29598,CatEye
29599,CatMouth
29600,DogEye
29601,CatNose
29602,DogEye
29603,DogNose
29604,CatNose
29605,DogMouth
29606,CatEye
29607,DogEye
29608,CatMouth
29609,DogEye
29610,CatFace
29611,DogEye
29612,CatMouth
29613,CatEye
29614,CatEye
29615,DogMouth
29616,DogNose
29617,CatNose
29618,CatFace
29619,DogEye
29620,CatEye
29621,DogFace
29622,DogEye
29623,DogEye
29624,DogNose
29625,DogFace
29626,DogNose
29627,CatEye
29628,CatEye
29629,CatNose
29630,DogNose
29631,DogNose
29632,CatFace
29633,CatFace
29634,CatFace
29635,CatEye
29636,CatNose
29637,DogEye
29638,DogEye
29639,CatFace
29640,CatEye
29641,DogFace
29642,CatMouth
29643,CatMouth
29644,CatEye
29645,CatEye
29646,CatEye
29647,DogNose
29648,DogMouth
29649,CatFace
29650,DogEye
29651,CatEye
29652,DogFace
29653,CatNose
29654,DogNose
29655,CatNose
29656,CatFace
29657,DogMouth
29658,CatEye
29659,DogFace
29660,DogFace
29661,CatMouth
29662,DogMouth
29663,DogNose
29664,DogEye
29665,CatNose
29666,CatNose
29667,DogMouth
29668,DogNose
29669,CatFace
29670,CatEye
29671,DogEye
29672,DogEye
29673,CatEye
29674,CatNose
29675,DogEye
29676,CatEye
29677,DogEye
29678,DogMouth
29679,DogEye
29680,DogMouth
29681,CatNose
29682,CatEye
29683,CatEye
29684,DogEye
29685,DogEye
29686,DogEye
29687,CatNose
29688,DogEye
29689,CatEye
29690,CatMouth
29691,CatMouth
29692,CatMouth
29693,CatEye
29694,CatMouth
29695,DogNose
29696,CatEye
29697,CatMouth
29698,DogFace
29699,CatMouth
29700,DogEye
29701,DogMouth
29702,CatFace
29703,CatFace
29704,CatFace
29705,DogEye
29706,CatNose
29707,CatEye
29708,DogEye
29709,DogNose
29710,CatMouth
29711,CatMouth
29712,CatEye
29713,DogNose
29714,CatNose
29715,CatNose
29716,DogMouth
29717,DogEye
29718,DogFace
29719,CatEye
29720,CatNose
29721,DogFace
29722,CatEye
29723,DogEye
29724,DogEye
29725,CatEye
29726,CatEye
29727,CatFace
29728,CatFace
29729,DogMouth
29730,CatEye
29731,DogMouth
29732,CatMouth
29733,DogMouth
29734,DogEye
29735,DogFace
29736,DogMouth
29737,CatEye
29738,CatEye
29739,CatNose
29740,DogEye
29741,CatNose
29742,DogFace
29743,DogNose
29744,DogNose
29745,CatNose
29746,DogEye
29747,DogMouth
29748,CatMouth
29749,CatEye
29750,DogFace
29751,CatNose
29752,DogNose
29753,CatMouth
29754,DogMouth
29755,DogFace
29756,DogEye
29757,CatNose
29758,CatMouth
29759,DogFace
29760,CatNose
29761,CatNose
29762,CatEye
29763,CatEye
29764,DogEye
29765,DogFace
29766,DogMouth
29767,CatEye
29768,CatNose
29769,CatEye
29770,CatFace
29771,DogEye
29772,CatMouth
29773,DogNose
29774,DogNose
29775,DogFace
29776,CatFace
29777,CatEye
29778,CatEye
29779,CatEye
29780,CatNose
29781,CatEye
29782,DogMouth
29783,DogNose
29784,DogEye
29785,DogEye
29786,CatEye
29787,CatFace
29788,CatMouth
29789,CatEye
29790,CatFace
29791,CatEye
29792,CatNose
29793,CatMouth
29794,CatNose
29795,CatMouth
29796,CatEye
29797,CatFace
29798,DogNose
29799,DogEye
29800,CatMouth
29801,DogNose
29802,CatMouth
29803,CatEye
29804,DogNose
29805,CatNose
29806,DogMouth
29807,DogEye
29808,CatEye
29809,CatEye
29810,CatFace
29811,DogEye
29812,CatFace
29813,CatEye
29814,DogEye
29815,DogNose
29816,DogEye
29817,DogEye
29818,CatEye
29819,CatEye
29820,CatMouth
29821,CatNose
29822,DogMouth
29823,CatEye
29824,CatEye
29825,CatEye
29826,CatNose
29827,CatFace
29828,CatFace
29829,DogEye
29830,DogEye
29831,CatFace
29832,DogEye
29833,CatFace
29834,DogNose
29835,DogEye
29836,CatEye
29837,CatNose
29838,DogEye
29839,DogNose
29840,CatMouth
29841,CatEye
29842,CatEye
29843,DogEye
29844,CatNose
29845,CatMouth
29846,CatEye
29847,DogEye
29848,DogEye
29849,CatEye
29850,CatEye
29851,DogEye
29852,DogMouth
29853,CatEye
29854,CatNose
29855,DogNose
29856,DogFace
29857,CatFace
29858,DogEye
29859,DogFace
29860,CatFace
29861,CatFace
29862,DogEye
29863,DogEye
29864,CatEye
29865,DogEye
29866,CatFace
29867,CatNose
29868,CatEye
29869,CatFace
29870,DogEye
29871,CatMouth
29872,CatFace
29873,DogEye
29874,CatMouth
29875,DogEye
29876,CatNose
29877,CatNose
29878,CatFace
29879,DogNose
29880,DogMouth
29881,DogFace
29882,DogFace
29883,DogNose
29884,CatEye
29885,DogEye
29886,DogNose
29887,CatFace
29888,DogEye
29889,DogFace
29890,CatEye
29891,CatEye
29892,CatMouth
29893,CatFace
29894,DogNose
29895,DogMouth
29896,CatEye
29897,CatEye
29898,DogMouth
29899,DogEye
29900,DogEye
29901,DogMouth
29902,DogEye
29903,CatMouth
29904,DogEye
29905,DogEye
29906,DogEye
29907,CatNose
29908,DogNose
29909,DogFace
29910,DogEye
29911,CatEye
29912,CatFace
29913,CatMouth
29914,CatEye
29915,CatEye
29916,CatEye
29917,DogMouth
29918,CatEye
29919,CatNose
29920,DogFace
29921,CatMouth
29922,CatNose
29923,DogEye
29924,CatFace
29925,CatEye
29926,CatEye
29927,DogEye
29928,CatMouth
29929,CatFace
29930,CatNose
29931,CatMouth
29932,CatFace
29933,DogEye
29934,DogEye
29935,CatFace
29936,DogNose
29937,DogMouth
29938,CatFace
29939,CatFace
29940,DogEye
29941,CatMouth
29942,CatEye
29943,CatMouth
29944,DogEye
29945,CatFace
29946,DogMouth
29947,DogMouth
29948,CatEye
29949,CatNose
29950,DogMouth
29951,CatMouth
29952,DogNose
29953,DogEye
29954,DogNose
29955,DogFace
29956,CatMouth
29957,DogFace
29958,DogFace
29959,DogEye
29960,CatFace
29961,CatMouth
29962,DogEye
29963,CatMouth
29964,CatMouth
29965,CatFace
29966,DogNose
29967,CatFace
29968,DogEye
29969,CatNose
29970,DogEye
29971,DogFace
29972,DogEye
29973,DogEye
29974,DogEye
29975,CatFace
29976,DogFace
29977,DogNose
29978,CatMouth
29979,CatFace
29980,CatNose
29981,CatEye
29982,DogEye
29983,DogEye
29984,DogMouth
29985,CatFace
29986,CatEye
29987,CatFace
29988,DogFace
29989,CatNose
29990,DogEye
29991,CatMouth
29992,CatMouth
29993,CatFace
29994,DogNose
29995,CatEye
29996,CatNose
29997,CatNose
29998,DogFace
29999,CatMouth
30000,CatNose
30001,DogMouth
30002,CatFace
30003,DogFace
30004,CatEye
30005,CatFace
30006,DogEye
30007,DogFace
30008,DogFace
30009,CatEye
30010,DogEye
30011,DogMouth
30012,DogMouth
30013,CatEye
30014,DogEye
30015,DogFace
30016,CatNose
30017,DogEye
30018,CatNose
30019,CatEye
30020,DogMouth
30021,DogEye
30022,DogEye
30023,CatEye
30024,DogEye
30025,CatEye
30026,CatEye
30027,DogFace
30028,DogFace
30029,DogEye
30030,CatEye
30031,CatMouth
30032,DogFace
30033,DogEye
30034,CatMouth
30035,DogMouth
30036,CatNose
30037,CatMouth
30038,CatMouth
30039,CatEye
30040,DogEye
30041,CatFace
30042,DogEye
30043,CatFace
30044,DogEye
30045,CatEye
30046,CatMouth
30047,CatNose
30048,CatFace
30049,CatNose
30050,CatEye
30051,CatFace
30052,CatEye
30053,CatEye
30054,DogFace
30055,CatEye
30056,DogEye
30057,DogNose
30058,DogEye
30059,DogEye
30060,DogFace
30061,DogNose
30062,DogFace
30063,DogMouth
30064,CatFace
30065,CatMouth
30066,CatFace
30067,DogNose
30068,CatFace
30069,CatEye
30070,CatMouth
30071,DogNose
30072,CatFace
30073,DogFace
30074,DogEye
30075,DogEye
30076,DogEye
30077,CatFace
30078,DogMouth
30079,DogEye
30080,CatFace
30081,CatMouth
30082,DogNose
30083,DogEye
30084,DogMouth
30085,CatEye
30086,DogFace
30087,DogFace
30088,CatEye
30089,CatFace
30090,CatEye
30091,CatFace
30092,DogEye
30093,CatEye
30094,CatEye
30095,CatNose
30096,CatNose
30097,CatNose
30098,CatEye
30099,DogEye
30100,CatEye
30101,DogEye
30102,CatEye
30103,CatMouth
30104,CatEye
30105,DogEye
30106,CatMouth
30107,CatFace
30108,CatMouth
30109,DogNose
30110,DogFace
30111,DogNose
30112,CatEye
30113,DogMouth
30114,CatMouth
30115,CatEye
30116,CatFace
30117,CatEye
30118,CatEye
30119,CatNose
30120,CatEye
30121,CatMouth
30122,DogEye
30123,DogFace
30124,CatEye
30125,CatMouth
30126,CatEye
30127,DogFace
30128,DogEye
30129,CatNose
30130,CatMouth
30131,DogEye
30132,CatFace
30133,CatNose
30134,DogNose
30135,CatEye
30136,CatFace
30137,DogMouth
30138,DogEye
30139,DogFace
30140,CatFace
30141,CatFace
30142,CatEye
30143,DogEye
30144,CatMouth
30145,CatMouth
30146,DogEye
30147,DogMouth
30148,DogFace
30149,DogFace
30150,CatEye
30151,CatEye
30152,CatNose
30153,CatEye
30154,DogNose
30155,CatEye
30156,CatNose
30157,CatMouth
30158,CatEye
30159,CatMouth
30160,DogEye
30161,CatEye
30162,DogNose
30163,DogFace
30164,CatMouth
30165,CatFace
30166,CatNose
30167,CatEye
30168,DogFace
30169,DogEye
30170,DogFace
30171,DogNose
30172,CatNose
30173,DogEye
30174,DogNose
30175,DogEye
30176,DogEye
30177,CatEye
30178,CatFace
30179,CatMouth
30180,DogNose
30181,CatNose
30182,CatMouth
30183,DogEye
30184,CatFace
30185,DogEye
30186,CatMouth
30187,CatEye
30188,CatEye
30189,DogFace
30190,CatNose
30191,CatNose
30192,DogMouth
30193,CatNose
30194,CatEye
30195,DogFace
30196,CatEye
30197,CatFace
30198,DogEye
30199,CatMouth
30200,CatNose
30201,DogEye
30202,DogNose
30203,CatEye
30204,CatFace
30205,CatNose
30206,CatNose
30207,CatNose
30208,DogNose
30209,CatMouth
30210,CatMouth
30211,CatFace
30212,DogNose
30213,CatNose
30214,CatEye
30215,DogNose
30216,CatNose
30217,CatMouth
30218,CatEye
30219,DogEye
30220,DogEye
30221,CatMouth
30222,CatFace
30223,CatFace
30224,CatEye
30225,CatFace
30226,DogFace
30227,CatEye
30228,CatEye
30229,DogNose
30230,CatNose
30231,DogEye
30232,DogNose
30233,DogNose
30234,DogFace
30235,CatEye
30236,DogFace
30237,CatEye
30238,DogMouth
30239,DogFace
30240,CatMouth
30241,DogNose
30242,CatEye
30243,CatMouth
30244,CatEye
30245,CatEye
30246,CatNose
30247,DogEye
30248,CatFace
30249,CatMouth
30250,CatFace
30251,DogEye
30252,CatEye
30253,CatEye
30254,DogFace
30255,DogEye
30256,DogEye
30257,CatEye
30258,DogEye
30259,CatFace
30260,DogEye
30261,CatFace
30262,CatEye
30263,CatEye
30264,DogNose
30265,DogNose
30266,DogNose
30267,DogMouth
30268,CatMouth
30269,CatEye
30270,CatEye
30271,DogNose
30272,DogMouth
30273,DogEye
30274,CatEye
30275,DogNose
30276,CatEye
30277,DogMouth
30278,DogNose
30279,DogFace
30280,CatEye
30281,DogEye
30282,CatNose
30283,CatEye
30284,CatMouth
30285,CatFace
30286,DogEye
30287,DogEye
30288,CatMouth
30289,CatEye
30290,DogFace
30291,CatFace
30292,CatNose
30293,CatEye
30294,DogNose
30295,CatMouth
30296,CatFace
30297,CatMouth
30298,DogFace
30299,DogMouth
30300,CatEye
30301,DogFace
30302,CatEye
30303,DogNose
30304,CatEye
30305,CatEye
30306,DogFace
30307,CatEye
30308,CatNose
30309,CatMouth
30310,CatNose
30311,CatEye
30312,CatFace
30313,DogFace
30314,CatNose
30315,DogFace
30316,CatEye
30317,DogNose
30318,CatMouth
30319,CatNose
30320,DogEye
30321,CatEye
30322,CatFace
30323,DogFace
30324,CatMouth
30325,DogFace
30326,CatEye
30327,DogEye
30328,CatNose
30329,CatFace
30330,CatEye
30331,CatEye
30332,CatEye
30333,DogEye
30334,CatMouth
30335,DogMouth
30336,CatEye
30337,CatFace
30338,CatNose
30339,CatEye
30340,CatFace
30341,DogMouth
30342,DogEye
30343,CatFace
30344,CatMouth
30345,CatEye
30346,CatNose
30347,CatEye
30348,CatEye
30349,CatNose
30350,DogFace
30351,CatFace
30352,CatMouth
30353,DogFace
30354,CatFace
30355,DogFace
30356,CatFace
30357,DogEye
30358,CatMouth
30359,DogMouth
30360,DogNose
30361,DogMouth
30362,DogFace
30363,DogFace
30364,CatNose
30365,CatEye
30366,CatEye
30367,DogEye
30368,DogMouth
30369,DogEye
30370,DogEye
30371,CatMouth
30372,DogNose
30373,DogNose
30374,CatEye
30375,CatEye
30376,DogFace
30377,CatFace
30378,DogEye
30379,CatNose
30380,DogEye
30381,DogNose
30382,CatEye
30383,CatEye
30384,DogEye
30385,CatEye
30386,DogMouth
30387,CatFace
30388,DogEye
30389,CatEye
30390,CatNose
30391,CatMouth
30392,CatMouth
30393,DogMouth
30394,DogMouth
30395,DogNose
30396,DogFace
30397,DogEye
30398,DogEye
30399,DogEye
30400,CatFace
30401,DogMouth
30402,CatEye
30403,DogNose
30404,DogNose
30405,DogEye
30406,DogFace
30407,DogEye
30408,CatFace
30409,DogEye
30410,DogMouth
30411,CatEye
30412,CatFace
30413,CatEye
30414,DogFace
30415,DogMouth
30416,CatEye
30417,DogNose
30418,DogFace
30419,CatEye
30420,CatFace
30421,CatMouth
30422,DogNose
30423,DogNose
30424,DogNose
30425,CatMouth
30426,DogEye
30427,DogMouth
30428,DogEye
30429,DogEye
30430,DogEye
30431,CatFace
30432,DogNose
30433,CatMouth
30434,DogNose
30435,DogEye
30436,CatMouth
30437,CatEye
30438,CatFace
30439,CatEye
30440,CatMouth
30441,DogNose
30442,DogMouth
30443,CatNose
30444,CatNose
30445,CatMouth
30446,CatEye
30447,CatNose
30448,DogMouth
30449,CatNose
30450,CatEye
30451,DogEye
30452,DogMouth
30453,CatNose
30454,CatFace
30455,DogMouth
30456,DogMouth
30457,DogFace
30458,CatEye
30459,CatEye
30460,CatMouth
30461,DogEye
30462,DogNose
30463,DogEye
30464,CatEye
30465,DogEye
30466,DogNose
30467,CatEye
30468,CatMouth
30469,DogEye
30470,DogEye
30471,DogEye
30472,DogEye
30473,DogNose
30474,DogFace
30475,DogNose
30476,DogEye
30477,DogEye
30478,CatNose
30479,CatEye
30480,DogNose
30481,DogMouth
30482,CatFace
30483,CatEye
30484,DogNose
30485,DogMouth
30486,DogEye
30487,CatEye
30488,DogMouth
30489,DogNose
30490,CatNose
30491,CatNose
30492,DogFace
30493,CatMouth
30494,DogEye
30495,CatMouth
30496,CatEye
30497,CatFace
30498,CatNose
30499,CatEye
30500,CatFace
30501,DogEye
30502,CatEye
30503,CatEye
30504,DogFace
30505,CatFace
30506,DogEye
30507,DogNose
30508,CatEye
30509,CatEye
30510,CatMouth
30511,CatFace
30512,DogEye
30513,DogFace
30514,DogEye
30515,CatEye
30516,DogNose
30517,CatNose
30518,CatFace
30519,DogEye
30520,DogEye
30521,DogEye
30522,CatEye
30523,CatEye
30524,DogFace
30525,DogMouth
30526,DogNose
30527,CatEye
30528,CatFace
30529,DogFace
30530,CatFace
30531,CatEye
30532,CatEye
30533,CatEye
30534,CatEye
30535,DogEye
30536,DogEye
30537,DogMouth
30538,DogEye
30539,DogEye
30540,DogEye
30541,CatEye
30542,CatMouth
30543,DogEye
30544,CatMouth
30545,CatEye
30546,DogFace
30547,DogNose
30548,DogNose
30549,CatNose
30550,CatEye
30551,DogEye
30552,CatNose
30553,CatNose
30554,CatNose
30555,DogNose
30556,CatNose
30557,CatMouth
30558,CatMouth
30559,CatEye
30560,CatEye
30561,DogEye
30562,DogEye
30563,DogEye
30564,DogFace
30565,DogEye
30566,DogNose
30567,CatFace
30568,DogNose
30569,CatEye
30570,CatEye
30571,CatEye
30572,DogEye
30573,CatMouth
30574,DogEye
30575,CatFace
30576,DogEye
30577,CatMouth
30578,CatFace
30579,DogMouth
30580,DogEye
30581,CatNose
30582,CatNose
30583,CatNose
30584,CatFace
30585,CatNose
30586,CatNose
30587,DogNose
30588,CatEye
30589,CatMouth
30590,DogFace
30591,DogFace
30592,CatEye
30593,CatNose
30594,DogNose
30595,CatMouth
30596,CatNose
30597,DogFace
30598,DogMouth
30599,DogNose
30600,DogEye
30601,CatEye
30602,DogEye
30603,DogEye
30604,CatEye
30605,DogEye
30606,DogEye
30607,DogMouth
30608,DogNose
30609,CatNose
30610,DogEye
30611,DogEye
30612,CatFace
30613,DogEye
30614,CatNose
30615,DogEye
30616,CatEye
30617,DogEye
30618,DogFace
30619,DogEye
30620,DogMouth
30621,DogFace
30622,DogEye
30623,CatEye
30624,CatMouth
30625,DogNose
30626,CatEye
30627,DogNose
30628,CatFace
30629,DogEye
30630,CatNose
30631,CatMouth
30632,CatNose
30633,CatEye
30634,DogNose
30635,CatEye
30636,CatEye
30637,DogNose
30638,DogFace
30639,DogNose
30640,DogEye
30641,CatEye
30642,CatNose
30643,DogEye
30644,CatEye
30645,DogFace
30646,CatEye
30647,DogFace
30648,DogEye
30649,CatMouth
30650,DogMouth
30651,CatFace
30652,DogNose
30653,DogNose
30654,DogNose
30655,DogNose
30656,CatEye
30657,DogFace
30658,DogFace
30659,DogMouth
30660,DogEye
30661,CatEye
30662,CatMouth
30663,CatNose
30664,CatEye
30665,CatEye
30666,DogNose
30667,DogMouth
30668,CatMouth
30669,CatEye
30670,CatMouth
30671,CatNose
30672,CatEye
30673,CatEye
30674,CatNose
30675,CatFace
30676,CatNose
30677,CatNose
30678,CatMouth
30679,CatEye
30680,CatNose
30681,CatEye
30682,DogFace
30683,DogEye
30684,CatFace
30685,DogEye
30686,DogEye
30687,CatEye
30688,DogNose
30689,DogFace
30690,CatNose
30691,DogMouth
30692,DogEye
30693,CatEye
30694,DogMouth
30695,DogMouth
30696,DogMouth
30697,CatFace
30698,CatFace
30699,CatFace
30700,DogEye
30701,CatEye
30702,CatNose
30703,CatEye
30704,DogFace
30705,CatFace
30706,CatFace
30707,CatNose
30708,CatFace
30709,CatEye
30710,CatMouth
30711,DogMouth
30712,DogMouth
30713,CatFace
30714,CatFace
30715,DogNose
30716,DogFace
30717,DogEye
30718,DogNose
30719,DogEye
30720,DogFace
30721,DogFace
30722,DogEye
30723,DogNose
30724,DogFace
30725,CatEye
30726,CatMouth
30727,DogMouth
30728,CatFace
30729,CatMouth
30730,CatNose
30731,DogEye
30732,CatMouth
30733,DogMouth
30734,CatEye
30735,DogEye
30736,CatNose
30737,DogEye
30738,CatMouth
30739,CatEye
30740,DogNose
30741,CatEye
30742,DogNose
30743,DogFace
30744,CatMouth
30745,CatMouth
30746,DogEye
30747,DogEye
30748,DogNose
30749,DogNose
30750,CatEye
30751,CatMouth
30752,CatMouth
30753,DogEye
30754,DogEye
30755,CatNose
30756,DogEye
30757,CatNose
30758,DogMouth
30759,CatEye
30760,CatEye
30761,CatEye
30762,DogMouth
30763,DogMouth
30764,CatFace
30765,DogMouth
30766,DogEye
30767,CatMouth
30768,CatEye
30769,CatNose
30770,DogFace
30771,DogFace
30772,CatMouth
30773,CatEye
30774,CatNose
30775,DogEye
30776,DogFace
30777,CatNose
30778,CatFace
30779,DogEye
30780,DogMouth
30781,DogMouth
30782,DogEye
30783,DogMouth
30784,DogEye
30785,DogEye
30786,DogFace
30787,CatEye
30788,DogEye
30789,DogEye
30790,CatMouth
30791,CatMouth
30792,DogEye
30793,DogNose
30794,DogEye
30795,CatEye
30796,DogEye
30797,DogMouth
30798,DogNose
30799,CatNose
30800,DogEye
30801,CatFace
30802,DogEye
30803,CatEye
30804,CatMouth
30805,CatMouth
30806,CatEye
30807,DogEye
30808,CatMouth
30809,CatNose
30810,DogEye
30811,CatMouth
30812,CatFace
30813,DogFace
30814,CatFace
30815,CatEye
30816,DogFace
30817,CatEye
30818,CatMouth
30819,DogEye
30820,DogMouth
30821,DogFace
30822,DogNose
30823,CatFace
30824,DogMouth
30825,CatEye
30826,CatFace
30827,DogNose
30828,DogFace
30829,CatEye
30830,CatFace
30831,CatEye
30832,DogNose
30833,CatMouth
30834,CatNose
30835,CatFace
30836,CatMouth
30837,CatEye
30838,DogMouth
30839,CatEye
30840,DogEye
30841,CatEye
30842,CatMouth
30843,DogNose
30844,CatNose
30845,CatEye
30846,CatEye
30847,DogNose
30848,CatEye
30849,CatEye
30850,CatNose
30851,DogNose
30852,DogEye
30853,CatNose
30854,CatMouth
30855,DogNose
30856,DogFace
30857,CatFace
30858,DogEye
30859,CatEye
30860,DogNose
30861,DogNose
30862,DogEye
30863,DogEye
30864,DogFace
30865,DogFace
30866,DogMouth
30867,DogNose
30868,CatMouth
30869,CatMouth
30870,CatEye
30871,DogFace
30872,CatFace
30873,DogFace
30874,CatNose
30875,CatEye
30876,CatEye
30877,DogMouth
30878,DogMouth
30879,CatFace
30880,DogEye
30881,CatEye
30882,CatNose
30883,DogMouth
30884,DogNose
30885,CatEye
30886,DogMouth
30887,DogNose
30888,CatMouth
30889,CatNose
30890,CatFace
30891,CatMouth
30892,CatEye
30893,CatNose
30894,DogEye
30895,DogEye
30896,DogEye
30897,CatMouth
30898,DogFace
30899,CatEye
30900,CatNose
30901,CatFace
30902,DogNose
30903,DogNose
30904,CatEye
30905,CatFace
30906,DogEye
30907,DogFace
30908,DogEye
30909,CatMouth
30910,CatMouth
30911,CatEye
30912,CatFace
30913,DogNose
30914,CatEye
30915,CatNose
30916,DogFace
30917,DogFace
30918,DogFace
30919,CatMouth
30920,DogMouth
30921,CatMouth
30922,DogEye
30923,DogFace
30924,DogMouth
30925,DogEye
30926,DogEye
30927,CatNose
30928,CatMouth
30929,CatEye
30930,CatFace
30931,CatFace
30932,CatEye
30933,DogFace
30934,CatNose
30935,DogNose
30936,CatFace
30937,DogFace
30938,DogEye
30939,CatMouth
30940,DogMouth
30941,CatMouth
30942,CatFace
30943,CatMouth
30944,DogNose
30945,DogMouth
30946,CatNose
30947,CatMouth
30948,DogNose
30949,DogNose
30950,CatEye
30951,CatMouth
30952,DogFace
30953,DogEye
30954,CatEye
30955,CatMouth
30956,CatEye
30957,DogEye
30958,CatEye
30959,CatEye
30960,CatMouth
30961,DogEye
30962,DogMouth
30963,CatFace
30964,CatFace
30965,CatEye
30966,CatFace
30967,DogEye
30968,DogNose
30969,CatEye
30970,DogEye
30971,CatMouth
30972,CatEye
30973,DogEye
30974,CatNose
30975,DogEye
30976,DogMouth
30977,DogMouth
30978,DogFace
30979,DogMouth
30980,CatNose
30981,DogMouth
30982,DogEye
30983,CatFace
30984,DogNose
30985,DogMouth
30986,CatFace
30987,DogEye
30988,DogMouth
30989,CatNose
30990,CatFace
30991,DogEye
30992,DogEye
30993,DogMouth
30994,CatMouth
30995,CatFace
30996,CatNose
30997,CatFace
30998,DogEye
30999,CatNose
31000,CatEye
31001,DogEye
31002,DogMouth
31003,CatFace
31004,CatMouth
31005,CatFace
31006,CatEye
31007,DogEye
31008,CatMouth
31009,DogEye
31010,CatNose
31011,CatNose
31012,DogEye
31013,CatEye
31014,CatNose
31015,CatEye
31016,CatEye
31017,DogEye
31018,CatEye
31019,DogMouth
31020,DogMouth
31021,DogNose
31022,DogEye
31023,CatEye
31024,DogEye
31025,DogNose
31026,CatMouth
31027,CatEye
31028,CatEye
31029,DogNose
31030,CatEye
31031,DogEye
31032,DogMouth
31033,DogMouth
31034,DogEye
31035,CatMouth
31036,CatNose
31037,CatEye
31038,DogMouth
31039,DogFace
31040,DogNose
31041,DogMouth
31042,DogEye
31043,DogFace
31044,DogEye
31045,DogEye
31046,DogEye
31047,DogNose
31048,CatEye
31049,DogNose
31050,CatMouth
31051,CatEye
31052,CatEye
31053,DogMouth
31054,CatEye
31055,DogMouth
31056,CatFace
31057,CatMouth
31058,DogFace
31059,DogEye
31060,DogEye
31061,CatNose
31062,CatNose
31063,DogEye
31064,CatNose
31065,DogFace
31066,CatEye
31067,DogNose
31068,CatEye
31069,CatMouth
31070,DogEye
31071,DogMouth
31072,DogNose
31073,CatNose
31074,DogMouth
31075,CatNose
31076,CatNose
31077,DogNose
31078,CatFace
31079,DogEye
31080,CatMouth
31081,CatEye
31082,CatFace
31083,CatEye
31084,CatNose
31085,CatMouth
31086,CatEye
31087,DogNose
31088,CatMouth
31089,DogEye
31090,CatEye
31091,DogEye
31092,DogFace
31093,CatNose
31094,DogFace
31095,CatEye
31096,DogMouth
31097,CatEye
31098,CatNose
31099,CatEye
31100,DogEye
31101,CatEye
31102,CatNose
31103,DogEye
31104,DogMouth
31105,DogNose
31106,CatEye
31107,DogMouth
31108,CatNose
31109,CatNose
31110,CatNose
31111,CatEye
31112,DogEye
31113,CatMouth
31114,CatEye
31115,DogEye
31116,CatMouth
31117,CatMouth
31118,DogMouth
31119,CatNose
31120,DogEye
31121,CatEye
31122,DogEye
31123,CatFace
31124,DogNose
31125,DogEye
31126,CatEye
31127,DogMouth
31128,DogNose
31129,DogMouth
31130,CatEye
31131,CatMouth
31132,CatEye
31133,CatFace
31134,CatEye
31135,DogEye
31136,DogEye
31137,CatFace
31138,CatEye
31139,CatNose
31140,CatEye
31141,CatEye
31142,CatNose
31143,DogNose
31144,CatNose
31145,DogFace
31146,CatFace
31147,CatEye
31148,CatFace
31149,CatFace
31150,CatNose
31151,CatFace
31152,CatNose
31153,CatMouth
31154,CatMouth
31155,DogNose
31156,DogMouth
31157,DogFace
31158,CatMouth
31159,DogEye
31160,DogFace
31161,CatNose
31162,CatEye
31163,CatFace
31164,DogFace
31165,CatNose
31166,DogMouth
31167,DogNose
31168,CatNose
31169,CatFace
31170,DogEye
31171,DogNose
31172,CatMouth
31173,DogNose
31174,DogFace
31175,CatEye
31176,DogEye
31177,CatEye
31178,CatEye
31179,CatEye
31180,DogFace
31181,CatNose
31182,CatEye
31183,CatMouth
31184,CatEye
31185,CatNose
31186,DogEye
31187,CatNose
31188,DogMouth
31189,CatFace
31190,DogEye
31191,CatFace
31192,DogEye
31193,DogEye
31194,DogEye
31195,CatMouth
31196,CatEye
31197,DogMouth
31198,CatEye
31199,DogEye
31200,DogEye
31201,CatNose
31202,CatEye
31203,CatNose
31204,CatEye
31205,CatMouth
31206,DogMouth
31207,DogEye
31208,CatEye
31209,CatEye
31210,CatMouth
31211,CatNose
31212,CatFace
31213,CatMouth
31214,DogNose
31215,DogEye
31216,CatMouth
31217,CatMouth
31218,DogEye
31219,DogNose
31220,DogEye
31221,CatEye
31222,CatEye
31223,CatEye
31224,CatEye
31225,DogFace
31226,DogEye
31227,CatMouth
31228,DogEye
31229,CatEye
31230,CatNose
31231,DogEye
31232,DogEye
31233,CatFace
31234,DogNose
31235,CatEye
31236,DogMouth
31237,DogMouth
31238,CatNose
31239,DogMouth
31240,CatEye
31241,DogNose
31242,CatFace
31243,DogEye
31244,CatEye
31245,CatMouth
31246,CatNose
31247,CatNose
31248,DogFace
31249,DogFace
31250,CatEye
31251,CatFace
31252,CatNose
31253,CatFace
31254,CatEye
31255,DogEye
31256,CatFace
31257,CatMouth
31258,DogEye
31259,CatEye
31260,CatFace
31261,DogFace
31262,CatFace
31263,CatEye
31264,CatEye
31265,DogEye
31266,DogFace
31267,CatEye
31268,DogEye
31269,CatEye
31270,DogFace
31271,CatMouth
31272,CatFace
31273,DogEye
31274,CatNose
31275,CatEye
31276,CatMouth
31277,CatEye
31278,DogMouth
31279,CatMouth
31280,CatNose
31281,CatFace
31282,CatMouth
31283,DogEye
31284,CatEye
31285,DogEye
31286,DogMouth
31287,CatEye
31288,CatMouth
31289,CatNose
31290,CatEye
31291,DogNose
31292,CatMouth
31293,CatEye
31294,DogFace
31295,CatFace
31296,DogFace
31297,CatNose
31298,CatEye
31299,CatEye
31300,DogNose
31301,DogEye
31302,CatMouth
31303,CatNose
31304,DogNose
31305,DogEye
31306,DogEye
31307,DogEye
31308,CatFace
31309,CatMouth
31310,CatEye
31311,CatFace
31312,CatNose
31313,DogEye
31314,DogNose
31315,DogEye
31316,CatFace
31317,DogEye
31318,CatEye
31319,DogMouth
31320,DogMouth
31321,CatMouth
31322,CatFace
31323,DogFace
31324,CatMouth
31325,CatEye
31326,CatMouth
31327,DogNose
31328,DogFace
31329,DogNose
31330,DogFace
31331,CatFace
31332,DogEye
31333,CatFace
31334,CatEye
31335,CatEye
31336,DogFace
31337,DogEye
31338,DogEye
31339,CatEye
31340,DogFace
31341,DogNose
31342,CatEye
31343,CatEye
31344,DogEye
31345,CatNose
31346,CatFace
31347,CatFace
31348,CatMouth
31349,CatFace
31350,CatNose
31351,CatEye
31352,DogEye
31353,CatMouth
31354,CatFace
31355,CatFace
31356,CatEye
31357,DogMouth
31358,CatNose
31359,DogMouth
31360,CatFace
31361,DogFace
31362,DogEye
31363,DogEye
31364,DogMouth
31365,DogNose
31366,DogMouth
31367,CatFace
31368,DogMouth
31369,DogMouth
31370,DogFace
31371,DogEye
31372,DogEye
31373,CatFace
31374,CatMouth
31375,CatEye
31376,CatMouth
31377,DogEye
31378,CatFace
31379,DogNose
31380,DogMouth
31381,CatNose
31382,DogMouth
31383,DogMouth
31384,CatEye
31385,DogFace
31386,DogEye
31387,CatMouth
31388,CatMouth
31389,CatFace
31390,CatEye
31391,CatEye
31392,DogEye
31393,DogMouth
31394,CatEye
31395,DogEye
31396,DogMouth
31397,DogEye
31398,DogMouth
31399,CatNose
31400,CatEye
31401,DogNose
31402,CatEye
31403,DogMouth
31404,CatEye
31405,CatEye
31406,CatFace
31407,CatEye
31408,CatFace
31409,DogNose
31410,CatFace
31411,DogFace
31412,DogMouth
31413,CatNose
31414,CatFace
31415,DogEye
31416,DogEye
31417,DogEye
31418,CatEye
31419,CatEye
31420,CatNose
31421,CatNose
31422,DogEye
31423,DogMouth
31424,DogEye
31425,DogFace
31426,DogFace
31427,DogFace
31428,DogEye
31429,CatEye
31430,DogEye
31431,DogNose
31432,CatFace
31433,CatFace
31434,CatNose
31435,DogEye
31436,DogFace
31437,DogMouth
31438,CatMouth
31439,CatEye
31440,CatEye
31441,DogNose
31442,CatNose
31443,CatEye
31444,DogEye
31445,CatNose
31446,CatNose
31447,DogFace
31448,CatMouth
31449,DogNose
31450,DogMouth
31451,DogEye
31452,DogEye
31453,CatMouth
31454,CatNose
31455,CatFace
31456,DogNose
31457,DogEye
31458,CatEye
31459,CatEye
31460,CatMouth
31461,DogMouth
31462,CatFace
31463,DogMouth
31464,CatFace
31465,DogEye
31466,CatMouth
31467,CatMouth
31468,CatNose
31469,DogEye
31470,CatEye
31471,DogNose
31472,DogFace
31473,DogEye
31474,DogFace
31475,DogNose
31476,DogNose
31477,CatMouth
31478,CatEye
31479,CatEye
31480,DogEye
31481,CatMouth
31482,DogNose
31483,DogEye
31484,DogEye
31485,CatEye
31486,CatMouth
31487,CatMouth
31488,CatFace
31489,CatFace
31490,DogMouth
31491,CatEye
31492,CatMouth
31493,CatMouth
31494,DogEye
31495,DogEye
31496,CatFace
31497,CatNose
31498,CatEye
31499,DogEye
31500,CatEye
31501,DogFace
31502,CatEye
31503,DogNose
31504,CatNose
31505,CatNose
31506,DogEye
31507,CatFace
31508,DogEye
31509,CatNose
31510,DogNose
31511,CatFace
31512,CatMouth
31513,CatMouth
31514,CatMouth
31515,CatNose
31516,DogEye
31517,CatEye
31518,CatMouth
31519,CatFace
31520,CatEye
31521,CatEye
31522,CatEye
31523,CatMouth
31524,CatNose
31525,DogFace
31526,DogFace
31527,CatNose
31528,CatFace
31529,CatMouth
31530,CatEye
31531,CatEye
31532,CatEye
31533,CatEye
31534,DogFace
31535,CatMouth
31536,DogFace
31537,CatMouth
31538,DogNose
31539,CatMouth
31540,CatFace
31541,DogEye
31542,CatFace
31543,CatNose
31544,DogMouth
31545,CatMouth
31546,DogFace
31547,DogFace
31548,DogEye
31549,DogEye
31550,CatNose
31551,DogEye
31552,DogEye
31553,DogFace
31554,DogNose
31555,DogEye
31556,CatEye
31557,DogMouth
31558,CatMouth
31559,CatNose
31560,DogNose
31561,CatMouth
31562,CatMouth
31563,CatEye
31564,DogEye
31565,CatFace
31566,CatNose
31567,DogEye
31568,DogFace
31569,CatFace
31570,DogFace
31571,CatEye
31572,CatFace
31573,DogEye
31574,DogEye
31575,DogNose
31576,CatEye
31577,CatMouth
31578,CatEye
31579,CatEye
31580,DogEye
31581,DogNose
31582,CatEye
31583,DogEye
31584,CatEye
31585,DogEye
31586,CatFace
31587,DogEye
31588,CatNose
31589,DogEye
31590,CatFace
31591,CatNose
31592,DogMouth
31593,DogFace
31594,CatFace
31595,DogMouth
31596,CatFace
31597,CatMouth
31598,DogEye
31599,CatEye
31600,CatNose
31601,CatMouth
31602,CatNose
31603,DogEye
31604,CatEye
31605,CatEye
31606,DogMouth
31607,DogEye
31608,CatEye
31609,DogMouth
31610,DogFace
31611,DogMouth
31612,CatFace
31613,CatNose
31614,DogEye
31615,DogMouth
31616,CatMouth
31617,CatMouth
31618,DogEye
31619,CatFace
31620,CatEye
31621,CatNose
31622,CatMouth
31623,CatEye
31624,CatMouth
31625,DogNose
31626,CatMouth
31627,DogNose
31628,DogEye
31629,DogFace
31630,CatEye
31631,DogEye
31632,DogNose
31633,DogEye
31634,CatMouth
31635,DogEye
31636,CatEye
31637,CatEye
31638,CatNose
31639,CatMouth
31640,DogNose
31641,CatMouth
31642,DogMouth
31643,DogMouth
31644,DogFace
31645,CatEye
31646,DogEye
31647,CatFace
31648,DogEye
31649,DogEye
31650,CatEye
31651,DogNose
31652,CatMouth
31653,DogNose
31654,DogEye
31655,DogMouth
31656,DogNose
31657,CatFace
31658,CatMouth
31659,CatMouth
31660,CatEye
31661,CatNose
31662,CatMouth
31663,CatEye
31664,DogNose
31665,CatFace
31666,DogMouth
31667,CatMouth
31668,CatEye
31669,DogEye
31670,CatNose
31671,CatFace
31672,DogEye
31673,DogEye
31674,CatEye
31675,DogMouth
31676,DogNose
31677,CatFace
31678,CatEye
31679,DogEye
31680,DogMouth
31681,CatFace
31682,CatNose
31683,CatNose
31684,DogFace
31685,CatNose
31686,CatFace
31687,DogNose
31688,CatEye
31689,CatNose
31690,CatNose
31691,CatEye
31692,DogEye
31693,CatEye
31694,DogFace
31695,DogFace
31696,DogFace
31697,DogFace
31698,CatEye
31699,CatNose
31700,DogEye
31701,DogEye
31702,DogNose
31703,DogNose
31704,DogNose
31705,CatNose
31706,DogEye
31707,CatNose
31708,DogMouth
31709,CatNose
31710,DogEye
31711,CatFace
31712,DogMouth
31713,DogMouth
31714,CatNose
31715,DogFace
31716,CatEye
31717,CatNose
31718,DogEye
31719,DogEye
31720,CatEye
31721,CatFace
31722,CatNose
31723,DogNose
31724,CatNose
31725,CatNose
31726,CatMouth
31727,CatMouth
31728,DogFace
31729,CatEye
31730,CatEye
31731,CatFace
31732,DogMouth
31733,DogNose
31734,DogNose
31735,DogNose
31736,CatFace
31737,CatFace
31738,DogNose
31739,CatMouth
31740,CatEye
31741,DogFace
31742,DogMouth
31743,CatFace
31744,CatEye
31745,DogFace
31746,DogFace
31747,DogFace
31748,CatEye
31749,DogNose
31750,CatNose
31751,DogEye
31752,DogMouth
31753,DogMouth
31754,DogFace
31755,DogEye
31756,DogFace
31757,CatFace
31758,CatEye
31759,DogFace
31760,DogMouth
31761,CatMouth
31762,DogNose
31763,DogEye
31764,CatEye
31765,DogMouth
31766,CatEye
31767,CatMouth
31768,DogEye
31769,CatFace
31770,DogFace
31771,DogFace
31772,CatFace
31773,DogFace
31774,CatFace
31775,DogFace
31776,CatMouth
31777,CatMouth
31778,CatFace
31779,CatFace
31780,DogFace
31781,CatMouth
31782,CatEye
31783,CatEye
31784,DogMouth
31785,CatFace
31786,DogMouth
31787,DogMouth
31788,CatMouth
31789,CatFace
31790,CatEye
31791,CatEye
31792,CatEye
31793,DogNose
31794,CatFace
31795,CatMouth
31796,CatNose
31797,DogFace
31798,CatMouth
31799,CatNose
31800,CatEye
31801,DogNose
31802,DogNose
31803,DogFace
31804,DogMouth
31805,CatFace
31806,DogNose
31807,CatEye
31808,DogEye
31809,CatEye
31810,CatNose
31811,CatEye
31812,DogNose
31813,CatEye
31814,CatNose
31815,CatFace
31816,DogMouth
31817,CatNose
31818,DogEye
31819,DogMouth
31820,CatFace
31821,CatNose
31822,DogEye
31823,DogFace
31824,DogEye
31825,CatMouth
31826,DogNose
31827,DogNose
31828,DogEye
31829,CatEye
31830,CatEye
31831,CatEye
31832,CatEye
31833,CatEye
31834,DogEye
31835,DogEye
31836,CatEye
31837,DogFace
31838,CatMouth
31839,CatMouth
31840,DogFace
31841,DogFace
31842,DogNose
31843,DogEye
31844,CatMouth
31845,CatMouth
31846,DogFace
31847,DogNose
31848,DogEye
31849,DogMouth
31850,CatMouth
31851,CatEye
31852,DogNose
31853,DogEye
31854,DogNose
31855,CatEye
31856,CatMouth
31857,CatFace
31858,DogFace
31859,CatNose
31860,DogEye
31861,DogFace
31862,DogMouth
31863,DogNose
31864,DogNose
31865,CatNose
31866,CatEye
31867,CatFace
31868,CatNose
31869,CatFace
31870,DogMouth
31871,CatEye
31872,CatEye
31873,CatFace
31874,DogMouth
31875,DogEye
31876,DogEye
31877,CatEye
31878,CatFace
31879,DogEye
31880,CatMouth
31881,CatMouth
31882,CatEye
31883,DogNose
31884,DogMouth
31885,DogNose
31886,DogFace
31887,CatEye
31888,CatFace
31889,DogFace
31890,CatFace
31891,DogEye
31892,DogNose
31893,DogEye
31894,CatEye
31895,DogFace
31896,CatFace
31897,CatMouth
31898,CatEye
31899,DogMouth
31900,CatFace
31901,DogEye
31902,DogNose
31903,DogEye
31904,DogEye
31905,DogMouth
31906,DogMouth
31907,CatMouth
31908,DogNose
31909,CatEye
31910,DogFace
31911,CatEye
31912,CatMouth
31913,DogMouth
31914,DogEye
31915,CatMouth
31916,CatEye
31917,CatEye
31918,DogFace
31919,CatEye
31920,DogFace
31921,CatEye
31922,CatNose
31923,CatMouth
31924,CatEye
31925,DogMouth
31926,CatEye
31927,DogNose
31928,DogNose
31929,CatNose
31930,DogEye
31931,CatMouth
31932,DogMouth
31933,CatNose
31934,CatFace
31935,CatMouth
31936,CatEye
31937,CatEye
31938,DogEye
31939,CatEye
31940,DogNose
31941,CatNose
31942,CatEye
31943,DogNose
31944,DogEye
31945,CatNose
31946,DogNose
31947,CatFace
31948,CatEye
31949,CatEye
31950,CatFace
31951,DogEye
31952,CatMouth
31953,DogEye
31954,CatEye
31955,CatMouth
31956,CatMouth
31957,CatFace
31958,CatEye
31959,DogNose
31960,CatEye
31961,DogEye
31962,CatNose
31963,CatEye
31964,CatEye
31965,CatMouth
31966,DogEye
31967,CatEye
31968,CatEye
31969,DogFace
31970,DogMouth
31971,DogNose
31972,CatNose
31973,CatNose
31974,CatFace
31975,DogEye
31976,DogEye
31977,CatEye
31978,DogEye
31979,CatEye
31980,DogEye
31981,DogFace
31982,CatNose
31983,CatEye
31984,DogNose
31985,DogMouth
31986,CatNose
31987,CatEye
31988,DogMouth
31989,DogMouth
31990,CatMouth
31991,DogFace
31992,DogNose
31993,DogEye
31994,DogFace
31995,CatNose
31996,CatFace
31997,CatEye
31998,CatFace
31999,DogNose
32000,DogEye
32001,CatEye
32002,CatEye
32003,DogFace
32004,DogEye
32005,CatEye
32006,CatFace
32007,CatEye
32008,CatFace
32009,CatEye
32010,DogEye
32011,DogFace
32012,CatFace
32013,DogNose
32014,DogFace
32015,DogEye
32016,DogNose
32017,DogEye
32018,DogEye
32019,DogEye
32020,CatNose
32021,DogNose
32022,DogNose
32023,DogNose
32024,DogNose
32025,CatFace
32026,CatMouth
32027,DogNose
32028,CatFace
32029,DogEye
32030,CatMouth
32031,CatEye
32032,CatMouth
32033,DogFace
32034,DogEye
32035,DogMouth
32036,CatNose
32037,DogMouth
32038,CatMouth
32039,DogMouth
32040,CatEye
32041,CatEye
32042,CatFace
32043,DogMouth
32044,CatNose
32045,DogMouth
32046,CatEye
32047,CatFace
32048,CatEye
32049,DogNose
32050,CatMouth
32051,CatEye
32052,CatEye
32053,CatEye
32054,DogNose
32055,CatMouth
32056,CatFace
32057,DogMouth
32058,CatMouth
32059,CatEye
32060,DogMouth
32061,DogEye
32062,CatFace
32063,CatMouth
32064,CatFace
32065,CatEye
32066,DogEye
32067,CatNose
32068,DogMouth
32069,DogNose
32070,CatFace
32071,DogMouth
32072,DogMouth
32073,DogFace
32074,CatEye
32075,CatEye
32076,DogEye
32077,CatEye
32078,CatMouth
32079,CatEye
32080,CatEye
32081,DogMouth
32082,CatNose
32083,DogNose
32084,CatNose
32085,CatEye
32086,DogNose
32087,DogMouth
32088,CatFace
32089,DogEye
32090,CatEye
32091,CatFace
32092,CatFace
32093,CatNose
32094,DogEye
32095,CatEye
32096,DogEye
32097,CatNose
32098,CatEye
32099,DogNose
32100,DogEye
32101,CatEye
32102,CatFace
32103,DogEye
32104,DogFace
32105,CatNose
32106,DogEye
32107,DogEye
32108,CatNose
32109,CatEye
32110,DogFace
32111,CatMouth
32112,DogEye
32113,CatEye
32114,DogEye
32115,CatEye
32116,DogFace
32117,DogEye
32118,CatEye
32119,CatFace
32120,CatMouth
32121,DogFace
32122,DogEye
32123,CatFace
32124,DogEye
32125,DogNose
32126,CatNose
32127,DogNose
32128,CatNose
32129,CatMouth
32130,CatEye
32131,DogMouth
32132,CatEye
32133,CatFace
32134,DogEye
32135,CatMouth
32136,CatEye
32137,DogEye
32138,CatFace
32139,CatNose
32140,CatNose
32141,CatEye
32142,DogFace
32143,CatEye
32144,CatEye
32145,DogNose
32146,DogFace
32147,CatNose
32148,CatEye
32149,DogEye
32150,CatEye
32151,CatFace
32152,CatEye
32153,DogEye
32154,CatFace
32155,CatFace
32156,DogEye
32157,CatNose
32158,DogFace
32159,DogEye
32160,CatMouth
32161,CatFace
32162,DogNose
32163,DogEye
32164,CatEye
32165,CatNose
32166,DogMouth
32167,CatEye
32168,CatFace
32169,DogEye
32170,DogEye
32171,DogEye
32172,CatEye
32173,DogFace
32174,DogEye
32175,CatNose
32176,CatEye
32177,DogEye
32178,CatEye
32179,DogEye
32180,CatEye
32181,CatEye
32182,CatMouth
32183,DogEye
32184,CatEye
32185,DogFace
32186,DogEye
32187,DogNose
32188,CatFace
32189,CatEye
32190,CatFace
32191,CatNose
32192,CatNose
32193,CatEye
32194,CatMouth
32195,CatNose
32196,CatEye
32197,DogMouth
32198,CatEye
32199,DogEye
32200,CatNose
32201,DogMouth
32202,CatNose
32203,CatMouth
32204,CatMouth
32205,CatEye
32206,CatFace
32207,CatMouth
32208,DogNose
32209,DogMouth
32210,CatNose
32211,CatMouth
32212,DogEye
32213,DogEye
32214,CatEye
32215,DogNose
32216,CatFace
32217,CatEye
32218,CatEye
32219,DogFace
32220,CatEye
32221,CatFace
32222,DogEye
32223,CatFace
32224,CatNose
32225,DogEye
32226,DogMouth
32227,DogEye
32228,CatEye
32229,DogNose
32230,DogEye
32231,CatEye
32232,CatFace
32233,DogMouth
32234,DogNose
32235,CatEye
32236,DogEye
32237,CatMouth
32238,DogEye
32239,DogMouth
32240,CatMouth
32241,DogEye
32242,DogMouth
32243,DogMouth
32244,DogMouth
32245,CatNose
32246,DogNose
32247,DogMouth
32248,DogFace
32249,CatMouth
32250,CatEye
32251,CatEye
32252,CatMouth
32253,DogEye
32254,CatNose
32255,CatNose
32256,CatEye
32257,DogEye
32258,CatFace
32259,CatFace
32260,DogMouth
32261,DogFace
32262,DogEye
32263,CatEye
32264,CatEye
32265,CatMouth
32266,DogMouth
32267,CatEye
32268,CatEye
32269,DogFace
32270,CatMouth
32271,DogMouth
32272,DogFace
32273,DogEye
32274,CatEye
32275,DogEye
32276,CatMouth
32277,CatFace
32278,CatMouth
32279,CatEye
32280,DogFace
32281,DogEye
32282,DogMouth
32283,CatEye
32284,CatEye
32285,CatNose
32286,CatNose
32287,CatEye
32288,DogMouth
32289,DogEye
32290,DogNose
32291,DogNose
32292,DogNose
32293,CatMouth
32294,DogMouth
32295,CatEye
32296,CatMouth
32297,DogMouth
32298,CatNose
32299,DogMouth
32300,DogFace
32301,DogEye
32302,DogFace
32303,CatNose
32304,DogEye
32305,DogEye
32306,DogFace
32307,DogFace
32308,CatFace
32309,CatEye
32310,DogEye
32311,DogNose
32312,DogMouth
32313,CatNose
32314,DogFace
32315,CatMouth
32316,CatEye
32317,CatEye
32318,CatFace
32319,DogFace
32320,CatEye
32321,CatEye
32322,CatNose
32323,DogNose
32324,CatNose
32325,DogEye
32326,CatMouth
32327,DogEye
32328,DogEye
32329,DogMouth
32330,CatEye
32331,DogNose
32332,CatMouth
32333,CatFace
32334,CatEye
32335,CatEye
32336,DogMouth
32337,CatNose
32338,DogNose
32339,DogNose
32340,CatMouth
32341,DogNose
32342,CatEye
32343,DogNose
32344,DogEye
32345,CatEye
32346,CatFace
32347,DogNose
32348,DogMouth
32349,CatNose
32350,CatNose
32351,DogEye
32352,CatEye
32353,DogNose
32354,CatFace
32355,DogEye
32356,DogFace
32357,CatFace
32358,CatNose
32359,DogEye
32360,CatEye
32361,DogNose
32362,CatFace
32363,DogFace
32364,DogMouth
32365,DogNose
32366,CatFace
32367,CatEye
32368,CatMouth
32369,CatFace
32370,CatEye
32371,CatNose
32372,CatFace
32373,DogEye
32374,CatNose
32375,CatEye
32376,DogEye
32377,DogMouth
32378,CatFace
32379,DogNose
32380,CatEye
32381,CatFace
32382,CatMouth
32383,CatEye
32384,DogNose
32385,CatEye
32386,CatNose
32387,DogFace
32388,DogMouth
32389,CatEye
32390,CatEye
32391,CatEye
32392,DogMouth
32393,CatMouth
32394,DogFace
32395,CatEye
32396,CatMouth
32397,DogFace
32398,CatFace
32399,CatEye
32400,DogMouth
32401,DogFace
32402,CatEye
32403,CatEye
32404,DogFace
32405,CatMouth
32406,DogEye
32407,CatNose
32408,DogMouth
32409,CatEye
32410,CatNose
32411,DogEye
32412,DogEye
32413,CatFace
32414,CatFace
32415,CatMouth
32416,DogNose
32417,CatMouth
32418,DogNose
32419,CatFace
32420,DogMouth
32421,DogFace
32422,CatNose
32423,CatFace
32424,CatMouth
32425,CatNose
32426,DogEye
32427,CatMouth
32428,DogEye
32429,DogEye
32430,CatMouth
32431,CatEye
32432,DogEye
32433,CatEye
32434,DogEye
32435,DogEye
32436,DogFace
32437,CatFace
32438,DogEye
32439,DogEye
32440,DogFace
32441,CatMouth
32442,CatNose
32443,DogEye
32444,DogMouth
32445,CatNose
32446,CatMouth
32447,DogFace
32448,DogNose
32449,CatEye
32450,CatNose
32451,CatMouth
32452,DogMouth
32453,DogEye
32454,DogMouth
32455,DogNose
32456,DogEye
32457,CatMouth
32458,DogFace
32459,DogMouth
32460,CatEye
32461,CatNose
32462,DogFace
32463,DogMouth
32464,CatEye
32465,CatFace
32466,DogEye
32467,DogNose
32468,DogMouth
32469,CatFace
32470,CatEye
32471,CatMouth
32472,CatEye
32473,DogNose
32474,DogMouth
32475,DogFace
32476,DogFace
32477,CatNose
32478,CatNose
32479,CatNose
32480,CatFace
32481,DogEye
32482,CatEye
32483,DogMouth
32484,DogEye
32485,CatNose
32486,CatNose
32487,CatEye
32488,DogNose
32489,CatMouth
32490,DogEye
32491,DogNose
32492,CatNose
32493,DogMouth
32494,CatFace
32495,DogNose
32496,DogNose
32497,DogEye
32498,CatFace
32499,CatFace
32500,CatEye
32501,DogNose
32502,DogEye
32503,CatEye
32504,DogMouth
32505,DogNose
32506,CatMouth
32507,DogEye
32508,DogFace
32509,CatEye
32510,CatMouth
32511,DogFace
32512,CatNose
32513,CatMouth
32514,DogFace
32515,CatNose
32516,CatEye
32517,DogNose
32518,DogEye
32519,CatEye
32520,CatMouth
32521,DogEye
32522,CatFace
32523,CatEye
32524,CatEye
32525,CatMouth
32526,DogFace
32527,CatMouth
32528,CatNose
32529,CatEye
32530,CatEye
32531,CatFace
32532,CatEye
32533,DogEye
32534,CatEye
32535,DogEye
32536,CatMouth
32537,CatEye
32538,DogNose
32539,CatEye
32540,CatEye
32541,CatMouth
32542,CatFace
32543,CatNose
32544,CatMouth
32545,CatFace
32546,CatFace
32547,CatEye
32548,DogMouth
32549,CatFace
32550,CatNose
32551,DogFace
32552,CatMouth
32553,DogMouth
32554,CatEye
32555,DogNose
32556,DogMouth
32557,CatMouth
32558,DogEye
32559,CatFace
32560,CatMouth
32561,CatMouth
32562,CatFace
32563,CatNose
32564,CatEye
32565,DogMouth
32566,CatEye
32567,CatFace
32568,DogNose
32569,CatNose
32570,DogEye
32571,CatNose
32572,CatFace
32573,DogMouth
32574,CatMouth
32575,CatFace
32576,DogMouth
32577,DogEye
32578,DogNose
32579,DogFace
32580,DogEye
32581,CatNose
32582,DogMouth
32583,CatMouth
32584,DogNose
32585,CatMouth
32586,DogFace
32587,CatFace
32588,CatEye
32589,CatEye
32590,DogEye
32591,DogEye
32592,DogFace
32593,CatNose
32594,DogEye
32595,DogMouth
32596,DogEye
32597,DogMouth
32598,CatMouth
32599,CatEye
32600,CatEye
32601,DogEye
32602,DogEye
32603,CatNose
32604,DogMouth
32605,DogEye
32606,DogFace
32607,CatNose
32608,DogEye
32609,CatNose
32610,DogMouth
32611,DogEye
32612,CatEye
32613,DogFace
32614,CatFace
32615,DogEye
32616,CatEye
32617,CatMouth
32618,DogMouth
32619,CatFace
32620,CatEye
32621,CatNose
32622,CatMouth
32623,CatEye
32624,DogMouth
32625,CatEye
32626,CatEye
32627,DogEye
32628,CatEye
32629,CatNose
32630,CatEye
32631,CatEye
32632,CatFace
32633,DogNose
32634,DogFace
32635,CatMouth
32636,DogFace
32637,DogFace
32638,CatMouth
32639,CatMouth
32640,DogEye
32641,CatNose
32642,DogNose
32643,CatEye
32644,CatEye
32645,DogEye
32646,DogMouth
32647,CatNose
32648,CatNose
32649,CatFace
32650,CatFace
32651,DogMouth
32652,CatEye
32653,CatEye
32654,CatMouth
32655,CatNose
32656,DogEye
32657,CatNose
32658,CatEye
32659,CatMouth
32660,CatFace
32661,CatNose
32662,CatFace
32663,CatFace
32664,CatEye
32665,DogEye
32666,DogNose
32667,CatNose
32668,CatNose
32669,DogEye
32670,DogEye
32671,CatEye
32672,CatEye
32673,DogEye
32674,DogMouth
32675,DogEye
32676,DogMouth
32677,DogNose
32678,DogFace
32679,CatEye
32680,DogEye
32681,DogFace
32682,DogMouth
32683,CatMouth
32684,DogEye
32685,CatEye
32686,CatNose
32687,CatFace
32688,CatFace
32689,CatEye
32690,CatFace
32691,DogMouth
32692,CatMouth
32693,DogFace
32694,DogMouth
32695,CatFace
32696,DogMouth
32697,CatFace
32698,CatNose
32699,CatEye
32700,CatMouth
32701,DogFace
32702,CatEye
32703,DogNose
32704,DogFace
32705,DogEye
32706,CatEye
32707,CatMouth
32708,DogNose
32709,CatEye
32710,DogMouth
32711,CatEye
32712,CatMouth
32713,DogMouth
32714,CatFace
32715,CatMouth
32716,CatEye
32717,CatMouth
32718,CatNose
32719,DogEye
32720,DogEye
32721,CatMouth
32722,CatEye
32723,CatFace
32724,DogEye
32725,DogNose
32726,DogNose
32727,CatNose
32728,DogFace
32729,DogEye
32730,DogEye
32731,DogEye
32732,CatEye
32733,CatFace
32734,DogMouth
32735,DogNose
32736,DogNose
32737,DogNose
32738,CatFace
32739,DogEye
32740,DogEye
32741,DogNose
32742,CatEye
32743,DogNose
32744,DogNose
32745,DogEye
32746,CatFace
32747,DogEye
32748,CatMouth
32749,CatEye
32750,DogEye
32751,CatEye
32752,DogNose
32753,DogEye
32754,DogEye
32755,DogEye
32756,DogFace
32757,CatMouth
32758,DogNose
32759,DogEye
32760,CatFace
32761,DogNose
32762,CatFace
32763,CatEye
32764,DogEye
32765,CatMouth
32766,DogEye
32767,DogEye
32768,CatFace
32769,CatFace
32770,CatEye
32771,CatMouth
32772,DogMouth
32773,CatEye
32774,CatNose
32775,DogFace
32776,CatFace
32777,DogEye
32778,DogFace
32779,CatMouth
32780,DogFace
32781,CatMouth
32782,DogFace
32783,DogMouth
32784,CatEye
32785,CatEye
32786,CatFace
32787,DogNose
32788,CatEye
32789,CatNose
32790,DogNose
32791,CatEye
32792,CatMouth
32793,DogNose
32794,CatMouth
32795,CatMouth
32796,DogMouth
32797,CatEye
32798,CatEye
32799,CatEye
32800,DogMouth
32801,DogEye
32802,DogEye
32803,DogEye
32804,DogMouth
32805,DogEye
32806,CatEye
32807,DogEye
32808,CatEye
32809,CatEye
32810,DogNose
32811,DogEye
32812,CatFace
32813,CatNose
32814,DogNose
32815,CatEye
32816,CatFace
32817,CatEye
32818,DogEye
32819,CatEye
32820,CatMouth
32821,DogMouth
32822,CatMouth
32823,DogNose
32824,CatEye
32825,CatMouth
32826,DogFace
32827,DogEye
32828,DogEye
32829,DogEye
32830,DogMouth
32831,CatEye
32832,DogMouth
32833,DogFace
32834,DogEye
32835,DogFace
32836,DogEye
32837,DogEye
32838,CatFace
32839,CatEye
32840,CatEye
32841,CatMouth
32842,DogEye
32843,DogEye
32844,CatMouth
32845,DogMouth
32846,CatMouth
32847,DogMouth
32848,DogNose
32849,CatEye
32850,CatEye
32851,DogMouth
32852,DogNose
32853,DogEye
32854,CatNose
32855,DogMouth
32856,CatEye
32857,DogNose
32858,CatNose
32859,CatMouth
32860,CatNose
32861,CatEye
32862,DogEye
32863,CatNose
32864,CatEye
32865,DogNose
32866,CatNose
32867,CatEye
32868,CatEye
32869,CatEye
32870,CatNose
32871,CatEye
32872,DogEye
32873,DogMouth
32874,DogFace
32875,CatNose
32876,DogEye
32877,CatMouth
32878,CatFace
32879,DogEye
32880,CatFace
32881,CatEye
32882,CatFace
32883,DogMouth
32884,CatNose
32885,CatMouth
32886,DogNose
32887,CatFace
32888,DogNose
32889,CatNose
32890,CatMouth
32891,CatNose
32892,DogEye
32893,CatNose
32894,DogEye
32895,CatFace
32896,DogMouth
32897,CatEye
32898,CatEye
32899,DogMouth
32900,CatFace
32901,CatFace
32902,CatEye
32903,CatEye
32904,CatFace
32905,DogMouth
32906,CatMouth
32907,CatFace
32908,DogEye
32909,DogEye
32910,DogNose
32911,CatEye
32912,DogEye
32913,DogNose
32914,CatMouth
32915,DogFace
32916,CatEye
32917,CatFace
32918,DogFace
32919,DogNose
32920,CatMouth
32921,DogEye
32922,DogEye
32923,DogNose
32924,CatNose
32925,DogEye
32926,DogFace
32927,DogNose
32928,DogEye
32929,DogEye
32930,CatMouth
32931,CatEye
32932,CatNose
32933,DogMouth
32934,CatEye
32935,CatEye
32936,CatNose
32937,CatMouth
32938,CatFace
32939,CatMouth
32940,DogEye
32941,CatNose
32942,DogEye
32943,CatEye
32944,CatMouth
32945,DogEye
32946,DogEye
32947,CatMouth
32948,DogNose
32949,DogFace
32950,DogMouth
32951,CatNose
32952,CatMouth
32953,DogNose
32954,CatEye
32955,CatMouth
32956,DogEye
32957,CatEye
32958,DogFace
32959,CatFace
32960,DogNose
32961,CatEye
32962,CatEye
32963,DogEye
32964,CatFace
32965,CatNose
32966,DogMouth
32967,CatEye
32968,DogEye
32969,DogEye
32970,CatEye
32971,CatNose
32972,CatEye
32973,DogMouth
32974,DogNose
32975,DogMouth
32976,CatEye
32977,CatMouth
32978,DogEye
32979,CatMouth
32980,CatFace
32981,CatEye
32982,CatFace
32983,CatMouth
32984,DogEye
32985,CatEye
32986,CatFace
32987,CatMouth
32988,CatNose
32989,DogNose
32990,DogFace
32991,CatFace
32992,DogNose
32993,DogEye
32994,DogFace
32995,DogMouth
32996,CatFace
32997,CatFace
32998,CatEye
32999,DogEye
33000,CatNose
33001,CatFace
33002,CatNose
33003,DogEye
33004,DogNose
33005,DogEye
33006,DogNose
33007,DogMouth
33008,CatMouth
33009,DogNose
33010,CatMouth
33011,DogNose
33012,DogFace
33013,DogNose
33014,CatEye
33015,CatFace
33016,CatEye
33017,CatMouth
33018,CatEye
33019,CatEye
33020,CatEye
33021,DogNose
33022,DogEye
33023,DogNose
33024,DogNose
33025,CatEye
33026,DogEye
33027,DogEye
33028,DogFace
33029,DogNose
33030,CatEye
33031,DogMouth
33032,DogMouth
33033,DogNose
33034,DogEye
33035,CatNose
33036,CatFace
33037,CatFace
33038,DogEye
33039,CatEye
33040,DogEye
33041,CatEye
33042,DogMouth
33043,CatNose
33044,DogFace
33045,CatEye
33046,CatMouth
33047,CatNose
33048,CatEye
33049,CatEye
33050,CatFace
33051,DogNose
33052,DogEye
33053,DogEye
33054,DogNose
33055,CatMouth
33056,DogMouth
33057,DogMouth
33058,DogEye
33059,DogNose
33060,DogFace
33061,CatMouth
33062,CatFace
33063,DogEye
33064,DogFace
33065,DogMouth
33066,DogEye
33067,CatMouth
33068,CatNose
33069,DogMouth
33070,CatMouth
33071,DogEye
33072,DogEye
33073,DogEye
33074,CatFace
33075,CatNose
33076,DogEye
33077,DogNose
33078,DogMouth
33079,DogEye
33080,DogEye
33081,DogNose
33082,CatEye
33083,DogFace
33084,CatFace
33085,DogEye
33086,DogNose
33087,CatFace
33088,CatMouth
33089,DogEye
33090,CatNose
33091,DogMouth
33092,CatEye
33093,CatEye
33094,DogMouth
33095,DogMouth
33096,CatNose
33097,DogFace
33098,CatNose
33099,DogEye
33100,CatNose
33101,DogFace
33102,CatEye
33103,CatEye
33104,CatNose
33105,DogEye
33106,CatMouth
33107,CatMouth
33108,DogFace
33109,DogFace
33110,CatMouth
33111,CatMouth
33112,DogMouth
33113,DogEye
33114,CatFace
33115,DogFace
33116,CatNose
33117,CatMouth
33118,CatFace
33119,DogEye
33120,CatEye
33121,CatFace
33122,CatFace
33123,CatEye
33124,CatMouth
33125,CatMouth
33126,CatFace
33127,CatMouth
33128,DogEye
33129,DogMouth
33130,DogEye
33131,CatMouth
33132,CatMouth
33133,DogEye
33134,CatNose
33135,CatMouth
33136,DogNose
33137,CatFace
33138,DogEye
33139,CatNose
33140,CatMouth
33141,CatEye
33142,DogNose
33143,CatEye
33144,CatEye
33145,DogEye
33146,CatFace
33147,DogMouth
33148,CatEye
33149,DogEye
33150,CatFace
33151,CatFace
33152,CatEye
33153,CatFace
33154,DogEye
33155,CatFace
33156,CatFace
33157,CatFace
33158,CatMouth
33159,CatEye
33160,CatFace
33161,DogEye
33162,DogEye
33163,CatMouth
33164,CatFace
33165,CatEye
33166,DogFace
33167,DogMouth
33168,CatFace
33169,CatNose
33170,DogFace
33171,CatFace
33172,CatEye
33173,DogNose
33174,DogMouth
33175,CatEye
33176,DogNose
33177,DogEye
33178,DogFace
33179,DogEye
33180,DogFace
33181,DogEye
33182,CatNose
33183,CatNose
33184,DogNose
33185,CatMouth
33186,CatEye
33187,DogFace
33188,CatEye
33189,CatFace
33190,CatFace
33191,CatNose
33192,DogNose
33193,DogNose
33194,DogNose
33195,DogEye
33196,CatMouth
33197,CatNose
33198,DogNose
33199,DogEye
33200,CatFace
33201,DogMouth
33202,DogFace
33203,DogMouth
33204,CatNose
33205,DogNose
33206,CatNose
33207,CatEye
33208,DogNose
33209,DogMouth
33210,CatNose
33211,CatEye
33212,DogEye
33213,CatNose
33214,DogFace
33215,CatEye
33216,DogFace
33217,DogNose
33218,DogEye
33219,CatNose
33220,DogNose
33221,CatFace
33222,CatEye
33223,CatFace
33224,CatFace
33225,DogFace
33226,DogMouth
33227,CatEye
33228,DogMouth
33229,DogFace
33230,DogMouth
33231,CatEye
33232,CatMouth
33233,CatMouth
33234,DogFace
33235,CatEye
33236,CatEye
33237,CatEye
33238,CatNose
33239,CatEye
33240,DogNose
33241,DogNose
33242,DogFace
33243,DogEye
33244,CatNose
33245,DogFace
33246,CatFace
33247,DogNose
33248,DogEye
33249,DogEye
33250,DogFace
33251,DogFace
33252,DogEye
33253,DogEye
33254,DogMouth
33255,DogFace
33256,DogEye
33257,CatMouth
33258,CatFace
33259,DogNose
33260,CatEye
33261,DogFace
33262,DogMouth
33263,DogEye
33264,DogFace
33265,DogNose
33266,DogNose
33267,CatMouth
33268,CatMouth
33269,DogMouth
33270,CatFace
33271,CatMouth
33272,CatMouth
33273,CatMouth
33274,DogFace
33275,DogEye
33276,DogEye
33277,CatMouth
33278,DogMouth
33279,CatEye
33280,DogNose
33281,CatMouth
33282,DogFace
33283,CatMouth
33284,CatEye
33285,CatMouth
33286,CatFace
33287,DogEye
33288,CatMouth
33289,CatFace
33290,CatFace
33291,DogEye
33292,CatNose
33293,CatFace
33294,CatMouth
33295,DogNose
33296,DogEye
33297,DogFace
33298,CatEye
33299,DogEye
33300,CatNose
33301,DogEye
33302,CatEye
33303,CatEye
33304,DogNose
33305,CatFace
33306,DogFace
33307,CatEye
33308,DogFace
33309,DogEye
33310,DogEye
33311,DogNose
33312,DogFace
33313,DogFace
33314,CatEye
33315,CatNose
33316,CatEye
33317,DogMouth
33318,DogEye
33319,DogFace
33320,DogEye
33321,DogEye
33322,CatMouth
33323,CatMouth
33324,DogFace
33325,CatNose
33326,DogMouth
33327,CatEye
33328,CatNose
33329,DogNose
33330,CatMouth
33331,CatEye
33332,CatEye
33333,CatMouth
33334,DogNose
33335,DogMouth
33336,DogEye
33337,CatNose
33338,DogMouth
33339,CatMouth
33340,DogNose
33341,CatMouth
33342,DogFace
33343,DogFace
33344,DogFace
33345,CatFace
33346,CatNose
33347,CatNose
33348,CatMouth
33349,CatEye
33350,DogEye
33351,CatEye
33352,DogNose
33353,CatMouth
33354,DogFace
33355,CatMouth
33356,DogFace
33357,CatEye
33358,DogEye
33359,DogEye
33360,CatNose
33361,CatMouth
33362,DogMouth
33363,CatNose
33364,DogMouth
33365,DogEye
33366,CatEye
33367,DogEye
33368,CatFace
33369,CatEye
33370,CatEye
33371,DogMouth
33372,DogNose
33373,CatEye
33374,CatNose
33375,CatEye
33376,DogEye
33377,CatFace
33378,CatEye
33379,CatEye
33380,DogFace
33381,DogNose
33382,CatMouth
33383,DogNose
33384,CatMouth
33385,DogMouth
33386,DogEye
33387,DogEye
33388,CatNose
33389,DogNose
33390,CatEye
33391,CatNose
33392,CatNose
33393,CatEye
33394,CatEye
33395,CatMouth
33396,CatFace
33397,CatEye
33398,CatNose
33399,DogEye
33400,CatMouth
33401,CatMouth
33402,DogEye
33403,DogMouth
33404,DogNose
33405,CatEye
33406,CatEye
33407,CatFace
33408,CatNose
33409,CatMouth
33410,DogEye
33411,CatEye
33412,CatEye
33413,CatEye
33414,CatEye
33415,CatEye
33416,DogEye
33417,CatNose
33418,CatFace
33419,DogEye
33420,CatEye
33421,DogEye
33422,DogEye
33423,CatEye
33424,CatEye
33425,CatEye
33426,CatFace
33427,CatEye
33428,DogEye
33429,DogNose
33430,CatFace
33431,CatEye
33432,CatMouth
33433,CatFace
33434,CatNose
33435,DogNose
33436,CatEye
33437,DogMouth
33438,DogEye
33439,CatEye
33440,CatFace
33441,CatEye
33442,DogEye
33443,DogEye
33444,DogMouth
33445,CatFace
33446,DogNose
33447,DogMouth
33448,CatEye
33449,CatEye
33450,CatNose
33451,CatEye
33452,CatNose
33453,CatEye
33454,DogMouth
33455,CatNose
33456,DogFace
33457,DogEye
33458,DogNose
33459,DogMouth
33460,DogEye
33461,CatEye
33462,CatEye
33463,CatMouth
33464,DogNose
33465,CatMouth
33466,CatEye
33467,CatMouth
33468,DogEye
33469,CatEye
33470,DogFace
33471,DogEye
33472,CatFace
33473,CatEye
33474,DogNose
33475,CatMouth
33476,DogEye
33477,DogEye
33478,CatFace
33479,CatMouth
33480,DogFace
33481,CatFace
33482,CatEye
33483,CatEye
33484,DogEye
33485,CatNose
33486,CatFace
33487,DogNose
33488,CatNose
33489,DogMouth
33490,DogMouth
33491,DogEye
33492,CatFace
33493,CatNose
33494,CatFace
33495,DogNose
33496,DogMouth
33497,CatEye
33498,CatMouth
33499,DogFace
33500,DogMouth
33501,DogEye
33502,CatEye
33503,CatEye
33504,CatFace
33505,DogFace
33506,DogFace
33507,CatNose
33508,DogFace
33509,DogMouth
33510,CatEye
33511,DogMouth
33512,CatFace
33513,CatNose
33514,CatEye
33515,DogEye
33516,DogNose
33517,CatEye
33518,DogFace
33519,CatNose
33520,CatNose
33521,DogNose
33522,DogEye
33523,DogNose
33524,DogEye
33525,CatEye
33526,CatFace
33527,DogFace
33528,CatEye
33529,CatMouth
33530,DogEye
33531,DogEye
33532,CatFace
33533,CatFace
33534,CatNose
33535,CatMouth
33536,CatEye
33537,DogEye
33538,DogEye
33539,CatMouth
33540,CatFace
33541,CatEye
33542,DogFace
33543,DogEye
33544,DogFace
33545,CatEye
33546,CatEye
33547,DogEye
33548,CatFace
33549,DogMouth
33550,CatNose
33551,CatEye
33552,DogEye
33553,CatFace
33554,CatMouth
33555,CatNose
33556,DogFace
33557,DogMouth
33558,DogMouth
33559,DogFace
33560,CatEye
33561,CatEye
33562,CatFace
33563,CatMouth
33564,CatEye
33565,CatEye
33566,DogEye
33567,CatFace
33568,CatEye
33569,DogFace
33570,CatFace
33571,DogEye
33572,DogFace
33573,CatFace
33574,DogEye
33575,CatMouth
33576,CatEye
33577,CatEye
33578,CatMouth
33579,CatNose
33580,DogMouth
33581,CatEye
33582,DogEye
33583,CatFace
33584,CatEye
33585,DogFace
33586,DogEye
33587,CatFace
33588,CatNose
33589,CatNose
33590,DogEye
33591,CatEye
33592,DogFace
33593,CatFace
33594,CatEye
33595,CatMouth
33596,DogMouth
33597,CatFace
33598,CatNose
33599,CatEye
33600,DogNose
33601,CatEye
33602,DogEye
33603,CatEye
33604,CatMouth
33605,CatNose
33606,CatNose
33607,CatMouth
33608,DogEye
33609,DogMouth
33610,CatFace
33611,CatEye
33612,DogEye
33613,CatEye
33614,DogFace
33615,DogFace
33616,DogEye
33617,DogNose
33618,DogFace
33619,DogFace
33620,CatEye
33621,DogEye
33622,DogMouth
33623,CatEye
33624,CatEye
33625,DogFace
33626,CatEye
33627,DogNose
33628,DogEye
33629,CatMouth
33630,CatEye
33631,DogFace
33632,DogEye
33633,CatEye
33634,CatNose
33635,CatNose
33636,DogNose
33637,DogMouth
33638,DogNose
33639,DogNose
33640,DogNose
33641,CatEye
33642,DogMouth
33643,CatEye
33644,DogMouth
33645,DogMouth
33646,DogFace
33647,DogFace
33648,DogEye
33649,DogFace
33650,DogEye
33651,CatFace
33652,DogNose
33653,DogFace
33654,CatFace
33655,DogNose
33656,DogEye
33657,CatEye
33658,CatMouth
33659,DogFace
33660,CatFace
33661,DogNose
33662,DogFace
33663,CatEye
33664,DogMouth
33665,CatEye
33666,CatEye
33667,CatEye
33668,DogNose
33669,DogNose
33670,DogEye
33671,CatMouth
33672,DogEye
33673,DogEye
33674,CatNose
33675,CatEye
33676,DogEye
33677,DogEye
33678,DogMouth
33679,CatEye
33680,CatFace
33681,DogMouth
33682,DogMouth
33683,CatEye
33684,DogMouth
33685,CatMouth
33686,CatEye
33687,CatMouth
33688,CatEye
33689,DogEye
33690,CatEye
33691,DogMouth
33692,DogEye
33693,CatEye
33694,DogEye
33695,DogEye
33696,CatEye
33697,CatEye
33698,DogMouth
33699,DogFace
33700,CatMouth
33701,DogNose
33702,DogEye
33703,CatEye
33704,DogFace
33705,DogFace
33706,CatNose
33707,DogNose
33708,CatNose
33709,CatMouth
33710,CatMouth
33711,CatMouth
33712,CatMouth
33713,CatMouth
33714,CatEye
33715,CatMouth
33716,DogEye
33717,CatMouth
33718,CatFace
33719,DogNose
33720,CatEye
33721,CatFace
33722,DogMouth
33723,DogMouth
33724,DogNose
33725,DogEye
33726,CatEye
33727,CatNose
33728,DogMouth
33729,CatEye
33730,CatEye
33731,DogNose
33732,CatNose
33733,DogEye
33734,CatEye
33735,CatFace
33736,DogNose
33737,CatFace
33738,DogMouth
33739,DogEye
33740,CatEye
33741,CatFace
33742,CatMouth
33743,DogNose
33744,CatFace
33745,CatMouth
33746,DogNose
33747,CatEye
33748,CatNose
33749,CatNose
33750,CatMouth
33751,CatMouth
33752,DogMouth
33753,CatEye
33754,CatEye
33755,CatEye
33756,DogFace
33757,DogNose
33758,CatMouth
33759,DogEye
33760,CatEye
33761,CatEye
33762,DogFace
33763,CatFace
33764,DogEye
33765,DogMouth
33766,CatEye
33767,CatMouth
33768,DogFace
33769,CatEye
33770,DogNose
33771,DogFace
33772,DogMouth
33773,CatEye
33774,DogFace
33775,DogFace
33776,CatEye
33777,CatFace
33778,DogMouth
33779,DogEye
33780,DogMouth
33781,CatFace
33782,CatMouth
33783,DogEye
33784,DogEye
33785,CatMouth
33786,CatEye
33787,DogEye
33788,CatFace
33789,CatEye
33790,DogFace
33791,DogMouth
33792,CatNose
33793,CatMouth
33794,CatEye
33795,CatMouth
33796,CatMouth
33797,CatNose
33798,CatFace
33799,CatNose
33800,CatNose
33801,DogEye
33802,CatEye
33803,CatEye
33804,CatFace
33805,CatEye
33806,CatFace
33807,CatEye
33808,CatFace
33809,CatNose
33810,CatMouth
33811,CatEye
33812,DogEye
33813,CatNose
33814,CatEye
33815,CatFace
33816,DogNose
33817,DogNose
33818,DogFace
33819,DogEye
33820,DogEye
33821,CatEye
33822,DogEye
33823,DogFace
33824,CatFace
33825,CatMouth
33826,DogFace
33827,DogNose
33828,DogEye
33829,CatNose
33830,DogEye
33831,DogEye
33832,DogMouth
33833,CatNose
33834,CatEye
33835,DogNose
33836,CatEye
33837,DogEye
33838,CatNose
33839,DogMouth
33840,CatEye
33841,CatMouth
33842,DogNose
33843,DogMouth
33844,CatFace
33845,DogEye
33846,DogFace
33847,DogEye
33848,CatFace
33849,DogMouth
33850,DogNose
33851,CatEye
33852,DogEye
33853,DogEye
33854,CatEye
33855,CatEye
33856,DogFace
33857,CatEye
33858,DogEye
33859,CatEye
33860,CatNose
33861,CatMouth
33862,CatMouth
33863,DogFace
33864,CatNose
33865,DogMouth
33866,CatFace
33867,CatEye
33868,CatMouth
33869,CatFace
33870,CatFace
33871,DogEye
33872,DogMouth
33873,CatNose
33874,CatNose
33875,DogMouth
33876,DogEye
33877,DogNose
33878,CatMouth
33879,CatFace
33880,DogEye
33881,CatMouth
33882,CatFace
33883,CatFace
33884,CatNose
33885,CatMouth
33886,DogFace
33887,DogEye
33888,CatNose
33889,DogEye
33890,DogEye
33891,CatFace
33892,DogFace
33893,CatNose
33894,DogNose
33895,CatNose
33896,CatEye
33897,DogMouth
33898,DogEye
33899,CatNose
33900,CatEye
33901,CatNose
33902,DogFace
33903,CatMouth
33904,CatEye
33905,CatEye
33906,DogFace
33907,DogMouth
33908,DogEye
33909,DogNose
33910,DogNose
33911,DogNose
33912,DogEye
33913,DogFace
33914,DogEye
33915,DogNose
33916,CatFace
33917,DogNose
33918,CatEye
33919,DogFace
33920,CatEye
33921,CatMouth
33922,DogFace
33923,CatFace
33924,CatFace
33925,CatEye
33926,DogEye
33927,DogFace
33928,DogNose
33929,CatEye
33930,CatEye
33931,CatFace
33932,CatMouth
33933,CatMouth
33934,CatFace
33935,DogEye
33936,DogFace
33937,CatEye
33938,CatEye
33939,CatFace
33940,CatNose
33941,DogNose
33942,DogEye
33943,CatFace
33944,DogNose
33945,CatEye
33946,CatMouth
33947,CatFace
33948,DogMouth
33949,DogEye
33950,CatFace
33951,DogEye
33952,DogEye
33953,DogEye
33954,DogMouth
33955,CatEye
33956,CatMouth
33957,CatFace
33958,CatMouth
33959,DogNose
33960,CatMouth
33961,DogEye
33962,CatMouth
33963,DogEye
33964,CatFace
33965,CatFace
33966,DogEye
33967,CatMouth
33968,CatFace
33969,DogNose
33970,CatEye
33971,DogEye
33972,CatEye
33973,CatMouth
33974,CatNose
33975,CatEye
33976,CatEye
33977,DogEye
33978,CatEye
33979,DogEye
33980,DogMouth
33981,DogFace
33982,CatNose
33983,DogEye
33984,CatFace
33985,CatFace
33986,DogEye
33987,DogNose
33988,CatEye
33989,CatFace
33990,DogFace
33991,DogFace
33992,CatFace
33993,CatNose
33994,CatNose
33995,DogEye
33996,DogMouth
33997,CatNose
33998,CatFace
33999,CatEye
34000,CatMouth
34001,DogMouth
34002,CatEye
34003,DogEye
34004,CatNose
34005,CatMouth
34006,DogNose
34007,DogEye
34008,CatNose
34009,DogNose
34010,CatEye
34011,CatFace
34012,DogEye
34013,CatMouth
34014,DogEye
34015,CatEye
34016,DogMouth
34017,CatMouth
34018,CatNose
34019,DogEye
34020,CatMouth
34021,CatFace
34022,DogEye
34023,DogMouth
34024,DogMouth
34025,CatMouth
34026,CatFace
34027,CatMouth
34028,DogFace
34029,CatMouth
34030,CatEye
34031,DogFace
34032,CatEye
34033,DogMouth
34034,CatEye
34035,CatEye
34036,DogNose
34037,DogEye
34038,CatMouth
34039,CatNose
34040,DogFace
34041,DogFace
34042,CatNose
34043,CatNose
34044,CatNose
34045,CatMouth
34046,DogEye
34047,DogFace
34048,DogEye
34049,CatEye
34050,CatEye
34051,CatEye
34052,CatNose
34053,DogFace
34054,DogFace
34055,DogNose
34056,DogMouth
34057,DogEye
34058,DogFace
34059,CatEye
34060,CatNose
34061,DogEye
34062,CatNose
34063,CatEye
34064,CatMouth
34065,DogEye
34066,DogEye
34067,CatEye
34068,DogEye
34069,DogNose
34070,CatMouth
34071,DogEye
34072,CatEye
34073,DogEye
34074,CatEye
34075,DogEye
34076,DogMouth
34077,CatNose
34078,DogEye
34079,DogMouth
34080,CatMouth
34081,CatEye
34082,DogEye
34083,DogMouth
34084,CatNose
34085,DogMouth
34086,CatMouth
34087,CatNose
34088,DogEye
34089,DogNose
34090,DogEye
34091,CatEye
34092,CatFace
34093,CatEye
34094,CatEye
34095,DogEye
34096,DogMouth
34097,CatNose
34098,DogMouth
34099,DogNose
34100,CatFace
34101,DogNose
34102,CatMouth
34103,DogEye
34104,DogNose
34105,DogFace
34106,CatEye
34107,CatMouth
34108,CatFace
34109,CatEye
34110,CatFace
34111,CatMouth
34112,CatMouth
34113,CatFace
34114,DogFace
34115,DogEye
34116,CatEye
34117,DogEye
34118,DogEye
34119,CatFace
34120,CatNose
34121,DogEye
34122,CatNose
34123,CatEye
34124,DogMouth
34125,DogFace
34126,DogEye
34127,CatMouth
34128,CatNose
34129,CatMouth
34130,DogNose
34131,DogMouth
34132,CatFace
34133,DogMouth
34134,CatFace
34135,DogEye
34136,DogEye
34137,CatEye
34138,DogFace
34139,DogEye
34140,CatMouth
34141,DogMouth
34142,DogFace
34143,CatEye
34144,DogEye
34145,DogEye
34146,CatNose
34147,DogMouth
34148,DogEye
34149,DogFace
34150,CatEye
34151,DogMouth
34152,DogMouth
34153,CatEye
34154,DogFace
34155,DogMouth
34156,DogMouth
34157,CatNose
34158,DogFace
34159,CatEye
34160,CatNose
34161,CatNose
34162,DogEye
34163,CatEye
34164,CatEye
34165,CatFace
34166,DogMouth
34167,CatEye
34168,CatNose
34169,CatEye
34170,CatNose
34171,CatMouth
34172,CatFace
34173,CatEye
34174,CatEye
34175,CatNose
34176,CatMouth
34177,DogMouth
34178,CatMouth
34179,CatMouth
34180,DogEye
34181,CatNose
34182,DogFace
34183,DogEye
34184,CatEye
34185,CatEye
34186,DogEye
34187,CatFace
34188,DogEye
34189,DogEye
34190,DogEye
34191,DogNose
34192,CatFace
34193,CatNose
34194,DogEye
34195,CatEye
34196,DogEye
34197,DogEye
34198,CatEye
34199,CatNose
34200,CatEye
34201,CatEye
34202,DogFace
34203,CatFace
34204,DogEye
34205,CatNose
34206,DogEye
34207,DogNose
34208,CatEye
34209,DogNose
34210,DogMouth
34211,DogMouth
34212,DogFace
34213,DogNose
34214,CatNose
34215,CatFace
34216,DogNose
34217,DogFace
34218,DogEye
34219,CatNose
34220,CatNose
34221,CatFace
34222,DogNose
34223,DogEye
34224,CatEye
34225,CatNose
34226,DogMouth
34227,CatMouth
34228,CatEye
34229,CatEye
34230,CatEye
34231,CatEye
34232,DogEye
34233,DogEye
34234,CatFace
34235,CatFace
34236,CatEye
34237,CatMouth
34238,DogEye
34239,CatEye
34240,DogMouth
34241,DogEye
34242,CatMouth
34243,CatMouth
34244,DogFace
34245,DogEye
34246,DogMouth
34247,DogMouth
34248,DogEye
34249,CatEye
34250,DogEye
34251,CatNose
34252,DogNose
34253,DogEye
34254,CatMouth
34255,DogEye
34256,CatMouth
34257,DogEye
34258,DogEye
34259,CatEye
34260,CatNose
34261,CatNose
34262,DogFace
34263,CatNose
34264,DogEye
34265,CatEye
34266,CatFace
34267,DogFace
34268,DogNose
34269,DogNose
34270,DogEye
34271,CatEye
34272,CatEye
34273,CatMouth
34274,CatFace
34275,DogEye
34276,DogMouth
34277,CatEye
34278,CatMouth
34279,DogNose
34280,DogEye
34281,CatFace
34282,DogFace
34283,CatEye
34284,CatEye
34285,CatNose
34286,CatMouth
34287,CatEye
34288,DogEye
34289,DogMouth
34290,CatEye
34291,DogMouth
34292,DogFace
34293,CatEye
34294,CatEye
34295,DogFace
34296,CatFace
34297,DogEye
34298,CatFace
34299,DogFace
34300,DogMouth
34301,CatFace
34302,DogNose
34303,CatFace
34304,CatFace
34305,CatEye
34306,CatFace
34307,CatMouth
34308,CatEye
34309,CatMouth
34310,CatFace
34311,DogFace
34312,CatFace
34313,CatMouth
34314,CatNose
34315,DogMouth
34316,DogEye
34317,CatEye
34318,DogFace
34319,CatMouth
34320,DogEye
34321,DogFace
34322,DogEye
34323,CatEye
34324,DogEye
34325,CatNose
34326,CatMouth
34327,CatEye
34328,CatEye
34329,CatEye
34330,DogEye
34331,CatNose
34332,CatEye
34333,DogNose
34334,DogFace
34335,CatMouth
34336,DogEye
34337,CatFace
34338,CatNose
34339,CatEye
34340,CatFace
34341,CatMouth
34342,DogFace
34343,DogNose
34344,CatNose
34345,CatEye
34346,DogFace
34347,DogFace
34348,DogNose
34349,DogMouth
34350,CatNose
34351,DogEye
34352,DogMouth
34353,DogFace
34354,CatEye
34355,DogNose
34356,DogFace
34357,DogMouth
34358,DogNose
34359,CatEye
34360,CatMouth
34361,CatMouth
34362,CatEye
34363,CatEye
34364,CatEye
34365,CatNose
34366,DogEye
34367,DogMouth
34368,DogNose
34369,CatFace
34370,CatEye
34371,DogEye
34372,DogNose
34373,CatEye
34374,CatFace
34375,CatNose
34376,CatMouth
34377,CatNose
34378,CatMouth
34379,CatEye
34380,DogFace
34381,CatMouth
34382,DogMouth
34383,CatEye
34384,DogEye
34385,DogMouth
34386,DogFace
34387,CatFace
34388,CatEye
34389,CatEye
34390,DogNose
34391,DogEye
34392,CatEye
34393,CatFace
34394,DogEye
34395,DogEye
34396,CatEye
34397,DogEye
34398,CatNose
34399,CatEye
34400,DogNose
34401,CatNose
34402,DogEye
34403,DogEye
34404,DogNose
34405,DogNose
34406,DogNose
34407,CatEye
34408,DogEye
34409,CatFace
34410,DogMouth
34411,DogNose
34412,CatEye
34413,CatNose
34414,CatEye
34415,CatEye
34416,CatFace
34417,CatEye
34418,DogEye
34419,DogNose
34420,DogEye
34421,CatEye
34422,DogFace
34423,DogFace
34424,CatFace
34425,CatNose
34426,CatFace
34427,DogNose
34428,CatMouth
34429,CatEye
34430,DogNose
34431,CatEye
34432,DogNose
34433,CatEye
34434,CatEye
34435,CatEye
34436,DogFace
34437,DogFace
34438,CatEye
34439,CatEye
34440,DogNose
34441,CatFace
34442,CatEye
34443,CatFace
34444,DogEye
34445,DogMouth
34446,CatEye
34447,DogEye
34448,DogMouth
34449,DogEye
34450,DogEye
34451,DogFace
34452,CatMouth
34453,CatFace
34454,CatFace
34455,DogNose
34456,DogFace
34457,CatMouth
34458,DogFace
34459,CatFace
34460,DogEye
34461,CatNose
34462,DogFace
34463,DogNose
34464,CatNose
34465,DogNose
34466,CatMouth
34467,DogMouth
34468,CatEye
34469,CatEye
34470,DogMouth
34471,DogFace
34472,DogEye
34473,CatEye
34474,CatEye
34475,DogEye
34476,CatFace
34477,CatEye
34478,CatMouth
34479,DogNose
34480,DogMouth
34481,CatEye
34482,DogEye
34483,CatEye
34484,DogEye
34485,CatMouth
34486,CatFace
34487,DogNose
34488,DogMouth
34489,DogEye
34490,DogEye
34491,CatEye
34492,DogFace
34493,CatEye
34494,DogEye
34495,DogFace
34496,CatFace
34497,DogEye
34498,CatEye
34499,CatMouth
34500,CatEye
34501,CatMouth
34502,CatEye
34503,CatFace
34504,CatFace
34505,CatNose
34506,DogFace
34507,CatNose
34508,DogEye
34509,CatFace
34510,CatEye
34511,CatEye
34512,CatEye
34513,DogNose
34514,CatEye
34515,DogNose
34516,CatEye
34517,DogEye
34518,CatEye
34519,CatEye
34520,DogMouth
34521,CatNose
34522,CatNose
34523,DogEye
34524,CatMouth
34525,CatEye
34526,CatMouth
34527,DogEye
34528,CatEye
34529,CatEye
34530,CatMouth
34531,CatEye
34532,CatEye
34533,CatNose
34534,DogFace
34535,DogFace
34536,CatEye
34537,CatFace
34538,DogEye
34539,DogFace
34540,DogEye
34541,DogEye
34542,CatMouth
34543,DogEye
34544,DogMouth
34545,CatEye
34546,CatMouth
34547,CatEye
34548,DogNose
34549,DogEye
34550,CatFace
34551,CatFace
34552,DogFace
34553,DogFace
34554,CatMouth
34555,CatEye
34556,CatNose
34557,DogEye
34558,DogEye
34559,DogMouth
34560,DogEye
34561,DogEye
34562,CatEye
34563,CatMouth
34564,DogFace
34565,DogMouth
34566,CatFace
34567,DogNose
34568,CatEye
34569,CatFace
34570,CatEye
34571,DogFace
34572,DogEye
34573,DogEye
34574,CatEye
34575,CatEye
34576,CatFace
34577,DogEye
34578,DogEye
34579,CatFace
34580,DogEye
34581,DogNose
34582,CatEye
34583,DogEye
34584,DogFace
34585,CatEye
34586,DogEye
34587,CatMouth
34588,CatMouth
34589,DogFace
34590,CatEye
34591,CatEye
34592,DogNose
34593,DogEye
34594,DogFace
34595,DogEye
34596,DogEye
34597,DogEye
34598,CatFace
34599,CatNose
34600,CatEye
34601,DogEye
34602,CatNose
34603,CatNose
34604,CatMouth
34605,DogEye
34606,CatMouth
34607,DogNose
34608,CatFace
34609,CatFace
34610,DogFace
34611,CatFace
34612,CatEye
34613,DogFace
34614,CatNose
34615,DogEye
34616,DogEye
34617,CatFace
34618,DogNose
34619,CatFace
34620,CatEye
34621,DogEye
34622,DogMouth
34623,CatFace
34624,DogNose
34625,DogNose
34626,DogEye
34627,CatMouth
34628,CatMouth
34629,CatNose
34630,DogEye
34631,CatMouth
34632,DogNose
34633,DogFace
34634,CatNose
34635,CatNose
34636,CatMouth
34637,DogNose
34638,DogNose
34639,CatNose
34640,DogEye
34641,CatFace
34642,CatEye
34643,CatNose
34644,CatEye
34645,CatEye
34646,CatEye
34647,DogNose
34648,DogEye
34649,CatFace
34650,DogEye
34651,DogMouth
34652,CatNose
34653,DogMouth
34654,DogMouth
34655,CatFace
34656,DogEye
34657,DogFace
34658,CatEye
34659,DogNose
34660,DogEye
34661,DogNose
34662,DogEye
34663,CatEye
34664,DogEye
34665,CatEye
34666,DogFace
34667,CatNose
34668,CatEye
34669,CatFace
34670,CatEye
34671,DogFace
34672,DogFace
34673,DogEye
34674,DogNose
34675,CatFace
34676,DogFace
34677,CatEye
34678,CatNose
34679,CatEye
34680,DogFace
34681,DogEye
34682,CatEye
34683,DogFace
34684,CatEye
34685,DogNose
34686,CatEye
34687,CatFace
34688,DogMouth
34689,CatEye
34690,DogNose
34691,CatEye
34692,DogFace
34693,CatEye
34694,CatEye
34695,CatMouth
34696,CatEye
34697,DogFace
34698,CatMouth
34699,DogFace
34700,DogNose
34701,CatEye
34702,CatEye
34703,CatFace
34704,CatEye
34705,CatEye
34706,DogEye
34707,DogMouth
34708,DogMouth
34709,CatMouth
34710,CatEye
34711,CatMouth
34712,DogFace
34713,DogMouth
34714,CatEye
34715,CatMouth
34716,DogNose
34717,DogNose
34718,CatEye
34719,DogEye
34720,DogEye
34721,DogNose
34722,CatNose
34723,CatMouth
34724,CatEye
34725,CatNose
34726,DogEye
34727,DogMouth
34728,CatEye
34729,DogEye
34730,DogEye
34731,CatEye
34732,CatEye
34733,DogNose
34734,CatEye
34735,DogMouth
34736,CatMouth
34737,DogNose
34738,CatFace
34739,CatFace
34740,CatMouth
34741,CatEye
34742,CatFace
34743,CatMouth
34744,CatEye
34745,CatMouth
34746,CatNose
34747,DogNose
34748,CatEye
34749,DogEye
34750,CatFace
34751,DogNose
34752,DogNose
34753,CatMouth
34754,DogMouth
34755,CatFace
34756,CatEye
34757,CatEye
34758,DogEye
34759,CatEye
34760,CatFace
34761,CatNose
34762,CatMouth
34763,CatMouth
34764,DogFace
34765,CatMouth
34766,DogEye
34767,DogEye
34768,DogMouth
34769,DogNose
34770,DogEye
34771,CatFace
34772,DogNose
34773,CatEye
34774,DogEye
34775,DogMouth
34776,CatFace
34777,DogEye
34778,CatMouth
34779,DogFace
34780,CatMouth
34781,DogMouth
34782,DogEye
34783,CatEye
34784,DogEye
34785,CatFace
34786,CatEye
34787,CatEye
34788,DogMouth
34789,CatFace
34790,DogNose
34791,CatFace
34792,DogNose
34793,DogEye
34794,CatEye
34795,DogNose
34796,DogEye
34797,CatMouth
34798,DogFace
34799,DogNose
34800,CatFace
34801,DogEye
34802,DogEye
34803,DogFace
34804,DogEye
34805,DogFace
34806,DogMouth
34807,DogEye
34808,DogMouth
34809,CatEye
34810,DogMouth
34811,CatEye
34812,DogFace
34813,CatEye
34814,CatEye
34815,DogEye
34816,DogEye
34817,DogMouth
34818,DogEye
34819,DogNose
34820,CatEye
34821,CatMouth
34822,CatFace
34823,DogFace
34824,CatMouth
34825,CatEye
34826,CatNose
34827,CatFace
34828,CatEye
34829,CatNose
34830,DogEye
34831,CatFace
34832,DogNose
34833,DogEye
34834,CatNose
34835,CatFace
34836,DogNose
34837,CatMouth
34838,DogMouth
34839,CatNose
34840,DogNose
34841,CatMouth
34842,DogMouth
34843,CatFace
34844,CatFace
34845,CatNose
34846,CatMouth
34847,DogEye
34848,CatMouth
34849,DogEye
34850,DogEye
34851,DogNose
34852,DogEye
34853,CatFace
34854,CatEye
34855,DogEye
34856,DogEye
34857,CatNose
34858,DogEye
34859,DogEye
34860,DogNose
34861,DogMouth
34862,DogEye
34863,CatFace
34864,CatFace
34865,DogMouth
34866,CatEye
34867,CatMouth
34868,DogFace
34869,CatEye
34870,CatEye
34871,CatFace
34872,CatMouth
34873,CatEye
34874,CatMouth
34875,CatEye
34876,DogMouth
34877,CatEye
34878,DogFace
34879,CatMouth
34880,CatFace
34881,DogEye
34882,CatFace
34883,DogFace
34884,DogEye
34885,CatFace
34886,CatEye
34887,DogEye
34888,DogMouth
34889,DogEye
34890,DogFace
34891,CatEye
34892,CatNose
34893,DogEye
34894,DogNose
34895,DogEye
34896,DogEye
34897,DogEye
34898,CatEye
34899,DogFace
34900,CatMouth
34901,CatNose
34902,CatFace
34903,DogNose
34904,DogEye
34905,CatEye
34906,CatFace
34907,DogNose
34908,CatEye
34909,CatEye
34910,DogNose
34911,CatEye
34912,DogNose
34913,DogFace
34914,DogMouth
34915,CatEye
34916,CatNose
34917,DogNose
34918,DogMouth
34919,CatNose
34920,CatEye
34921,DogEye
34922,CatEye
34923,CatFace
34924,CatEye
34925,CatFace
34926,CatNose
34927,CatNose
34928,CatEye
34929,CatEye
34930,DogNose
34931,CatMouth
34932,CatNose
34933,DogEye
34934,DogEye
34935,CatFace
34936,CatMouth
34937,DogEye
34938,DogMouth
34939,CatEye
34940,DogEye
34941,CatFace
34942,DogEye
34943,DogEye
34944,DogNose
34945,CatEye
34946,CatEye
34947,DogEye
34948,DogFace
34949,DogFace
34950,DogMouth
34951,DogNose
34952,CatEye
34953,DogEye
34954,CatMouth
34955,CatMouth
34956,DogNose
34957,CatMouth
34958,CatMouth
34959,DogNose
34960,CatEye
34961,DogEye
34962,CatEye
34963,CatEye
34964,CatEye
34965,CatFace
34966,CatEye
34967,DogFace
34968,CatFace
34969,DogEye
34970,DogNose
34971,DogEye
34972,CatMouth
34973,CatNose
34974,DogFace
34975,CatEye
34976,CatFace
34977,DogFace
34978,CatEye
34979,DogEye
34980,CatEye
34981,CatNose
34982,CatEye
34983,CatEye
34984,DogFace
34985,DogNose
34986,DogMouth
34987,CatMouth
34988,CatMouth
34989,CatNose
34990,CatNose
34991,DogEye
34992,CatEye
34993,CatEye
34994,DogMouth
34995,CatNose
34996,DogFace
34997,CatEye
34998,CatMouth
34999,DogFace
35000,CatMouth
35001,DogFace
35002,CatNose
35003,DogEye
35004,CatNose
35005,DogMouth
35006,DogEye
35007,CatEye
35008,CatFace
35009,DogMouth
35010,CatEye
35011,CatEye
35012,DogEye
35013,CatNose
35014,CatFace
35015,CatFace
35016,CatNose
35017,CatMouth
35018,CatNose
35019,DogEye
35020,DogEye
35021,DogNose
35022,DogNose
35023,CatEye
35024,CatFace
35025,CatFace
35026,CatFace
35027,DogNose
35028,DogNose
35029,CatEye
35030,CatFace
35031,CatFace
35032,DogMouth
35033,DogMouth
35034,CatFace
35035,CatFace
35036,DogEye
35037,CatFace
35038,CatNose
35039,DogFace
35040,CatEye
35041,DogEye
35042,DogFace
35043,CatEye
35044,DogFace
35045,DogNose
35046,DogEye
35047,DogEye
35048,DogFace
35049,CatEye
35050,CatMouth
35051,DogNose
35052,DogNose
35053,CatEye
35054,CatFace
35055,DogFace
35056,CatFace
35057,CatNose
35058,CatFace
35059,DogEye
35060,CatFace
35061,CatEye
35062,DogEye
35063,DogFace
35064,CatEye
35065,DogMouth
35066,CatEye
35067,DogNose
35068,CatEye
35069,CatEye
35070,CatMouth
35071,DogEye
35072,DogEye
35073,CatEye
35074,CatEye
35075,DogFace
35076,DogFace
35077,CatEye
35078,DogEye
35079,DogEye
35080,CatEye
35081,DogMouth
35082,CatMouth
35083,CatEye
35084,CatEye
35085,CatNose
35086,DogEye
35087,DogNose
35088,DogMouth
35089,CatMouth
35090,CatEye
35091,DogMouth
35092,DogEye
35093,CatFace
35094,CatMouth
35095,DogEye
35096,CatFace
35097,DogNose
35098,DogNose
35099,DogFace
35100,CatFace
35101,DogEye
35102,DogFace
35103,DogNose
35104,CatNose
35105,DogMouth
35106,DogFace
35107,CatMouth
35108,CatNose
35109,CatNose
35110,CatEye
35111,DogEye
35112,DogEye
35113,DogEye
35114,CatNose
35115,DogEye
35116,DogFace
35117,DogEye
35118,CatNose
35119,DogMouth
35120,CatMouth
35121,CatNose
35122,CatMouth
35123,DogEye
35124,CatEye
35125,CatMouth
35126,CatFace
35127,CatMouth
35128,CatNose
35129,CatEye
35130,CatEye
35131,CatMouth
35132,CatFace
35133,DogEye
35134,CatMouth
35135,DogMouth
35136,CatEye
35137,CatEye
35138,DogMouth
35139,CatNose
35140,DogFace
35141,DogEye
35142,DogNose
35143,CatMouth
35144,DogEye
35145,CatMouth
35146,CatFace
35147,CatFace
35148,CatEye
35149,CatMouth
35150,DogFace
35151,CatEye
35152,DogNose
35153,DogFace
35154,CatFace
35155,DogNose
35156,CatEye
35157,CatFace
35158,DogEye
35159,CatNose
35160,CatNose
35161,DogFace
35162,CatEye
35163,CatNose
35164,CatMouth
35165,DogEye
35166,DogMouth
35167,DogNose
35168,CatEye
35169,DogEye
35170,DogFace
35171,CatEye
35172,DogMouth
35173,CatEye
35174,DogFace
35175,DogEye
35176,DogFace
35177,DogNose
35178,DogMouth
35179,CatMouth
35180,DogEye
35181,DogEye
35182,DogNose
35183,CatNose
35184,DogMouth
35185,CatMouth
35186,CatMouth
35187,CatEye
35188,CatFace
35189,CatFace
35190,DogFace
35191,DogFace
35192,DogEye
35193,CatNose
35194,CatMouth
35195,CatEye
35196,CatNose
35197,CatFace
35198,CatNose
35199,CatEye
35200,DogFace
35201,DogEye
35202,DogMouth
35203,CatMouth
35204,DogEye
35205,CatFace
35206,CatFace
35207,DogEye
35208,CatMouth
35209,DogEye
35210,DogMouth
35211,CatEye
35212,CatFace
35213,CatNose
35214,DogNose
35215,CatNose
35216,DogEye
35217,DogEye
35218,DogEye
35219,CatFace
35220,CatEye
35221,DogEye
35222,CatFace
35223,DogNose
35224,DogEye
35225,DogMouth
35226,CatFace
35227,DogNose
35228,DogNose
35229,DogNose
35230,DogEye
35231,DogFace
35232,DogEye
35233,CatFace
35234,DogMouth
35235,DogFace
35236,DogNose
35237,DogEye
35238,CatFace
35239,CatNose
35240,DogEye
35241,CatFace
35242,DogFace
35243,CatNose
35244,DogNose
35245,CatEye
35246,DogEye
35247,CatEye
35248,CatNose
35249,CatEye
35250,DogNose
35251,CatEye
35252,CatNose
35253,DogFace
35254,DogFace
35255,CatEye
35256,DogFace
35257,CatNose
35258,DogMouth
35259,DogEye
35260,DogMouth
35261,CatFace
35262,CatEye
35263,DogEye
35264,DogEye
35265,DogEye
35266,DogEye
35267,DogEye
35268,CatMouth
35269,DogMouth
35270,DogEye
35271,CatFace
35272,CatEye
35273,CatMouth
35274,DogFace
35275,CatMouth
35276,DogMouth
35277,DogEye
35278,CatMouth
35279,DogEye
35280,DogEye
35281,DogFace
35282,CatEye
35283,DogEye
35284,CatEye
35285,CatNose
35286,DogFace
35287,CatEye
35288,CatEye
35289,CatNose
35290,DogEye
35291,DogNose
35292,DogNose
35293,CatEye
35294,CatNose
35295,DogEye
35296,CatMouth
35297,DogNose
35298,DogFace
35299,CatEye
35300,DogMouth
35301,DogNose
35302,CatNose
35303,DogFace
35304,CatMouth
35305,CatEye
35306,CatFace
35307,CatMouth
35308,DogFace
35309,DogNose
35310,DogEye
35311,CatEye
35312,DogNose
35313,DogNose
35314,CatMouth
35315,DogFace
35316,CatMouth
35317,DogFace
35318,DogFace
35319,CatMouth
35320,CatMouth
35321,DogEye
35322,DogMouth
35323,CatEye
35324,DogFace
35325,CatMouth
35326,DogEye
35327,DogNose
35328,DogFace
35329,DogFace
35330,DogEye
35331,CatEye
35332,DogFace
35333,CatEye
35334,CatFace
35335,CatMouth
35336,DogEye
35337,CatNose
35338,CatEye
35339,DogEye
35340,CatEye
35341,DogNose
35342,CatMouth
35343,DogEye
35344,DogMouth
35345,CatMouth
35346,DogMouth
35347,DogMouth
35348,CatEye
35349,CatNose
35350,DogMouth
35351,DogNose
35352,CatFace
35353,DogFace
35354,CatEye
35355,CatEye
35356,CatEye
35357,CatEye
35358,CatEye
35359,DogEye
35360,DogMouth
35361,CatFace
35362,DogFace
35363,CatMouth
35364,CatMouth
35365,CatFace
35366,DogEye
35367,DogEye
35368,CatMouth
35369,CatMouth
35370,DogFace
35371,CatEye
35372,DogEye
35373,CatEye
35374,CatFace
35375,CatMouth
35376,CatEye
35377,CatMouth
35378,DogFace
35379,DogEye
35380,CatMouth
35381,CatEye
35382,CatMouth
35383,CatEye
35384,CatEye
35385,CatEye
35386,DogEye
35387,CatNose
35388,CatEye
35389,DogFace
35390,CatNose
35391,CatEye
35392,CatEye
35393,DogMouth
35394,CatEye
35395,CatEye
35396,DogNose
35397,CatNose
35398,CatEye
35399,DogEye
35400,DogEye
35401,CatFace
35402,CatNose
35403,CatEye
35404,CatFace
35405,CatNose
35406,CatEye
35407,CatEye
35408,CatNose
35409,DogFace
35410,DogFace
35411,DogMouth
35412,CatMouth
35413,CatEye
35414,CatFace
35415,CatMouth
35416,DogFace
35417,CatEye
35418,CatFace
35419,DogEye
35420,CatNose
35421,CatEye
35422,CatFace
35423,DogNose
35424,CatEye
35425,CatFace
35426,DogEye
35427,CatEye
35428,CatFace
35429,DogEye
35430,DogMouth
35431,CatMouth
35432,CatFace
35433,CatMouth
35434,DogFace
35435,CatEye
35436,DogEye
35437,CatNose
35438,DogEye
35439,CatEye
35440,CatFace
35441,DogEye
35442,CatEye
35443,CatFace
35444,DogMouth
35445,CatEye
35446,CatEye
35447,CatEye
35448,CatFace
35449,DogFace
35450,DogEye
35451,DogEye
35452,DogNose
35453,CatFace
35454,DogEye
35455,DogEye
35456,DogMouth
35457,CatFace
35458,CatNose
35459,DogEye
35460,CatFace
35461,DogMouth
35462,CatEye
35463,DogMouth
35464,CatMouth
35465,DogMouth
35466,CatFace
35467,DogNose
35468,DogEye
35469,CatNose
35470,CatEye
35471,DogMouth
35472,DogNose
35473,CatFace
35474,CatMouth
35475,CatFace
35476,CatFace
35477,DogNose
35478,CatEye
35479,CatEye
35480,CatEye
35481,DogEye
35482,CatEye
35483,DogEye
35484,DogFace
35485,DogFace
35486,CatNose
35487,CatFace
35488,DogNose
35489,CatEye
35490,CatFace
35491,CatMouth
35492,CatEye
35493,CatNose
35494,DogMouth
35495,DogEye
35496,DogEye
35497,CatMouth
35498,DogMouth
35499,DogEye
35500,CatEye
35501,DogEye
35502,CatEye
35503,CatEye
35504,DogEye
35505,CatEye
35506,CatFace
35507,DogEye
35508,CatNose
35509,DogEye
35510,DogMouth
35511,CatNose
35512,DogFace
35513,DogFace
35514,CatEye
35515,CatNose
35516,CatMouth
35517,DogEye
35518,CatMouth
35519,CatMouth
35520,DogEye
35521,CatMouth
35522,CatFace
35523,CatEye
35524,DogNose
35525,DogMouth
35526,CatEye
35527,CatEye
35528,CatEye
35529,CatNose
35530,CatEye
35531,CatEye
35532,CatFace
35533,DogEye
35534,DogEye
35535,CatEye
35536,DogEye
35537,DogMouth
35538,DogFace
35539,DogEye
35540,CatMouth
35541,CatMouth
35542,CatMouth
35543,CatEye
35544,CatFace
35545,DogEye
35546,CatEye
35547,CatEye
35548,DogEye
35549,DogEye
35550,CatEye
35551,DogEye
35552,DogEye
35553,DogMouth
35554,CatEye
35555,DogEye
35556,DogEye
35557,CatFace
35558,CatEye
35559,CatEye
35560,CatMouth
35561,CatEye
35562,DogNose
35563,DogEye
35564,DogEye
35565,CatMouth
35566,DogEye
35567,CatNose
35568,DogFace
35569,CatNose
35570,DogMouth
35571,CatMouth
35572,CatNose
35573,CatNose
35574,CatEye
35575,CatMouth
35576,DogMouth
35577,CatFace
35578,DogNose
35579,DogEye
35580,CatNose
35581,DogNose
35582,CatNose
35583,CatEye
35584,CatNose
35585,DogEye
35586,CatMouth
35587,DogMouth
35588,CatMouth
35589,DogNose
35590,DogMouth
35591,CatEye
35592,DogNose
35593,CatFace
35594,CatNose
35595,CatFace
35596,CatMouth
35597,DogMouth
35598,CatNose
35599,CatMouth
35600,CatMouth
35601,DogNose
35602,CatFace
35603,DogEye
35604,DogMouth
35605,CatEye
35606,DogFace
35607,CatNose
35608,DogNose
35609,CatMouth
35610,DogMouth
35611,CatEye
35612,DogEye
35613,DogEye
35614,DogMouth
35615,CatFace
35616,CatEye
35617,CatNose
35618,DogFace
35619,DogEye
35620,CatEye
35621,CatFace
35622,DogNose
35623,DogEye
35624,CatEye
35625,CatEye
35626,CatEye
35627,CatEye
35628,DogMouth
35629,CatFace
35630,CatEye
35631,CatEye
35632,DogNose
35633,DogEye
35634,CatEye
35635,DogEye
35636,CatMouth
35637,CatFace
35638,DogEye
35639,DogNose
35640,DogNose
35641,CatMouth
35642,CatMouth
35643,CatEye
35644,CatEye
35645,DogMouth
35646,DogMouth
35647,DogEye
35648,DogEye
35649,CatEye
35650,CatNose
35651,CatNose
35652,DogNose
35653,DogNose
35654,DogNose
35655,DogFace
35656,CatFace
35657,DogEye
35658,DogMouth
35659,CatEye
35660,CatFace
35661,DogMouth
35662,CatMouth
35663,DogEye
35664,DogEye
35665,CatEye
35666,DogEye
35667,DogEye
35668,CatFace
35669,CatMouth
35670,DogMouth
35671,CatMouth
35672,CatEye
35673,CatEye
35674,DogFace
35675,CatFace
35676,CatMouth
35677,DogEye
35678,DogFace
35679,DogNose
35680,DogMouth
35681,CatNose
35682,CatMouth
35683,DogMouth
35684,DogEye
35685,CatEye
35686,DogMouth
35687,DogEye
35688,CatEye
35689,DogMouth
35690,DogEye
35691,CatNose
35692,DogEye
35693,DogNose
35694,CatMouth
35695,DogNose
35696,CatEye
35697,CatNose
35698,CatNose
35699,DogEye
35700,CatEye
35701,DogEye
35702,DogNose
35703,DogMouth
35704,DogMouth
35705,DogNose
35706,DogFace
35707,DogEye
35708,DogEye
35709,CatMouth
35710,DogEye
35711,DogFace
35712,DogNose
35713,CatNose
35714,CatNose
35715,DogMouth
35716,CatFace
35717,CatNose
35718,DogEye
35719,CatNose
35720,DogMouth
35721,CatEye
35722,CatEye
35723,DogEye
35724,CatEye
35725,CatFace
35726,CatEye
35727,CatNose
35728,DogFace
35729,DogEye
35730,DogFace
35731,CatNose
35732,CatEye
35733,CatEye
35734,DogNose
35735,CatEye
35736,CatNose
35737,CatFace
35738,DogMouth
35739,CatNose
35740,CatMouth
35741,DogMouth
35742,CatEye
35743,CatEye
35744,CatMouth
35745,CatEye
35746,DogEye
35747,DogFace
35748,CatFace
35749,DogEye
35750,DogEye
35751,DogFace
35752,CatNose
35753,DogEye
35754,DogEye
35755,DogNose
35756,DogEye
35757,DogEye
35758,DogEye
35759,DogEye
35760,CatNose
35761,DogEye
35762,DogNose
35763,CatMouth
35764,CatNose
35765,DogMouth
35766,DogEye
35767,DogMouth
35768,DogNose
35769,CatMouth
35770,DogEye
35771,DogFace
35772,CatEye
35773,DogEye
35774,DogMouth
35775,DogMouth
35776,CatFace
35777,CatNose
35778,CatFace
35779,CatFace
35780,CatNose
35781,DogFace
35782,DogMouth
35783,CatEye
35784,DogFace
35785,DogEye
35786,CatNose
35787,DogMouth
35788,CatMouth
35789,CatEye
35790,CatNose
35791,DogEye
35792,CatEye
35793,DogMouth
35794,CatEye
35795,DogFace
35796,DogEye
35797,CatEye
35798,CatEye
35799,DogEye
35800,CatMouth
35801,DogFace
35802,CatMouth
35803,CatNose
35804,CatMouth
35805,CatFace
35806,DogFace
35807,CatMouth
35808,DogNose
35809,DogNose
35810,CatFace
35811,CatEye
35812,DogNose
35813,DogMouth
35814,CatFace
35815,DogEye
35816,DogNose
35817,DogEye
35818,DogFace
35819,DogEye
35820,DogEye
35821,CatNose
35822,DogEye
35823,DogMouth
35824,CatFace
35825,DogEye
35826,CatMouth
35827,DogMouth
35828,CatEye
35829,CatNose
35830,CatNose
35831,DogFace
35832,CatFace
35833,CatNose
35834,DogNose
35835,DogNose
35836,CatMouth
35837,CatNose
35838,DogMouth
35839,CatEye
35840,CatNose
35841,CatEye
35842,CatEye
35843,CatEye
35844,CatNose
35845,CatFace
35846,CatEye
35847,DogEye
35848,CatFace
35849,DogFace
35850,CatEye
35851,CatEye
35852,CatEye
35853,DogNose
35854,DogMouth
35855,CatMouth
35856,DogNose
35857,CatFace
35858,DogNose
35859,DogFace
35860,DogNose
35861,DogMouth
35862,DogMouth
35863,CatMouth
35864,CatEye
35865,DogMouth
35866,DogNose
35867,DogMouth
35868,DogMouth
35869,CatEye
35870,DogMouth
35871,DogEye
35872,CatFace
35873,DogMouth
35874,CatMouth
35875,CatEye
35876,CatFace
35877,CatMouth
35878,DogEye
35879,DogEye
35880,CatFace
35881,DogEye
35882,DogFace
35883,DogMouth
35884,DogEye
35885,CatNose
35886,CatEye
35887,CatEye
35888,DogEye
35889,CatEye
35890,DogEye
35891,CatNose
35892,CatNose
35893,DogEye
35894,CatEye
35895,CatFace
35896,CatNose
35897,CatNose
35898,DogMouth
35899,DogMouth
35900,CatNose
35901,CatFace
35902,CatEye
35903,DogNose
35904,DogFace
35905,CatMouth
35906,CatFace
35907,CatEye
35908,DogNose
35909,CatEye
35910,CatFace
35911,DogNose
35912,CatMouth
35913,CatNose
35914,DogNose
35915,CatNose
35916,DogFace
35917,DogNose
35918,DogFace
35919,CatEye
35920,CatEye
35921,DogMouth
35922,DogEye
35923,CatEye
35924,DogEye
35925,DogMouth
35926,CatFace
35927,DogMouth
35928,CatMouth
35929,CatEye
35930,CatNose
35931,CatEye
35932,CatMouth
35933,DogEye
35934,CatMouth
35935,CatFace
35936,CatNose
35937,CatFace
35938,CatFace
35939,CatNose
35940,DogMouth
35941,CatEye
35942,CatFace
35943,DogNose
35944,CatMouth
35945,CatEye
35946,DogMouth
35947,CatMouth
35948,DogNose
35949,CatEye
35950,CatEye
35951,CatNose
35952,DogMouth
35953,CatEye
35954,CatEye
35955,DogNose
35956,CatMouth
35957,CatFace
35958,CatNose
35959,DogFace
35960,CatEye
35961,CatFace
35962,DogNose
35963,CatEye
35964,DogMouth
35965,CatMouth
35966,CatNose
35967,DogEye
35968,DogEye
35969,CatMouth
35970,CatMouth
35971,DogEye
35972,CatMouth
35973,DogNose
35974,CatFace
35975,DogEye
35976,DogEye
35977,CatEye
35978,CatEye
35979,DogEye
35980,CatMouth
35981,CatNose
35982,DogFace
35983,CatFace
35984,DogNose
35985,CatMouth
35986,DogMouth
35987,CatMouth
35988,DogNose
35989,DogNose
35990,DogNose
35991,CatMouth
35992,DogNose
35993,CatEye
35994,DogEye
35995,DogNose
35996,CatEye
35997,DogNose
35998,DogFace
35999,CatEye
36000,DogEye
36001,CatMouth
36002,CatFace
36003,DogEye
36004,CatMouth
36005,DogMouth
36006,CatMouth
36007,CatEye
36008,CatEye
36009,CatEye
36010,CatEye
36011,DogEye
36012,DogFace
36013,DogEye
36014,CatMouth
36015,DogEye
36016,DogEye
36017,CatEye
36018,CatNose
36019,DogNose
36020,CatMouth
36021,DogEye
36022,DogEye
36023,DogNose
36024,DogMouth
36025,CatFace
36026,DogMouth
36027,CatFace
36028,CatEye
36029,DogMouth
36030,CatEye
36031,DogEye
36032,CatFace
36033,CatFace
36034,CatFace
36035,CatMouth
36036,DogFace
36037,CatNose
36038,CatEye
36039,DogEye
36040,CatNose
36041,DogEye
36042,DogMouth
36043,CatMouth
36044,DogFace
36045,DogMouth
36046,DogEye
36047,CatMouth
36048,DogFace
36049,CatMouth
36050,CatEye
36051,DogNose
36052,DogEye
36053,DogNose
36054,CatFace
36055,DogMouth
36056,DogMouth
36057,DogNose
36058,CatEye
36059,CatEye
36060,CatEye
36061,CatEye
36062,DogNose
36063,DogEye
36064,DogFace
36065,DogNose
36066,CatNose
36067,CatNose
36068,CatMouth
36069,CatEye
36070,CatFace
36071,CatEye
36072,CatEye
36073,DogEye
36074,DogEye
36075,CatNose
36076,DogEye
36077,DogMouth
36078,DogEye
36079,DogEye
36080,DogFace
36081,CatFace
36082,CatMouth
36083,CatMouth
36084,CatMouth
36085,CatNose
36086,DogNose
36087,CatMouth
36088,CatFace
36089,DogFace
36090,DogEye
36091,CatEye
36092,CatFace
36093,DogFace
36094,DogMouth
36095,CatEye
36096,CatMouth
36097,CatEye
36098,DogNose
36099,CatFace
36100,CatMouth
36101,DogFace
36102,CatNose
36103,CatFace
36104,CatEye
36105,DogMouth
36106,DogNose
36107,CatNose
36108,CatFace
36109,DogMouth
36110,CatEye
36111,CatEye
36112,CatEye
36113,CatEye
36114,CatFace
36115,DogNose
36116,DogNose
36117,CatEye
36118,CatFace
36119,CatEye
36120,CatFace
36121,CatEye
36122,CatMouth
36123,CatEye
36124,CatNose
36125,CatEye
36126,CatMouth
36127,CatMouth
36128,CatNose
36129,DogMouth
36130,CatNose
36131,CatFace
36132,CatEye
36133,CatMouth
36134,CatMouth
36135,DogEye
36136,CatEye
36137,DogNose
36138,DogNose
36139,DogEye
36140,CatEye
36141,CatNose
36142,CatNose
36143,CatMouth
36144,CatFace
36145,DogEye
36146,CatFace
36147,DogEye
36148,DogFace
36149,DogEye
36150,CatEye
36151,CatNose
36152,CatMouth
36153,DogMouth
36154,DogMouth
36155,CatMouth
36156,CatEye
36157,CatNose
36158,CatEye
36159,DogEye
36160,DogFace
36161,DogFace
36162,CatMouth
36163,CatEye
36164,CatNose
36165,DogFace
36166,CatNose
36167,DogEye
36168,CatEye
36169,DogMouth
36170,DogEye
36171,CatEye
36172,CatEye
36173,CatEye
36174,DogEye
36175,CatMouth
36176,DogFace
36177,CatMouth
36178,DogEye
36179,DogFace
36180,CatNose
36181,DogEye
36182,CatEye
36183,DogEye
36184,DogMouth
36185,DogFace
36186,DogEye
36187,CatMouth
36188,CatEye
36189,CatFace
36190,DogEye
36191,DogFace
36192,CatMouth
36193,CatNose
36194,CatEye
36195,CatFace
36196,CatEye
36197,CatMouth
36198,CatEye
36199,CatNose
36200,CatEye
36201,CatMouth
36202,CatFace
36203,CatEye
36204,DogEye
36205,CatMouth
36206,DogNose
36207,CatEye
36208,CatMouth
36209,DogMouth
36210,DogNose
36211,CatMouth
36212,CatMouth
36213,CatMouth
36214,DogEye
36215,CatNose
36216,CatEye
36217,DogMouth
36218,DogFace
36219,DogEye
36220,CatMouth
36221,CatFace
36222,CatNose
36223,CatEye
36224,DogEye
36225,DogEye
36226,DogEye
36227,DogMouth
36228,CatMouth
36229,CatFace
36230,CatEye
36231,CatMouth
36232,CatNose
36233,CatEye
36234,CatEye
36235,DogEye
36236,DogNose
36237,CatFace
36238,CatNose
36239,DogFace
36240,CatEye
36241,CatEye
36242,CatNose
36243,CatFace
36244,DogMouth
36245,DogMouth
36246,DogEye
36247,CatFace
36248,CatFace
36249,CatEye
36250,DogMouth
36251,CatMouth
36252,CatEye
36253,DogNose
36254,DogEye
36255,CatNose
36256,DogEye
36257,DogEye
36258,CatFace
36259,CatEye
36260,CatNose
36261,DogNose
36262,DogNose
36263,DogEye
36264,DogEye
36265,DogEye
36266,CatFace
36267,DogFace
36268,CatNose
36269,CatEye
36270,CatEye
36271,CatNose
36272,CatNose
36273,DogFace
36274,DogEye
36275,DogEye
36276,CatEye
36277,CatEye
36278,CatEye
36279,CatEye
36280,CatNose
36281,CatEye
36282,CatFace
36283,CatEye
36284,DogMouth
36285,DogFace
36286,CatMouth
36287,CatEye
36288,CatFace
36289,DogFace
36290,CatEye
36291,CatEye
36292,CatNose
36293,CatMouth
36294,CatNose
36295,DogFace
36296,CatFace
36297,DogMouth
36298,DogEye
36299,DogEye
36300,CatNose
36301,CatEye
36302,DogMouth
36303,DogFace
36304,CatNose
36305,CatEye
36306,CatMouth
36307,CatEye
36308,DogMouth
36309,CatFace
36310,CatMouth
36311,CatEye
36312,CatMouth
36313,CatMouth
36314,CatEye
36315,DogMouth
36316,DogNose
36317,CatEye
36318,CatEye
36319,DogFace
36320,CatEye
36321,CatEye
36322,CatNose
36323,DogFace
36324,CatFace
36325,CatEye
36326,DogMouth
36327,DogMouth
36328,CatEye
36329,DogEye
36330,DogEye
36331,DogEye
36332,DogEye
36333,CatEye
36334,CatEye
36335,CatEye
36336,DogEye
36337,DogEye
36338,CatMouth
36339,DogNose
36340,CatEye
36341,CatMouth
36342,DogEye
36343,CatFace
36344,CatEye
36345,CatNose
36346,DogEye
36347,DogEye
36348,CatMouth
36349,CatEye
36350,DogEye
36351,CatEye
36352,DogEye
36353,DogEye
36354,CatMouth
36355,CatEye
36356,DogFace
36357,CatEye
36358,CatEye
36359,DogFace
36360,DogEye
36361,DogMouth
36362,DogFace
36363,CatFace
36364,DogEye
36365,DogEye
36366,CatEye
36367,CatEye
36368,DogEye
36369,DogFace
36370,CatMouth
36371,CatFace
36372,DogNose
36373,CatMouth
36374,CatEye
36375,DogEye
36376,CatMouth
36377,CatEye
36378,CatEye
36379,CatMouth
36380,CatEye
36381,CatFace
36382,DogMouth
36383,DogEye
36384,DogEye
36385,CatEye
36386,DogEye
36387,CatEye
36388,CatNose
36389,CatEye
36390,CatMouth
36391,CatNose
36392,CatFace
36393,DogFace
36394,CatMouth
36395,DogEye
36396,CatFace
36397,CatEye
36398,CatNose
36399,DogNose
36400,CatEye
36401,DogNose
36402,DogFace
36403,CatFace
36404,DogMouth
36405,DogEye
36406,CatEye
36407,DogMouth
36408,CatNose
36409,DogFace
36410,CatMouth
36411,DogNose
36412,DogEye
36413,DogNose
36414,CatEye
36415,DogMouth
36416,CatEye
36417,DogFace
36418,DogMouth
36419,DogMouth
36420,CatFace
36421,CatNose
36422,DogFace
36423,DogEye
36424,DogEye
36425,CatFace
36426,DogFace
36427,CatEye
36428,DogEye
36429,CatEye
36430,CatNose
36431,DogEye
36432,DogEye
36433,CatNose
36434,DogFace
36435,CatMouth
36436,DogEye
36437,CatEye
36438,CatMouth
36439,CatEye
36440,DogFace
36441,DogNose
36442,CatEye
36443,CatEye
36444,CatEye
36445,CatEye
36446,CatEye
36447,CatEye
36448,CatNose
36449,DogNose
36450,CatNose
36451,DogEye
36452,DogEye
36453,DogEye
36454,DogNose
36455,CatNose
36456,CatFace
36457,DogEye
36458,DogMouth
36459,DogMouth
36460,CatFace
36461,CatMouth
36462,CatFace
36463,DogNose
36464,DogEye
36465,DogNose
36466,CatEye
36467,CatEye
36468,CatEye
36469,DogEye
36470,CatFace
36471,CatEye
36472,DogFace
36473,CatEye
36474,CatFace
36475,DogEye
36476,CatEye
36477,DogEye
36478,CatFace
36479,CatMouth
36480,CatNose
36481,CatMouth
36482,CatEye
36483,DogNose
36484,DogEye
36485,DogMouth
36486,CatNose
36487,DogFace
36488,DogNose
36489,DogFace
36490,DogNose
36491,CatFace
36492,CatEye
36493,DogFace
36494,DogMouth
36495,DogFace
36496,DogEye
36497,DogFace
36498,DogEye
36499,DogNose
36500,CatFace
36501,CatEye
36502,DogMouth
36503,CatEye
36504,DogEye
36505,CatNose
36506,DogEye
36507,CatMouth
36508,CatEye
36509,CatEye
36510,CatNose
36511,CatFace
36512,CatEye
36513,CatNose
36514,CatFace
36515,CatEye
36516,DogEye
36517,DogFace
36518,CatEye
36519,CatNose
36520,DogNose
36521,CatEye
36522,DogNose
36523,DogEye
36524,CatEye
36525,CatFace
36526,CatMouth
36527,CatEye
36528,DogMouth
36529,DogEye
36530,CatNose
36531,DogEye
36532,CatEye
36533,DogNose
36534,DogNose
36535,CatFace
36536,DogNose
36537,CatEye
36538,DogEye
36539,DogNose
36540,CatFace
36541,DogFace
36542,CatEye
36543,DogEye
36544,CatEye
36545,CatMouth
36546,DogNose
36547,CatEye
36548,CatEye
36549,CatNose
36550,DogEye
36551,CatEye
36552,CatFace
36553,CatMouth
36554,DogEye
36555,CatFace
36556,CatEye
36557,CatMouth
36558,DogEye
36559,DogMouth
36560,CatEye
36561,DogNose
36562,CatFace
36563,CatMouth
36564,DogEye
36565,DogEye
36566,CatFace
36567,DogFace
36568,CatEye
36569,DogEye
36570,CatNose
36571,DogEye
36572,DogNose
36573,CatEye
36574,CatEye
36575,DogNose
36576,CatNose
36577,DogNose
36578,DogNose
36579,CatMouth
36580,CatMouth
36581,CatFace
36582,DogFace
36583,DogEye
36584,DogNose
36585,DogEye
36586,CatMouth
36587,DogMouth
36588,CatEye
36589,CatEye
36590,CatMouth
36591,CatNose
36592,DogMouth
36593,CatEye
36594,CatFace
36595,CatMouth
36596,DogFace
36597,DogMouth
36598,CatFace
36599,DogMouth
36600,CatEye
36601,CatEye
36602,CatEye
36603,CatNose
36604,DogMouth
36605,CatNose
36606,CatMouth
36607,DogMouth
36608,DogMouth
36609,CatEye
36610,CatNose
36611,CatEye
36612,DogFace
36613,DogNose
36614,DogMouth
36615,CatFace
36616,DogNose
36617,DogFace
36618,CatNose
36619,CatFace
36620,DogEye
36621,CatEye
36622,CatFace
36623,CatEye
36624,CatNose
36625,DogMouth
36626,DogEye
36627,CatNose
36628,CatFace
36629,DogFace
36630,CatEye
36631,CatFace
36632,CatFace
36633,DogEye
36634,DogFace
36635,DogMouth
36636,DogMouth
36637,CatMouth
36638,DogEye
36639,CatMouth
36640,DogNose
36641,CatMouth
36642,DogMouth
36643,DogFace
36644,DogNose
36645,CatMouth
36646,CatNose
36647,CatMouth
36648,DogNose
36649,DogNose
36650,DogEye
36651,CatMouth
36652,DogMouth
36653,CatNose
36654,DogFace
36655,DogEye
36656,CatNose
36657,DogEye
36658,CatEye
36659,CatEye
36660,DogFace
36661,CatEye
36662,CatFace
36663,DogFace
36664,CatFace
36665,DogFace
36666,CatEye
36667,CatMouth
36668,CatEye
36669,CatMouth
36670,CatMouth
36671,CatEye
36672,DogNose
36673,DogEye
36674,CatEye
36675,CatEye
36676,DogEye
36677,CatNose
36678,CatEye
36679,CatNose
36680,CatEye
36681,DogFace
36682,DogMouth
36683,DogEye
36684,DogEye
36685,DogNose
36686,CatFace
36687,DogMouth
36688,CatEye
36689,CatFace
36690,DogFace
36691,CatNose
36692,CatEye
36693,DogEye
36694,CatEye
36695,DogMouth
36696,DogNose
36697,CatNose
36698,CatNose
36699,DogEye
36700,DogMouth
36701,DogMouth
36702,DogNose
36703,CatEye
36704,CatFace
36705,CatMouth
36706,CatEye
36707,CatMouth
36708,DogEye
36709,DogMouth
36710,DogEye
36711,DogEye
36712,DogEye
36713,CatEye
36714,CatEye
36715,CatFace
36716,DogMouth
36717,DogMouth
36718,DogEye
36719,DogFace
36720,CatNose
36721,DogEye
36722,DogEye
36723,CatEye
36724,DogNose
36725,DogEye
36726,DogEye
36727,DogFace
36728,DogEye
36729,DogFace
36730,CatNose
36731,DogFace
36732,DogFace
36733,DogEye
36734,DogEye
36735,DogMouth
36736,CatFace
36737,CatNose
36738,DogFace
36739,DogEye
36740,CatEye
36741,DogEye
36742,CatEye
36743,CatNose
36744,CatMouth
36745,DogEye
36746,DogEye
36747,DogFace
36748,DogFace
36749,CatFace
36750,DogEye
36751,DogFace
36752,DogMouth
36753,CatNose
36754,DogFace
36755,DogFace
36756,CatNose
36757,DogEye
36758,DogEye
36759,CatEye
36760,CatEye
36761,DogMouth
36762,DogNose
36763,CatNose
36764,CatEye
36765,DogFace
36766,DogEye
36767,CatMouth
36768,DogEye
36769,DogMouth
36770,CatNose
36771,CatEye
36772,CatNose
36773,CatNose
36774,DogEye
36775,DogEye
36776,CatNose
36777,DogEye
36778,CatMouth
36779,CatMouth
36780,CatNose
36781,DogEye
36782,DogNose
36783,CatMouth
36784,CatEye
36785,CatNose
36786,CatMouth
36787,DogMouth
36788,DogNose
36789,DogNose
36790,DogEye
36791,DogNose
36792,DogNose
36793,DogEye
36794,CatNose
36795,CatFace
36796,CatEye
36797,CatFace
36798,CatNose
36799,CatEye
36800,CatEye
36801,DogEye
36802,CatNose
36803,DogNose
36804,DogNose
36805,DogEye
36806,DogEye
36807,CatFace
36808,CatEye
36809,DogFace
36810,CatMouth
36811,DogMouth
36812,DogMouth
36813,CatMouth
36814,DogEye
36815,DogMouth
36816,CatNose
36817,CatEye
36818,CatFace
36819,DogFace
36820,DogMouth
36821,DogFace
36822,CatMouth
36823,CatNose
36824,DogMouth
36825,DogFace
36826,DogMouth
36827,DogNose
36828,DogEye
36829,CatFace
36830,CatMouth
36831,CatNose
36832,CatFace
36833,DogFace
36834,CatMouth
36835,CatEye
36836,CatEye
36837,CatFace
36838,DogEye
36839,CatMouth
36840,DogEye
36841,CatNose
36842,CatFace
36843,DogEye
36844,DogEye
36845,CatNose
36846,CatEye
36847,CatMouth
36848,DogNose
36849,CatMouth
36850,CatFace
36851,CatEye
36852,CatFace
36853,DogFace
36854,CatEye
36855,CatEye
36856,CatEye
36857,CatNose
36858,CatFace
36859,CatFace
36860,CatNose
36861,CatEye
36862,DogFace
36863,CatNose
36864,CatMouth
36865,CatEye
36866,CatMouth
36867,DogFace
36868,CatEye
36869,CatNose
36870,CatEye
36871,CatMouth
36872,CatEye
36873,CatEye
36874,DogNose
36875,DogFace
36876,DogNose
36877,CatMouth
36878,DogFace
36879,CatEye
36880,CatEye
36881,DogEye
36882,CatNose
36883,CatFace
36884,DogFace
36885,DogMouth
36886,CatEye
36887,CatFace
36888,DogMouth
36889,CatFace
36890,DogEye
36891,DogFace
36892,DogMouth
36893,DogEye
36894,DogEye
36895,DogNose
36896,CatMouth
36897,DogFace
36898,DogEye
36899,DogMouth
36900,CatFace
36901,CatNose
36902,DogEye
36903,CatEye
36904,DogEye
36905,CatNose
36906,CatFace
36907,CatFace
36908,DogNose
36909,DogNose
36910,DogFace
36911,CatEye
36912,DogEye
36913,DogFace
36914,DogNose
36915,CatNose
36916,DogNose
36917,CatMouth
36918,DogFace
36919,CatNose
36920,DogMouth
36921,DogEye
36922,DogEye
36923,DogEye
36924,DogNose
36925,DogFace
36926,CatEye
36927,DogNose
36928,CatFace
36929,DogEye
36930,CatEye
36931,DogEye
36932,CatFace
36933,DogMouth
36934,DogFace
36935,DogMouth
36936,CatEye
36937,CatNose
36938,CatNose
36939,CatMouth
36940,DogEye
36941,CatNose
36942,DogEye
36943,CatEye
36944,DogNose
36945,CatEye
36946,CatNose
36947,CatMouth
36948,CatNose
36949,DogFace
36950,CatEye
36951,CatNose
36952,CatEye
36953,DogEye
36954,DogEye
36955,CatMouth
36956,CatNose
36957,DogMouth
36958,CatEye
36959,CatEye
36960,CatFace
36961,CatNose
36962,DogEye
36963,DogMouth
36964,CatNose
36965,DogMouth
36966,DogFace
36967,CatFace
36968,DogMouth
36969,CatFace
36970,DogEye
36971,CatFace
36972,DogEye
36973,DogFace
36974,DogNose
36975,CatEye
36976,DogFace
36977,DogEye
36978,CatMouth
36979,CatMouth
36980,CatNose
36981,CatEye
36982,CatFace
36983,CatEye
36984,CatNose
36985,CatFace
36986,DogFace
36987,CatNose
36988,DogEye
36989,DogMouth
36990,CatMouth
36991,CatMouth
36992,DogMouth
36993,CatNose
36994,CatEye
36995,CatMouth
36996,CatNose
36997,DogEye
36998,CatEye
36999,DogEye
37000,CatEye
37001,CatMouth
37002,CatEye
37003,CatFace
37004,CatMouth
37005,DogMouth
37006,DogFace
37007,DogFace
37008,DogMouth
37009,DogEye
37010,CatEye
37011,DogEye
37012,DogEye
37013,CatNose
37014,CatMouth
37015,CatFace
37016,CatNose
37017,CatNose
37018,CatEye
37019,CatNose
37020,DogEye
37021,CatNose
37022,CatMouth
37023,CatFace
37024,DogFace
37025,CatFace
37026,DogFace
37027,CatEye
37028,CatEye
37029,CatMouth
37030,CatEye
37031,DogMouth
37032,DogNose
37033,CatMouth
37034,CatFace
37035,CatEye
37036,CatEye
37037,DogEye
37038,DogFace
37039,CatEye
37040,DogFace
37041,CatMouth
37042,DogEye
37043,CatEye
37044,CatEye
37045,DogMouth
37046,CatFace
37047,CatEye
37048,CatEye
37049,DogEye
37050,CatEye
37051,CatMouth
37052,DogMouth
37053,CatEye
37054,DogFace
37055,CatEye
37056,DogEye
37057,CatFace
37058,DogEye
37059,DogEye
37060,DogNose
37061,CatNose
37062,CatNose
37063,CatEye
37064,CatFace
37065,CatFace
37066,DogMouth
37067,CatEye
37068,DogEye
37069,CatEye
37070,DogEye
37071,CatEye
37072,CatNose
37073,CatEye
37074,CatEye
37075,CatEye
37076,CatNose
37077,CatMouth
37078,CatNose
37079,CatEye
37080,CatEye
37081,CatEye
37082,CatMouth
37083,DogFace
37084,DogMouth
37085,CatEye
37086,CatEye
37087,CatEye
37088,DogEye
37089,DogNose
37090,CatNose
37091,CatEye
37092,CatNose
37093,CatEye
37094,CatNose
37095,DogFace
37096,CatEye
37097,CatNose
37098,DogFace
37099,CatEye
37100,CatEye
37101,CatFace
37102,CatMouth
37103,CatMouth
37104,CatNose
37105,CatEye
37106,DogMouth
37107,DogNose
37108,CatMouth
37109,CatEye
37110,CatNose
37111,CatNose
37112,DogEye
37113,DogEye
37114,CatEye
37115,DogMouth
37116,CatNose
37117,CatFace
37118,CatFace
37119,DogNose
37120,DogMouth
37121,CatNose
37122,DogEye
37123,CatMouth
37124,CatFace
37125,DogNose
37126,DogMouth
37127,DogEye
37128,DogFace
37129,DogMouth
37130,CatNose
37131,CatEye
37132,DogNose
37133,DogEye
37134,DogFace
37135,DogMouth
37136,CatMouth
37137,DogEye
37138,DogEye
37139,DogMouth
37140,DogNose
37141,DogNose
37142,DogFace
37143,CatFace
37144,DogEye
37145,CatNose
37146,CatEye
37147,DogMouth
37148,DogFace
37149,CatFace
37150,CatMouth
37151,CatEye
37152,DogFace
37153,DogEye
37154,CatNose
37155,DogEye
37156,CatNose
37157,CatNose
37158,DogNose
37159,CatNose
37160,DogEye
37161,CatMouth
37162,CatEye
37163,CatEye
37164,CatFace
37165,CatEye
37166,DogMouth
37167,CatEye
37168,DogEye
37169,DogFace
37170,CatNose
37171,CatNose
37172,DogNose
37173,CatMouth
37174,CatEye
37175,CatNose
37176,CatEye
37177,CatFace
37178,CatEye
37179,CatFace
37180,CatMouth
37181,CatNose
37182,DogNose
37183,DogMouth
37184,CatEye
37185,CatEye
37186,CatEye
37187,CatFace
37188,CatMouth
37189,DogFace
37190,DogEye
37191,DogMouth
37192,CatEye
37193,CatMouth
37194,CatEye
37195,DogEye
37196,CatFace
37197,CatFace
37198,CatEye
37199,DogNose
37200,CatEye
37201,DogNose
37202,DogEye
37203,DogNose
37204,DogNose
37205,DogMouth
37206,CatMouth
37207,DogFace
37208,CatFace
37209,CatMouth
37210,CatEye
37211,CatEye
37212,CatEye
37213,DogEye
37214,DogMouth
37215,DogEye
37216,DogFace
37217,DogFace
37218,CatFace
37219,DogFace
37220,CatMouth
37221,CatFace
37222,DogEye
37223,CatNose
37224,CatFace
37225,DogEye
37226,DogFace
37227,CatMouth
37228,CatMouth
37229,DogEye
37230,CatNose
37231,CatMouth
37232,CatFace
37233,CatMouth
37234,DogEye
37235,CatEye
37236,CatNose
37237,DogMouth
37238,CatFace
37239,CatFace
37240,CatEye
37241,CatNose
37242,DogEye
37243,CatEye
37244,CatEye
37245,CatEye
37246,DogMouth
37247,DogNose
37248,DogNose
37249,DogEye
37250,DogNose
37251,DogMouth
37252,CatEye
37253,CatNose
37254,DogMouth
37255,CatEye
37256,CatFace
37257,DogEye
37258,CatEye
37259,CatEye
37260,CatFace
37261,DogEye
37262,CatEye
37263,DogFace
37264,CatNose
37265,DogFace
37266,DogMouth
37267,CatEye
37268,DogNose
37269,CatNose
37270,CatEye
37271,CatNose
37272,CatNose
37273,DogEye
37274,DogFace
37275,CatFace
37276,CatEye
37277,DogEye
37278,DogNose
37279,DogFace
37280,CatMouth
37281,CatFace
37282,DogEye
37283,DogFace
37284,CatMouth
37285,CatFace
37286,DogNose
37287,CatMouth
37288,DogEye
37289,DogEye
37290,DogEye
37291,DogEye
37292,DogNose
37293,CatEye
37294,CatEye
37295,CatNose
37296,CatEye
37297,DogNose
37298,CatFace
37299,CatMouth
37300,CatEye
37301,DogEye
37302,DogEye
37303,CatEye
37304,DogFace
37305,CatEye
37306,DogEye
37307,DogMouth
37308,CatNose
37309,CatEye
37310,DogFace
37311,CatMouth
37312,CatFace
37313,CatFace
37314,DogNose
37315,CatEye
37316,CatNose
37317,CatMouth
37318,DogFace
37319,DogMouth
37320,CatEye
37321,CatNose
37322,DogFace
37323,DogEye
37324,CatMouth
37325,CatEye
37326,DogFace
37327,CatEye
37328,CatFace
37329,DogNose
37330,CatNose
37331,CatEye
37332,DogNose
37333,DogFace
37334,DogFace
37335,DogMouth
37336,DogNose
37337,CatFace
37338,DogFace
37339,DogFace
37340,CatMouth
37341,CatFace
37342,DogEye
37343,CatNose
37344,CatEye
37345,CatFace
37346,CatNose
37347,DogNose
37348,CatMouth
37349,CatNose
37350,DogEye
37351,DogNose
37352,CatMouth
37353,DogFace
37354,CatEye
37355,DogEye
37356,CatEye
37357,DogNose
37358,DogMouth
37359,CatEye
37360,CatEye
37361,CatNose
37362,CatFace
37363,DogMouth
37364,DogNose
37365,DogNose
37366,CatNose
37367,CatEye
37368,CatEye
37369,DogMouth
37370,DogEye
37371,CatFace
37372,CatEye
37373,CatEye
37374,DogEye
37375,CatFace
37376,CatMouth
37377,DogEye
37378,DogFace
37379,DogNose
37380,DogEye
37381,DogEye
37382,DogFace
37383,DogNose
37384,DogFace
37385,CatNose
37386,DogFace
37387,CatFace
37388,DogFace
37389,DogEye
37390,DogMouth
37391,CatMouth
37392,DogEye
37393,CatMouth
37394,CatMouth
37395,CatEye
37396,DogFace
37397,DogNose
37398,CatFace
37399,CatEye
37400,CatMouth
37401,CatEye
37402,CatMouth
37403,CatMouth
37404,CatNose
37405,CatFace
37406,CatFace
37407,DogFace
37408,DogNose
37409,CatFace
37410,DogFace
37411,DogNose
37412,CatMouth
37413,CatFace
37414,DogFace
37415,DogEye
37416,DogMouth
37417,CatEye
37418,CatFace
37419,DogFace
37420,CatEye
37421,CatEye
37422,DogNose
37423,CatFace
37424,CatEye
37425,DogNose
37426,CatNose
37427,CatEye
37428,CatFace
37429,DogNose
37430,CatMouth
37431,DogNose
37432,DogEye
37433,DogNose
37434,DogNose
37435,CatEye
37436,DogEye
37437,CatEye
37438,DogEye
37439,DogFace
37440,DogFace
37441,CatEye
37442,DogEye
37443,CatNose
37444,CatEye
37445,CatNose
37446,DogFace
37447,DogMouth
37448,DogMouth
37449,CatEye
37450,CatMouth
37451,CatNose
37452,DogEye
37453,DogFace
37454,CatFace
37455,CatFace
37456,CatEye
37457,DogEye
37458,DogEye
37459,DogEye
37460,DogFace
37461,DogNose
37462,DogEye
37463,CatEye
37464,CatNose
37465,DogFace
37466,DogFace
37467,CatEye
37468,DogEye
37469,DogEye
37470,CatEye
37471,DogEye
37472,CatNose
37473,DogEye
37474,DogEye
37475,DogNose
37476,CatMouth
37477,CatEye
37478,DogNose
37479,CatMouth
37480,CatFace
37481,DogEye
37482,CatMouth
37483,DogEye
37484,DogEye
37485,CatMouth
37486,CatMouth
37487,CatMouth
37488,DogNose
37489,CatFace
37490,CatEye
37491,CatNose
37492,CatNose
37493,CatEye
37494,CatEye
37495,CatEye
37496,CatMouth
37497,CatMouth
37498,CatMouth
37499,DogEye
37500,DogEye
37501,CatEye
37502,CatEye
37503,CatEye
37504,DogEye
37505,CatMouth
37506,DogNose
37507,CatMouth
37508,CatEye
37509,CatMouth
37510,DogEye
37511,CatMouth
37512,CatNose
37513,CatEye
37514,DogEye
37515,DogMouth
37516,CatNose
37517,CatNose
37518,CatFace
37519,DogEye
37520,DogFace
37521,CatFace
37522,DogNose
37523,CatEye
37524,CatMouth
37525,DogNose
37526,CatMouth
37527,CatMouth
37528,CatFace
37529,DogEye
37530,DogEye
37531,DogEye
37532,CatFace
37533,CatNose
37534,CatFace
37535,CatFace
37536,DogEye
37537,CatMouth
37538,CatFace
37539,DogEye
37540,DogMouth
37541,DogFace
37542,DogEye
37543,CatNose
37544,DogEye
37545,CatEye
37546,DogNose
37547,DogEye
37548,CatMouth
37549,CatEye
37550,CatNose
37551,DogEye
37552,CatFace
37553,CatFace
37554,CatNose
37555,CatNose
37556,CatNose
37557,CatFace
37558,CatEye
37559,CatFace
37560,DogFace
37561,DogFace
37562,CatMouth
37563,DogMouth
37564,DogNose
37565,CatMouth
37566,DogMouth
37567,DogEye
37568,CatEye
37569,CatEye
37570,CatNose
37571,CatEye
37572,DogEye
37573,CatEye
37574,CatFace
37575,DogEye
37576,DogEye
37577,CatNose
37578,DogEye
37579,CatEye
37580,DogEye
37581,CatEye
37582,CatEye
37583,CatEye
37584,DogMouth
37585,DogMouth
37586,DogNose
37587,CatEye
37588,CatMouth
37589,CatNose
37590,CatNose
37591,DogMouth
37592,CatEye
37593,DogEye
37594,DogMouth
37595,DogMouth
37596,DogEye
37597,DogNose
37598,CatNose
37599,CatFace
37600,CatFace
37601,CatEye
37602,CatEye
37603,DogNose
37604,CatEye
37605,CatFace
37606,CatNose
37607,DogMouth
37608,DogEye
37609,DogEye
37610,DogEye
37611,DogEye
37612,DogEye
37613,CatEye
37614,CatFace
37615,DogMouth
37616,CatFace
37617,CatMouth
37618,CatEye
37619,DogEye
37620,DogNose
37621,CatNose
37622,DogEye
37623,DogFace
37624,DogEye
37625,CatNose
37626,CatMouth
37627,CatNose
37628,CatMouth
37629,CatFace
37630,DogEye
37631,CatMouth
37632,DogMouth
37633,CatFace
37634,DogMouth
37635,DogEye
37636,DogNose
37637,CatEye
37638,CatFace
37639,CatNose
37640,DogEye
37641,DogEye
37642,CatEye
37643,CatNose
37644,DogEye
37645,CatNose
37646,CatMouth
37647,CatFace
37648,CatNose
37649,CatNose
37650,DogMouth
37651,CatEye
37652,CatMouth
37653,CatNose
37654,DogEye
37655,CatMouth
37656,DogNose
37657,CatEye
37658,CatEye
37659,CatFace
37660,CatFace
37661,DogEye
37662,DogFace
37663,CatFace
37664,CatFace
37665,CatFace
37666,CatMouth
37667,CatEye
37668,CatEye
37669,CatMouth
37670,CatEye
37671,CatMouth
37672,CatEye
37673,CatNose
37674,CatMouth
37675,DogFace
37676,CatNose
37677,CatEye
37678,CatEye
37679,CatEye
37680,CatFace
37681,DogEye
37682,CatEye
37683,CatEye
37684,CatEye
37685,CatNose
37686,DogMouth
37687,DogNose
37688,CatMouth
37689,DogMouth
37690,DogNose
37691,DogNose
37692,CatEye
37693,CatEye
37694,CatEye
37695,CatNose
37696,DogNose
37697,DogEye
37698,DogNose
37699,CatEye
37700,CatFace
37701,DogNose
37702,CatEye
37703,CatEye
37704,CatEye
37705,DogFace
37706,DogNose
37707,CatNose
37708,CatEye
37709,DogMouth
37710,DogEye
37711,CatMouth
37712,CatEye
37713,DogNose
37714,DogEye
37715,CatFace
37716,CatEye
37717,CatFace
37718,CatFace
37719,DogNose
37720,DogEye
37721,DogEye
37722,CatMouth
37723,CatMouth
37724,CatEye
37725,CatEye
37726,DogEye
37727,DogFace
37728,DogMouth
37729,CatNose
37730,CatEye
37731,DogMouth
37732,DogEye
37733,CatEye
37734,CatNose
37735,CatFace
37736,CatEye
37737,DogMouth
37738,DogNose
37739,DogEye
37740,DogFace
37741,CatFace
37742,DogNose
37743,CatEye
37744,CatEye
37745,CatEye
37746,DogNose
37747,CatMouth
37748,DogEye
37749,DogNose
37750,DogEye
37751,DogMouth
37752,CatMouth
37753,DogMouth
37754,DogMouth
37755,DogEye
37756,CatFace
37757,CatFace
37758,DogNose
37759,CatFace
37760,CatNose
37761,CatEye
37762,DogFace
37763,CatMouth
37764,CatMouth
37765,DogMouth
37766,CatMouth
37767,CatNose
37768,CatMouth
37769,CatEye
37770,CatMouth
37771,CatEye
37772,CatMouth
37773,DogFace
37774,CatEye
37775,DogNose
37776,DogNose
37777,CatMouth
37778,CatNose
37779,CatFace
37780,CatEye
37781,CatNose
37782,DogMouth
37783,CatNose
37784,DogEye
37785,CatEye
37786,CatNose
37787,DogEye
37788,CatEye
37789,DogFace
37790,CatEye
37791,CatEye
37792,CatEye
37793,DogFace
37794,DogMouth
37795,DogMouth
37796,DogFace
37797,CatEye
37798,DogMouth
37799,CatMouth
37800,CatFace
37801,DogNose
37802,CatEye
37803,CatMouth
37804,CatEye
37805,CatFace
37806,CatEye
37807,CatEye
37808,DogFace
37809,CatMouth
37810,CatEye
37811,DogNose
37812,CatNose
37813,DogNose
37814,CatMouth
37815,CatFace
37816,CatMouth
37817,DogMouth
37818,CatEye
37819,CatNose
37820,CatNose
37821,CatMouth
37822,CatEye
37823,CatFace
37824,DogEye
37825,DogNose
37826,CatMouth
37827,DogNose
37828,CatMouth
37829,DogNose
37830,CatMouth
37831,CatEye
37832,DogFace
37833,CatEye
37834,DogFace
37835,CatEye
37836,DogMouth
37837,CatMouth
37838,DogNose
37839,DogFace
37840,CatFace
37841,CatEye
37842,DogEye
37843,CatFace
37844,CatMouth
37845,DogEye
37846,DogFace
37847,CatNose
37848,CatNose
37849,DogMouth
37850,DogFace
37851,DogMouth
37852,CatMouth
37853,DogEye
37854,CatMouth
37855,CatEye
37856,CatNose
37857,DogNose
37858,DogEye
37859,DogEye
37860,DogEye
37861,DogEye
37862,DogMouth
37863,DogMouth
37864,CatNose
37865,DogMouth
37866,CatNose
37867,DogFace
37868,CatFace
37869,DogEye
37870,CatFace
37871,DogEye
37872,DogNose
37873,CatEye
37874,DogEye
37875,DogMouth
37876,DogNose
37877,CatFace
37878,DogEye
37879,CatMouth
37880,CatFace
37881,DogNose
37882,CatNose
37883,CatNose
37884,DogMouth
37885,DogMouth
37886,DogNose
37887,DogFace
37888,DogMouth
37889,DogFace
37890,DogEye
37891,DogEye
37892,DogNose
37893,CatFace
37894,CatFace
37895,DogEye
37896,DogNose
37897,CatNose
37898,CatMouth
37899,DogEye
37900,DogEye
37901,CatEye
37902,CatNose
37903,CatMouth
37904,DogEye
37905,CatNose
37906,CatFace
37907,CatEye
37908,DogEye
37909,DogEye
37910,DogEye
37911,DogNose
37912,DogFace
37913,DogEye
37914,DogFace
37915,CatEye
37916,DogFace
37917,CatNose
37918,DogEye
37919,CatEye
37920,CatEye
37921,CatEye
37922,DogNose
37923,DogNose
37924,DogMouth
37925,CatNose
37926,DogEye
37927,CatMouth
37928,DogFace
37929,DogNose
37930,CatNose
37931,CatEye
37932,CatNose
37933,CatFace
37934,CatEye
37935,CatNose
37936,DogMouth
37937,DogMouth
37938,CatNose
37939,CatEye
37940,CatEye
37941,CatNose
37942,CatEye
37943,CatMouth
37944,DogEye
37945,CatFace
37946,DogMouth
37947,CatEye
37948,DogEye
37949,CatEye
37950,DogNose
37951,CatFace
37952,DogEye
37953,CatFace
37954,DogNose
37955,DogEye
37956,CatEye
37957,DogEye
37958,DogFace
37959,CatEye
37960,DogEye
37961,CatEye
37962,CatFace
37963,CatNose
37964,DogFace
37965,DogEye
37966,CatMouth
37967,DogEye
37968,CatNose
37969,CatEye
37970,DogEye
37971,CatEye
37972,CatEye
37973,CatFace
37974,DogNose
37975,DogFace
37976,DogFace
37977,DogFace
37978,CatEye
37979,DogFace
37980,CatFace
37981,CatEye
37982,CatFace
37983,CatNose
37984,CatFace
37985,DogMouth
37986,CatEye
37987,CatEye
37988,DogFace
37989,CatMouth
37990,CatNose
37991,CatFace
37992,CatFace
37993,DogEye
37994,CatEye
37995,DogEye
37996,DogNose
37997,CatMouth
37998,DogEye
37999,DogFace
38000,DogFace
38001,CatMouth
38002,DogEye
38003,DogEye
38004,DogMouth
38005,DogMouth
38006,DogMouth
38007,CatMouth
38008,CatMouth
38009,DogFace
38010,CatMouth
38011,DogEye
38012,CatEye
38013,CatMouth
38014,CatEye
38015,DogEye
38016,CatFace
38017,DogMouth
38018,DogMouth
38019,CatMouth
38020,DogMouth
38021,DogNose
38022,CatEye
38023,CatMouth
38024,CatFace
38025,DogFace
38026,DogEye
38027,CatEye
38028,DogNose
38029,DogEye
38030,DogFace
38031,CatEye
38032,CatNose
38033,CatEye
38034,DogEye
38035,CatFace
38036,CatNose
38037,CatEye
38038,CatFace
38039,CatNose
38040,DogEye
38041,CatMouth
38042,CatFace
38043,CatFace
38044,DogEye
38045,DogMouth
38046,CatEye
38047,DogMouth
38048,CatEye
38049,DogFace
38050,DogEye
38051,DogNose
38052,CatFace
38053,CatMouth
38054,CatEye
38055,CatEye
38056,CatFace
38057,CatFace
38058,CatMouth
38059,DogEye
38060,DogFace
38061,DogEye
38062,CatEye
38063,CatNose
38064,DogMouth
38065,CatEye
38066,CatEye
38067,DogMouth
38068,CatEye
38069,CatEye
38070,CatEye
38071,CatEye
38072,DogMouth
38073,CatMouth
38074,CatFace
38075,CatEye
38076,CatEye
38077,DogMouth
38078,DogNose
38079,DogEye
38080,DogMouth
38081,CatEye
38082,CatEye
38083,CatEye
38084,DogNose
38085,DogEye
38086,DogNose
38087,CatNose
38088,CatEye
38089,CatEye
38090,CatEye
38091,CatNose
38092,DogEye
38093,CatFace
38094,CatFace
38095,DogMouth
38096,DogMouth
38097,CatFace
38098,DogEye
38099,CatMouth
38100,DogMouth
38101,CatEye
38102,DogEye
38103,CatMouth
38104,DogNose
38105,CatNose
38106,CatNose
38107,CatEye
38108,CatEye
38109,DogMouth
38110,DogNose
38111,CatEye
38112,CatEye
38113,CatFace
38114,CatMouth
38115,DogEye
38116,DogEye
38117,DogMouth
38118,DogMouth
38119,CatEye
38120,CatMouth
38121,CatNose
38122,CatEye
38123,CatMouth
38124,DogNose
38125,CatEye
38126,CatEye
38127,DogEye
38128,CatEye
38129,CatEye
38130,CatMouth
38131,CatNose
38132,DogMouth
38133,DogNose
38134,DogEye
38135,CatEye
38136,CatEye
38137,CatEye
38138,DogFace
38139,DogMouth
38140,CatEye
38141,DogMouth
38142,CatMouth
38143,CatEye
38144,CatNose
38145,CatEye
38146,CatMouth
38147,DogEye
38148,DogMouth
38149,CatFace
38150,CatNose
38151,CatNose
38152,DogFace
38153,DogEye
38154,DogFace
38155,CatMouth
38156,DogMouth
38157,CatEye
38158,DogMouth
38159,DogFace
38160,CatMouth
38161,DogNose
38162,DogEye
38163,CatNose
38164,DogEye
38165,DogEye
38166,CatMouth
38167,DogMouth
38168,DogFace
38169,DogEye
38170,DogFace
38171,CatFace
38172,CatNose
38173,CatFace
38174,CatMouth
38175,CatNose
38176,CatMouth
38177,DogFace
38178,CatMouth
38179,CatMouth
38180,CatEye
38181,CatEye
38182,CatNose
38183,CatEye
38184,DogFace
38185,CatEye
38186,DogMouth
38187,DogMouth
38188,DogEye
38189,CatMouth
38190,DogEye
38191,CatEye
38192,DogFace
38193,CatMouth
38194,CatEye
38195,CatEye
38196,DogFace
38197,CatEye
38198,DogEye
38199,DogFace
38200,DogEye
38201,CatMouth
38202,DogEye
38203,CatNose
38204,CatMouth
38205,CatMouth
38206,DogFace
38207,DogFace
38208,CatFace
38209,DogEye
38210,DogEye
38211,DogFace
38212,DogFace
38213,CatMouth
38214,CatEye
38215,DogNose
38216,DogEye
38217,DogEye
38218,CatEye
38219,DogEye
38220,CatEye
38221,CatEye
38222,DogMouth
38223,CatNose
38224,DogMouth
38225,DogMouth
38226,CatNose
38227,CatEye
38228,DogNose
38229,CatEye
38230,CatNose
38231,CatMouth
38232,CatEye
38233,CatEye
38234,CatEye
38235,CatEye
38236,DogFace
38237,DogEye
38238,CatMouth
38239,CatNose
38240,DogEye
38241,DogEye
38242,CatEye
38243,CatNose
38244,CatMouth
38245,CatNose
38246,CatEye
38247,CatEye
38248,CatMouth
38249,CatEye
38250,DogEye
38251,DogNose
38252,DogMouth
38253,DogEye
38254,CatMouth
38255,DogEye
38256,CatEye
38257,CatFace
38258,CatNose
38259,CatMouth
38260,DogFace
38261,DogMouth
38262,CatEye
38263,CatEye
38264,DogFace
38265,DogFace
38266,DogEye
38267,CatEye
38268,DogEye
38269,DogMouth
38270,DogEye
38271,CatMouth
38272,CatNose
38273,CatFace
38274,CatEye
38275,CatEye
38276,DogFace
38277,CatFace
38278,DogFace
38279,DogEye
38280,DogNose
38281,CatEye
38282,CatFace
38283,CatNose
38284,DogEye
38285,DogEye
38286,DogEye
38287,CatNose
38288,CatMouth
38289,DogEye
38290,CatMouth
38291,CatEye
38292,DogNose
38293,CatFace
38294,CatNose
38295,DogFace
38296,CatEye
38297,CatFace
38298,DogFace
38299,CatNose
38300,CatEye
38301,DogEye
38302,CatNose
38303,CatEye
38304,CatNose
38305,DogMouth
38306,CatNose
38307,DogMouth
38308,CatFace
38309,CatEye
38310,CatFace
38311,CatNose
38312,CatMouth
38313,CatFace
38314,CatEye
38315,DogNose
38316,DogEye
38317,CatEye
38318,DogNose
38319,CatNose
38320,DogEye
38321,CatFace
38322,CatMouth
38323,DogEye
38324,DogEye
38325,CatEye
38326,DogEye
38327,CatMouth
38328,CatEye
38329,CatEye
38330,CatNose
38331,DogEye
38332,CatNose
38333,CatEye
38334,DogNose
38335,CatEye
38336,CatEye
38337,CatEye
38338,DogNose
38339,CatNose
38340,CatMouth
38341,CatEye
38342,CatFace
38343,DogEye
38344,DogNose
38345,CatMouth
38346,DogMouth
38347,CatFace
38348,DogEye
38349,DogMouth
38350,CatEye
38351,CatNose
38352,CatFace
38353,CatFace
38354,CatFace
38355,CatEye
38356,DogNose
38357,CatEye
38358,DogEye
38359,DogEye
38360,CatFace
38361,DogNose
38362,CatEye
38363,DogEye
38364,DogNose
38365,CatFace
38366,CatFace
38367,DogEye
38368,DogEye
38369,DogEye
38370,DogFace
38371,DogNose
38372,DogFace
38373,CatEye
38374,DogEye
38375,CatEye
38376,CatFace
38377,CatNose
38378,CatEye
38379,CatFace
38380,CatMouth
38381,CatFace
38382,DogNose
38383,DogNose
38384,CatEye
38385,DogEye
38386,DogMouth
38387,DogMouth
38388,CatFace
38389,DogFace
38390,DogEye
38391,CatEye
38392,CatMouth
38393,DogEye
38394,CatEye
38395,CatFace
38396,CatMouth
38397,DogEye
38398,DogNose
38399,DogFace
38400,DogEye
38401,DogEye
38402,CatNose
38403,CatEye
38404,DogMouth
38405,CatFace
38406,CatEye
38407,CatEye
38408,CatEye
38409,DogEye
38410,DogEye
38411,CatEye
38412,CatEye
38413,CatFace
38414,CatMouth
38415,DogEye
38416,CatMouth
38417,DogNose
38418,CatEye
38419,DogMouth
38420,CatEye
38421,DogNose
38422,CatNose
38423,CatEye
38424,DogEye
38425,CatMouth
38426,DogEye
38427,CatEye
38428,CatNose
38429,DogNose
38430,CatFace
38431,CatEye
38432,CatEye
38433,CatEye
38434,DogEye
38435,DogFace
38436,CatEye
38437,DogFace
38438,CatFace
38439,CatEye
38440,CatNose
38441,CatFace
38442,DogEye
38443,CatEye
38444,CatFace
38445,DogFace
38446,CatMouth
38447,DogNose
38448,CatEye
38449,CatEye
38450,DogNose
38451,CatEye
38452,CatEye
38453,CatEye
38454,CatEye
38455,CatEye
38456,CatMouth
38457,CatFace
38458,DogNose
38459,DogMouth
38460,CatEye
38461,CatEye
38462,DogEye
38463,DogFace
38464,DogNose
38465,CatNose
38466,CatFace
38467,CatNose
38468,CatMouth
38469,CatEye
38470,CatEye
38471,DogMouth
38472,CatEye
38473,CatMouth
38474,CatNose
38475,CatFace
38476,CatEye
38477,CatEye
38478,CatEye
38479,DogEye
38480,CatNose
38481,CatFace
38482,CatEye
38483,DogEye
38484,CatEye
38485,CatFace
38486,DogEye
38487,CatMouth
38488,DogMouth
38489,CatEye
38490,CatEye
38491,CatEye
38492,CatEye
38493,DogNose
38494,CatNose
38495,DogNose
38496,DogMouth
38497,DogNose
38498,DogEye
38499,CatMouth
38500,DogMouth
38501,DogEye
38502,CatFace
38503,DogEye
38504,CatEye
38505,DogMouth
38506,CatMouth
38507,CatEye
38508,CatFace
38509,CatEye
38510,CatEye
38511,DogNose
38512,DogMouth
38513,DogEye
38514,DogEye
38515,DogMouth
38516,CatEye
38517,CatMouth
38518,DogEye
38519,DogEye
38520,CatNose
38521,DogMouth
38522,CatFace
38523,DogFace
38524,DogFace
38525,CatNose
38526,DogEye
38527,CatNose
38528,CatEye
38529,DogEye
38530,CatNose
38531,CatFace
38532,DogMouth
38533,DogEye
38534,CatMouth
38535,CatFace
38536,DogNose
38537,CatNose
38538,CatFace
38539,DogNose
38540,CatNose
38541,CatFace
38542,CatEye
38543,CatNose
38544,CatFace
38545,CatNose
38546,CatFace
38547,DogNose
38548,DogEye
38549,CatFace
38550,DogMouth
38551,DogEye
38552,CatMouth
38553,CatNose
38554,CatMouth
38555,DogNose
38556,CatNose
38557,CatEye
38558,CatEye
38559,DogNose
38560,CatFace
38561,CatEye
38562,CatEye
38563,DogFace
38564,DogNose
38565,DogEye
38566,CatEye
38567,DogNose
38568,DogFace
38569,CatFace
38570,DogEye
38571,CatFace
38572,DogNose
38573,CatNose
38574,DogFace
38575,DogMouth
38576,CatEye
38577,CatNose
38578,DogNose
38579,CatEye
38580,DogNose
38581,CatMouth
38582,CatEye
38583,DogMouth
38584,CatEye
38585,CatFace
38586,CatEye
38587,CatMouth
38588,DogEye
38589,DogFace
38590,DogEye
38591,DogFace
38592,CatMouth
38593,CatEye
38594,DogEye
38595,DogMouth
38596,CatEye
38597,CatFace
38598,DogEye
38599,CatNose
38600,CatEye
38601,CatNose
38602,DogMouth
38603,CatMouth
38604,CatEye
38605,CatFace
38606,DogMouth
38607,DogMouth
38608,CatMouth
38609,DogFace
38610,DogMouth
38611,DogNose
38612,CatFace
38613,CatNose
38614,DogNose
38615,DogEye
38616,DogFace
38617,DogMouth
38618,CatMouth
38619,CatFace
38620,DogNose
38621,DogMouth
38622,CatEye
38623,CatMouth
38624,CatNose
38625,CatEye
38626,CatMouth
38627,DogFace
38628,CatNose
38629,DogNose
38630,DogMouth
38631,CatEye
38632,DogEye
38633,CatMouth
38634,CatNose
38635,DogEye
38636,CatEye
38637,DogFace
38638,DogNose
38639,CatNose
38640,CatMouth
38641,DogMouth
38642,CatEye
38643,CatEye
38644,CatMouth
38645,DogEye
38646,DogMouth
38647,CatEye
38648,CatFace
38649,DogFace
38650,DogEye
38651,CatNose
38652,CatNose
38653,DogNose
38654,CatEye
38655,CatMouth
38656,CatMouth
38657,DogEye
38658,DogFace
38659,CatMouth
38660,CatNose
38661,DogEye
38662,DogMouth
38663,CatMouth
38664,CatFace
38665,CatMouth
38666,CatFace
38667,DogFace
38668,DogNose
38669,CatNose
38670,DogEye
38671,CatNose
38672,CatEye
38673,CatMouth
38674,DogEye
38675,CatMouth
38676,DogEye
38677,CatEye
38678,CatEye
38679,DogFace
38680,CatEye
38681,CatEye
38682,CatNose
38683,DogNose
38684,CatFace
38685,DogEye
38686,CatNose
38687,DogEye
38688,CatNose
38689,DogEye
38690,CatFace
38691,CatEye
38692,DogEye
38693,CatNose
38694,DogFace
38695,DogEye
38696,DogEye
38697,DogMouth
38698,DogNose
38699,CatEye
38700,CatFace
38701,CatFace
38702,DogFace
38703,CatMouth
38704,DogNose
38705,CatMouth
38706,CatFace
38707,DogNose
38708,CatMouth
38709,CatNose
38710,DogEye
38711,CatNose
38712,DogMouth
38713,DogEye
38714,CatNose
38715,DogMouth
38716,DogEye
38717,CatEye
38718,DogNose
38719,DogEye
38720,DogEye
38721,DogMouth
38722,DogFace
38723,CatEye
38724,DogFace
38725,CatNose
38726,CatNose
38727,DogMouth
38728,DogMouth
38729,DogEye
38730,CatNose
38731,DogFace
38732,CatNose
38733,CatNose
38734,DogEye
38735,DogEye
38736,CatEye
38737,CatMouth
38738,CatNose
38739,CatFace
38740,DogNose
38741,CatNose
38742,DogEye
38743,DogMouth
38744,CatEye
38745,DogEye
38746,DogNose
38747,CatEye
38748,DogNose
38749,DogNose
38750,DogEye
38751,DogEye
38752,DogMouth
38753,CatFace
38754,DogFace
38755,DogFace
38756,DogEye
38757,DogMouth
38758,CatNose
38759,DogNose
38760,CatEye
38761,CatMouth
38762,DogEye
38763,DogNose
38764,DogEye
38765,DogFace
38766,CatNose
38767,CatMouth
38768,DogFace
38769,DogEye
38770,DogFace
38771,DogNose
38772,CatEye
38773,DogFace
38774,CatNose
38775,CatFace
38776,DogNose
38777,CatNose
38778,DogEye
38779,DogEye
38780,CatEye
38781,DogMouth
38782,CatNose
38783,CatEye
38784,DogFace
38785,DogEye
38786,CatEye
38787,CatMouth
38788,CatEye
38789,CatNose
38790,CatEye
38791,CatEye
38792,CatEye
38793,DogEye
38794,CatEye
38795,DogEye
38796,CatNose
38797,DogFace
38798,DogNose
38799,DogNose
38800,CatNose
38801,DogEye
38802,DogMouth
38803,DogEye
38804,CatFace
38805,CatEye
38806,DogEye
38807,CatEye
38808,DogFace
38809,CatFace
38810,CatNose
38811,DogNose
38812,CatEye
38813,CatNose
38814,CatFace
38815,DogFace
38816,DogMouth
38817,CatMouth
38818,CatNose
38819,CatMouth
38820,CatEye
38821,CatMouth
38822,CatEye
38823,DogEye
38824,CatEye
38825,CatEye
38826,CatFace
38827,DogEye
38828,CatFace
38829,DogMouth
38830,DogFace
38831,DogNose
38832,CatFace
38833,CatFace
38834,DogFace
38835,DogNose
38836,CatMouth
38837,CatEye
38838,DogNose
38839,DogNose
38840,DogFace
38841,CatMouth
38842,CatMouth
38843,CatEye
38844,DogNose
38845,DogMouth
38846,CatFace
38847,DogNose
38848,CatFace
38849,DogMouth
38850,DogMouth
38851,DogFace
38852,DogFace
38853,CatMouth
38854,CatNose
38855,DogMouth
38856,CatNose
38857,DogFace
38858,CatMouth
38859,DogNose
38860,DogFace
38861,DogMouth
38862,CatEye
38863,CatNose
38864,CatNose
38865,CatFace
38866,CatEye
38867,DogFace
38868,CatNose
38869,DogMouth
38870,DogEye
38871,CatEye
38872,CatEye
38873,CatMouth
38874,CatFace
38875,CatFace
38876,DogFace
38877,CatNose
38878,CatMouth
38879,DogFace
38880,CatFace
38881,CatMouth
38882,CatFace
38883,DogMouth
38884,DogEye
38885,CatEye
38886,CatMouth
38887,DogNose
38888,DogNose
38889,DogNose
38890,CatEye
38891,CatEye
38892,DogFace
38893,CatEye
38894,DogEye
38895,DogEye
38896,DogNose
38897,DogMouth
38898,DogEye
38899,CatNose
38900,DogMouth
38901,DogNose
38902,CatFace
38903,CatFace
38904,DogNose
38905,DogEye
38906,DogEye
38907,DogMouth
38908,DogMouth
38909,CatEye
38910,DogNose
38911,DogEye
38912,DogFace
38913,CatNose
38914,CatEye
38915,CatEye
38916,DogFace
38917,DogEye
38918,CatFace
38919,CatNose
38920,DogNose
38921,CatFace
38922,DogEye
38923,CatEye
38924,DogEye
38925,DogEye
38926,CatFace
38927,CatMouth
38928,CatMouth
38929,DogEye
38930,CatNose
38931,CatNose
38932,DogEye
38933,DogEye
38934,DogMouth
38935,CatEye
38936,CatEye
38937,DogEye
38938,DogMouth
38939,DogEye
38940,CatNose
38941,CatNose
38942,CatMouth
38943,DogNose
38944,CatNose
38945,CatEye
38946,DogFace
38947,DogFace
38948,DogEye
38949,CatEye
38950,DogMouth
38951,CatNose
38952,CatMouth
38953,CatEye
38954,DogEye
38955,DogFace
38956,CatEye
38957,CatFace
38958,DogFace
38959,DogEye
38960,CatEye
38961,DogEye
38962,CatMouth
38963,CatEye
38964,DogMouth
38965,CatFace
38966,CatFace
38967,DogEye
38968,DogEye
38969,CatFace
38970,DogEye
38971,CatMouth
38972,CatNose
38973,CatMouth
38974,CatEye
38975,DogEye
38976,CatNose
38977,CatNose
38978,CatEye
38979,CatNose
38980,DogEye
38981,DogEye
38982,CatMouth
38983,DogNose
38984,CatEye
38985,DogNose
38986,CatMouth
38987,CatEye
38988,DogEye
38989,DogMouth
38990,CatFace
38991,CatMouth
38992,CatNose
38993,CatMouth
38994,CatFace
38995,CatFace
38996,DogEye
38997,DogEye
38998,CatNose
38999,DogNose
39000,DogMouth
39001,DogNose
39002,CatNose
39003,DogNose
39004,CatMouth
39005,DogEye
39006,DogEye
39007,DogNose
39008,DogFace
39009,CatEye
39010,DogFace
39011,CatMouth
39012,DogEye
39013,CatNose
39014,CatFace
39015,CatEye
39016,CatNose
39017,CatNose
39018,DogEye
39019,DogEye
39020,CatMouth
39021,CatFace
39022,CatEye
39023,DogEye
39024,CatEye
39025,CatEye
39026,DogEye
39027,DogEye
39028,DogEye
39029,DogEye
39030,CatFace
39031,DogNose
39032,CatNose
39033,CatFace
39034,CatNose
39035,CatNose
39036,DogEye
39037,DogEye
39038,DogMouth
39039,CatNose
39040,CatEye
39041,CatMouth
39042,CatFace
39043,CatFace
39044,CatFace
39045,CatFace
39046,DogMouth
39047,DogNose
39048,DogEye
39049,DogMouth
39050,DogNose
39051,CatFace
39052,CatNose
39053,CatNose
39054,DogFace
39055,CatMouth
39056,DogEye
39057,DogEye
39058,DogMouth
39059,DogMouth
39060,DogFace
39061,CatNose
39062,CatEye
39063,DogNose
39064,CatEye
39065,CatMouth
39066,DogFace
39067,CatFace
39068,CatNose
39069,DogEye
39070,DogNose
39071,DogEye
39072,CatEye
39073,DogMouth
39074,DogNose
39075,DogNose
39076,CatMouth
39077,CatEye
39078,CatNose
39079,CatNose
39080,DogMouth
39081,CatEye
39082,CatEye
39083,CatEye
39084,DogNose
39085,DogMouth
39086,CatEye
39087,CatFace
39088,DogEye
39089,CatMouth
39090,CatEye
39091,DogEye
39092,CatEye
39093,DogEye
39094,DogEye
39095,CatNose
39096,DogMouth
39097,CatMouth
39098,DogMouth
39099,CatNose
39100,CatEye
39101,CatFace
39102,CatEye
39103,CatEye
39104,CatFace
39105,DogNose
39106,CatEye
39107,CatEye
39108,CatMouth
39109,CatMouth
39110,CatEye
39111,DogNose
39112,CatEye
39113,DogMouth
39114,DogEye
39115,CatEye
39116,DogFace
39117,DogNose
39118,CatMouth
39119,CatNose
39120,CatMouth
39121,DogFace
39122,CatMouth
39123,CatEye
39124,CatEye
39125,CatMouth
39126,DogEye
39127,CatMouth
39128,CatFace
39129,DogNose
39130,CatEye
39131,DogMouth
39132,DogNose
39133,DogNose
39134,DogNose
39135,CatMouth
39136,DogEye
39137,CatFace
39138,CatEye
39139,CatFace
39140,CatFace
39141,CatFace
39142,CatEye
39143,DogEye
39144,CatEye
39145,CatFace
39146,CatEye
39147,CatNose
39148,CatEye
39149,DogMouth
39150,DogEye
39151,CatNose
39152,CatFace
39153,CatEye
39154,CatEye
39155,DogMouth
39156,CatMouth
39157,CatEye
39158,DogEye
39159,CatMouth
39160,CatMouth
39161,DogNose
39162,CatEye
39163,CatMouth
39164,CatMouth
39165,CatEye
39166,CatFace
39167,DogEye
39168,DogMouth
39169,DogEye
39170,CatMouth
39171,CatMouth
39172,DogNose
39173,CatMouth
39174,DogMouth
39175,DogFace
39176,DogFace
39177,DogMouth
39178,DogMouth
39179,DogMouth
39180,CatFace
39181,DogNose
39182,DogNose
39183,DogEye
39184,CatEye
39185,CatEye
39186,CatEye
39187,DogEye
39188,CatEye
39189,DogMouth
39190,DogEye
39191,DogNose
39192,CatEye
39193,CatFace
39194,DogMouth
39195,CatFace
39196,CatMouth
39197,CatNose
39198,CatMouth
39199,CatFace
39200,DogFace
39201,CatFace
39202,DogEye
39203,CatEye
39204,CatMouth
39205,DogEye
39206,CatEye
39207,DogNose
39208,CatEye
39209,CatEye
39210,CatEye
39211,CatFace
39212,CatEye
39213,DogEye
39214,CatEye
39215,CatEye
39216,CatNose
39217,CatMouth
39218,CatNose
39219,DogMouth
39220,DogFace
39221,DogMouth
39222,CatFace
39223,CatEye
39224,DogEye
39225,CatFace
39226,DogEye
39227,DogEye
39228,CatFace
39229,DogNose
39230,CatEye
39231,CatMouth
39232,CatFace
39233,CatEye
39234,DogEye
39235,CatNose
39236,CatEye
39237,CatFace
39238,CatEye
39239,CatNose
39240,CatEye
39241,DogFace
39242,DogEye
39243,DogNose
39244,CatNose
39245,DogEye
39246,DogNose
39247,CatEye
39248,DogEye
39249,CatFace
39250,DogMouth
39251,CatNose
39252,DogNose
39253,CatMouth
39254,CatFace
39255,CatMouth
39256,DogEye
39257,CatMouth
39258,DogFace
39259,CatEye
39260,DogMouth
39261,DogFace
39262,DogFace
39263,CatNose
39264,DogEye
39265,DogMouth
39266,CatEye
39267,CatEye
39268,CatFace
39269,DogEye
39270,CatMouth
39271,CatEye
39272,CatEye
39273,CatEye
39274,CatEye
39275,CatNose
39276,CatMouth
39277,DogFace
39278,CatMouth
39279,CatFace
39280,CatEye
39281,DogEye
39282,DogMouth
39283,CatNose
39284,CatEye
39285,DogEye
39286,DogNose
39287,DogMouth
39288,CatEye
39289,CatNose
39290,CatMouth
39291,DogMouth
39292,DogEye
39293,CatNose
39294,CatFace
39295,DogFace
39296,CatEye
39297,CatFace
39298,DogEye
39299,DogMouth
39300,DogFace
39301,DogMouth
39302,CatNose
39303,DogEye
39304,DogEye
39305,DogEye
39306,DogEye
39307,CatEye
39308,CatEye
39309,CatNose
39310,CatEye
39311,DogFace
39312,CatFace
39313,CatNose
39314,DogMouth
39315,DogMouth
39316,DogEye
39317,CatMouth
39318,CatMouth
39319,CatFace
39320,CatEye
39321,DogEye
39322,DogMouth
39323,DogEye
39324,DogEye
39325,CatMouth
39326,CatEye
39327,CatEye
39328,CatFace
39329,CatMouth
39330,DogNose
39331,CatFace
39332,DogEye
39333,DogMouth
39334,CatEye
39335,DogEye
39336,CatFace
39337,DogEye
39338,DogMouth
39339,DogEye
39340,DogFace
39341,CatNose
39342,DogEye
39343,DogMouth
39344,CatEye
39345,CatEye
39346,CatEye
39347,DogEye
39348,DogEye
39349,CatMouth
39350,CatFace
39351,DogNose
39352,DogEye
39353,CatEye
39354,CatEye
39355,DogMouth
39356,CatEye
39357,DogNose
39358,CatMouth
39359,CatMouth
39360,DogEye
39361,DogEye
39362,CatEye
39363,CatEye
39364,DogEye
39365,CatFace
39366,CatEye
39367,DogEye
39368,CatEye
39369,DogEye
39370,DogEye
39371,CatEye
39372,CatEye
39373,DogEye
39374,DogFace
39375,DogFace
39376,DogFace
39377,DogMouth
39378,DogMouth
39379,DogEye
39380,DogEye
39381,CatFace
39382,CatMouth
39383,DogEye
39384,CatMouth
39385,DogMouth
39386,CatEye
39387,DogEye
39388,CatEye
39389,DogEye
39390,CatNose
39391,CatFace
39392,CatEye
39393,DogEye
39394,DogEye
39395,DogFace
39396,CatFace
39397,CatNose
39398,CatEye
39399,CatFace
39400,DogNose
39401,DogFace
39402,CatEye
39403,CatEye
39404,DogEye
39405,DogNose
39406,CatMouth
39407,DogEye
39408,DogMouth
39409,DogFace
39410,CatEye
39411,DogMouth
39412,CatEye
39413,CatEye
39414,DogFace
39415,DogEye
39416,CatNose
39417,CatEye
39418,DogEye
39419,DogEye
39420,DogEye
39421,DogMouth
39422,CatMouth
39423,DogEye
39424,CatEye
39425,CatEye
39426,CatFace
39427,DogNose
39428,CatMouth
39429,DogNose
39430,DogMouth
39431,DogEye
39432,DogFace
39433,DogNose
39434,CatFace
39435,DogFace
39436,CatFace
39437,CatEye
39438,CatMouth
39439,CatFace
39440,CatNose
39441,DogMouth
39442,CatEye
39443,CatFace
39444,DogMouth
39445,CatEye
39446,DogMouth
39447,CatEye
39448,CatFace
39449,CatNose
39450,DogEye
39451,CatMouth
39452,DogFace
39453,CatEye
39454,CatEye
39455,CatNose
39456,CatMouth
39457,CatEye
39458,DogFace
39459,DogEye
39460,DogEye
39461,DogEye
39462,CatEye
39463,CatNose
39464,CatMouth
39465,CatNose
39466,DogMouth
39467,DogNose
39468,DogNose
39469,CatMouth
39470,CatMouth
39471,DogNose
39472,CatEye
39473,CatMouth
39474,CatMouth
39475,CatNose
39476,CatEye
39477,DogMouth
39478,DogMouth
39479,CatNose
39480,CatEye
39481,DogFace
39482,CatNose
39483,DogEye
39484,CatFace
39485,DogNose
39486,CatFace
39487,DogEye
39488,DogFace
39489,DogEye
39490,DogEye
39491,DogEye
39492,CatEye
39493,DogMouth
39494,CatEye
39495,CatEye
39496,CatEye
39497,CatNose
39498,DogEye
39499,CatNose
39500,CatFace
39501,CatFace
39502,CatMouth
39503,DogFace
39504,CatEye
39505,CatFace
39506,DogEye
39507,CatEye
39508,CatMouth
39509,CatEye
39510,DogEye
39511,DogMouth
39512,DogNose
39513,DogMouth
39514,CatEye
39515,CatMouth
39516,CatFace
39517,DogEye
39518,DogEye
39519,CatEye
39520,DogEye
39521,CatEye
39522,DogMouth
39523,DogEye
39524,CatMouth
39525,DogEye
39526,CatEye
39527,DogNose
39528,DogNose
39529,DogMouth
39530,CatMouth
39531,DogFace
39532,DogFace
39533,CatEye
39534,DogFace
39535,CatEye
39536,DogMouth
39537,CatMouth
39538,DogFace
39539,CatEye
39540,CatEye
39541,CatFace
39542,CatEye
39543,DogEye
39544,CatFace
39545,DogEye
39546,DogNose
39547,CatFace
39548,DogNose
39549,DogMouth
39550,DogMouth
39551,CatEye
39552,DogMouth
39553,DogEye
39554,CatMouth
39555,DogNose
39556,CatEye
39557,DogNose
39558,CatEye
39559,CatFace
39560,CatMouth
39561,DogEye
39562,CatFace
39563,DogEye
39564,DogFace
39565,CatMouth
39566,DogEye
39567,CatNose
39568,DogMouth
39569,CatEye
39570,CatFace
39571,DogEye
39572,CatFace
39573,DogMouth
39574,DogEye
39575,CatFace
39576,CatMouth
39577,CatNose
39578,CatMouth
39579,CatMouth
39580,DogEye
39581,CatEye
39582,DogEye
39583,DogFace
39584,DogEye
39585,CatFace
39586,CatFace
39587,CatEye
39588,CatEye
39589,CatEye
39590,DogNose
39591,DogEye
39592,DogFace
39593,DogNose
39594,CatEye
39595,CatNose
39596,DogEye
39597,CatEye
39598,DogEye
39599,CatNose
39600,DogNose
39601,DogFace
39602,DogEye
39603,DogMouth
39604,DogFace
39605,CatEye
39606,DogMouth
39607,CatNose
39608,CatNose
39609,DogFace
39610,CatEye
39611,CatEye
39612,DogEye
39613,CatFace
39614,CatFace
39615,CatNose
39616,CatFace
39617,CatFace
39618,DogEye
39619,DogEye
39620,CatMouth
39621,CatNose
39622,DogEye
39623,CatEye
39624,CatNose
39625,DogEye
39626,CatMouth
39627,CatMouth
39628,CatFace
39629,CatEye
39630,DogMouth
39631,CatFace
39632,CatEye
39633,DogEye
39634,DogFace
39635,DogNose
39636,DogFace
39637,DogMouth
39638,DogEye
39639,CatNose
39640,CatFace
39641,CatEye
39642,CatFace
39643,CatNose
39644,DogMouth
39645,CatNose
39646,DogMouth
39647,DogMouth
39648,DogEye
39649,CatFace
39650,DogFace
39651,CatMouth
39652,DogEye
39653,DogFace
39654,DogNose
39655,CatFace
39656,DogEye
39657,DogEye
39658,CatFace
39659,CatEye
39660,CatEye
39661,DogNose
39662,CatMouth
39663,CatNose
39664,DogFace
39665,DogMouth
39666,DogFace
39667,DogFace
39668,CatEye
39669,CatEye
39670,CatFace
39671,CatEye
39672,CatFace
39673,CatNose
39674,DogEye
39675,CatFace
39676,DogNose
39677,CatEye
39678,DogNose
39679,CatEye
39680,DogMouth
39681,CatEye
39682,DogFace
39683,CatMouth
39684,DogMouth
39685,DogFace
39686,DogMouth
39687,DogMouth
39688,DogNose
39689,CatNose
39690,DogEye
39691,DogFace
39692,CatNose
39693,DogEye
39694,DogEye
39695,CatMouth
39696,DogEye
39697,DogEye
39698,CatEye
39699,DogNose
39700,DogNose
39701,DogNose
39702,CatEye
39703,CatEye
39704,CatEye
39705,CatNose
39706,DogMouth
39707,DogEye
39708,DogFace
39709,CatFace
39710,CatFace
39711,CatFace
39712,CatEye
39713,CatMouth
39714,DogFace
39715,CatNose
39716,CatEye
39717,DogNose
39718,CatNose
39719,DogMouth
39720,DogEye
39721,DogNose
39722,CatEye
39723,CatEye
39724,DogMouth
39725,CatMouth
39726,DogNose
39727,CatEye
39728,DogMouth
39729,CatFace
39730,DogNose
39731,DogNose
39732,CatFace
39733,DogMouth
39734,DogEye
39735,CatNose
39736,DogEye
39737,CatEye
39738,CatNose
39739,CatEye
39740,CatEye
39741,CatNose
39742,CatEye
39743,DogEye
39744,CatNose
39745,CatFace
39746,CatEye
39747,CatEye
39748,CatEye
39749,DogEye
39750,CatNose
39751,CatEye
39752,DogEye
39753,CatFace
39754,CatFace
39755,DogEye
39756,DogFace
39757,DogEye
39758,DogEye
39759,CatEye
39760,CatFace
39761,DogNose
39762,DogEye
39763,DogEye
39764,DogMouth
39765,CatFace
39766,DogEye
39767,DogFace
39768,CatEye
39769,CatMouth
39770,DogFace
39771,CatNose
39772,CatEye
39773,DogMouth
39774,CatFace
39775,CatNose
39776,CatEye
39777,DogEye
39778,CatEye
39779,DogEye
39780,CatEye
39781,CatNose
39782,CatEye
39783,DogEye
39784,CatFace
39785,DogMouth
39786,CatMouth
39787,CatMouth
39788,DogFace
39789,DogNose
39790,DogMouth
39791,DogNose
39792,DogMouth
39793,CatNose
39794,DogMouth
39795,CatMouth
39796,DogMouth
39797,DogMouth
39798,CatMouth
39799,CatNose
39800,DogEye
39801,DogEye
39802,CatEye
39803,DogNose
39804,DogEye
39805,DogMouth
39806,DogEye
39807,DogFace
39808,CatNose
39809,DogNose
39810,DogMouth
39811,CatEye
39812,DogNose
39813,CatEye
39814,DogEye
39815,CatEye
39816,DogEye
39817,CatFace
39818,DogEye
39819,DogMouth
39820,DogEye
39821,DogFace
39822,DogEye
39823,CatEye
39824,CatEye
39825,CatMouth
39826,DogEye
39827,CatNose
39828,CatNose
39829,DogNose
39830,CatNose
39831,DogEye
39832,CatMouth
39833,CatMouth
39834,CatEye
39835,CatNose
39836,CatMouth
39837,CatNose
39838,DogEye
39839,DogFace
39840,CatEye
39841,DogFace
39842,DogEye
39843,CatFace
39844,DogNose
39845,CatEye
39846,CatNose
39847,CatEye
39848,DogFace
39849,CatEye
39850,CatFace
39851,DogMouth
39852,DogEye
39853,DogEye
39854,DogEye
39855,CatEye
39856,CatNose
39857,CatMouth
39858,CatEye
39859,CatMouth
39860,DogEye
39861,DogMouth
39862,CatEye
39863,CatEye
39864,CatFace
39865,CatNose
39866,DogMouth
39867,DogEye
39868,CatNose
39869,CatEye
39870,CatMouth
39871,DogNose
39872,DogMouth
39873,DogMouth
39874,DogEye
39875,DogNose
39876,DogFace
39877,CatNose
39878,CatNose
39879,CatMouth
39880,CatEye
39881,DogEye
39882,DogEye
39883,CatNose
39884,DogFace
39885,DogEye
39886,DogEye
39887,CatEye
39888,DogFace
39889,DogMouth
39890,DogMouth
39891,DogEye
39892,CatEye
39893,DogMouth
39894,DogMouth
39895,CatFace
39896,CatNose
39897,DogEye
39898,DogEye
39899,CatMouth
39900,CatNose
39901,DogFace
39902,CatEye
39903,DogEye
39904,CatFace
39905,CatEye
39906,CatFace
39907,CatNose
39908,DogNose
39909,CatMouth
39910,DogMouth
39911,CatNose
39912,CatNose
39913,DogEye
39914,CatEye
39915,CatFace
39916,DogNose
39917,CatEye
39918,DogEye
39919,CatMouth
39920,CatMouth
39921,CatEye
39922,DogFace
39923,DogMouth
39924,DogMouth
39925,CatMouth
39926,DogEye
39927,DogNose
39928,CatMouth
39929,DogEye
39930,CatNose
39931,DogMouth
39932,DogEye
39933,CatNose
39934,DogFace
39935,DogNose
39936,DogFace
39937,CatFace
39938,CatEye
39939,DogFace
39940,CatEye
39941,DogEye
39942,DogEye
39943,CatNose
39944,DogEye
39945,DogEye
39946,DogNose
39947,DogFace
39948,CatEye
39949,CatEye
39950,DogNose
39951,CatFace
39952,DogFace
39953,DogNose
39954,DogEye
39955,DogFace
39956,CatFace
39957,CatFace
39958,CatMouth
39959,DogMouth
39960,CatEye
39961,CatMouth
39962,CatNose
39963,CatMouth
39964,CatNose
39965,CatMouth
39966,DogEye
39967,CatNose
39968,CatEye
39969,DogMouth
39970,DogNose
39971,DogNose
39972,DogEye
39973,CatNose
39974,DogFace
39975,CatMouth
39976,CatEye
39977,DogMouth
39978,CatNose
39979,CatEye
39980,CatEye
39981,CatEye
39982,DogFace
39983,CatMouth
39984,CatEye
39985,CatEye
39986,CatMouth
39987,CatEye
39988,CatMouth
39989,CatNose
39990,DogNose
39991,DogEye
39992,CatEye
39993,CatFace
39994,CatFace
39995,CatEye
39996,CatNose
39997,CatMouth
39998,CatEye
39999,CatNose
40000,CatEye
40001,CatFace
40002,DogFace
40003,CatMouth
40004,DogFace
40005,CatFace
40006,CatEye
40007,DogEye
40008,DogEye
40009,CatNose
40010,CatMouth
40011,DogEye
40012,CatEye
40013,DogEye
40014,DogEye
40015,DogFace
40016,DogMouth
40017,CatFace
40018,CatEye
40019,DogMouth
40020,DogEye
40021,DogMouth
40022,CatNose
40023,CatNose
40024,CatEye
40025,DogNose
40026,DogFace
40027,DogNose
40028,CatEye
40029,CatMouth
40030,DogMouth
40031,DogEye
40032,CatFace
40033,CatEye
40034,DogEye
40035,DogFace
40036,DogEye
40037,DogEye
40038,CatMouth
40039,CatNose
40040,CatFace
40041,CatEye
40042,CatEye
40043,CatFace
40044,DogNose
40045,CatFace
40046,DogMouth
40047,DogFace
40048,CatEye
40049,CatEye
40050,CatEye
40051,CatFace
40052,CatEye
40053,DogFace
40054,DogNose
40055,CatMouth
40056,CatEye
40057,DogFace
40058,DogFace
40059,CatEye
40060,CatEye
40061,CatEye
40062,CatMouth
40063,CatFace
40064,DogFace
40065,DogEye
40066,DogEye
40067,DogEye
40068,CatNose
40069,CatEye
40070,DogEye
40071,CatEye
40072,CatEye
40073,DogFace
40074,CatNose
40075,DogEye
40076,DogMouth
40077,CatEye
40078,CatMouth
40079,CatNose
40080,CatEye
40081,DogNose
40082,CatNose
40083,DogFace
40084,CatEye
40085,CatEye
40086,CatFace
40087,DogEye
40088,DogMouth
40089,DogEye
40090,CatFace
40091,CatFace
40092,CatFace
40093,DogEye
40094,DogFace
40095,CatEye
40096,CatEye
40097,CatMouth
40098,CatEye
40099,CatFace
40100,DogEye
40101,CatEye
40102,DogMouth
40103,DogEye
40104,CatFace
40105,CatEye
40106,DogEye
40107,CatFace
40108,DogMouth
40109,DogNose
40110,CatEye
40111,CatNose
40112,CatEye
40113,CatMouth
40114,DogFace
40115,DogEye
40116,CatMouth
40117,DogEye
40118,CatEye
40119,DogFace
40120,CatNose
40121,DogEye
40122,CatEye
40123,CatMouth
40124,DogEye
40125,CatMouth
40126,DogNose
40127,CatFace
40128,DogFace
40129,CatEye
40130,CatEye
40131,DogEye
40132,CatMouth
40133,DogEye
40134,DogFace
40135,CatMouth
40136,CatFace
40137,CatNose
40138,CatMouth
40139,DogEye
40140,CatFace
40141,DogNose
40142,CatFace
40143,DogMouth
40144,DogNose
40145,CatEye
40146,CatEye
40147,CatMouth
40148,DogFace
40149,CatNose
40150,DogFace
40151,CatEye
40152,CatFace
40153,CatFace
40154,DogEye
40155,DogEye
40156,CatEye
40157,CatEye
40158,DogEye
40159,CatFace
40160,CatEye
40161,DogNose
40162,DogFace
40163,DogMouth
40164,DogFace
40165,CatEye
40166,DogMouth
40167,DogEye
40168,CatEye
40169,DogMouth
40170,DogEye
40171,CatNose
40172,CatMouth
40173,CatEye
40174,CatFace
40175,DogMouth
40176,CatEye
40177,DogFace
40178,DogEye
40179,CatEye
40180,CatEye
40181,DogEye
40182,CatNose
40183,CatMouth
40184,CatEye
40185,CatFace
40186,CatNose
40187,CatMouth
40188,DogEye
40189,CatNose
40190,DogEye
40191,CatEye
40192,CatFace
40193,CatMouth
40194,CatEye
40195,DogEye
40196,CatFace
40197,CatMouth
40198,CatEye
40199,CatEye
40200,CatNose
40201,DogEye
40202,DogMouth
40203,CatMouth
40204,CatMouth
40205,CatEye
40206,CatEye
40207,DogEye
40208,DogEye
40209,DogMouth
40210,CatFace
40211,DogEye
40212,DogEye
40213,CatFace
40214,DogNose
40215,CatMouth
40216,CatEye
40217,DogEye
40218,DogEye
40219,CatEye
40220,DogMouth
40221,CatEye
40222,CatEye
40223,DogFace
40224,DogEye
40225,CatFace
40226,DogNose
40227,CatFace
40228,DogMouth
40229,CatMouth
40230,DogFace
40231,CatEye
40232,CatEye
40233,CatEye
40234,CatFace
40235,DogMouth
40236,CatEye
40237,CatMouth
40238,DogEye
40239,DogNose
40240,DogFace
40241,DogEye
40242,DogFace
40243,DogMouth
40244,CatEye
40245,CatEye
40246,DogEye
40247,CatEye
40248,DogFace
40249,CatEye
40250,CatMouth
40251,DogNose
40252,CatFace
40253,DogNose
40254,CatFace
40255,CatEye
40256,CatNose
40257,DogEye
40258,DogEye
40259,DogEye
40260,CatFace
40261,CatFace
40262,CatEye
40263,CatEye
40264,CatNose
40265,CatEye
40266,CatEye
40267,DogNose
40268,DogEye
40269,DogEye
40270,CatEye
40271,CatEye
40272,DogNose
40273,DogNose
40274,CatNose
40275,CatEye
40276,CatEye
40277,DogNose
40278,CatNose
40279,CatFace
40280,DogNose
40281,CatNose
40282,DogMouth
40283,DogFace
40284,CatNose
40285,DogEye
40286,DogNose
40287,CatEye
40288,CatNose
40289,DogFace
40290,CatEye
40291,DogEye
40292,DogNose
40293,DogEye
40294,DogNose
40295,DogEye
40296,CatNose
40297,CatNose
40298,CatMouth
40299,DogMouth
40300,CatFace
40301,DogNose
40302,DogFace
40303,DogMouth
40304,DogMouth
40305,CatNose
40306,DogEye
40307,DogFace
40308,DogFace
40309,CatNose
40310,DogNose
40311,DogMouth
40312,DogNose
40313,CatEye
40314,CatMouth
40315,DogNose
40316,DogEye
40317,DogEye
40318,DogMouth
40319,CatEye
40320,DogFace
40321,DogEye
40322,CatEye
40323,CatEye
40324,CatMouth
40325,CatEye
40326,CatMouth
40327,CatEye
40328,DogFace
40329,CatNose
40330,CatEye
40331,CatEye
40332,DogEye
40333,CatMouth
40334,CatEye
40335,CatMouth
40336,CatEye
40337,CatEye
40338,CatNose
40339,DogMouth
40340,CatFace
40341,DogFace
40342,DogMouth
40343,CatFace
40344,CatFace
40345,DogMouth
40346,DogNose
40347,DogEye
40348,CatFace
40349,DogFace
40350,CatNose
40351,CatFace
40352,DogEye
40353,CatEye
40354,DogEye
40355,DogFace
40356,CatNose
40357,DogFace
40358,CatNose
40359,CatFace
40360,CatFace
40361,DogNose
40362,DogFace
40363,CatEye
40364,DogEye
40365,DogNose
40366,CatMouth
40367,CatNose
40368,CatEye
40369,CatEye
40370,CatFace
40371,DogNose
40372,CatEye
40373,DogFace
40374,DogFace
40375,CatEye
40376,DogEye
40377,CatEye
40378,CatEye
40379,CatFace
40380,CatNose
40381,CatNose
40382,DogEye
40383,DogEye
40384,DogEye
40385,CatMouth
40386,CatEye
40387,CatEye
40388,CatFace
40389,DogEye
40390,CatEye
40391,DogNose
40392,CatEye
40393,DogEye
40394,CatNose
40395,CatMouth
40396,CatEye
40397,CatNose
40398,DogFace
40399,DogFace
40400,DogMouth
40401,CatEye
40402,DogFace
40403,CatEye
40404,CatEye
40405,CatMouth
40406,CatMouth
40407,CatFace
40408,DogFace
40409,CatMouth
40410,DogEye
40411,CatEye
40412,CatMouth
40413,CatEye
40414,CatFace
40415,CatFace
40416,DogEye
40417,CatMouth
40418,DogEye
40419,DogNose
40420,DogFace
40421,CatMouth
40422,CatEye
40423,CatEye
40424,DogEye
40425,CatMouth
40426,DogNose
40427,CatEye
40428,DogEye
40429,DogMouth
40430,CatFace
40431,CatEye
40432,DogEye
40433,DogMouth
40434,CatEye
40435,DogNose
40436,DogFace
40437,CatEye
40438,CatEye
40439,DogEye
40440,DogEye
40441,CatNose
40442,CatEye
40443,CatMouth
40444,CatMouth
40445,CatFace
40446,CatFace
40447,DogEye
40448,DogFace
40449,DogMouth
40450,CatFace
40451,DogEye
40452,DogNose
40453,DogFace
40454,CatMouth
40455,DogFace
40456,CatEye
40457,DogEye
40458,DogEye
40459,DogNose
40460,CatNose
40461,DogEye
40462,CatMouth
40463,DogEye
40464,CatFace
40465,CatEye
40466,DogEye
40467,CatEye
40468,CatEye
40469,DogFace
40470,CatFace
40471,CatEye
40472,DogMouth
40473,CatFace
40474,DogEye
40475,CatFace
40476,CatMouth
40477,CatNose
40478,DogEye
40479,CatFace
40480,DogNose
40481,DogEye
40482,CatEye
40483,CatEye
40484,DogNose
40485,DogEye
40486,CatMouth
40487,CatEye
40488,CatNose
40489,CatMouth
40490,CatFace
40491,DogMouth
40492,DogNose
40493,CatNose
40494,CatNose
40495,CatFace
40496,DogEye
40497,DogEye
40498,DogEye
40499,CatEye
40500,DogNose
40501,CatMouth
40502,DogEye
40503,CatFace
40504,CatEye
40505,CatEye
40506,DogMouth
40507,CatFace
40508,CatEye
40509,CatMouth
40510,CatEye
40511,CatFace
40512,DogEye
40513,CatEye
40514,DogFace
40515,DogEye
40516,DogFace
40517,DogNose
40518,CatMouth
40519,CatFace
40520,CatMouth
40521,CatMouth
40522,DogMouth
40523,CatFace
40524,CatFace
40525,DogFace
40526,DogMouth
40527,DogEye
40528,DogEye
40529,DogEye
40530,DogMouth
40531,CatMouth
40532,CatNose
40533,DogFace
40534,DogFace
40535,DogMouth
40536,DogEye
40537,CatMouth
40538,CatEye
40539,DogMouth
40540,CatMouth
40541,CatEye
40542,DogEye
40543,DogEye
40544,CatNose
40545,CatEye
40546,CatEye
40547,CatNose
40548,DogNose
40549,CatMouth
40550,DogMouth
40551,CatMouth
40552,CatFace
40553,DogFace
40554,DogNose
40555,DogMouth
40556,CatEye
40557,CatEye
40558,CatMouth
40559,DogEye
40560,DogEye
40561,CatMouth
40562,DogNose
40563,CatMouth
40564,DogFace
40565,DogEye
40566,DogEye
40567,DogFace
40568,DogMouth
40569,DogNose
40570,DogEye
40571,DogMouth
40572,CatEye
40573,CatNose
40574,CatNose
40575,CatNose
40576,CatFace
40577,CatEye
40578,DogMouth
40579,CatFace
40580,DogEye
40581,CatNose
40582,DogNose
40583,CatMouth
40584,DogMouth
40585,CatMouth
40586,CatNose
40587,DogNose
40588,DogMouth
40589,DogFace
40590,DogNose
40591,DogMouth
40592,CatNose
40593,CatNose
40594,CatEye
40595,DogEye
40596,CatEye
40597,CatNose
40598,DogFace
40599,DogEye
40600,DogEye
40601,CatEye
40602,DogNose
40603,DogEye
40604,CatMouth
40605,DogEye
40606,DogEye
40607,DogFace
40608,DogEye
40609,CatFace
40610,DogNose
40611,CatNose
40612,CatEye
40613,CatFace
40614,CatEye
40615,DogFace
40616,DogNose
40617,CatEye
40618,DogMouth
40619,DogEye
40620,CatNose
40621,CatEye
40622,CatMouth
40623,DogEye
40624,CatFace
40625,CatEye
40626,CatEye
40627,CatEye
40628,DogEye
40629,DogEye
40630,CatNose
40631,DogEye
40632,DogNose
40633,CatMouth
40634,DogEye
40635,CatFace
40636,DogMouth
40637,CatMouth
40638,CatMouth
40639,DogEye
40640,DogMouth
40641,DogMouth
40642,DogEye
40643,DogFace
40644,DogEye
40645,CatNose
40646,DogEye
40647,CatNose
40648,CatNose
40649,CatNose
40650,CatEye
40651,CatFace
40652,CatEye
40653,CatMouth
40654,CatEye
40655,CatNose
40656,DogMouth
40657,CatEye
40658,DogFace
40659,DogNose
40660,CatEye
40661,CatFace
40662,CatMouth
40663,CatEye
40664,DogEye
40665,DogNose
40666,DogEye
40667,CatEye
40668,CatMouth
40669,CatMouth
40670,DogEye
40671,CatEye
40672,CatEye
40673,DogNose
40674,DogEye
40675,CatFace
40676,CatEye
40677,DogNose
40678,CatNose
40679,CatMouth
40680,DogMouth
40681,CatNose
40682,DogEye
40683,CatMouth
40684,DogEye
40685,DogNose
40686,DogMouth
40687,CatEye
40688,DogFace
40689,DogMouth
40690,DogFace
40691,CatEye
40692,CatMouth
40693,CatFace
40694,CatMouth
40695,CatNose
40696,CatMouth
40697,DogEye
40698,CatFace
40699,CatNose
40700,DogNose
40701,CatMouth
40702,CatEye
40703,CatFace
40704,CatEye
40705,DogNose
40706,CatEye
40707,DogEye
40708,CatEye
40709,DogEye
40710,CatEye
40711,DogEye
40712,DogEye
40713,CatMouth
40714,DogEye
40715,CatEye
40716,DogFace
40717,DogFace
40718,DogEye
40719,DogNose
40720,CatMouth
40721,DogEye
40722,DogEye
40723,CatMouth
40724,CatFace
40725,DogEye
40726,CatEye
40727,CatEye
40728,CatMouth
40729,CatNose
40730,DogFace
40731,DogNose
40732,DogEye
40733,DogNose
40734,CatNose
40735,CatEye
40736,DogEye
40737,DogEye
40738,DogMouth
40739,DogEye
40740,CatEye
40741,CatEye
40742,DogMouth
40743,CatEye
40744,CatNose
40745,CatNose
40746,CatEye
40747,CatMouth
40748,CatFace
40749,DogEye
40750,DogFace
40751,DogEye
40752,DogFace
40753,DogFace
40754,CatEye
40755,CatEye
40756,CatEye
40757,CatMouth
40758,DogNose
40759,DogEye
40760,DogMouth
40761,DogNose
40762,CatNose
40763,DogFace
40764,DogNose
40765,CatEye
40766,DogMouth
40767,CatEye
40768,CatEye
40769,DogNose
40770,DogEye
40771,CatEye
40772,DogFace
40773,DogFace
40774,DogEye
40775,DogFace
40776,DogNose
40777,CatFace
40778,DogMouth
40779,DogEye
40780,CatEye
40781,CatMouth
40782,DogEye
40783,CatNose
40784,DogFace
40785,CatEye
40786,CatNose
40787,DogNose
40788,CatEye
40789,DogNose
40790,DogMouth
40791,DogEye
40792,CatEye
40793,CatEye
40794,DogEye
40795,CatEye
40796,DogEye
40797,CatNose
40798,DogEye
40799,CatNose
40800,CatMouth
40801,DogEye
40802,DogEye
40803,CatEye
40804,CatFace
40805,DogEye
40806,DogFace
40807,CatFace
40808,DogNose
40809,DogEye
40810,DogMouth
40811,CatFace
40812,DogMouth
40813,CatMouth
40814,DogEye
40815,CatMouth
40816,CatEye
40817,DogFace
40818,CatEye
40819,DogNose
40820,DogEye
40821,DogFace
40822,CatEye
40823,DogEye
40824,CatFace
40825,CatEye
40826,CatMouth
40827,CatMouth
40828,CatMouth
40829,CatEye
40830,DogFace
40831,CatMouth
40832,DogEye
40833,CatEye
40834,DogMouth
40835,DogMouth
40836,CatEye
40837,CatNose
40838,DogEye
40839,CatEye
40840,DogNose
40841,DogEye
40842,CatNose
40843,DogEye
40844,CatEye
40845,CatNose
40846,CatEye
40847,CatEye
40848,DogEye
40849,DogEye
40850,CatMouth
40851,CatNose
40852,CatEye
40853,CatMouth
40854,CatMouth
40855,CatNose
40856,CatFace
40857,CatFace
40858,CatMouth
40859,CatEye
40860,CatFace
40861,CatMouth
40862,DogFace
40863,CatEye
40864,DogMouth
40865,DogFace
40866,CatEye
40867,CatMouth
40868,DogMouth
40869,CatEye
40870,CatEye
40871,CatFace
40872,DogEye
40873,DogFace
40874,CatFace
40875,CatEye
40876,DogEye
40877,DogNose
40878,CatEye
40879,CatEye
40880,DogEye
40881,DogMouth
40882,DogEye
40883,CatFace
40884,DogNose
40885,DogEye
40886,CatFace
40887,CatNose
40888,DogMouth
40889,CatEye
40890,CatNose
40891,DogNose
40892,DogFace
40893,CatEye
40894,DogEye
40895,CatMouth
40896,CatEye
40897,DogFace
40898,CatEye
40899,CatNose
40900,CatFace
40901,DogFace
40902,CatEye
40903,DogMouth
40904,CatNose
40905,CatEye
40906,CatEye
40907,DogEye
40908,DogEye
40909,CatEye
40910,DogFace
40911,DogMouth
40912,CatNose
40913,CatNose
40914,CatEye
40915,DogEye
40916,DogFace
40917,CatMouth
40918,CatEye
40919,CatEye
40920,CatEye
40921,DogEye
40922,DogFace
40923,CatNose
40924,DogEye
40925,DogMouth
40926,DogEye
40927,DogMouth
40928,DogEye
40929,CatNose
40930,DogEye
40931,CatMouth
40932,CatEye
40933,CatNose
40934,CatNose
40935,CatEye
40936,DogEye
40937,CatMouth
40938,CatEye
40939,DogNose
40940,DogFace
40941,DogNose
40942,DogEye
40943,CatNose
40944,CatFace
40945,DogEye
40946,DogFace
40947,DogEye
40948,DogEye
40949,DogEye
40950,CatFace
40951,CatEye
40952,CatEye
40953,CatMouth
40954,DogMouth
40955,CatFace
40956,DogEye
40957,DogEye
40958,DogFace
40959,CatFace
40960,CatNose
40961,DogMouth
40962,DogMouth
40963,DogNose
40964,DogMouth
40965,CatMouth
40966,DogNose
40967,CatNose
40968,DogMouth
40969,DogEye
40970,CatEye
40971,CatMouth
40972,DogNose
40973,CatEye
40974,CatEye
40975,CatEye
40976,DogEye
40977,DogEye
40978,CatEye
40979,CatMouth
40980,CatFace
40981,CatNose
40982,DogNose
40983,CatFace
40984,CatMouth
40985,CatNose
40986,CatNose
40987,CatEye
40988,DogMouth
40989,DogFace
40990,CatEye
40991,DogEye
40992,CatMouth
40993,DogMouth
40994,CatEye
40995,DogNose
40996,CatNose
40997,CatFace
40998,DogEye
40999,DogNose
41000,CatMouth
41001,DogEye
41002,CatMouth
41003,DogFace
41004,CatFace
41005,DogNose
41006,CatMouth
41007,DogFace
41008,CatMouth
41009,DogMouth
41010,DogEye
41011,CatEye
41012,DogMouth
41013,CatMouth
41014,DogEye
41015,DogEye
41016,CatNose
41017,CatEye
41018,DogEye
41019,DogMouth
41020,CatEye
41021,DogEye
41022,CatNose
41023,CatEye
41024,CatEye
41025,CatFace
41026,DogNose
41027,CatEye
41028,DogEye
41029,CatEye
41030,DogFace
41031,DogMouth
41032,DogNose
41033,DogNose
41034,DogMouth
41035,CatMouth
41036,DogFace
41037,DogEye
41038,DogEye
41039,CatEye
41040,DogNose
41041,CatEye
41042,CatEye
41043,CatNose
41044,CatMouth
41045,CatEye
41046,DogFace
41047,DogEye
41048,CatNose
41049,CatFace
41050,DogNose
41051,DogFace
41052,DogEye
41053,CatNose
41054,DogFace
41055,DogFace
41056,CatFace
41057,CatFace
41058,CatEye
41059,DogFace
41060,DogNose
41061,DogMouth
41062,DogFace
41063,CatEye
41064,DogEye
41065,CatFace
41066,DogNose
41067,CatNose
41068,CatMouth
41069,DogFace
41070,DogNose
41071,DogFace
41072,DogFace
41073,CatEye
41074,DogEye
41075,DogFace
41076,CatEye
41077,CatFace
41078,CatMouth
41079,DogNose
41080,CatFace
41081,DogMouth
41082,CatEye
41083,DogMouth
41084,CatMouth
41085,CatFace
41086,DogMouth
41087,DogMouth
41088,CatMouth
41089,DogMouth
41090,DogFace
41091,DogFace
41092,DogEye
41093,DogNose
41094,CatNose
41095,CatFace
41096,DogMouth
41097,DogNose
41098,DogEye
41099,CatEye
41100,DogEye
41101,DogFace
41102,CatEye
41103,CatEye
41104,DogNose
41105,CatNose
41106,DogEye
41107,DogEye
41108,DogNose
41109,CatNose
41110,CatFace
41111,DogEye
41112,CatNose
41113,DogEye
41114,CatMouth
41115,DogFace
41116,CatEye
41117,CatNose
41118,CatEye
41119,CatMouth
41120,DogEye
41121,DogMouth
41122,CatEye
41123,CatNose
41124,CatMouth
41125,DogEye
41126,CatNose
41127,CatNose
41128,DogFace
41129,DogNose
41130,CatMouth
41131,CatMouth
41132,CatNose
41133,DogMouth
41134,DogEye
41135,CatEye
41136,DogNose
41137,DogEye
41138,DogNose
41139,CatEye
41140,CatNose
41141,DogNose
41142,DogEye
41143,CatEye
41144,CatMouth
41145,DogMouth
41146,CatFace
41147,DogNose
41148,DogEye
41149,DogMouth
41150,CatMouth
41151,CatMouth
41152,DogEye
41153,CatMouth
41154,CatFace
41155,DogFace
41156,CatFace
41157,DogNose
41158,CatEye
41159,DogFace
41160,DogNose
41161,CatEye
41162,CatFace
41163,DogEye
41164,CatEye
41165,CatEye
41166,CatEye
41167,CatEye
41168,CatMouth
41169,CatEye
41170,CatFace
41171,DogEye
41172,CatMouth
41173,DogMouth
41174,DogEye
41175,DogNose
41176,CatMouth
41177,CatEye
41178,DogFace
41179,CatNose
41180,DogEye
41181,CatFace
41182,CatNose
41183,CatMouth
41184,DogNose
41185,CatEye
41186,CatEye
41187,DogMouth
41188,DogMouth
41189,DogEye
41190,CatNose
41191,CatEye
41192,CatEye
41193,CatMouth
41194,CatEye
41195,CatMouth
41196,CatFace
41197,DogEye
41198,CatFace
41199,CatNose
41200,CatEye
41201,CatFace
41202,CatNose
41203,DogEye
41204,CatEye
41205,DogEye
41206,CatFace
41207,DogEye
41208,DogEye
41209,DogFace
41210,DogEye
41211,DogEye
41212,DogEye
41213,CatMouth
41214,DogEye
41215,CatNose
41216,CatEye
41217,DogMouth
41218,CatMouth
41219,DogEye
41220,CatMouth
41221,CatFace
41222,CatMouth
41223,DogEye
41224,DogEye
41225,DogEye
41226,DogFace
41227,CatFace
41228,CatEye
41229,CatEye
41230,CatNose
41231,DogEye
41232,DogNose
41233,CatMouth
41234,DogNose
41235,DogEye
41236,CatEye
41237,CatEye
41238,DogEye
41239,CatMouth
41240,DogMouth
41241,DogEye
41242,CatFace
41243,CatEye
41244,CatFace
41245,CatFace
41246,DogFace
41247,CatFace
41248,DogNose
41249,CatEye
41250,CatNose
41251,DogNose
41252,CatFace
41253,CatEye
41254,DogFace
41255,CatFace
41256,DogNose
41257,DogEye
41258,DogNose
41259,CatEye
41260,DogNose
41261,CatEye
41262,DogEye
41263,CatEye
41264,DogNose
41265,DogEye
41266,CatEye
41267,CatMouth
41268,DogEye
41269,DogMouth
41270,CatMouth
41271,CatEye
41272,DogEye
41273,DogMouth
41274,CatMouth
41275,DogEye
41276,DogMouth
41277,DogMouth
41278,CatEye
41279,DogMouth
41280,CatNose
41281,DogNose
41282,DogMouth
41283,CatMouth
41284,DogEye
41285,DogMouth
41286,CatEye
41287,DogMouth
41288,DogNose
41289,DogFace
41290,DogNose
41291,DogNose
41292,CatNose
41293,DogEye
41294,DogMouth
41295,DogFace
41296,CatNose
41297,CatEye
41298,DogMouth
41299,DogEye
41300,CatEye
41301,CatMouth
41302,CatMouth
41303,DogEye
41304,CatEye
41305,DogFace
41306,CatMouth
41307,DogFace
41308,DogEye
41309,CatEye
41310,CatEye
41311,DogEye
41312,CatFace
41313,CatNose
41314,CatNose
41315,CatFace
41316,CatEye
41317,DogMouth
41318,CatMouth
41319,CatEye
41320,DogFace
41321,CatEye
41322,DogFace
41323,CatEye
41324,DogFace
41325,CatEye
41326,CatNose
41327,CatFace
41328,CatFace
41329,DogEye
41330,CatFace
41331,DogMouth
41332,CatEye
41333,CatNose
41334,DogMouth
41335,CatFace
41336,DogEye
41337,CatEye
41338,CatFace
41339,DogEye
41340,DogEye
41341,CatFace
41342,DogMouth
41343,DogNose
41344,DogEye
41345,DogMouth
41346,CatMouth
41347,DogEye
41348,DogNose
41349,CatEye
41350,CatEye
41351,CatMouth
41352,CatNose
41353,DogFace
41354,CatEye
41355,CatFace
41356,CatFace
41357,CatEye
41358,DogNose
41359,CatEye
41360,DogFace
41361,CatMouth
41362,CatEye
41363,DogEye
41364,DogEye
41365,CatFace
41366,CatMouth
41367,CatMouth
41368,DogMouth
41369,CatEye
41370,CatEye
41371,CatEye
41372,CatEye
41373,CatEye
41374,DogEye
41375,DogEye
41376,DogNose
41377,CatNose
41378,DogEye
41379,DogNose
41380,DogFace
41381,CatNose
41382,CatMouth
41383,CatNose
41384,CatEye
41385,DogMouth
41386,DogEye
41387,DogFace
41388,CatEye
41389,CatFace
41390,CatFace
41391,CatNose
41392,CatNose
41393,CatFace
41394,DogNose
41395,DogEye
41396,DogMouth
41397,DogFace
41398,DogMouth
41399,DogEye
41400,DogMouth
41401,CatEye
41402,DogFace
41403,CatFace
41404,CatEye
41405,CatNose
41406,DogEye
41407,CatFace
41408,DogNose
41409,CatFace
41410,CatEye
41411,CatEye
41412,DogNose
41413,CatMouth
41414,CatMouth
41415,DogFace
41416,CatMouth
41417,CatEye
41418,CatEye
41419,DogMouth
41420,CatNose
41421,DogEye
41422,DogNose
41423,CatEye
41424,CatMouth
41425,CatFace
41426,DogNose
41427,CatFace
41428,DogMouth
41429,DogMouth
41430,DogEye
41431,CatEye
41432,CatEye
41433,CatMouth
41434,CatNose
41435,DogNose
41436,CatEye
41437,CatFace
41438,DogEye
41439,DogMouth
41440,CatEye
41441,CatMouth
41442,CatEye
41443,CatMouth
41444,CatMouth
41445,DogEye
41446,DogMouth
41447,CatEye
41448,DogEye
41449,DogEye
41450,CatMouth
41451,CatFace
41452,DogFace
41453,DogFace
41454,CatNose
41455,CatMouth
41456,CatFace
41457,CatMouth
41458,DogNose
41459,DogEye
41460,CatFace
41461,DogEye
41462,CatEye
41463,CatEye
41464,CatNose
41465,CatMouth
41466,CatNose
41467,CatMouth
41468,CatNose
41469,CatEye
41470,DogFace
41471,DogMouth
41472,CatEye
41473,DogFace
41474,CatNose
41475,CatEye
41476,DogNose
41477,CatEye
41478,DogEye
41479,DogFace
41480,CatFace
41481,DogFace
41482,CatFace
41483,DogMouth
41484,CatEye
41485,CatFace
41486,CatNose
41487,CatNose
41488,CatFace
41489,CatFace
41490,CatEye
41491,CatNose
41492,DogMouth
41493,DogEye
41494,CatFace
41495,DogFace
41496,CatEye
41497,DogFace
41498,CatEye
41499,CatEye
41500,DogMouth
41501,DogMouth
41502,CatMouth
41503,DogFace
41504,CatEye
41505,CatMouth
41506,DogMouth
41507,DogFace
41508,DogMouth
41509,DogMouth
41510,CatFace
41511,DogMouth
41512,CatEye
41513,CatMouth
41514,DogNose
41515,CatEye
41516,CatFace
41517,CatMouth
41518,CatMouth
41519,DogMouth
41520,CatEye
41521,DogMouth
41522,CatNose
41523,CatNose
41524,DogEye
41525,DogFace
41526,CatNose
41527,CatMouth
41528,CatNose
41529,DogFace
41530,DogEye
41531,CatNose
41532,CatFace
41533,DogEye
41534,CatEye
41535,CatMouth
41536,DogNose
41537,CatEye
41538,DogMouth
41539,CatEye
41540,DogFace
41541,CatNose
41542,DogEye
41543,DogFace
41544,CatNose
41545,CatFace
41546,DogNose
41547,CatFace
41548,CatNose
41549,CatNose
41550,DogFace
41551,DogNose
41552,DogMouth
41553,CatNose
41554,CatEye
41555,CatEye
41556,CatEye
41557,CatNose
41558,CatNose
41559,CatMouth
41560,CatEye
41561,CatEye
41562,CatFace
41563,CatEye
41564,DogNose
41565,CatNose
41566,DogMouth
41567,DogMouth
41568,DogEye
41569,DogMouth
41570,DogMouth
41571,CatNose
41572,DogEye
41573,DogEye
41574,DogNose
41575,CatFace
41576,DogFace
41577,CatEye
41578,CatEye
41579,CatEye
41580,CatNose
41581,CatFace
41582,DogNose
41583,DogEye
41584,CatEye
41585,CatNose
41586,CatFace
41587,DogMouth
41588,DogEye
41589,DogEye
41590,CatMouth
41591,CatEye
41592,DogEye
41593,CatEye
41594,CatFace
41595,DogEye
41596,CatMouth
41597,DogEye
41598,DogFace
41599,DogFace
41600,CatMouth
41601,DogEye
41602,CatNose
41603,CatMouth
41604,DogMouth
41605,DogEye
41606,CatMouth
41607,DogEye
41608,CatFace
41609,DogMouth
41610,CatMouth
41611,DogFace
41612,CatEye
41613,CatNose
41614,DogNose
41615,DogEye
41616,DogFace
41617,CatEye
41618,DogEye
41619,DogEye
41620,CatMouth
41621,DogEye
41622,DogEye
41623,CatMouth
41624,DogMouth
41625,CatMouth
41626,DogNose
41627,DogEye
41628,CatFace
41629,CatNose
41630,DogNose
41631,CatFace
41632,CatEye
41633,DogFace
41634,CatFace
41635,CatNose
41636,DogEye
41637,DogMouth
41638,CatMouth
41639,CatEye
41640,CatMouth
41641,DogEye
41642,CatNose
41643,DogEye
41644,CatNose
41645,DogFace
41646,CatEye
41647,CatEye
41648,DogEye
41649,DogEye
41650,CatNose
41651,CatMouth
41652,DogEye
41653,CatEye
41654,CatNose
41655,DogNose
41656,DogFace
41657,CatMouth
41658,DogFace
41659,DogMouth
41660,CatEye
41661,CatFace
41662,DogFace
41663,DogMouth
41664,DogNose
41665,DogNose
41666,DogNose
41667,DogEye
41668,CatEye
41669,CatEye
41670,DogEye
41671,CatNose
41672,CatMouth
41673,DogMouth
41674,DogEye
41675,CatEye
41676,CatNose
41677,DogMouth
41678,DogNose
41679,CatNose
41680,CatNose
41681,CatEye
41682,DogEye
41683,CatFace
41684,DogEye
41685,CatMouth
41686,CatEye
41687,DogEye
41688,DogEye
41689,DogFace
41690,DogEye
41691,DogNose
41692,CatNose
41693,CatNose
41694,CatFace
41695,CatEye
41696,CatMouth
41697,CatEye
41698,DogEye
41699,DogFace
41700,CatEye
41701,DogNose
41702,CatMouth
41703,DogFace
41704,CatFace
41705,DogEye
41706,CatMouth
41707,CatEye
41708,CatEye
41709,DogFace
41710,CatEye
41711,CatMouth
41712,DogFace
41713,DogEye
41714,CatMouth
41715,DogEye
41716,CatEye
41717,CatNose
41718,CatNose
41719,CatFace
41720,CatFace
41721,CatMouth
41722,DogFace
41723,CatNose
41724,CatFace
41725,CatNose
41726,CatEye
41727,DogNose
41728,CatFace
41729,DogFace
41730,CatEye
41731,CatEye
41732,DogFace
41733,CatFace
41734,DogMouth
41735,CatEye
41736,CatMouth
41737,CatFace
41738,CatMouth
41739,CatEye
41740,CatNose
41741,CatEye
41742,CatNose
41743,DogEye
41744,CatMouth
41745,DogEye
41746,CatEye
41747,CatNose
41748,DogEye
41749,DogMouth
41750,DogFace
41751,CatMouth
41752,CatEye
41753,CatEye
41754,CatNose
41755,DogFace
41756,CatEye
41757,DogFace
41758,CatEye
41759,DogNose
41760,CatEye
41761,DogEye
41762,CatNose
41763,CatMouth
41764,DogMouth
41765,CatEye
41766,DogNose
41767,DogFace
41768,CatNose
41769,CatEye
41770,DogFace
41771,DogMouth
41772,DogNose
41773,CatNose
41774,DogNose
41775,DogFace
41776,DogMouth
41777,DogEye
41778,CatEye
41779,DogNose
41780,CatMouth
41781,DogMouth
41782,CatMouth
41783,DogEye
41784,CatEye
41785,DogEye
41786,DogFace
41787,DogEye
41788,DogFace
41789,CatFace
41790,DogNose
41791,DogMouth
41792,CatFace
41793,DogEye
41794,CatMouth
41795,DogMouth
41796,DogEye
41797,CatEye
41798,CatEye
41799,DogNose
41800,DogNose
41801,CatFace
41802,DogEye
41803,DogEye
41804,CatNose
41805,DogEye
41806,DogFace
41807,CatEye
41808,DogEye
41809,CatEye
41810,CatEye
41811,CatEye
41812,CatEye
41813,DogNose
41814,DogEye
41815,CatEye
41816,CatEye
41817,DogFace
41818,DogFace
41819,DogMouth
41820,DogMouth
41821,CatFace
41822,CatMouth
41823,CatEye
41824,CatEye
41825,DogEye
41826,CatEye
41827,CatMouth
41828,CatEye
41829,CatNose
41830,CatNose
41831,DogEye
41832,CatMouth
41833,CatNose
41834,CatNose
41835,CatNose
41836,DogMouth
41837,DogNose
41838,DogEye
41839,CatEye
41840,CatMouth
41841,DogEye
41842,CatEye
41843,CatEye
41844,CatEye
41845,DogMouth
41846,CatNose
41847,DogEye
41848,DogMouth
41849,DogNose
41850,CatEye
41851,DogEye
41852,CatMouth
41853,DogFace
41854,DogNose
41855,CatMouth
41856,CatMouth
41857,DogEye
41858,DogEye
41859,DogEye
41860,CatMouth
41861,CatEye
41862,CatEye
41863,DogMouth
41864,CatNose
41865,CatEye
41866,DogFace
41867,DogFace
41868,CatMouth
41869,DogFace
41870,CatEye
41871,DogNose
41872,CatMouth
41873,CatEye
41874,CatEye
41875,DogFace
41876,CatNose
41877,DogNose
41878,DogMouth
41879,DogFace
41880,DogEye
41881,DogMouth
41882,CatEye
41883,CatMouth
41884,DogFace
41885,DogEye
41886,CatFace
41887,DogEye
41888,DogNose
41889,CatNose
41890,DogMouth
41891,CatNose
41892,CatNose
41893,DogEye
41894,DogEye
41895,DogNose
41896,CatFace
41897,CatFace
41898,DogNose
41899,DogFace
41900,CatFace
41901,CatEye
41902,CatEye
41903,CatFace
41904,CatNose
41905,CatMouth
41906,CatNose
41907,DogEye
41908,CatEye
41909,CatMouth
41910,CatNose
41911,DogMouth
41912,DogNose
41913,CatEye
41914,CatMouth
41915,CatMouth
41916,CatFace
41917,DogMouth
41918,DogEye
41919,CatMouth
41920,CatMouth
41921,DogEye
41922,CatEye
41923,CatEye
41924,CatNose
41925,DogNose
41926,CatNose
41927,DogNose
41928,DogEye
41929,CatEye
41930,DogNose
41931,DogMouth
41932,CatFace
41933,CatEye
41934,DogEye
41935,CatMouth
41936,DogEye
41937,DogNose
41938,DogEye
41939,CatFace
41940,DogEye
41941,CatFace
41942,CatEye
41943,CatEye
41944,CatFace
41945,DogNose
41946,DogEye
41947,DogNose
41948,DogMouth
41949,DogEye
41950,CatNose
41951,DogMouth
41952,DogEye
41953,CatNose
41954,CatFace
41955,CatMouth
41956,DogEye
41957,CatEye
41958,DogNose
41959,DogMouth
41960,CatFace
41961,CatMouth
41962,CatEye
41963,CatFace
41964,CatEye
41965,CatMouth
41966,CatFace
41967,CatMouth
41968,DogFace
41969,DogNose
41970,CatEye
41971,CatEye
41972,CatEye
41973,CatFace
41974,DogEye
41975,CatEye
41976,DogEye
41977,DogEye
41978,DogNose
41979,DogEye
41980,CatMouth
41981,DogFace
41982,CatFace
41983,DogEye
41984,CatMouth
41985,DogFace
41986,CatFace
41987,DogNose
41988,CatMouth
41989,DogMouth
41990,CatFace
41991,DogFace
41992,DogFace
41993,CatFace
41994,CatEye
41995,DogMouth
41996,DogFace
41997,DogNose
41998,CatEye
41999,CatEye
42000,CatMouth
42001,CatMouth
42002,DogNose
42003,DogEye
42004,CatNose
42005,DogEye
42006,DogEye
42007,CatMouth
42008,CatEye
42009,CatFace
42010,CatNose
42011,DogFace
42012,DogEye
42013,DogMouth
42014,CatFace
42015,DogNose
42016,CatEye
42017,DogEye
42018,CatEye
42019,CatNose
42020,CatEye
42021,DogEye
42022,CatNose
42023,DogEye
42024,CatFace
42025,CatNose
42026,CatMouth
42027,CatEye
42028,DogNose
42029,CatEye
42030,DogMouth
42031,DogMouth
42032,DogFace
42033,CatEye
42034,CatEye
42035,DogFace
42036,CatFace
42037,CatEye
42038,CatNose
42039,CatMouth
42040,CatEye
42041,CatEye
42042,DogEye
42043,DogFace
42044,DogEye
42045,CatNose
42046,CatFace
42047,DogEye
42048,CatEye
42049,DogEye
42050,DogFace
42051,CatMouth
42052,CatMouth
42053,DogFace
42054,DogEye
42055,CatEye
42056,CatEye
42057,DogEye
42058,CatNose
42059,CatFace
42060,DogMouth
42061,CatMouth
42062,DogEye
42063,CatFace
42064,CatEye
42065,CatEye
42066,DogNose
42067,CatEye
42068,DogFace
42069,DogFace
42070,DogEye
42071,DogEye
42072,CatNose
42073,CatNose
42074,CatEye
42075,DogNose
42076,DogFace
42077,DogEye
42078,DogNose
42079,DogEye
42080,CatFace
42081,CatEye
42082,CatEye
42083,CatMouth
42084,DogEye
42085,DogMouth
42086,CatEye
42087,CatEye
42088,DogFace
42089,CatEye
42090,CatFace
42091,CatNose
42092,CatFace
42093,CatMouth
42094,DogMouth
42095,DogNose
42096,CatNose
42097,CatEye
42098,CatMouth
42099,CatEye
42100,CatEye
42101,CatEye
42102,CatEye
42103,CatEye
42104,DogEye
42105,CatNose
42106,CatNose
42107,DogNose
42108,CatFace
42109,DogFace
42110,CatMouth
42111,DogMouth
42112,DogNose
42113,CatEye
42114,CatNose
42115,DogNose
42116,DogEye
42117,DogEye
42118,CatFace
42119,CatEye
42120,CatFace
42121,DogEye
42122,CatNose
42123,DogNose
42124,CatNose
42125,DogMouth
42126,DogNose
42127,DogMouth
42128,DogNose
42129,CatEye
42130,DogEye
42131,DogNose
42132,DogMouth
42133,CatEye
42134,DogNose
42135,CatFace
42136,DogNose
42137,CatNose
42138,CatFace
42139,DogMouth
42140,CatEye
42141,DogEye
42142,DogEye
42143,CatMouth
42144,DogFace
42145,DogNose
42146,CatFace
42147,CatEye
42148,CatEye
42149,CatEye
42150,CatMouth
42151,CatEye
42152,DogEye
42153,CatMouth
42154,CatFace
42155,DogFace
42156,DogEye
42157,DogFace
42158,CatEye
42159,CatEye
42160,DogNose
42161,CatMouth
42162,CatMouth
42163,DogEye
42164,DogNose
42165,DogNose
42166,CatEye
42167,DogEye
42168,CatNose
42169,DogEye
42170,CatEye
42171,DogEye
42172,DogMouth
42173,DogFace
42174,DogMouth
42175,DogNose
42176,CatNose
42177,CatNose
42178,CatFace
42179,CatFace
42180,CatMouth
42181,CatEye
42182,CatEye
42183,DogEye
42184,DogNose
42185,CatEye
42186,DogEye
42187,DogFace
42188,DogEye
42189,CatFace
42190,DogEye
42191,CatMouth
42192,CatFace
42193,CatEye
42194,CatEye
42195,CatEye
42196,CatMouth
42197,CatEye
42198,CatFace
42199,CatEye
42200,CatNose
42201,CatMouth
42202,CatMouth
42203,DogNose
42204,CatMouth
42205,CatEye
42206,CatFace
42207,CatEye
42208,DogEye
42209,CatEye
42210,CatEye
42211,DogEye
42212,CatNose
42213,DogMouth
42214,DogEye
42215,CatMouth
42216,CatNose
42217,CatMouth
42218,CatNose
42219,CatEye
42220,DogEye
42221,CatEye
42222,DogEye
42223,DogFace
42224,CatEye
42225,CatMouth
42226,CatFace
42227,CatEye
42228,CatNose
42229,DogMouth
42230,DogFace
42231,DogEye
42232,DogMouth
42233,DogEye
42234,DogMouth
42235,DogNose
42236,DogNose
42237,CatNose
42238,DogFace
42239,CatEye
42240,DogMouth
42241,CatFace
42242,DogFace
42243,CatNose
42244,CatFace
42245,CatMouth
42246,CatFace
42247,DogFace
42248,DogNose
42249,CatMouth
42250,CatFace
42251,CatFace
42252,CatMouth
42253,DogEye
42254,DogMouth
42255,CatNose
42256,DogMouth
42257,DogMouth
42258,CatEye
42259,DogEye
42260,CatEye
42261,DogEye
42262,CatNose
42263,CatFace
42264,CatEye
42265,DogEye
42266,CatEye
42267,DogFace
42268,CatEye
42269,DogEye
42270,CatFace
42271,DogNose
42272,CatFace
42273,DogNose
42274,DogEye
42275,DogEye
42276,CatMouth
42277,DogEye
42278,DogNose
42279,DogMouth
42280,CatEye
42281,CatMouth
42282,CatNose
42283,CatFace
42284,CatMouth
42285,CatEye
42286,CatMouth
42287,DogEye
42288,DogMouth
42289,DogEye
42290,CatNose
42291,DogEye
42292,CatEye
42293,CatEye
42294,DogNose
42295,DogEye
42296,CatNose
42297,CatEye
42298,CatEye
42299,CatNose
42300,CatEye
42301,DogEye
42302,DogFace
42303,DogNose
42304,CatEye
42305,DogNose
42306,DogNose
42307,DogEye
42308,DogFace
42309,DogNose
42310,CatFace
42311,CatEye
42312,CatEye
42313,CatEye
42314,CatNose
42315,DogEye
42316,CatEye
42317,DogEye
42318,CatMouth
42319,DogFace
42320,DogEye
42321,DogEye
42322,CatNose
42323,CatNose
42324,CatNose
42325,DogNose
42326,DogNose
42327,DogFace
42328,CatFace
42329,DogFace
42330,DogNose
42331,DogEye
42332,CatEye
42333,DogFace
42334,CatFace
42335,DogMouth
42336,CatEye
42337,CatFace
42338,DogMouth
42339,CatNose
42340,DogNose
42341,CatEye
42342,DogMouth
42343,DogEye
42344,DogMouth
42345,CatFace
42346,CatEye
42347,CatEye
42348,CatEye
42349,DogMouth
42350,CatEye
42351,CatFace
42352,DogMouth
42353,CatFace
42354,DogEye
42355,DogFace
42356,CatFace
42357,CatEye
42358,CatEye
42359,CatMouth
42360,DogEye
42361,CatMouth
42362,DogEye
42363,CatNose
42364,CatNose
42365,CatNose
42366,CatNose
42367,CatEye
42368,CatFace
42369,DogEye
42370,DogEye
42371,DogEye
42372,DogMouth
42373,CatNose
42374,CatMouth
42375,CatEye
42376,DogMouth
42377,CatFace
42378,CatMouth
42379,DogEye
42380,DogEye
42381,DogFace
42382,CatNose
42383,CatNose
42384,CatEye
42385,CatEye
42386,DogEye
42387,DogFace
42388,CatFace
42389,CatEye
42390,CatFace
42391,CatFace
42392,CatNose
42393,DogEye
42394,DogEye
42395,CatEye
42396,CatMouth
42397,CatEye
42398,CatMouth
42399,CatMouth
42400,CatNose
42401,CatEye
42402,CatNose
42403,DogNose
42404,CatEye
42405,DogNose
42406,CatNose
42407,CatMouth
42408,CatFace
42409,DogNose
42410,CatEye
42411,DogFace
42412,DogNose
42413,CatNose
42414,CatEye
42415,DogEye
42416,CatEye
42417,DogEye
42418,DogFace
42419,CatNose
42420,DogNose
42421,CatEye
42422,CatMouth
42423,CatEye
42424,DogMouth
42425,CatMouth
42426,CatEye
42427,CatMouth
42428,DogEye
42429,CatMouth
42430,DogEye
42431,CatFace
42432,DogNose
42433,DogEye
42434,DogEye
42435,DogEye
42436,DogMouth
42437,CatNose
42438,CatNose
42439,CatFace
42440,DogEye
42441,DogMouth
42442,CatEye
42443,CatNose
42444,DogEye
42445,CatNose
42446,CatEye
42447,CatMouth
42448,DogNose
42449,CatFace
42450,DogMouth
42451,CatMouth
42452,CatFace
42453,CatFace
42454,CatEye
42455,CatEye
42456,DogEye
42457,CatEye
42458,CatNose
42459,DogFace
42460,CatEye
42461,DogFace
42462,DogFace
42463,CatEye
42464,CatNose
42465,DogFace
42466,DogEye
42467,DogMouth
42468,CatEye
42469,CatNose
42470,DogMouth
42471,DogEye
42472,DogEye
42473,DogNose
42474,CatNose
42475,CatEye
42476,DogNose
42477,DogEye
42478,DogFace
42479,DogEye
42480,CatEye
42481,DogNose
42482,CatMouth
42483,DogNose
42484,CatEye
42485,DogMouth
42486,CatNose
42487,DogNose
42488,CatNose
42489,CatMouth
42490,CatEye
42491,CatEye
42492,CatNose
42493,CatEye
42494,CatMouth
42495,DogFace
42496,CatNose
42497,DogEye
42498,CatMouth
42499,DogFace
42500,CatEye
42501,CatEye
42502,DogEye
42503,CatFace
42504,DogMouth
42505,DogFace
42506,DogFace
42507,CatNose
42508,CatFace
42509,CatMouth
42510,DogFace
42511,CatNose
42512,DogMouth
42513,CatEye
42514,DogEye
42515,CatEye
42516,CatEye
42517,CatNose
42518,DogEye
42519,CatFace
42520,CatEye
42521,DogNose
42522,DogEye
42523,CatEye
42524,DogNose
42525,CatEye
42526,DogMouth
42527,DogNose
42528,CatFace
42529,DogEye
42530,DogMouth
42531,CatNose
42532,CatFace
42533,DogNose
42534,DogFace
42535,CatMouth
42536,DogNose
42537,DogEye
42538,CatEye
42539,CatMouth
42540,CatFace
42541,DogFace
42542,DogFace
42543,CatEye
42544,CatEye
42545,CatEye
42546,DogNose
42547,CatNose
42548,DogEye
42549,DogEye
42550,CatEye
42551,CatMouth
42552,DogFace
42553,DogEye
42554,DogFace
42555,DogFace
42556,CatNose
42557,CatMouth
42558,CatEye
42559,CatEye
42560,DogEye
42561,CatNose
42562,DogEye
42563,CatNose
42564,DogEye
42565,CatMouth
42566,CatMouth
42567,DogNose
42568,DogEye
42569,CatMouth
42570,DogEye
42571,DogFace
42572,CatNose
42573,DogEye
42574,CatFace
42575,DogNose
42576,CatEye
42577,CatNose
42578,DogNose
42579,CatNose
42580,CatMouth
42581,DogEye
42582,CatEye
42583,DogMouth
42584,DogEye
42585,CatEye
42586,DogEye
42587,CatMouth
42588,CatNose
42589,DogFace
42590,DogEye
42591,DogEye
42592,CatEye
42593,CatFace
42594,CatEye
42595,DogFace
42596,DogMouth
42597,CatMouth
42598,CatMouth
42599,CatEye
42600,DogEye
42601,CatEye
42602,CatNose
42603,DogEye
42604,CatEye
42605,DogEye
42606,DogMouth
42607,DogFace
42608,DogNose
42609,DogMouth
42610,CatNose
42611,DogNose
42612,DogFace
42613,CatEye
42614,DogEye
42615,CatNose
42616,DogEye
42617,CatNose
42618,CatMouth
42619,DogEye
42620,CatEye
42621,CatNose
42622,DogFace
42623,CatMouth
42624,CatFace
42625,DogEye
42626,DogMouth
42627,CatNose
42628,DogEye
42629,CatEye
42630,CatEye
42631,CatEye
42632,CatEye
42633,DogNose
42634,CatNose
42635,CatEye
42636,CatFace
42637,CatMouth
42638,DogEye
42639,CatMouth
42640,CatEye
42641,DogEye
42642,DogFace
42643,CatEye
42644,DogFace
42645,CatEye
42646,DogMouth
42647,CatFace
42648,CatNose
42649,DogNose
42650,DogFace
42651,CatNose
42652,DogMouth
42653,CatEye
42654,DogEye
42655,DogEye
42656,CatEye
42657,DogFace
42658,DogMouth
42659,DogFace
42660,DogEye
42661,DogFace
42662,CatFace
42663,CatFace
42664,DogEye
42665,CatNose
42666,DogMouth
42667,DogEye
42668,CatFace
42669,CatEye
42670,CatEye
42671,DogEye
42672,DogFace
42673,CatFace
42674,DogEye
42675,DogMouth
42676,CatNose
42677,CatEye
42678,DogNose
42679,DogNose
42680,CatNose
42681,DogFace
42682,DogNose
42683,DogNose
42684,CatFace
42685,DogFace
42686,CatFace
42687,DogFace
42688,CatMouth
42689,CatEye
42690,DogNose
42691,CatNose
42692,CatFace
42693,CatFace
42694,DogNose
42695,DogMouth
42696,CatFace
42697,DogMouth
42698,CatNose
42699,DogNose
42700,DogEye
42701,CatFace
42702,DogMouth
42703,DogFace
42704,CatMouth
42705,CatFace
42706,CatEye
42707,CatMouth
42708,CatMouth
42709,DogMouth
42710,DogEye
42711,DogEye
42712,CatEye
42713,DogFace
42714,CatEye
42715,CatNose
42716,CatMouth
42717,CatMouth
42718,DogMouth
42719,DogEye
42720,DogFace
42721,DogFace
42722,DogEye
42723,CatEye
42724,CatEye
42725,CatNose
42726,DogEye
42727,CatEye
42728,CatEye
42729,CatMouth
42730,CatEye
42731,DogFace
42732,CatFace
42733,DogFace
42734,DogEye
42735,CatFace
42736,CatNose
42737,CatEye
42738,CatMouth
42739,DogFace
42740,CatEye
42741,CatEye
42742,DogEye
42743,CatEye
42744,CatMouth
42745,CatNose
42746,CatEye
42747,CatMouth
42748,CatNose
42749,DogEye
42750,CatEye
42751,CatEye
42752,CatNose
42753,DogEye
42754,CatEye
42755,DogNose
42756,CatNose
42757,DogEye
42758,DogEye
42759,DogMouth
42760,DogEye
42761,DogMouth
42762,DogEye
42763,DogNose
42764,CatEye
42765,DogEye
42766,CatFace
42767,CatMouth
42768,CatMouth
42769,DogEye
42770,DogMouth
42771,CatNose
42772,CatEye
42773,DogMouth
42774,DogEye
42775,CatEye
42776,CatEye
42777,CatFace
42778,DogFace
42779,DogEye
42780,CatMouth
42781,DogFace
42782,CatNose
42783,DogEye
42784,DogMouth
42785,CatEye
42786,CatFace
42787,CatMouth
42788,DogFace
42789,CatFace
42790,CatEye
42791,CatEye
42792,CatEye
42793,CatNose
42794,DogMouth
42795,DogFace
42796,DogMouth
42797,DogFace
42798,DogEye
42799,DogFace
42800,CatNose
42801,DogEye
42802,DogEye
42803,CatNose
42804,CatMouth
42805,CatMouth
42806,DogNose
42807,CatMouth
42808,DogFace
42809,CatEye
42810,CatFace
42811,CatNose
42812,CatEye
42813,DogEye
42814,CatNose
42815,CatFace
42816,CatNose
42817,CatEye
42818,DogNose
42819,DogMouth
42820,CatFace
42821,DogEye
42822,DogEye
42823,DogNose
42824,DogEye
42825,CatEye
42826,CatNose
42827,CatNose
42828,DogEye
42829,CatNose
42830,CatEye
42831,DogNose
42832,DogEye
42833,CatEye
42834,CatMouth
42835,DogNose
42836,CatEye
42837,DogNose
42838,CatEye
42839,DogEye
42840,CatFace
42841,CatFace
42842,DogMouth
42843,DogFace
42844,CatFace
42845,DogNose
42846,CatMouth
42847,DogNose
42848,DogNose
42849,DogEye
42850,DogFace
42851,DogFace
42852,CatMouth
42853,DogMouth
42854,CatNose
42855,DogFace
42856,CatEye
42857,DogFace
42858,CatFace
42859,CatEye
42860,DogNose
42861,DogEye
42862,DogFace
42863,CatEye
42864,CatNose
42865,DogEye
42866,CatNose
42867,CatNose
42868,DogEye
42869,CatNose
42870,DogNose
42871,DogEye
42872,CatFace
42873,CatNose
42874,DogNose
42875,DogFace
42876,CatEye
42877,CatEye
42878,DogEye
42879,CatMouth
42880,CatEye
42881,CatNose
42882,CatEye
42883,DogFace
42884,CatMouth
42885,DogNose
42886,DogEye
42887,CatFace
42888,CatEye
42889,DogMouth
42890,DogEye
42891,DogMouth
42892,CatEye
42893,DogEye
42894,DogMouth
42895,CatMouth
42896,CatEye
42897,DogEye
42898,CatFace
42899,CatFace
42900,CatNose
42901,CatNose
42902,DogFace
42903,DogEye
42904,CatEye
42905,DogEye
42906,DogEye
42907,CatFace
42908,CatNose
42909,CatEye
42910,CatEye
42911,DogFace
42912,CatEye
42913,DogEye
42914,DogMouth
42915,CatMouth
42916,DogEye
42917,CatMouth
42918,DogEye
42919,CatMouth
42920,DogNose
42921,DogEye
42922,DogFace
42923,DogEye
42924,CatFace
42925,DogNose
42926,DogFace
42927,CatMouth
42928,CatMouth
42929,DogFace
42930,CatEye
42931,CatMouth
42932,CatNose
42933,DogMouth
42934,CatFace
42935,CatFace
42936,DogEye
42937,CatEye
42938,CatFace
42939,CatEye
42940,CatMouth
42941,CatNose
42942,CatFace
42943,CatNose
42944,CatFace
42945,CatNose
42946,CatEye
42947,CatNose
42948,CatEye
42949,DogMouth
42950,DogEye
42951,DogFace
42952,CatMouth
42953,CatEye
42954,CatEye
42955,DogFace
42956,CatMouth
42957,CatNose
42958,DogEye
42959,CatMouth
42960,CatEye
42961,CatNose
42962,CatEye
42963,CatEye
42964,CatEye
42965,CatMouth
42966,CatFace
42967,CatNose
42968,DogEye
42969,DogNose
42970,CatEye
42971,CatEye
42972,DogNose
42973,DogNose
42974,CatEye
42975,DogMouth
42976,CatEye
42977,DogFace
42978,DogFace
42979,CatEye
42980,CatEye
42981,CatNose
42982,DogEye
42983,DogFace
42984,CatMouth
42985,CatEye
42986,CatMouth
42987,DogFace
42988,DogNose
42989,CatEye
42990,CatFace
42991,CatNose
42992,DogEye
42993,DogEye
42994,CatNose
42995,CatMouth
42996,CatEye
42997,CatNose
42998,DogFace
42999,DogMouth
43000,DogEye
43001,CatFace
43002,DogEye
43003,CatNose
43004,CatMouth
43005,DogMouth
43006,DogEye
43007,CatEye
43008,CatMouth
43009,CatFace
43010,CatEye
43011,CatMouth
43012,CatMouth
43013,CatFace
43014,CatEye
43015,CatMouth
43016,CatMouth
43017,DogNose
43018,DogMouth
43019,CatMouth
43020,CatMouth
43021,DogMouth
43022,CatMouth
43023,CatEye
43024,DogFace
43025,DogFace
43026,DogMouth
43027,DogMouth
43028,DogEye
43029,CatFace
43030,CatNose
43031,CatMouth
43032,CatEye
43033,DogEye
43034,CatFace
43035,DogFace
43036,DogFace
43037,CatNose
43038,CatEye
43039,DogFace
43040,CatMouth
43041,DogFace
43042,DogNose
43043,CatEye
43044,CatFace
43045,CatNose
43046,CatNose
43047,CatEye
43048,CatNose
43049,CatMouth
43050,CatFace
43051,DogEye
43052,CatMouth
43053,CatEye
43054,DogMouth
43055,CatEye
43056,CatFace
43057,DogMouth
43058,DogFace
43059,CatEye
43060,CatEye
43061,CatNose
43062,CatEye
43063,DogMouth
43064,DogNose
43065,CatFace
43066,CatNose
43067,CatEye
43068,CatEye
43069,CatMouth
43070,DogMouth
43071,DogNose
43072,CatNose
43073,CatMouth
43074,DogFace
43075,DogEye
43076,CatFace
43077,CatEye
43078,DogMouth
43079,DogEye
43080,DogEye
43081,DogEye
43082,CatEye
43083,CatEye
43084,DogFace
43085,CatEye
43086,CatEye
43087,CatFace
43088,DogNose
43089,CatEye
43090,CatNose
43091,DogNose
43092,DogEye
43093,DogEye
43094,CatMouth
43095,CatEye
43096,CatEye
43097,CatMouth
43098,CatEye
43099,DogMouth
43100,CatEye
43101,CatFace
43102,CatNose
43103,CatNose
43104,CatEye
43105,DogEye
43106,CatMouth
43107,CatMouth
43108,CatFace
43109,DogEye
43110,DogEye
43111,CatEye
43112,DogFace
43113,DogNose
43114,CatMouth
43115,DogFace
43116,DogFace
43117,CatEye
43118,DogEye
43119,CatEye
43120,CatMouth
43121,DogMouth
43122,CatMouth
43123,CatEye
43124,DogMouth
43125,CatFace
43126,CatNose
43127,DogFace
43128,CatFace
43129,DogEye
43130,CatMouth
43131,CatEye
43132,CatMouth
43133,DogEye
43134,DogEye
43135,DogEye
43136,DogMouth
43137,CatNose
43138,CatFace
43139,CatEye
43140,DogNose
43141,DogEye
43142,DogEye
43143,CatEye
43144,CatNose
43145,CatFace
43146,DogEye
43147,DogEye
43148,DogNose
43149,CatFace
43150,DogEye
43151,CatEye
43152,DogMouth
43153,DogFace
43154,CatEye
43155,CatEye
43156,CatEye
43157,CatEye
43158,DogEye
43159,DogEye
43160,DogMouth
43161,CatFace
43162,DogNose
43163,CatFace
43164,CatMouth
43165,DogEye
43166,DogNose
43167,CatEye
43168,CatEye
43169,CatFace
43170,DogEye
43171,CatEye
43172,CatMouth
43173,CatMouth
43174,CatNose
43175,CatEye
43176,DogFace
43177,DogFace
43178,DogFace
43179,CatMouth
43180,DogMouth
43181,CatFace
43182,CatNose
43183,CatMouth
43184,DogEye
43185,CatFace
43186,CatFace
43187,DogNose
43188,CatMouth
43189,DogNose
43190,CatMouth
43191,CatNose
43192,CatFace
43193,CatEye
43194,CatEye
43195,CatNose
43196,DogEye
43197,CatEye
43198,CatEye
43199,CatEye
43200,CatEye
43201,CatNose
43202,CatEye
43203,CatMouth
43204,CatNose
43205,DogNose
43206,DogFace
43207,CatFace
43208,CatFace
43209,DogEye
43210,CatEye
43211,DogEye
43212,CatFace
43213,CatFace
43214,DogEye
43215,DogMouth
43216,DogEye
43217,DogEye
43218,CatMouth
43219,DogMouth
43220,CatEye
43221,CatMouth
43222,CatMouth
43223,CatEye
43224,CatFace
43225,CatNose
43226,DogFace
43227,CatMouth
43228,CatEye
43229,CatNose
43230,DogNose
43231,DogNose
43232,DogFace
43233,CatMouth
43234,CatFace
43235,DogNose
43236,DogMouth
43237,CatFace
43238,DogMouth
43239,DogFace
43240,DogEye
43241,DogEye
43242,CatEye
43243,DogEye
43244,CatMouth
43245,CatFace
43246,DogMouth
43247,DogEye
43248,CatMouth
43249,CatEye
43250,CatMouth
43251,CatEye
43252,DogEye
43253,DogEye
43254,DogMouth
43255,DogEye
43256,DogEye
43257,CatFace
43258,DogEye
43259,CatEye
43260,CatMouth
43261,DogFace
43262,CatNose
43263,CatNose
43264,CatMouth
43265,CatEye
43266,DogNose
43267,DogNose
43268,CatEye
43269,CatEye
43270,CatEye
43271,CatEye
43272,CatFace
43273,CatFace
43274,DogFace
43275,DogEye
43276,DogFace
43277,DogNose
43278,CatEye
43279,DogFace
43280,DogEye
43281,CatEye
43282,DogNose
43283,CatNose
43284,CatMouth
43285,DogEye
43286,CatEye
43287,DogFace
43288,CatMouth
43289,CatEye
43290,DogMouth
43291,CatFace
43292,DogEye
43293,CatMouth
43294,DogEye
43295,CatNose
43296,CatFace
43297,DogFace
43298,DogMouth
43299,DogMouth
43300,CatEye
43301,CatEye
43302,DogNose
43303,CatFace
43304,CatEye
43305,CatEye
43306,CatNose
43307,DogEye
43308,CatEye
43309,CatEye
43310,CatFace
43311,DogNose
43312,DogFace
43313,CatMouth
43314,DogMouth
43315,CatEye
43316,DogNose
43317,CatMouth
43318,CatEye
43319,CatMouth
43320,DogMouth
43321,CatFace
43322,DogEye
43323,CatEye
43324,CatFace
43325,CatEye
43326,DogEye
43327,CatNose
43328,DogNose
43329,DogNose
43330,CatMouth
43331,CatEye
43332,CatFace
43333,DogEye
43334,DogNose
43335,CatEye
43336,CatEye
43337,CatEye
43338,DogEye
43339,CatEye
43340,CatMouth
43341,DogEye
43342,CatNose
43343,CatEye
43344,CatMouth
43345,CatEye
43346,CatEye
43347,CatEye
43348,CatEye
43349,CatNose
43350,CatMouth
43351,DogNose
43352,DogNose
43353,DogMouth
43354,CatNose
43355,DogNose
43356,CatFace
43357,CatFace
43358,CatMouth
43359,CatMouth
43360,CatFace
43361,DogEye
43362,DogEye
43363,CatNose
43364,CatNose
43365,CatEye
43366,DogEye
43367,CatMouth
43368,DogNose
43369,DogEye
43370,CatMouth
43371,CatEye
43372,DogMouth
43373,DogEye
43374,CatNose
43375,DogMouth
43376,CatEye
43377,DogEye
43378,DogNose
43379,CatEye
43380,CatNose
43381,DogEye
43382,CatEye
43383,DogFace
43384,DogNose
43385,CatEye
43386,DogFace
43387,CatEye
43388,DogNose
43389,DogNose
43390,CatNose
43391,DogMouth
43392,DogEye
43393,DogFace
43394,CatEye
43395,CatEye
43396,CatEye
43397,DogEye
43398,DogMouth
43399,DogMouth
43400,DogEye
43401,CatEye
43402,CatEye
43403,CatEye
43404,DogEye
43405,DogMouth
43406,CatEye
43407,CatEye
43408,CatMouth
43409,DogEye
43410,CatFace
43411,DogEye
43412,DogFace
43413,CatFace
43414,CatEye
43415,DogFace
43416,DogNose
43417,CatFace
43418,DogFace
43419,CatEye
43420,DogEye
43421,CatEye
43422,DogEye
43423,CatEye
43424,CatNose
43425,CatEye
43426,CatEye
43427,DogMouth
43428,CatNose
43429,DogFace
43430,DogEye
43431,DogEye
43432,DogEye
43433,DogEye
43434,CatNose
43435,CatEye
43436,DogMouth
43437,DogNose
43438,DogEye
43439,DogEye
43440,CatNose
43441,DogFace
43442,CatFace
43443,DogMouth
43444,DogEye
43445,CatEye
43446,DogFace
43447,DogEye
43448,DogEye
43449,CatEye
43450,DogNose
43451,CatFace
43452,CatEye
43453,CatEye
43454,DogFace
43455,DogNose
43456,DogMouth
43457,CatEye
43458,DogNose
43459,CatEye
43460,CatEye
43461,DogMouth
43462,CatEye
43463,DogEye
43464,CatNose
43465,CatMouth
43466,CatMouth
43467,CatFace
43468,CatEye
43469,CatFace
43470,CatEye
43471,DogFace
43472,CatNose
43473,CatMouth
43474,CatMouth
43475,CatEye
43476,CatNose
43477,CatEye
43478,DogEye
43479,DogFace
43480,DogMouth
43481,CatMouth
43482,CatEye
43483,CatEye
43484,CatEye
43485,CatEye
43486,DogNose
43487,DogFace
43488,CatMouth
43489,DogEye
43490,DogMouth
43491,DogEye
43492,CatEye
43493,CatMouth
43494,DogEye
43495,DogEye
43496,CatEye
43497,DogFace
43498,DogEye
43499,CatEye
43500,CatNose
43501,CatEye
43502,CatMouth
43503,CatNose
43504,CatMouth
43505,DogMouth
43506,DogEye
43507,DogNose
43508,CatEye
43509,CatEye
43510,CatEye
43511,DogEye
43512,CatEye
43513,CatEye
43514,CatMouth
43515,CatFace
43516,CatEye
43517,CatMouth
43518,CatFace
43519,CatNose
43520,CatEye
43521,DogEye
43522,CatFace
43523,DogFace
43524,CatEye
43525,DogNose
43526,CatEye
43527,DogEye
43528,DogEye
43529,DogNose
43530,CatEye
43531,DogEye
43532,DogEye
43533,CatNose
43534,DogEye
43535,DogFace
43536,DogFace
43537,CatMouth
43538,CatEye
43539,CatEye
43540,DogFace
43541,DogEye
43542,CatEye
43543,DogNose
43544,CatEye
43545,DogMouth
43546,CatFace
43547,DogEye
43548,DogMouth
43549,CatEye
43550,DogMouth
43551,DogNose
43552,CatEye
43553,CatFace
43554,DogMouth
43555,DogFace
43556,CatEye
43557,CatEye
43558,DogEye
43559,CatEye
43560,DogEye
43561,DogNose
43562,CatEye
43563,DogMouth
43564,CatNose
43565,DogNose
43566,DogMouth
43567,DogEye
43568,CatFace
43569,DogEye
43570,DogFace
43571,DogMouth
43572,DogFace
43573,DogEye
43574,DogNose
43575,DogEye
43576,DogFace
43577,CatEye
43578,CatEye
43579,CatFace
43580,CatNose
43581,CatEye
43582,DogEye
43583,CatEye
43584,DogMouth
43585,CatMouth
43586,DogNose
43587,DogEye
43588,DogEye
43589,DogMouth
43590,CatFace
43591,CatNose
43592,CatFace
43593,CatMouth
43594,DogEye
43595,CatMouth
43596,DogEye
43597,CatNose
43598,CatFace
43599,CatFace
43600,DogNose
43601,CatEye
43602,CatMouth
43603,DogMouth
43604,DogMouth
43605,DogFace
43606,DogEye
43607,CatFace
43608,CatNose
43609,CatFace
43610,DogFace
43611,DogEye
43612,CatEye
43613,DogEye
43614,DogFace
43615,CatNose
43616,DogFace
43617,CatEye
43618,DogFace
43619,DogMouth
43620,DogEye
43621,DogEye
43622,CatEye
43623,CatEye
43624,CatMouth
43625,CatNose
43626,DogNose
43627,CatMouth
43628,CatEye
43629,CatNose
43630,CatEye
43631,CatFace
43632,DogEye
43633,CatEye
43634,CatEye
43635,CatMouth
43636,DogFace
43637,DogFace
43638,DogEye
43639,CatEye
43640,CatNose
43641,DogFace
43642,DogEye
43643,CatFace
43644,DogMouth
43645,CatFace
43646,DogMouth
43647,CatNose
43648,CatMouth
43649,DogNose
43650,CatEye
43651,CatNose
43652,CatNose
43653,CatEye
43654,DogEye
43655,CatNose
43656,DogFace
43657,CatEye
43658,DogMouth
43659,CatNose
43660,DogEye
43661,DogMouth
43662,CatEye
43663,CatMouth
43664,CatFace
43665,DogEye
43666,DogFace
43667,DogNose
43668,CatNose
43669,DogMouth
43670,DogEye
43671,CatEye
43672,DogEye
43673,DogNose
43674,CatFace
43675,DogMouth
43676,CatNose
43677,DogFace
43678,DogEye
43679,DogNose
43680,CatMouth
43681,DogMouth
43682,DogEye
43683,CatMouth
43684,DogFace
43685,DogMouth
43686,CatNose
43687,CatNose
43688,CatNose
43689,DogMouth
43690,DogMouth
43691,CatNose
43692,DogEye
43693,DogEye
43694,CatNose
43695,DogEye
43696,CatEye
43697,DogMouth
43698,DogMouth
43699,DogFace
43700,CatFace
43701,CatEye
43702,DogEye
43703,DogFace
43704,CatEye
43705,CatFace
43706,DogEye
43707,CatMouth
43708,CatEye
43709,CatFace
43710,DogNose
43711,DogFace
43712,DogNose
43713,CatFace
43714,DogEye
43715,CatNose
43716,CatFace
43717,CatNose
43718,CatEye
43719,CatEye
43720,CatNose
43721,CatFace
43722,DogEye
43723,CatEye
43724,CatNose
43725,CatEye
43726,CatEye
43727,CatNose
43728,DogFace
43729,DogNose
43730,DogNose
43731,CatFace
43732,CatEye
43733,CatEye
43734,CatMouth
43735,DogFace
43736,DogEye
43737,CatEye
43738,CatMouth
43739,CatEye
43740,DogEye
43741,DogNose
43742,CatFace
43743,DogFace
43744,CatFace
43745,DogEye
43746,CatMouth
43747,CatEye
43748,DogMouth
43749,DogEye
43750,DogMouth
43751,CatFace
43752,CatEye
43753,DogEye
43754,DogEye
43755,DogMouth
43756,CatEye
43757,DogFace
43758,CatEye
43759,DogMouth
43760,DogEye
43761,CatMouth
43762,CatEye
43763,DogFace
43764,CatNose
43765,CatMouth
43766,DogFace
43767,DogMouth
43768,CatNose
43769,DogFace
43770,DogFace
43771,CatMouth
43772,CatEye
43773,DogNose
43774,CatFace
43775,CatFace
43776,CatEye
43777,CatMouth
43778,CatNose
43779,CatFace
43780,CatNose
43781,DogNose
43782,CatFace
43783,CatNose
43784,CatMouth
43785,CatFace
43786,CatMouth
43787,CatFace
43788,DogEye
43789,DogEye
43790,DogMouth
43791,DogEye
43792,DogFace
43793,CatEye
43794,DogEye
43795,CatNose
43796,DogEye
43797,CatEye
43798,CatFace
43799,CatMouth
43800,DogNose
43801,CatNose
43802,CatNose
43803,CatMouth
43804,CatMouth
43805,DogMouth
43806,CatMouth
43807,CatEye
43808,CatFace
43809,DogMouth
43810,CatEye
43811,CatEye
43812,DogNose
43813,CatMouth
43814,CatMouth
43815,DogEye
43816,DogEye
43817,DogNose
43818,DogEye
43819,DogEye
43820,DogEye
43821,CatEye
43822,DogNose
43823,CatEye
43824,CatMouth
43825,CatNose
43826,DogNose
43827,CatEye
43828,CatNose
43829,DogMouth
43830,CatEye
43831,CatEye
43832,DogEye
43833,DogFace
43834,CatFace
43835,CatNose
43836,CatMouth
43837,CatMouth
43838,CatNose
43839,DogNose
43840,DogMouth
43841,DogMouth
43842,CatNose
43843,CatNose
43844,DogEye
43845,DogFace
43846,CatEye
43847,CatNose
43848,DogFace
43849,CatFace
43850,DogEye
43851,CatMouth
43852,CatFace
43853,DogFace
43854,CatNose
43855,DogFace
43856,CatEye
43857,DogFace
43858,DogMouth
43859,CatNose
43860,CatFace
43861,DogEye
43862,DogEye
43863,CatMouth
43864,DogEye
43865,DogMouth
43866,DogNose
43867,CatFace
43868,CatNose
43869,CatFace
43870,DogEye
43871,CatEye
43872,DogEye
43873,CatEye
43874,DogMouth
43875,CatNose
43876,DogEye
43877,DogMouth
43878,CatEye
43879,CatEye
43880,DogMouth
43881,DogFace
43882,DogEye
43883,CatNose
43884,CatEye
43885,DogEye
43886,DogNose
43887,CatMouth
43888,CatNose
43889,CatFace
43890,DogMouth
43891,CatEye
43892,DogFace
43893,DogMouth
43894,CatEye
43895,DogFace
43896,DogEye
43897,DogNose
43898,DogEye
43899,CatEye
43900,DogFace
43901,CatNose
43902,CatFace
43903,CatEye
43904,CatNose
43905,DogNose
43906,DogEye
43907,DogFace
43908,CatNose
43909,CatEye
43910,CatMouth
43911,DogEye
43912,CatEye
43913,DogMouth
43914,CatFace
43915,CatEye
43916,CatEye
43917,DogEye
43918,CatEye
43919,CatNose
43920,CatNose
43921,CatFace
43922,CatNose
43923,DogNose
43924,CatEye
43925,DogMouth
43926,CatNose
43927,CatEye
43928,DogEye
43929,CatFace
43930,CatFace
43931,CatEye
43932,DogMouth
43933,CatMouth
43934,CatEye
43935,CatEye
43936,DogEye
43937,DogFace
43938,CatNose
43939,CatNose
43940,CatEye
43941,DogFace
43942,DogEye
43943,CatMouth
43944,DogMouth
43945,DogEye
43946,CatMouth
43947,DogEye
43948,CatEye
43949,CatEye
43950,DogEye
43951,CatNose
43952,DogFace
43953,DogMouth
43954,CatMouth
43955,CatEye
43956,DogEye
43957,CatEye
43958,CatNose
43959,CatEye
43960,DogEye
43961,CatEye
43962,CatMouth
43963,CatNose
43964,CatNose
43965,DogEye
43966,DogNose
43967,CatNose
43968,DogFace
43969,CatMouth
43970,CatEye
43971,DogEye
43972,DogNose
43973,DogEye
43974,CatMouth
43975,DogNose
43976,CatMouth
43977,DogEye
43978,DogEye
43979,CatFace
43980,DogMouth
43981,CatMouth
43982,DogEye
43983,CatMouth
43984,DogFace
43985,CatEye
43986,CatFace
43987,CatFace
43988,CatEye
43989,DogEye
43990,CatNose
43991,CatFace
43992,CatEye
43993,CatEye
43994,CatNose
43995,CatMouth
43996,DogMouth
43997,CatEye
43998,DogNose
43999,DogEye
44000,DogEye
44001,CatNose
44002,DogNose
44003,CatEye
44004,DogFace
44005,CatEye
44006,DogNose
44007,CatFace
44008,CatEye
44009,CatMouth
44010,CatNose
44011,DogEye
44012,CatEye
44013,DogEye
44014,CatFace
44015,CatNose
44016,DogMouth
44017,CatEye
44018,CatNose
44019,DogEye
44020,DogFace
44021,DogEye
44022,DogNose
44023,DogMouth
44024,DogMouth
44025,DogEye
44026,CatEye
44027,CatFace
44028,DogFace
44029,CatMouth
44030,CatMouth
44031,CatEye
44032,DogEye
44033,CatNose
44034,DogEye
44035,DogNose
44036,DogEye
44037,DogFace
44038,CatFace
44039,CatEye
44040,CatEye
44041,CatEye
44042,CatEye
44043,CatEye
44044,DogNose
44045,CatEye
44046,CatMouth
44047,DogEye
44048,DogEye
44049,CatFace
44050,CatNose
44051,CatNose
44052,CatFace
44053,DogEye
44054,CatNose
44055,CatEye
44056,DogFace
44057,CatNose
44058,DogEye
44059,DogFace
44060,CatEye
44061,CatMouth
44062,DogEye
44063,DogFace
44064,DogFace
44065,DogEye
44066,CatEye
44067,CatFace
44068,CatNose
44069,DogNose
44070,CatMouth
44071,DogMouth
44072,DogMouth
44073,DogEye
44074,CatFace
44075,CatFace
44076,DogMouth
44077,CatFace
44078,CatEye
44079,CatMouth
44080,DogFace
44081,CatFace
44082,CatMouth
44083,DogNose
44084,CatEye
44085,CatEye
44086,CatEye
44087,CatMouth
44088,DogFace
44089,CatEye
44090,DogNose
44091,DogMouth
44092,CatFace
44093,DogMouth
44094,DogNose
44095,CatFace
44096,DogEye
44097,CatNose
44098,CatNose
44099,CatNose
44100,CatNose
44101,CatMouth
44102,DogNose
44103,CatFace
44104,CatEye
44105,CatFace
44106,CatMouth
44107,DogNose
44108,CatNose
44109,DogNose
44110,DogMouth
44111,DogEye
44112,CatMouth
44113,DogMouth
44114,DogFace
44115,CatEye
44116,CatEye
44117,DogFace
44118,DogMouth
44119,CatNose
44120,DogEye
44121,DogMouth
44122,DogEye
44123,CatEye
44124,DogMouth
44125,CatNose
44126,DogNose
44127,CatEye
44128,DogFace
44129,CatFace
44130,DogEye
44131,CatNose
44132,CatNose
44133,DogNose
44134,CatEye
44135,DogEye
44136,DogFace
44137,DogEye
44138,CatFace
44139,CatEye
44140,CatEye
44141,CatNose
44142,DogNose
44143,DogEye
44144,CatEye
44145,DogNose
44146,CatFace
44147,DogEye
44148,CatEye
44149,DogMouth
44150,DogFace
44151,CatMouth
44152,CatNose
44153,CatNose
44154,CatFace
44155,DogNose
44156,CatMouth
44157,CatEye
44158,DogNose
44159,DogMouth
44160,DogFace
44161,CatNose
44162,DogMouth
44163,DogEye
44164,CatEye
44165,DogMouth
44166,DogEye
44167,DogEye
44168,DogNose
44169,CatEye
44170,CatMouth
44171,DogEye
44172,CatEye
44173,CatMouth
44174,CatMouth
44175,CatNose
44176,DogFace
44177,DogFace
44178,CatNose
44179,CatEye
44180,CatFace
44181,CatNose
44182,DogNose
44183,DogEye
44184,CatMouth
44185,DogNose
44186,CatEye
44187,DogEye
44188,CatMouth
44189,CatEye
44190,DogEye
44191,CatNose
44192,CatFace
44193,CatFace
44194,DogFace
44195,DogEye
44196,CatEye
44197,CatEye
44198,DogFace
44199,CatEye
44200,CatMouth
44201,DogEye
44202,DogEye
44203,CatEye
44204,CatFace
44205,CatFace
44206,CatEye
44207,DogEye
44208,DogFace
44209,DogMouth
44210,DogMouth
44211,DogEye
44212,CatFace
44213,CatNose
44214,CatMouth
44215,DogFace
44216,DogMouth
44217,CatEye
44218,CatEye
44219,CatMouth
44220,CatEye
44221,CatFace
44222,CatMouth
44223,CatEye
44224,DogMouth
44225,DogFace
44226,CatEye
44227,DogEye
44228,DogEye
44229,CatFace
44230,CatNose
44231,CatNose
44232,DogNose
44233,CatNose
44234,CatNose
44235,DogEye
44236,DogNose
44237,DogFace
44238,CatEye
44239,CatNose
44240,DogEye
44241,DogFace
44242,DogEye
44243,CatMouth
44244,DogMouth
44245,CatFace
44246,DogFace
44247,CatNose
44248,CatMouth
44249,CatEye
44250,DogMouth
44251,CatMouth
44252,DogEye
44253,CatMouth
44254,CatMouth
44255,DogEye
44256,CatEye
44257,CatEye
44258,DogNose
44259,DogNose
44260,CatMouth
44261,CatEye
44262,CatEye
44263,CatNose
44264,CatMouth
44265,DogMouth
44266,CatEye
44267,DogEye
44268,DogFace
44269,CatEye
44270,CatNose
44271,DogEye
44272,DogEye
44273,DogEye
44274,DogEye
44275,CatNose
44276,DogNose
44277,DogNose
44278,DogEye
44279,CatEye
44280,DogEye
44281,CatFace
44282,CatEye
44283,CatMouth
44284,DogMouth
44285,DogMouth
44286,CatNose
44287,CatNose
44288,DogMouth
44289,DogMouth
44290,CatMouth
44291,CatEye
44292,DogMouth
44293,CatMouth
44294,DogNose
44295,CatEye
44296,DogMouth
44297,DogMouth
44298,CatMouth
44299,DogFace
44300,CatEye
44301,DogFace
44302,CatFace
44303,CatNose
44304,CatEye
44305,CatFace
44306,CatMouth
44307,CatEye
44308,CatEye
44309,DogFace
44310,CatFace
44311,CatMouth
44312,CatMouth
44313,CatNose
44314,CatFace
44315,CatMouth
44316,CatMouth
44317,CatFace
44318,CatEye
44319,CatFace
44320,CatNose
44321,CatEye
44322,DogMouth
44323,CatEye
44324,CatEye
44325,CatNose
44326,CatFace
44327,DogMouth
44328,CatNose
44329,CatNose
44330,CatMouth
44331,CatNose
44332,DogNose
44333,CatNose
44334,DogEye
44335,CatFace
44336,CatMouth
44337,CatMouth
44338,DogFace
44339,CatFace
44340,CatFace
44341,CatFace
44342,CatEye
44343,CatFace
44344,CatNose
44345,DogEye
44346,CatMouth
44347,CatNose
44348,DogEye
44349,DogNose
44350,DogEye
44351,CatMouth
44352,DogMouth
44353,DogEye
44354,CatNose
44355,DogNose
44356,CatEye
44357,DogNose
44358,CatFace
44359,DogMouth
44360,DogFace
44361,CatMouth
44362,CatNose
44363,DogEye
44364,CatNose
44365,CatEye
44366,DogEye
44367,CatFace
44368,CatMouth
44369,CatEye
44370,DogEye
44371,DogMouth
44372,CatEye
44373,CatFace
44374,CatNose
44375,CatMouth
44376,CatFace
44377,CatMouth
44378,CatEye
44379,DogMouth
44380,CatEye
44381,DogMouth
44382,DogEye
44383,DogEye
44384,DogFace
44385,DogMouth
44386,CatNose
44387,DogEye
44388,CatEye
44389,CatEye
44390,DogNose
44391,DogFace
44392,CatFace
44393,CatNose
44394,DogMouth
44395,CatNose
44396,DogEye
44397,CatNose
44398,CatFace
44399,DogNose
44400,CatNose
44401,CatEye
44402,DogFace
44403,CatNose
44404,DogFace
44405,DogNose
44406,CatFace
44407,CatEye
44408,CatEye
44409,DogEye
44410,CatFace
44411,DogMouth
44412,DogNose
44413,DogEye
44414,DogMouth
44415,CatNose
44416,CatMouth
44417,DogEye
44418,DogEye
44419,DogFace
44420,CatFace
44421,DogFace
44422,CatEye
44423,DogEye
44424,DogEye
44425,CatFace
44426,DogMouth
44427,DogEye
44428,CatEye
44429,DogMouth
44430,DogEye
44431,DogFace
44432,DogEye
44433,CatFace
44434,CatNose
44435,CatEye
44436,CatFace
44437,DogEye
44438,CatEye
44439,CatNose
44440,CatEye
44441,DogFace
44442,CatEye
44443,CatEye
44444,DogEye
44445,DogEye
44446,DogNose
44447,DogFace
44448,DogNose
44449,DogFace
44450,DogEye
44451,CatMouth
44452,DogEye
44453,CatMouth
44454,CatFace
44455,DogEye
44456,CatNose
44457,CatNose
44458,DogFace
44459,CatEye
44460,DogEye
44461,CatNose
44462,DogNose
44463,CatEye
44464,DogEye
44465,CatMouth
44466,DogEye
44467,CatMouth
44468,CatEye
44469,CatEye
44470,CatFace
44471,DogFace
44472,DogFace
44473,DogMouth
44474,CatFace
44475,CatEye
44476,CatEye
44477,DogEye
44478,CatNose
44479,DogMouth
44480,DogMouth
44481,DogNose
44482,DogEye
44483,DogNose
44484,CatFace
44485,DogFace
44486,CatFace
44487,DogEye
44488,DogEye
44489,DogEye
44490,DogEye
44491,CatFace
44492,DogMouth
44493,CatMouth
44494,CatMouth
44495,CatNose
44496,CatFace
44497,DogEye
44498,CatFace
44499,DogEye
44500,CatNose
44501,CatEye
44502,CatFace
44503,CatEye
44504,CatMouth
44505,DogMouth
44506,CatNose
44507,DogEye
44508,DogEye
44509,DogEye
44510,DogEye
44511,DogEye
44512,DogEye
44513,CatEye
44514,CatNose
44515,DogNose
44516,DogFace
44517,CatFace
44518,DogMouth
44519,DogNose
44520,CatNose
44521,CatEye
44522,CatMouth
44523,CatFace
44524,DogNose
44525,DogNose
44526,CatFace
44527,DogNose
44528,CatNose
44529,CatNose
44530,DogEye
44531,DogMouth
44532,CatFace
44533,CatEye
44534,DogFace
44535,DogEye
44536,DogMouth
44537,DogFace
44538,CatFace
44539,CatNose
44540,DogEye
44541,DogEye
44542,DogEye
44543,DogEye
44544,DogFace
44545,CatEye
44546,CatNose
44547,CatEye
44548,DogEye
44549,DogFace
44550,CatEye
44551,DogEye
44552,CatEye
44553,DogFace
44554,DogFace
44555,CatFace
44556,CatEye
44557,DogFace
44558,CatMouth
44559,CatNose
44560,CatEye
44561,DogNose
44562,DogEye
44563,DogMouth
44564,DogNose
44565,DogEye
44566,DogMouth
44567,DogNose
44568,CatEye
44569,CatFace
44570,CatEye
44571,CatFace
44572,DogFace
44573,CatFace
44574,DogMouth
44575,CatEye
44576,CatFace
44577,CatNose
44578,DogFace
44579,CatMouth
44580,DogEye
44581,CatEye
44582,DogFace
44583,CatNose
44584,CatFace
44585,DogFace
44586,DogEye
44587,DogEye
44588,CatFace
44589,DogEye
44590,DogFace
44591,DogMouth
44592,DogFace
44593,CatMouth
44594,CatEye
44595,DogFace
44596,CatEye
44597,CatFace
44598,CatEye
44599,CatMouth
44600,CatFace
44601,CatNose
44602,CatEye
44603,DogFace
44604,DogNose
44605,CatMouth
44606,DogEye
44607,DogFace
44608,DogMouth
44609,DogMouth
44610,DogEye
44611,CatMouth
44612,DogFace
44613,CatEye
44614,CatNose
44615,CatFace
44616,DogMouth
44617,CatEye
44618,DogEye
44619,DogFace
44620,DogNose
44621,DogEye
44622,CatFace
44623,CatEye
44624,CatEye
44625,CatFace
44626,CatEye
44627,CatFace
44628,DogMouth
44629,DogMouth
44630,DogEye
44631,CatFace
44632,CatFace
44633,DogEye
44634,CatFace
44635,DogEye
44636,CatMouth
44637,DogFace
44638,DogEye
44639,DogMouth
44640,CatEye
44641,DogEye
44642,CatEye
44643,DogEye
44644,CatEye
44645,DogFace
44646,CatEye
44647,DogEye
44648,CatNose
44649,DogNose
44650,CatEye
44651,CatEye
44652,CatFace
44653,CatEye
44654,CatFace
44655,CatEye
44656,DogMouth
44657,CatNose
44658,CatFace
44659,CatMouth
44660,DogNose
44661,CatNose
44662,DogEye
44663,DogEye
44664,DogFace
44665,DogEye
44666,DogNose
44667,DogEye
44668,DogMouth
44669,CatFace
44670,DogEye
44671,DogFace
44672,CatEye
44673,CatFace
44674,CatFace
44675,DogEye
44676,CatEye
44677,DogMouth
44678,CatFace
44679,DogNose
44680,CatEye
44681,CatNose
44682,CatEye
44683,DogEye
44684,DogFace
44685,CatEye
44686,CatMouth
44687,DogMouth
44688,DogEye
44689,DogFace
44690,DogMouth
44691,CatNose
44692,DogEye
44693,CatEye
44694,CatEye
44695,DogNose
44696,DogFace
44697,CatNose
44698,DogEye
44699,CatFace
44700,DogFace
44701,CatEye
44702,DogNose
44703,DogEye
44704,CatMouth
44705,CatNose
44706,DogEye
44707,DogNose
44708,CatEye
44709,DogNose
44710,CatEye
44711,DogNose
44712,DogMouth
44713,CatEye
44714,DogNose
44715,DogMouth
44716,CatEye
44717,CatMouth
44718,CatEye
44719,DogMouth
44720,DogFace
44721,CatFace
44722,DogEye
44723,DogFace
44724,DogFace
44725,DogEye
44726,DogEye
44727,DogEye
44728,DogEye
44729,DogEye
44730,CatEye
44731,DogFace
44732,CatNose
44733,CatEye
44734,DogFace
44735,CatFace
44736,DogFace
44737,DogNose
44738,DogEye
44739,CatEye
44740,CatEye
44741,DogEye
44742,DogFace
44743,CatFace
44744,DogEye
44745,CatMouth
44746,CatMouth
44747,DogMouth
44748,DogEye
44749,DogEye
44750,CatFace
44751,CatFace
44752,CatMouth
44753,DogMouth
44754,DogEye
44755,CatNose
44756,DogMouth
44757,CatEye
44758,CatEye
44759,DogFace
44760,CatEye
44761,CatMouth
44762,DogMouth
44763,DogEye
44764,CatMouth
44765,DogFace
44766,CatEye
44767,CatMouth
44768,DogNose
44769,DogNose
44770,DogEye
44771,CatEye
44772,CatMouth
44773,DogMouth
44774,CatFace
44775,DogMouth
44776,CatEye
44777,DogFace
44778,CatEye
44779,DogNose
44780,DogNose
44781,DogNose
44782,DogMouth
44783,CatEye
44784,CatNose
44785,DogMouth
44786,CatEye
44787,DogEye
44788,CatEye
44789,DogEye
44790,DogEye
44791,CatMouth
44792,CatNose
44793,CatEye
44794,CatMouth
44795,CatFace
44796,DogEye
44797,DogMouth
44798,CatEye
44799,CatEye
44800,DogEye
44801,CatEye
44802,DogEye
44803,CatFace
44804,CatEye
44805,DogFace
44806,CatEye
44807,DogEye
44808,DogEye
44809,CatMouth
44810,CatMouth
44811,CatEye
44812,CatNose
44813,CatEye
44814,DogMouth
44815,DogEye
44816,DogMouth
44817,DogNose
44818,CatEye
44819,DogMouth
44820,DogMouth
44821,DogMouth
44822,CatMouth
44823,DogEye
44824,DogEye
44825,DogEye
44826,DogEye
44827,DogNose
44828,DogEye
44829,DogFace
44830,DogEye
44831,DogEye
44832,CatEye
44833,CatMouth
44834,CatEye
44835,DogMouth
44836,DogEye
44837,DogEye
44838,CatEye
44839,CatNose
44840,DogEye
44841,CatMouth
44842,CatNose
44843,DogMouth
44844,DogMouth
44845,DogNose
44846,CatNose
44847,CatEye
44848,CatFace
44849,CatEye
44850,CatEye
44851,DogMouth
44852,DogMouth
44853,CatNose
44854,DogFace
44855,CatFace
44856,CatNose
44857,CatMouth
44858,DogFace
44859,CatEye
44860,CatFace
44861,CatNose
44862,CatMouth
44863,DogEye
44864,CatEye
44865,CatNose
44866,CatNose
44867,CatNose
44868,CatNose
44869,CatEye
44870,DogMouth
44871,CatEye
44872,DogFace
44873,DogFace
44874,DogFace
44875,CatFace
44876,DogMouth
44877,CatEye
44878,CatMouth
44879,DogEye
44880,CatEye
44881,CatMouth
44882,DogNose
44883,DogEye
44884,DogFace
44885,DogEye
44886,DogFace
44887,DogFace
44888,CatNose
44889,DogMouth
44890,DogEye
44891,DogFace
44892,DogFace
44893,DogFace
44894,DogNose
44895,CatNose
44896,DogEye
44897,DogEye
44898,DogMouth
44899,CatEye
44900,DogNose
44901,DogNose
44902,CatFace
44903,CatEye
44904,CatFace
44905,DogNose
44906,DogEye
44907,CatEye
44908,CatMouth
44909,CatFace
44910,DogFace
44911,DogFace
44912,DogMouth
44913,DogNose
44914,CatEye
44915,DogMouth
44916,CatMouth
44917,CatEye
44918,CatEye
44919,DogNose
44920,DogMouth
44921,CatEye
44922,DogMouth
44923,CatNose
44924,CatFace
44925,CatMouth
44926,DogMouth
44927,DogFace
44928,CatFace
44929,CatNose
44930,CatNose
44931,DogMouth
44932,DogFace
44933,DogMouth
44934,DogNose
44935,CatNose
44936,CatEye
44937,DogFace
44938,DogEye
44939,CatMouth
44940,CatEye
44941,CatNose
44942,DogEye
44943,DogNose
44944,CatEye
44945,DogFace
44946,DogNose
44947,DogEye
44948,CatEye
44949,DogMouth
44950,DogMouth
44951,CatMouth
44952,CatMouth
44953,DogNose
44954,CatFace
44955,CatFace
44956,DogEye
44957,DogFace
44958,CatFace
44959,CatEye
44960,DogEye
44961,DogNose
44962,DogFace
44963,DogEye
44964,CatNose
44965,DogEye
44966,DogFace
44967,DogFace
44968,DogMouth
44969,CatFace
44970,DogFace
44971,DogMouth
44972,DogEye
44973,CatMouth
44974,DogMouth
44975,DogNose
44976,CatEye
44977,DogMouth
44978,DogEye
44979,DogEye
44980,DogFace
44981,CatMouth
44982,CatNose
44983,DogEye
44984,CatFace
44985,DogEye
44986,DogEye
44987,DogEye
44988,CatEye
44989,DogEye
44990,CatNose
44991,CatFace
44992,DogEye
44993,CatMouth
44994,CatEye
44995,DogMouth
44996,CatFace
44997,DogNose
44998,DogEye
44999,DogEye
45000,CatFace
45001,DogMouth
45002,DogMouth
45003,CatFace
45004,DogMouth
45005,CatNose
45006,DogEye
45007,DogMouth
45008,DogEye
45009,DogMouth
45010,CatEye
45011,DogEye
45012,CatFace
45013,CatMouth
45014,CatMouth
45015,CatEye
45016,DogEye
45017,DogMouth
45018,CatEye
45019,DogEye
45020,DogEye
45021,CatEye
45022,DogFace
45023,CatFace
45024,CatNose
45025,DogEye
45026,CatMouth
45027,CatMouth
45028,CatFace
45029,CatFace
45030,CatEye
45031,DogFace
45032,DogEye
45033,CatFace
45034,CatEye
45035,DogEye
45036,DogNose
45037,CatEye
45038,CatMouth
45039,DogFace
45040,CatEye
45041,DogFace
45042,CatEye
45043,DogEye
45044,CatEye
45045,DogFace
45046,CatEye
45047,DogNose
45048,CatMouth
45049,CatFace
45050,DogEye
45051,DogMouth
45052,DogMouth
45053,DogEye
45054,DogFace
45055,DogEye
45056,CatFace
45057,DogEye
45058,DogMouth
45059,DogEye
45060,DogMouth
45061,DogEye
45062,DogFace
45063,CatMouth
45064,CatEye
45065,CatMouth
45066,DogFace
45067,CatFace
45068,CatFace
45069,CatNose
45070,DogEye
45071,CatNose
45072,CatEye
45073,CatMouth
45074,DogFace
45075,DogMouth
45076,DogMouth
45077,CatNose
45078,CatEye
45079,DogFace
45080,CatEye
45081,DogNose
45082,CatEye
45083,DogMouth
45084,CatFace
45085,CatMouth
45086,CatEye
45087,DogEye
45088,DogMouth
45089,DogEye
45090,DogEye
45091,CatEye
45092,DogFace
45093,CatMouth
45094,CatMouth
45095,DogFace
45096,DogFace
45097,CatMouth
45098,DogFace
45099,DogMouth
45100,CatMouth
45101,DogFace
45102,DogEye
45103,DogEye
45104,DogNose
45105,CatFace
45106,DogEye
45107,CatNose
45108,DogEye
45109,DogMouth
45110,DogNose
45111,DogEye
45112,CatFace
45113,DogNose
45114,DogNose
45115,DogEye
45116,CatEye
45117,DogNose
45118,CatFace
45119,CatMouth
45120,CatEye
45121,DogFace
45122,DogEye
45123,DogMouth
45124,DogNose
45125,CatMouth
45126,DogMouth
45127,DogEye
45128,CatEye
45129,DogEye
45130,DogNose
45131,CatEye
45132,CatNose
45133,CatEye
45134,CatNose
45135,CatFace
45136,DogMouth
45137,DogEye
45138,DogEye
45139,CatNose
45140,DogNose
45141,DogNose
45142,CatNose
45143,CatFace
45144,CatFace
45145,DogNose
45146,DogFace
45147,DogNose
45148,DogMouth
45149,DogFace
45150,DogNose
45151,CatMouth
45152,CatMouth
45153,DogFace
45154,CatEye
45155,DogMouth
45156,CatMouth
45157,CatEye
45158,CatFace
45159,DogEye
45160,CatEye
45161,CatMouth
45162,DogMouth
45163,CatFace
45164,CatNose
45165,CatFace
45166,DogEye
45167,CatNose
45168,CatNose
45169,CatEye
45170,CatNose
45171,DogNose
45172,DogEye
45173,CatEye
45174,CatEye
45175,DogEye
45176,CatMouth
45177,CatEye
45178,CatNose
45179,CatEye
45180,CatEye
45181,DogEye
45182,DogEye
45183,CatEye
45184,DogEye
45185,DogMouth
45186,DogEye
45187,CatMouth
45188,CatFace
45189,CatMouth
45190,DogEye
45191,DogNose
45192,DogEye
45193,CatNose
45194,CatEye
45195,DogEye
45196,DogFace
45197,DogMouth
45198,CatMouth
45199,DogNose
45200,CatMouth
45201,DogFace
45202,DogMouth
45203,DogEye
45204,DogNose
45205,CatFace
45206,CatEye
45207,CatEye
45208,CatEye
45209,DogNose
45210,DogNose
45211,CatNose
45212,DogFace
45213,DogEye
45214,CatMouth
45215,DogNose
45216,DogMouth
45217,DogFace
45218,DogMouth
45219,CatNose
45220,CatMouth
45221,CatMouth
45222,CatMouth
45223,CatFace
45224,CatEye
45225,CatEye
45226,DogEye
45227,CatFace
45228,CatFace
45229,DogEye
45230,DogMouth
45231,CatEye
45232,CatNose
45233,CatEye
45234,CatNose
45235,CatEye
45236,DogMouth
45237,DogEye
45238,DogEye
45239,DogEye
45240,DogNose
45241,CatMouth
45242,CatNose
45243,DogEye
45244,DogEye
45245,DogNose
45246,CatEye
45247,CatMouth
45248,DogFace
45249,DogMouth
45250,DogEye
45251,DogEye
45252,DogEye
45253,CatNose
45254,DogMouth
45255,DogMouth
45256,DogMouth
45257,CatEye
45258,DogEye
45259,CatEye
45260,CatFace
45261,DogMouth
45262,DogMouth
45263,DogEye
45264,DogMouth
45265,CatMouth
45266,CatMouth
45267,CatEye
45268,CatEye
45269,DogEye
45270,DogEye
45271,DogEye
45272,CatNose
45273,DogNose
45274,CatNose
45275,CatMouth
45276,DogFace
45277,CatMouth
45278,CatEye
45279,DogEye
45280,CatEye
45281,CatEye
45282,DogEye
45283,CatEye
45284,DogNose
45285,DogFace
45286,CatFace
45287,DogNose
45288,CatMouth
45289,DogEye
45290,DogEye
45291,DogEye
45292,CatFace
45293,CatMouth
45294,CatEye
45295,DogEye
45296,DogNose
45297,DogEye
45298,DogFace
45299,CatNose
45300,DogNose
45301,DogNose
45302,CatEye
45303,CatEye
45304,CatEye
45305,DogNose
45306,CatEye
45307,CatFace
45308,CatEye
45309,DogEye
45310,DogEye
45311,CatEye
45312,DogNose
45313,CatNose
45314,DogEye
45315,CatEye
45316,CatNose
45317,CatFace
45318,DogMouth
45319,CatMouth
45320,DogFace
45321,CatFace
45322,DogMouth
45323,CatEye
45324,DogMouth
45325,CatFace
45326,DogNose
45327,DogFace
45328,CatEye
45329,DogEye
45330,DogEye
45331,CatNose
45332,CatNose
45333,DogMouth
45334,CatNose
45335,CatMouth
45336,CatFace
45337,DogMouth
45338,CatMouth
45339,CatNose
45340,DogEye
45341,DogEye
45342,CatFace
45343,DogEye
45344,DogMouth
45345,DogFace
45346,CatFace
45347,CatNose
45348,CatMouth
45349,CatMouth
45350,DogNose
45351,CatMouth
45352,CatFace
45353,DogMouth
45354,DogFace
45355,CatFace
45356,CatFace
45357,DogNose
45358,CatEye
45359,CatNose
45360,CatEye
45361,CatEye
45362,DogFace
45363,CatNose
45364,DogMouth
45365,CatFace
45366,CatEye
45367,DogNose
45368,CatFace
45369,DogNose
45370,CatMouth
45371,DogFace
45372,CatEye
45373,CatFace
45374,CatNose
45375,DogNose
45376,DogEye
45377,CatEye
45378,CatEye
45379,CatEye
45380,DogEye
45381,DogEye
45382,CatMouth
45383,DogEye
45384,CatEye
45385,CatMouth
45386,CatNose
45387,CatFace
45388,DogEye
45389,CatEye
45390,CatFace
45391,DogEye
45392,CatEye
45393,CatFace
45394,DogNose
45395,CatEye
45396,CatEye
45397,CatMouth
45398,DogFace
45399,DogNose
45400,DogEye
45401,CatMouth
45402,DogFace
45403,DogEye
45404,CatFace
45405,CatFace
45406,DogNose
45407,CatEye
45408,CatNose
45409,CatEye
45410,DogNose
45411,DogNose
45412,DogNose
45413,CatEye
45414,DogNose
45415,CatMouth
45416,DogNose
45417,CatFace
45418,CatFace
45419,DogEye
45420,DogFace
45421,CatEye
45422,CatMouth
45423,DogFace
45424,CatMouth
45425,CatEye
45426,CatFace
45427,DogEye
45428,DogEye
45429,CatEye
45430,CatEye
45431,DogMouth
45432,DogEye
45433,CatNose
45434,CatEye
45435,DogMouth
45436,CatMouth
45437,CatEye
45438,DogFace
45439,DogEye
45440,CatFace
45441,DogEye
45442,CatNose
45443,DogFace
45444,CatNose
45445,DogNose
45446,CatEye
45447,DogEye
45448,CatEye
45449,DogNose
45450,CatFace
45451,DogMouth
45452,CatEye
45453,CatEye
45454,CatEye
45455,CatNose
45456,CatNose
45457,DogFace
45458,CatMouth
45459,CatEye
45460,DogMouth
45461,DogNose
45462,CatNose
45463,DogNose
45464,CatMouth
45465,CatEye
45466,CatFace
45467,CatMouth
45468,CatFace
45469,CatNose
45470,CatEye
45471,CatNose
45472,CatFace
45473,DogEye
45474,DogMouth
45475,CatNose
45476,CatEye
45477,DogEye
45478,DogNose
45479,DogFace
45480,CatMouth
45481,DogMouth
45482,CatEye
45483,CatEye
45484,CatMouth
45485,DogEye
45486,DogEye
45487,CatFace
45488,DogFace
45489,CatFace
45490,DogMouth
45491,CatNose
45492,CatFace
45493,DogFace
45494,CatEye
45495,CatFace
45496,DogMouth
45497,CatNose
45498,CatEye
45499,DogMouth
45500,DogMouth
45501,CatFace
45502,CatEye
45503,DogEye
45504,DogEye
45505,DogMouth
45506,CatEye
45507,DogMouth
45508,CatEye
45509,CatEye
45510,CatEye
45511,DogEye
45512,DogEye
45513,DogFace
45514,DogEye
45515,CatNose
45516,CatFace
45517,DogFace
45518,DogEye
45519,DogEye
45520,DogNose
45521,DogEye
45522,CatEye
45523,CatEye
45524,CatEye
45525,DogNose
45526,CatNose
45527,DogMouth
45528,CatMouth
45529,CatMouth
45530,CatEye
45531,CatFace
45532,CatEye
45533,CatMouth
45534,CatNose
45535,CatEye
45536,CatMouth
45537,CatEye
45538,CatEye
45539,DogFace
45540,DogMouth
45541,CatNose
45542,DogEye
45543,CatEye
45544,DogNose
45545,DogMouth
45546,CatNose
45547,CatNose
45548,DogMouth
45549,DogMouth
45550,CatEye
45551,DogNose
45552,CatEye
45553,DogEye
45554,CatMouth
45555,CatMouth
45556,CatNose
45557,DogFace
45558,CatEye
45559,CatEye
45560,DogEye
45561,CatMouth
45562,CatEye
45563,DogEye
45564,DogFace
45565,DogEye
45566,CatEye
45567,CatNose
45568,CatEye
45569,DogFace
45570,DogEye
45571,CatFace
45572,CatEye
45573,DogMouth
45574,DogFace
45575,CatFace
45576,DogFace
45577,CatFace
45578,CatFace
45579,CatMouth
45580,CatMouth
45581,DogEye
45582,CatEye
45583,DogNose
45584,DogMouth
45585,CatEye
45586,CatNose
45587,CatEye
45588,DogEye
45589,CatEye
45590,CatFace
45591,CatNose
45592,CatEye
45593,CatNose
45594,CatNose
45595,CatNose
45596,CatEye
45597,DogNose
45598,CatFace
45599,CatFace
45600,CatEye
45601,CatEye
45602,DogEye
45603,DogMouth
45604,DogNose
45605,DogEye
45606,DogNose
45607,DogEye
45608,DogEye
45609,DogEye
45610,CatFace
45611,DogEye
45612,CatEye
45613,CatEye
45614,CatNose
45615,DogNose
45616,CatNose
45617,DogEye
45618,DogNose
45619,DogEye
45620,CatFace
45621,CatMouth
45622,DogNose
45623,DogMouth
45624,DogFace
45625,DogFace
45626,CatNose
45627,CatEye
45628,CatEye
45629,DogMouth
45630,CatEye
45631,CatEye
45632,DogFace
45633,DogEye
45634,CatNose
45635,DogFace
45636,DogNose
45637,CatEye
45638,CatMouth
45639,CatNose
45640,DogEye
45641,DogNose
45642,DogFace
45643,CatEye
45644,CatEye
45645,DogMouth
45646,CatNose
45647,DogMouth
45648,CatMouth
45649,DogEye
45650,CatNose
45651,CatEye
45652,CatFace
45653,DogEye
45654,CatNose
45655,DogNose
45656,CatMouth
45657,DogNose
45658,DogEye
45659,DogEye
45660,CatNose
45661,CatNose
45662,CatFace
45663,CatMouth
45664,DogFace
45665,DogEye
45666,CatMouth
45667,DogFace
45668,CatNose
45669,CatEye
45670,DogMouth
45671,CatFace
45672,CatNose
45673,CatFace
45674,CatEye
45675,CatMouth
45676,DogEye
45677,DogEye
45678,DogEye
45679,DogMouth
45680,DogEye
45681,DogNose
45682,DogNose
45683,CatEye
45684,DogNose
45685,DogMouth
45686,DogEye
45687,DogFace
45688,DogNose
45689,CatNose
45690,DogEye
45691,CatMouth
45692,CatEye
45693,CatMouth
45694,DogMouth
45695,DogFace
45696,CatEye
45697,CatEye
45698,DogMouth
45699,DogEye
45700,CatEye
45701,DogMouth
45702,DogFace
45703,CatMouth
45704,DogEye
45705,DogNose
45706,DogEye
45707,DogNose
45708,DogNose
45709,CatEye
45710,DogNose
45711,DogFace
45712,DogEye
45713,CatEye
45714,DogEye
45715,DogEye
45716,DogNose
45717,CatEye
45718,DogEye
45719,CatMouth
45720,CatEye
45721,DogNose
45722,DogEye
45723,CatFace
45724,DogFace
45725,CatEye
45726,CatEye
45727,CatNose
45728,CatMouth
45729,CatEye
45730,CatFace
45731,CatEye
45732,DogNose
45733,DogFace
45734,DogNose
45735,DogMouth
45736,DogMouth
45737,DogEye
45738,CatNose
45739,CatNose
45740,DogMouth
45741,CatNose
45742,CatMouth
45743,CatEye
45744,DogNose
45745,CatEye
45746,CatEye
45747,DogFace
45748,CatFace
45749,CatEye
45750,DogFace
45751,CatEye
45752,CatFace
45753,DogNose
45754,DogNose
45755,DogMouth
45756,DogFace
45757,CatFace
45758,CatMouth
45759,DogNose
45760,DogNose
45761,CatMouth
45762,DogFace
45763,DogMouth
45764,DogNose
45765,CatEye
45766,CatEye
45767,CatEye
45768,CatNose
45769,CatMouth
45770,DogMouth
45771,DogFace
45772,DogNose
45773,CatEye
45774,CatMouth
45775,DogEye
45776,DogNose
45777,CatMouth
45778,CatEye
45779,CatEye
45780,CatFace
45781,CatMouth
45782,DogEye
45783,DogMouth
45784,DogMouth
45785,CatEye
45786,CatEye
45787,CatFace
45788,DogNose
45789,DogEye
45790,CatEye
45791,CatMouth
45792,CatMouth
45793,CatFace
45794,CatNose
45795,CatFace
45796,DogMouth
45797,CatFace
45798,CatMouth
45799,CatEye
45800,DogMouth
45801,DogNose
45802,DogEye
45803,CatNose
45804,CatEye
45805,DogEye
45806,CatEye
45807,DogFace
45808,CatMouth
45809,CatNose
45810,CatFace
45811,CatFace
45812,DogEye
45813,DogFace
45814,DogEye
45815,DogMouth
45816,CatEye
45817,CatFace
45818,CatFace
45819,DogMouth
45820,CatNose
45821,CatNose
45822,CatFace
45823,CatMouth
45824,CatEye
45825,DogNose
45826,CatEye
45827,CatNose
45828,CatEye
45829,CatEye
45830,DogMouth
45831,CatEye
45832,CatEye
45833,CatNose
45834,CatEye
45835,DogFace
45836,DogEye
45837,CatEye
45838,DogEye
45839,DogFace
45840,DogMouth
45841,DogEye
45842,DogFace
45843,DogEye
45844,DogEye
45845,CatNose
45846,CatEye
45847,CatEye
45848,CatEye
45849,CatMouth
45850,CatEye
45851,CatEye
45852,CatFace
45853,CatFace
45854,DogEye
45855,CatEye
45856,DogFace
45857,CatMouth
45858,CatFace
45859,CatEye
45860,CatEye
45861,DogEye
45862,CatNose
45863,CatNose
45864,DogNose
45865,DogNose
45866,DogEye
45867,DogNose
45868,CatNose
45869,CatEye
45870,CatEye
45871,DogMouth
45872,CatFace
45873,CatEye
45874,CatEye
45875,CatEye
45876,DogMouth
45877,CatFace
45878,DogEye
45879,CatNose
45880,CatFace
45881,DogEye
45882,CatEye
45883,CatNose
45884,CatNose
45885,CatMouth
45886,CatNose
45887,DogFace
45888,CatNose
45889,DogMouth
45890,DogEye
45891,CatEye
45892,CatEye
45893,DogMouth
45894,DogEye
45895,DogNose
45896,CatFace
45897,CatEye
45898,DogEye
45899,DogMouth
45900,CatEye
45901,CatEye
45902,DogFace
45903,CatEye
45904,DogNose
45905,CatFace
45906,CatNose
45907,DogMouth
45908,DogEye
45909,DogFace
45910,CatFace
45911,CatNose
45912,DogFace
45913,DogEye
45914,DogEye
45915,DogEye
45916,CatMouth
45917,CatEye
45918,DogFace
45919,CatEye
45920,DogNose
45921,CatFace
45922,CatFace
45923,CatEye
45924,CatEye
45925,DogEye
45926,DogEye
45927,DogEye
45928,CatEye
45929,CatMouth
45930,CatEye
45931,DogFace
45932,CatEye
45933,DogMouth
45934,DogNose
45935,CatFace
45936,CatEye
45937,CatFace
45938,CatEye
45939,CatFace
45940,DogMouth
45941,DogEye
45942,CatFace
45943,DogMouth
45944,DogNose
45945,DogNose
45946,DogMouth
45947,DogEye
45948,DogNose
45949,CatFace
45950,CatNose
45951,DogFace
45952,DogFace
45953,DogFace
45954,DogEye
45955,CatFace
45956,DogEye
45957,DogFace
45958,CatEye
45959,CatMouth
45960,CatEye
45961,CatFace
45962,DogFace
45963,CatFace
45964,DogEye
45965,CatFace
45966,DogEye
45967,CatFace
45968,CatNose
45969,CatFace
45970,CatMouth
45971,CatFace
45972,DogNose
45973,DogFace
45974,CatEye
45975,DogEye
45976,DogEye
45977,DogNose
45978,CatMouth
45979,DogNose
45980,CatMouth
45981,DogEye
45982,DogFace
45983,CatNose
45984,CatEye
45985,DogNose
45986,DogFace
45987,DogFace
45988,CatNose
45989,CatEye
45990,CatFace
45991,CatMouth
45992,CatNose
45993,DogFace
45994,CatEye
45995,CatEye
45996,CatMouth
45997,DogFace
45998,CatEye
45999,DogNose
46000,CatMouth
46001,CatNose
46002,DogMouth
46003,CatMouth
46004,CatEye
46005,DogEye
46006,CatNose
46007,DogNose
46008,CatNose
46009,CatMouth
46010,DogMouth
46011,DogEye
46012,DogEye
46013,DogNose
46014,DogMouth
46015,DogFace
46016,DogEye
46017,DogEye
46018,DogNose
46019,CatEye
46020,CatEye
46021,DogMouth
46022,CatFace
46023,DogMouth
46024,DogEye
46025,DogEye
46026,CatEye
46027,DogFace
46028,CatFace
46029,CatEye
46030,CatFace
46031,DogEye
46032,DogEye
46033,CatEye
46034,CatEye
46035,CatEye
46036,DogMouth
46037,CatMouth
46038,CatFace
46039,CatFace
46040,CatFace
46041,DogNose
46042,DogEye
46043,CatMouth
46044,DogNose
46045,DogEye
46046,CatMouth
46047,CatFace
46048,DogFace
46049,DogFace
46050,CatEye
46051,DogMouth
46052,DogMouth
46053,CatFace
46054,CatFace
46055,CatNose
46056,DogFace
46057,DogEye
46058,DogEye
46059,CatEye
46060,DogEye
46061,DogMouth
46062,DogEye
46063,CatEye
46064,DogEye
46065,DogEye
46066,DogEye
46067,DogEye
46068,CatFace
46069,DogMouth
46070,CatEye
46071,DogEye
46072,DogFace
46073,CatNose
46074,DogEye
46075,CatEye
46076,DogEye
46077,CatEye
46078,CatEye
46079,DogEye
46080,DogMouth
46081,DogEye
46082,CatEye
46083,DogEye
46084,DogNose
46085,CatFace
46086,CatFace
46087,DogNose
46088,DogEye
46089,CatEye
46090,DogEye
46091,DogEye
46092,CatEye
46093,CatEye
46094,CatEye
46095,DogNose
46096,CatFace
46097,DogFace
46098,CatEye
46099,CatEye
46100,CatNose
46101,CatNose
46102,CatNose
46103,DogNose
46104,DogEye
46105,CatMouth
46106,DogEye
46107,DogEye
46108,DogEye
46109,CatEye
46110,DogMouth
46111,DogEye
46112,DogEye
46113,CatMouth
46114,CatFace
46115,CatEye
46116,DogNose
46117,CatEye
46118,DogMouth
46119,CatEye
46120,CatFace
46121,CatEye
46122,CatMouth
46123,DogFace
46124,DogFace
46125,CatEye
46126,DogFace
46127,CatEye
46128,DogMouth
46129,DogMouth
46130,CatEye
46131,CatEye
46132,DogMouth
46133,DogEye
46134,DogNose
46135,CatEye
46136,CatFace
46137,CatEye
46138,DogEye
46139,CatMouth
46140,CatNose
46141,DogEye
46142,DogEye
46143,CatMouth
46144,DogEye
46145,DogMouth
46146,CatEye
46147,DogFace
46148,CatEye
46149,CatFace
46150,DogFace
46151,DogEye
46152,CatNose
46153,DogMouth
46154,CatEye
46155,DogEye
46156,DogEye
46157,CatMouth
46158,CatFace
46159,CatNose
46160,CatFace
46161,CatNose
46162,CatMouth
46163,CatEye
46164,DogEye
46165,CatMouth
46166,DogMouth
46167,CatMouth
46168,CatMouth
46169,CatEye
46170,DogNose
46171,DogFace
46172,DogFace
46173,DogFace
46174,CatMouth
46175,CatEye
46176,CatNose
46177,CatEye
46178,CatNose
46179,CatNose
46180,DogEye
46181,CatEye
46182,DogEye
46183,DogMouth
46184,DogMouth
46185,CatNose
46186,CatFace
46187,DogNose
46188,DogEye
46189,CatNose
46190,CatNose
46191,DogMouth
46192,DogMouth
46193,DogNose
46194,DogNose
46195,DogMouth
46196,CatFace
46197,DogMouth
46198,DogEye
46199,DogEye
46200,DogNose
46201,CatFace
46202,CatEye
46203,DogMouth
46204,DogFace
46205,CatEye
46206,CatEye
46207,DogMouth
46208,CatNose
46209,CatNose
46210,DogMouth
46211,CatEye
46212,CatNose
46213,CatNose
46214,CatFace
46215,CatMouth
46216,CatEye
46217,CatEye
46218,CatMouth
46219,DogEye
46220,DogNose
46221,DogEye
46222,DogMouth
46223,DogFace
46224,DogMouth
46225,DogMouth
46226,DogNose
46227,CatFace
46228,CatNose
46229,DogNose
46230,CatNose
46231,CatNose
46232,DogFace
46233,DogNose
46234,CatMouth
46235,DogFace
46236,CatMouth
46237,DogFace
46238,DogNose
46239,CatMouth
46240,DogEye
46241,DogMouth
46242,DogEye
46243,DogEye
46244,CatEye
46245,DogEye
46246,DogEye
46247,CatNose
46248,CatMouth
46249,CatEye
46250,CatEye
46251,DogMouth
46252,DogNose
46253,DogFace
46254,CatFace
46255,DogMouth
46256,CatFace
46257,CatEye
46258,DogNose
46259,DogEye
46260,CatFace
46261,DogFace
46262,CatMouth
46263,CatEye
46264,DogEye
46265,CatEye
46266,CatFace
46267,CatNose
46268,DogEye
46269,DogEye
46270,DogFace
46271,DogNose
46272,CatNose
46273,CatNose
46274,CatEye
46275,DogEye
46276,DogFace
46277,CatFace
46278,DogFace
46279,CatEye
46280,CatMouth
46281,CatEye
46282,CatMouth
46283,CatEye
46284,CatFace
46285,CatMouth
46286,CatFace
46287,CatNose
46288,DogEye
46289,CatEye
46290,CatMouth
46291,CatEye
46292,CatNose
46293,CatFace
46294,CatFace
46295,DogNose
46296,CatNose
46297,DogEye
46298,DogEye
46299,CatNose
46300,DogEye
46301,CatMouth
46302,CatEye
46303,CatMouth
46304,DogFace
46305,CatMouth
46306,DogFace
46307,DogFace
46308,CatFace
46309,CatEye
46310,CatMouth
46311,CatFace
46312,DogFace
46313,DogNose
46314,DogNose
46315,CatEye
46316,CatEye
46317,CatMouth
46318,DogEye
46319,CatEye
46320,DogEye
46321,CatNose
46322,CatEye
46323,DogFace
46324,DogNose
46325,CatEye
46326,CatEye
46327,CatEye
46328,DogNose
46329,CatMouth
46330,DogMouth
46331,CatFace
46332,DogFace
46333,DogFace
46334,CatNose
46335,DogFace
46336,CatMouth
46337,DogMouth
46338,DogNose
46339,CatNose
46340,CatNose
46341,CatFace
46342,CatMouth
46343,CatEye
46344,CatEye
46345,CatEye
46346,DogMouth
46347,CatNose
46348,CatEye
46349,CatEye
46350,DogFace
46351,DogEye
46352,CatEye
46353,DogEye
46354,CatEye
46355,DogFace
46356,CatMouth
46357,CatEye
46358,DogNose
46359,CatFace
46360,CatMouth
46361,CatNose
46362,DogNose
46363,CatEye
46364,CatNose
46365,CatEye
46366,CatNose
46367,CatEye
46368,DogFace
46369,CatMouth
46370,CatNose
46371,DogFace
46372,DogNose
46373,CatNose
46374,DogNose
46375,DogFace
46376,DogEye
46377,DogEye
46378,CatEye
46379,CatFace
46380,DogFace
46381,CatEye
46382,DogEye
46383,DogFace
46384,DogEye
46385,DogMouth
46386,CatNose
46387,CatEye
46388,CatMouth
46389,CatEye
46390,CatEye
46391,CatEye
46392,CatNose
46393,DogMouth
46394,CatMouth
46395,CatEye
46396,DogNose
46397,CatEye
46398,CatFace
46399,CatMouth
46400,CatEye
46401,CatEye
46402,DogMouth
46403,CatEye
46404,CatNose
46405,CatEye
46406,DogMouth
46407,CatEye
46408,DogEye
46409,DogFace
46410,DogEye
46411,CatMouth
46412,CatNose
46413,CatEye
46414,CatEye
46415,CatNose
46416,CatEye
46417,DogFace
46418,CatNose
46419,DogEye
46420,DogFace
46421,CatFace
46422,DogMouth
46423,CatEye
46424,DogEye
46425,DogFace
46426,CatNose
46427,DogMouth
46428,CatEye
46429,CatEye
46430,CatNose
46431,CatEye
46432,CatEye
46433,DogFace
46434,CatFace
46435,DogFace
46436,CatFace
46437,DogNose
46438,DogEye
46439,CatFace
46440,CatMouth
46441,DogNose
46442,DogFace
46443,CatEye
46444,CatFace
46445,CatEye
46446,CatNose
46447,CatFace
46448,CatFace
46449,CatFace
46450,DogEye
46451,DogEye
46452,DogEye
46453,CatFace
46454,CatMouth
46455,CatNose
46456,DogEye
46457,CatEye
46458,CatMouth
46459,CatEye
46460,CatEye
46461,CatEye
46462,DogMouth
46463,DogFace
46464,DogNose
46465,DogEye
46466,CatFace
46467,CatMouth
46468,CatEye
46469,DogEye
46470,CatFace
46471,CatNose
46472,DogFace
46473,DogEye
46474,CatFace
46475,CatEye
46476,CatNose
46477,DogFace
46478,DogEye
46479,DogEye
46480,CatNose
46481,DogEye
46482,CatEye
46483,CatFace
46484,CatNose
46485,DogEye
46486,DogEye
46487,DogMouth
46488,CatNose
46489,CatMouth
46490,DogFace
46491,DogMouth
46492,CatMouth
46493,CatFace
46494,CatEye
46495,CatEye
46496,CatNose
46497,CatFace
46498,CatMouth
46499,CatEye
46500,CatFace
46501,CatEye
46502,CatFace
46503,CatFace
46504,DogFace
46505,CatEye
46506,CatNose
46507,DogEye
46508,CatEye
46509,CatMouth
46510,CatEye
46511,DogFace
46512,CatFace
46513,DogMouth
46514,CatFace
46515,CatEye
46516,CatEye
46517,CatFace
46518,DogEye
46519,DogFace
46520,DogFace
46521,DogFace
46522,DogEye
46523,DogEye
46524,CatNose
46525,DogEye
46526,CatEye
46527,DogNose
46528,CatFace
46529,CatNose
46530,DogFace
46531,CatMouth
46532,CatEye
46533,DogNose
46534,CatEye
46535,CatEye
46536,DogEye
46537,CatEye
46538,CatEye
46539,DogMouth
46540,CatFace
46541,CatEye
46542,DogEye
46543,CatFace
46544,DogNose
46545,CatFace
46546,DogFace
46547,CatNose
46548,CatEye
46549,DogEye
46550,DogMouth
46551,DogEye
46552,CatMouth
46553,CatEye
46554,DogNose
46555,DogEye
46556,DogEye
46557,CatEye
46558,CatMouth
46559,CatEye
46560,DogNose
46561,DogEye
46562,CatEye
46563,CatNose
46564,CatFace
46565,CatFace
46566,CatMouth
46567,CatEye
46568,DogEye
46569,CatEye
46570,DogNose
46571,DogNose
46572,DogFace
46573,DogMouth
46574,CatEye
46575,CatEye
46576,CatEye
46577,DogFace
46578,DogNose
46579,CatNose
46580,CatEye
46581,CatEye
46582,DogFace
46583,CatEye
46584,DogEye
46585,CatEye
46586,CatMouth
46587,CatEye
46588,DogEye
46589,CatNose
46590,DogNose
46591,CatNose
46592,CatFace
46593,CatEye
46594,CatNose
46595,DogEye
46596,CatFace
46597,DogNose
46598,DogMouth
46599,DogNose
46600,DogNose
46601,CatEye
46602,DogEye
46603,DogMouth
46604,DogFace
46605,DogFace
46606,CatEye
46607,DogEye
46608,CatEye
46609,DogEye
46610,DogMouth
46611,DogFace
46612,DogNose
46613,CatMouth
46614,DogFace
46615,CatMouth
46616,CatMouth
46617,DogEye
46618,DogEye
46619,CatNose
46620,CatEye
46621,CatMouth
46622,CatMouth
46623,CatNose
46624,CatEye
46625,CatEye
46626,CatEye
46627,DogFace
46628,CatNose
46629,CatEye
46630,CatFace
46631,DogEye
46632,DogFace
46633,CatMouth
46634,CatEye
46635,DogEye
46636,CatEye
46637,DogEye
46638,CatNose
46639,CatFace
46640,DogNose
46641,CatMouth
46642,CatEye
46643,CatNose
46644,CatEye
46645,DogMouth
46646,DogMouth
46647,CatFace
46648,DogFace
46649,DogEye
46650,DogFace
46651,CatNose
46652,DogMouth
46653,CatNose
46654,CatEye
46655,CatEye
46656,CatFace
46657,DogMouth
46658,DogFace
46659,CatNose
46660,CatEye
46661,CatEye
46662,DogFace
46663,CatEye
46664,DogEye
46665,DogEye
46666,DogEye
46667,CatEye
46668,DogEye
46669,DogNose
46670,DogEye
46671,CatNose
46672,DogNose
46673,DogFace
46674,CatMouth
46675,CatNose
46676,CatFace
46677,DogFace
46678,DogEye
46679,DogEye
46680,CatEye
46681,DogNose
46682,DogEye
46683,DogNose
46684,CatEye
46685,CatEye
46686,DogMouth
46687,CatEye
46688,CatNose
46689,DogMouth
46690,DogEye
46691,CatMouth
46692,DogEye
46693,CatEye
46694,DogEye
46695,CatNose
46696,DogMouth
46697,CatNose
46698,DogFace
46699,CatFace
46700,CatNose
46701,CatFace
46702,CatFace
46703,CatEye
46704,DogMouth
46705,DogNose
46706,CatMouth
46707,DogEye
46708,CatEye
46709,DogNose
46710,CatMouth
46711,CatEye
46712,DogFace
46713,CatNose
46714,CatFace
46715,CatFace
46716,CatEye
46717,CatEye
46718,CatEye
46719,DogNose
46720,CatEye
46721,DogFace
46722,DogEye
46723,CatMouth
46724,CatFace
46725,CatEye
46726,DogMouth
46727,DogFace
46728,DogEye
46729,CatFace
46730,CatEye
46731,DogEye
46732,DogEye
46733,DogMouth
46734,CatNose
46735,DogFace
46736,CatEye
46737,DogEye
46738,CatMouth
46739,DogNose
46740,CatEye
46741,DogMouth
46742,CatNose
46743,CatEye
46744,DogEye
46745,DogFace
46746,DogEye
46747,CatFace
46748,CatEye
46749,CatNose
46750,CatNose
46751,CatEye
46752,DogEye
46753,CatEye
46754,CatNose
46755,CatFace
46756,DogNose
46757,DogNose
46758,CatFace
46759,DogNose
46760,CatFace
46761,CatEye
46762,DogNose
46763,DogEye
46764,DogMouth
46765,DogEye
46766,CatMouth
46767,DogEye
46768,CatEye
46769,CatNose
46770,DogEye
46771,CatEye
46772,CatEye
46773,DogNose
46774,CatMouth
46775,CatEye
46776,CatNose
46777,CatEye
46778,DogMouth
46779,CatMouth
46780,DogNose
46781,CatFace
46782,CatNose
46783,DogFace
46784,DogNose
46785,DogFace
46786,CatEye
46787,DogNose
46788,CatMouth
46789,CatMouth
46790,DogEye
46791,DogMouth
46792,DogNose
46793,DogNose
46794,DogEye
46795,CatMouth
46796,CatEye
46797,CatFace
46798,CatFace
46799,DogFace
46800,DogMouth
46801,DogEye
46802,CatFace
46803,CatEye
46804,DogMouth
46805,CatNose
46806,CatNose
46807,CatEye
46808,DogMouth
46809,CatNose
46810,DogEye
46811,CatEye
46812,DogEye
46813,CatEye
46814,DogEye
46815,CatNose
46816,CatEye
46817,CatFace
46818,CatEye
46819,DogFace
46820,DogEye
46821,CatMouth
46822,DogEye
46823,CatEye
46824,DogNose
46825,DogEye
46826,CatFace
46827,CatEye
46828,DogNose
46829,CatNose
46830,CatFace
46831,CatMouth
46832,CatMouth
46833,CatEye
46834,DogMouth
46835,DogEye
46836,DogFace
46837,CatEye
46838,CatEye
46839,DogNose
46840,CatEye
46841,CatEye
46842,DogEye
46843,CatMouth
46844,DogMouth
46845,CatEye
46846,CatFace
46847,DogFace
46848,DogEye
46849,CatFace
46850,DogMouth
46851,DogNose
46852,DogEye
46853,DogEye
46854,DogFace
46855,DogEye
46856,DogMouth
46857,CatEye
46858,DogEye
46859,DogEye
46860,CatMouth
46861,CatMouth
46862,DogEye
46863,DogEye
46864,CatEye
46865,CatNose
46866,CatEye
46867,CatEye
46868,DogEye
46869,DogEye
46870,CatEye
46871,CatEye
46872,DogMouth
46873,DogEye
46874,DogNose
46875,CatFace
46876,CatEye
46877,CatEye
46878,CatEye
46879,CatMouth
46880,DogNose
46881,DogEye
46882,CatEye
46883,CatFace
46884,DogEye
46885,DogEye
46886,CatEye
46887,CatEye
46888,CatEye
46889,CatEye
46890,CatFace
46891,DogEye
46892,CatEye
46893,DogEye
46894,CatMouth
46895,DogNose
46896,DogEye
46897,DogMouth
46898,DogNose
46899,DogEye
46900,CatFace
46901,DogMouth
46902,CatMouth
46903,CatEye
46904,CatEye
46905,CatEye
46906,DogEye
46907,CatEye
46908,DogFace
46909,DogEye
46910,CatEye
46911,DogEye
46912,CatMouth
46913,DogMouth
46914,DogFace
46915,DogNose
46916,CatEye
46917,CatFace
46918,DogEye
46919,DogEye
46920,DogEye
46921,CatMouth
46922,DogMouth
46923,DogEye
46924,DogEye
46925,CatFace
46926,CatEye
46927,DogMouth
46928,CatNose
46929,DogFace
46930,DogEye
46931,DogMouth
46932,CatMouth
46933,DogMouth
46934,DogEye
46935,DogEye
46936,CatEye
46937,DogNose
46938,CatFace
46939,DogMouth
46940,DogEye
46941,DogFace
46942,CatNose
46943,CatNose
46944,CatFace
46945,CatMouth
46946,DogMouth
46947,DogEye
46948,DogMouth
46949,DogNose
46950,DogNose
46951,DogEye
46952,CatEye
46953,CatMouth
46954,DogFace
46955,DogMouth
46956,CatEye
46957,DogNose
46958,CatNose
46959,DogNose
46960,DogFace
46961,CatEye
46962,CatEye
46963,DogMouth
46964,CatFace
46965,DogFace
46966,DogEye
46967,DogFace
46968,DogMouth
46969,DogEye
46970,DogNose
46971,DogEye
46972,CatEye
46973,DogNose
46974,CatNose
46975,DogFace
46976,DogEye
46977,CatEye
46978,CatNose
46979,CatEye
46980,DogFace
46981,CatEye
46982,CatEye
46983,DogNose
46984,CatEye
46985,DogFace
46986,DogNose
46987,CatNose
46988,DogMouth
46989,DogEye
46990,CatMouth
46991,CatNose
46992,DogEye
46993,CatEye
46994,CatEye
46995,DogFace
46996,DogNose
46997,DogMouth
46998,DogNose
46999,CatEye
47000,DogEye
47001,DogFace
47002,CatMouth
47003,CatEye
47004,CatFace
47005,CatEye
47006,DogNose
47007,DogEye
47008,CatMouth
47009,CatEye
47010,DogNose
47011,DogFace
47012,CatFace
47013,DogMouth
47014,DogMouth
47015,CatNose
47016,CatNose
47017,CatNose
47018,CatEye
47019,DogNose
47020,CatEye
47021,DogMouth
47022,DogMouth
47023,CatFace
47024,DogEye
47025,CatEye
47026,DogEye
47027,CatEye
47028,DogNose
47029,DogMouth
47030,DogEye
47031,DogFace
47032,CatNose
47033,CatNose
47034,DogFace
47035,DogFace
47036,CatNose
47037,CatMouth
47038,DogNose
47039,DogNose
47040,CatEye
47041,CatNose
47042,CatNose
47043,DogMouth
47044,DogEye
47045,CatMouth
47046,CatNose
47047,CatNose
47048,CatFace
47049,CatMouth
47050,CatMouth
47051,DogFace
47052,DogEye
47053,CatMouth
47054,CatEye
47055,CatFace
47056,CatEye
47057,CatNose
47058,CatNose
47059,CatMouth
47060,CatNose
47061,CatEye
47062,CatEye
47063,DogNose
47064,DogEye
47065,CatEye
47066,CatMouth
47067,CatEye
47068,DogFace
47069,DogNose
47070,CatEye
47071,DogEye
47072,DogEye
47073,CatEye
47074,CatEye
47075,CatFace
47076,DogNose
47077,CatFace
47078,CatNose
47079,DogMouth
47080,CatFace
47081,DogMouth
47082,DogMouth
47083,CatFace
47084,CatMouth
47085,DogMouth
47086,CatMouth
47087,CatEye
47088,CatEye
47089,CatNose
47090,DogEye
47091,DogMouth
47092,CatMouth
47093,DogFace
47094,CatEye
47095,DogMouth
47096,CatNose
47097,CatEye
47098,DogEye
47099,DogMouth
47100,CatEye
47101,DogNose
47102,CatNose
47103,CatEye
47104,CatEye
47105,DogMouth
47106,DogEye
47107,CatFace
47108,DogMouth
47109,DogEye
47110,DogEye
47111,CatEye
47112,CatFace
47113,CatFace
47114,DogEye
47115,CatEye
47116,DogNose
47117,CatFace
47118,DogFace
47119,CatFace
47120,DogMouth
47121,CatFace
47122,CatNose
47123,CatEye
47124,CatNose
47125,CatFace
47126,CatNose
47127,CatNose
47128,DogMouth
47129,CatNose
47130,CatMouth
47131,CatMouth
47132,CatEye
47133,CatMouth
47134,DogEye
47135,CatEye
47136,DogFace
47137,CatNose
47138,CatFace
47139,CatMouth
47140,DogFace
47141,DogFace
47142,CatFace
47143,CatEye
47144,DogFace
47145,DogEye
47146,CatEye
47147,DogFace
47148,CatFace
47149,CatFace
47150,DogEye
47151,CatEye
47152,CatEye
47153,DogEye
47154,CatNose
47155,DogEye
47156,DogFace
47157,DogNose
47158,CatMouth
47159,CatEye
47160,CatNose
47161,DogFace
47162,CatNose
47163,DogNose
47164,CatEye
47165,DogMouth
47166,CatFace
47167,DogFace
47168,CatNose
47169,DogEye
47170,CatFace
47171,CatNose
47172,DogMouth
47173,CatMouth
47174,CatEye
47175,CatEye
47176,CatEye
47177,CatNose
47178,DogNose
47179,CatEye
47180,DogMouth
47181,DogNose
47182,CatMouth
47183,DogMouth
47184,DogNose
47185,DogFace
47186,DogMouth
47187,CatEye
47188,CatFace
47189,DogMouth
47190,DogFace
47191,DogEye
47192,DogMouth
47193,CatEye
47194,CatNose
47195,CatMouth
47196,DogFace
47197,CatNose
47198,CatEye
47199,CatEye
47200,CatMouth
47201,CatMouth
47202,DogEye
47203,DogNose
47204,CatNose
47205,CatNose
47206,CatEye
47207,CatNose
47208,CatEye
47209,CatFace
47210,DogEye
47211,CatNose
47212,DogEye
47213,DogNose
47214,DogMouth
47215,CatFace
47216,DogEye
47217,DogMouth
47218,DogNose
47219,DogFace
47220,DogMouth
47221,DogEye
47222,CatEye
47223,CatMouth
47224,CatEye
47225,CatMouth
47226,DogEye
47227,CatFace
47228,DogFace
47229,CatMouth
47230,CatFace
47231,CatNose
47232,DogNose
47233,CatNose
47234,DogFace
47235,DogFace
47236,CatMouth
47237,CatNose
47238,DogEye
47239,CatFace
47240,CatEye
47241,DogMouth
47242,DogFace
47243,CatNose
47244,CatFace
47245,DogEye
47246,DogMouth
47247,DogNose
47248,CatFace
47249,DogNose
47250,DogEye
47251,DogEye
47252,CatMouth
47253,DogFace
47254,CatNose
47255,DogMouth
47256,DogFace
47257,DogEye
47258,CatEye
47259,CatNose
47260,CatEye
47261,CatEye
47262,CatMouth
47263,CatNose
47264,DogFace
47265,DogFace
47266,CatMouth
47267,CatEye
47268,CatEye
47269,CatFace
47270,CatEye
47271,CatFace
47272,CatMouth
47273,DogMouth
47274,CatEye
47275,DogEye
47276,CatEye
47277,CatFace
47278,CatNose
47279,DogEye
47280,CatFace
47281,CatEye
47282,CatEye
47283,CatEye
47284,CatMouth
47285,CatEye
47286,CatNose
47287,DogEye
47288,CatEye
47289,CatMouth
47290,CatNose
47291,DogEye
47292,CatMouth
47293,CatNose
47294,CatEye
47295,CatEye
47296,CatEye
47297,CatEye
47298,CatMouth
47299,CatEye
47300,CatFace
47301,DogFace
47302,DogFace
47303,CatNose
47304,CatEye
47305,CatEye
47306,DogMouth
47307,CatMouth
47308,CatNose
47309,CatMouth
47310,CatEye
47311,DogEye
47312,DogNose
47313,CatNose
47314,DogFace
47315,CatEye
47316,CatEye
47317,CatMouth
47318,CatNose
47319,CatFace
47320,DogFace
47321,DogEye
47322,CatEye
47323,DogEye
47324,DogFace
47325,DogNose
47326,DogEye
47327,DogNose
47328,DogEye
47329,CatEye
47330,DogEye
47331,CatEye
47332,CatEye
47333,DogFace
47334,CatEye
47335,DogNose
47336,CatFace
47337,DogEye
47338,CatMouth
47339,CatEye
47340,CatMouth
47341,DogEye
47342,DogEye
47343,CatEye
47344,DogNose
47345,DogFace
47346,CatMouth
47347,CatEye
47348,CatMouth
47349,DogFace
47350,CatEye
47351,CatMouth
47352,CatFace
47353,CatEye
47354,DogFace
47355,DogFace
47356,DogFace
47357,CatFace
47358,CatFace
47359,CatFace
47360,CatEye
47361,CatEye
47362,DogNose
47363,DogNose
47364,DogEye
47365,DogEye
47366,CatEye
47367,CatEye
47368,DogEye
47369,CatMouth
47370,DogNose
47371,DogEye
47372,CatNose
47373,CatNose
47374,CatEye
47375,DogEye
47376,CatEye
47377,CatEye
47378,CatEye
47379,DogMouth
47380,DogEye
47381,DogEye
47382,DogEye
47383,DogFace
47384,DogFace
47385,DogEye
47386,DogFace
47387,CatEye
47388,CatFace
47389,DogNose
47390,DogMouth
47391,DogMouth
47392,CatEye
47393,DogEye
47394,DogEye
47395,CatNose
47396,CatNose
47397,CatFace
47398,CatNose
47399,DogEye
47400,DogEye
47401,CatEye
47402,DogEye
47403,DogEye
47404,CatEye
47405,DogEye
47406,DogEye
47407,DogMouth
47408,CatEye
47409,DogFace
47410,CatEye
47411,DogMouth
47412,DogEye
47413,CatEye
47414,CatNose
47415,CatEye
47416,DogFace
47417,DogEye
47418,CatEye
47419,CatMouth
47420,DogEye
47421,DogMouth
47422,CatNose
47423,DogNose
47424,CatMouth
47425,CatNose
47426,CatFace
47427,CatMouth
47428,DogNose
47429,CatFace
47430,DogEye
47431,CatEye
47432,CatFace
47433,CatFace
47434,CatEye
47435,DogFace
47436,CatNose
47437,CatEye
47438,DogEye
47439,CatFace
47440,DogNose
47441,CatFace
47442,DogFace
47443,CatEye
47444,DogFace
47445,CatNose
47446,CatEye
47447,CatMouth
47448,DogFace
47449,DogEye
47450,CatMouth
47451,DogEye
47452,DogNose
47453,CatNose
47454,DogMouth
47455,CatNose
47456,CatEye
47457,CatNose
47458,CatEye
47459,CatEye
47460,CatEye
47461,DogFace
47462,CatMouth
47463,CatEye
47464,DogFace
47465,CatNose
47466,DogNose
47467,DogEye
47468,CatMouth
47469,DogNose
47470,CatEye
47471,CatNose
47472,CatNose
47473,CatFace
47474,CatFace
47475,CatMouth
47476,CatEye
47477,CatEye
47478,CatFace
47479,DogMouth
47480,CatEye
47481,DogFace
47482,CatMouth
47483,CatNose
47484,CatNose
47485,CatFace
47486,DogFace
47487,DogEye
47488,CatEye
47489,CatEye
47490,CatEye
47491,CatFace
47492,CatFace
47493,CatMouth
47494,CatEye
47495,DogEye
47496,CatFace
47497,DogEye
47498,CatFace
47499,CatEye
47500,CatNose
47501,CatFace
47502,CatFace
47503,CatMouth
47504,CatMouth
47505,DogNose
47506,DogNose
47507,CatFace
47508,DogEye
47509,DogEye
47510,CatFace
47511,CatFace
47512,DogMouth
47513,CatNose
47514,CatEye
47515,DogEye
47516,CatEye
47517,DogEye
47518,CatEye
47519,CatEye
47520,DogEye
47521,DogFace
47522,CatEye
47523,CatNose
47524,DogFace
47525,DogEye
47526,CatEye
47527,DogMouth
47528,CatEye
47529,DogNose
47530,DogMouth
47531,DogEye
47532,DogEye
47533,DogFace
47534,CatMouth
47535,CatEye
47536,DogNose
47537,DogEye
47538,CatEye
47539,DogFace
47540,CatFace
47541,DogFace
47542,CatEye
47543,DogMouth
47544,CatEye
47545,DogFace
47546,DogNose
47547,CatFace
47548,CatNose
47549,DogFace
47550,CatEye
47551,CatEye
47552,CatEye
47553,CatEye
47554,CatFace
47555,CatEye
47556,DogEye
47557,CatEye
47558,CatEye
47559,CatFace
47560,DogNose
47561,DogMouth
47562,DogEye
47563,DogEye
47564,DogNose
47565,DogMouth
47566,DogMouth
47567,CatNose
47568,CatEye
47569,DogNose
47570,DogNose
47571,CatMouth
47572,DogNose
47573,DogMouth
47574,DogNose
47575,DogEye
47576,DogNose
47577,DogFace
47578,CatEye
47579,DogEye
47580,DogMouth
47581,DogEye
47582,DogEye
47583,CatNose
47584,DogEye
47585,DogFace
47586,DogEye
47587,DogMouth
47588,CatMouth
47589,DogEye
47590,CatFace
47591,DogEye
47592,DogMouth
47593,CatEye
47594,DogNose
47595,DogNose
47596,DogNose
47597,CatEye
47598,CatMouth
47599,DogEye
47600,DogNose
47601,CatEye
47602,CatEye
47603,DogNose
47604,CatNose
47605,CatEye
47606,CatMouth
47607,DogMouth
47608,DogEye
47609,CatEye
47610,CatNose
47611,DogNose
47612,CatFace
47613,CatEye
47614,CatFace
47615,CatEye
47616,DogNose
47617,DogNose
47618,CatEye
47619,CatEye
47620,CatEye
47621,DogEye
47622,DogNose
47623,DogFace
47624,CatEye
47625,CatNose
47626,CatMouth
47627,DogEye
47628,DogEye
47629,CatFace
47630,CatNose
47631,DogEye
47632,DogEye
47633,DogMouth
47634,CatMouth
47635,DogEye
47636,DogNose
47637,DogEye
47638,CatNose
47639,DogEye
47640,CatMouth
47641,CatMouth
47642,DogFace
47643,CatEye
47644,CatMouth
47645,CatEye
47646,DogNose
47647,CatNose
47648,CatMouth
47649,DogNose
47650,DogEye
47651,CatNose
47652,CatEye
47653,DogMouth
47654,DogFace
47655,DogFace
47656,CatNose
47657,CatMouth
47658,CatEye
47659,CatEye
47660,DogNose
47661,DogNose
47662,DogEye
47663,DogEye
47664,DogEye
47665,CatNose
47666,CatEye
47667,DogEye
47668,DogFace
47669,CatFace
47670,CatMouth
47671,CatNose
47672,DogEye
47673,DogEye
47674,CatNose
47675,DogFace
47676,CatNose
47677,DogFace
47678,DogEye
47679,DogEye
47680,DogFace
47681,DogFace
47682,CatMouth
47683,CatEye
47684,DogFace
47685,CatEye
47686,CatNose
47687,CatEye
47688,DogFace
47689,DogMouth
47690,CatEye
47691,CatNose
47692,DogNose
47693,CatNose
47694,CatEye
47695,CatEye
47696,CatEye
47697,CatEye
47698,DogEye
47699,CatEye
47700,DogEye
47701,DogFace
47702,CatEye
47703,DogFace
47704,CatFace
47705,CatMouth
47706,CatEye
47707,DogNose
47708,CatEye
47709,CatEye
47710,DogMouth
47711,CatEye
47712,CatMouth
47713,DogEye
47714,DogMouth
47715,DogMouth
47716,DogMouth
47717,CatMouth
47718,DogEye
47719,CatFace
47720,CatFace
47721,CatEye
47722,CatMouth
47723,CatFace
47724,DogFace
47725,CatEye
47726,CatMouth
47727,CatFace
47728,CatEye
47729,CatEye
47730,CatFace
47731,DogEye
47732,CatFace
47733,CatEye
47734,CatMouth
47735,CatNose
47736,CatEye
47737,DogEye
47738,CatMouth
47739,DogEye
47740,DogEye
47741,CatNose
47742,CatNose
47743,DogEye
47744,DogEye
47745,DogEye
47746,DogEye
47747,CatMouth
47748,CatEye
47749,DogEye
47750,DogNose
47751,CatFace
47752,DogEye
47753,CatEye
47754,CatFace
47755,CatEye
47756,CatMouth
47757,CatEye
47758,DogFace
47759,CatEye
47760,CatFace
47761,CatNose
47762,DogEye
47763,DogMouth
47764,CatEye
47765,DogMouth
47766,CatEye
47767,DogMouth
47768,CatMouth
47769,CatFace
47770,CatFace
47771,DogEye
47772,DogEye
47773,CatEye
47774,DogFace
47775,DogMouth
47776,CatEye
47777,CatMouth
47778,CatFace
47779,DogEye
47780,CatEye
47781,CatEye
47782,CatFace
47783,DogFace
47784,CatNose
47785,CatEye
47786,CatEye
47787,CatMouth
47788,CatMouth
47789,DogEye
47790,CatEye
47791,CatEye
47792,DogFace
47793,CatEye
47794,DogEye
47795,DogEye
47796,DogEye
47797,DogEye
47798,DogEye
47799,CatEye
47800,CatNose
47801,CatEye
47802,CatNose
47803,DogMouth
47804,CatMouth
47805,CatFace
47806,DogFace
47807,CatFace
47808,DogEye
47809,DogMouth
47810,CatEye
47811,DogFace
47812,DogFace
47813,CatFace
47814,CatNose
47815,CatEye
47816,CatFace
47817,CatFace
47818,CatMouth
47819,DogEye
47820,CatNose
47821,DogEye
47822,DogFace
47823,CatNose
47824,CatEye
47825,CatEye
47826,CatEye
47827,CatEye
47828,DogFace
47829,DogEye
47830,CatMouth
47831,CatEye
47832,CatEye
47833,CatEye
47834,DogEye
47835,DogFace
47836,DogFace
47837,DogFace
47838,CatFace
47839,DogEye
47840,CatFace
47841,DogEye
47842,DogNose
47843,CatEye
47844,CatNose
47845,CatEye
47846,DogFace
47847,DogEye
47848,CatNose
47849,CatEye
47850,DogMouth
47851,CatEye
47852,CatNose
47853,DogFace
47854,DogNose
47855,CatEye
47856,CatEye
47857,CatEye
47858,DogEye
47859,CatEye
47860,DogFace
47861,CatEye
47862,CatNose
47863,CatEye
47864,CatMouth
47865,DogFace
47866,CatMouth
47867,CatEye
47868,DogMouth
47869,DogEye
47870,DogFace
47871,CatFace
47872,DogEye
47873,DogMouth
47874,DogEye
47875,CatMouth
47876,CatNose
47877,CatFace
47878,CatFace
47879,CatEye
47880,CatEye
47881,CatMouth
47882,DogFace
47883,DogMouth
47884,CatMouth
47885,DogFace
47886,DogMouth
47887,CatNose
47888,CatEye
47889,DogEye
47890,CatEye
47891,CatEye
47892,CatNose
47893,DogNose
47894,CatMouth
47895,CatEye
47896,DogNose
47897,CatEye
47898,DogMouth
47899,CatFace
47900,CatEye
47901,CatEye
47902,DogNose
47903,CatEye
47904,CatEye
47905,DogNose
47906,DogFace
47907,CatNose
47908,CatMouth
47909,CatFace
47910,DogEye
47911,DogNose
47912,CatFace
47913,CatMouth
47914,CatMouth
47915,DogNose
47916,DogMouth
47917,DogEye
47918,CatEye
47919,CatNose
47920,DogEye
47921,CatEye
47922,CatEye
47923,CatMouth
47924,DogEye
47925,DogNose
47926,DogEye
47927,DogEye
47928,DogEye
47929,DogMouth
47930,CatFace
47931,DogEye
47932,CatEye
47933,CatEye
47934,DogEye
47935,DogFace
47936,DogNose
47937,CatEye
47938,DogEye
47939,DogNose
47940,CatFace
47941,DogMouth
47942,CatEye
47943,CatFace
47944,DogNose
47945,CatFace
47946,DogFace
47947,CatMouth
47948,CatEye
47949,CatEye
47950,CatNose
47951,DogEye
47952,DogNose
47953,CatEye
47954,DogFace
47955,CatEye
47956,CatFace
47957,DogEye
47958,DogFace
47959,CatNose
47960,CatEye
47961,DogEye
47962,DogMouth
47963,DogFace
47964,DogMouth
47965,CatEye
47966,DogEye
47967,DogNose
47968,CatEye
47969,CatNose
47970,CatFace
47971,CatFace
47972,CatMouth
47973,DogEye
47974,DogNose
47975,DogMouth
47976,DogEye
47977,CatEye
47978,CatFace
47979,CatNose
47980,CatEye
47981,CatEye
47982,CatEye
47983,DogNose
47984,CatFace
47985,CatNose
47986,CatEye
47987,CatMouth
47988,DogEye
47989,CatMouth
47990,CatMouth
47991,DogMouth
47992,DogEye
47993,CatFace
47994,DogEye
47995,DogEye
47996,CatEye
47997,DogNose
47998,DogEye
47999,DogNose
48000,CatMouth
48001,CatNose
48002,DogMouth
48003,CatMouth
48004,CatEye
48005,CatNose
48006,CatEye
48007,DogNose
48008,DogFace
48009,CatMouth
48010,CatEye
48011,CatFace
48012,CatMouth
48013,DogMouth
48014,DogFace
48015,CatNose
48016,CatMouth
48017,DogEye
48018,DogEye
48019,CatEye
48020,CatMouth
48021,CatMouth
48022,DogFace
48023,CatMouth
48024,CatFace
48025,CatEye
48026,CatNose
48027,DogNose
48028,CatFace
48029,CatEye
48030,DogEye
48031,CatFace
48032,DogEye
48033,CatMouth
48034,CatFace
48035,CatFace
48036,DogMouth
48037,CatNose
48038,CatEye
48039,CatEye
48040,DogEye
48041,CatEye
48042,CatFace
48043,DogFace
48044,DogEye
48045,DogEye
48046,CatFace
48047,DogMouth
48048,DogEye
48049,CatEye
48050,CatNose
48051,DogMouth
48052,DogEye
48053,DogFace
48054,CatEye
48055,DogFace
48056,CatMouth
48057,CatEye
48058,CatFace
48059,DogNose
48060,CatMouth
48061,DogEye
48062,DogNose
48063,CatMouth
48064,CatMouth
48065,CatEye
48066,DogMouth
48067,CatEye
48068,CatEye
48069,CatNose
48070,CatEye
48071,DogEye
48072,DogNose
48073,CatMouth
48074,DogFace
48075,DogNose
48076,CatEye
48077,DogEye
48078,DogEye
48079,DogEye
48080,CatEye
48081,CatFace
48082,CatEye
48083,DogFace
48084,DogEye
48085,DogMouth
48086,CatEye
48087,DogEye
48088,CatMouth
48089,DogNose
48090,CatNose
48091,CatEye
48092,CatEye
48093,DogEye
48094,CatMouth
48095,CatEye
48096,CatEye
48097,DogNose
48098,DogEye
48099,DogMouth
48100,CatNose
48101,DogEye
48102,CatFace
48103,CatEye
48104,CatFace
48105,DogMouth
48106,CatFace
48107,CatMouth
48108,CatMouth
48109,DogNose
48110,CatEye
48111,DogNose
48112,DogEye
48113,DogEye
48114,DogMouth
48115,CatNose
48116,CatEye
48117,CatEye
48118,CatEye
48119,CatEye
48120,CatEye
48121,DogMouth
48122,CatNose
48123,DogEye
48124,DogEye
48125,CatNose
48126,DogFace
48127,CatEye
48128,DogFace
48129,CatEye
48130,DogEye
48131,CatEye
48132,DogEye
48133,CatEye
48134,DogEye
48135,DogMouth
48136,DogNose
48137,CatEye
48138,DogFace
48139,CatEye
48140,DogMouth
48141,CatEye
48142,DogEye
48143,DogMouth
48144,CatFace
48145,DogEye
48146,CatFace
48147,DogNose
48148,DogEye
48149,CatNose
48150,CatFace
48151,DogEye
48152,CatMouth
48153,CatEye
48154,DogFace
48155,DogEye
48156,DogFace
48157,CatMouth
48158,CatEye
48159,DogMouth
48160,DogEye
48161,DogEye
48162,CatEye
48163,CatEye
48164,DogEye
48165,CatEye
48166,DogEye
48167,CatFace
48168,DogEye
48169,DogNose
48170,CatFace
48171,DogMouth
48172,DogEye
48173,CatNose
48174,DogEye
48175,DogMouth
48176,DogNose
48177,DogEye
48178,DogFace
48179,DogMouth
48180,CatNose
48181,CatEye
48182,CatEye
48183,CatNose
48184,CatEye
48185,DogEye
48186,DogNose
48187,DogEye
48188,DogFace
48189,CatFace
48190,CatFace
48191,DogFace
48192,CatFace
48193,CatEye
48194,DogMouth
48195,DogMouth
48196,CatNose
48197,CatFace
48198,CatEye
48199,CatMouth
48200,CatEye
48201,CatFace
48202,DogNose
48203,CatNose
48204,CatEye
48205,DogEye
48206,DogNose
48207,CatEye
48208,CatNose
48209,CatEye
48210,DogNose
48211,DogMouth
48212,DogEye
48213,DogEye
48214,DogMouth
48215,CatFace
48216,CatEye
48217,CatMouth
48218,CatNose
48219,DogMouth
48220,CatEye
48221,DogEye
48222,DogMouth
48223,CatNose
48224,CatFace
48225,CatNose
48226,DogEye
48227,CatEye
48228,DogFace
48229,DogEye
48230,DogEye
48231,DogFace
48232,DogNose
48233,DogNose
48234,DogEye
48235,CatMouth
48236,CatMouth
48237,DogFace
48238,CatEye
48239,DogFace
48240,CatEye
48241,CatFace
48242,CatMouth
48243,DogMouth
48244,DogEye
48245,CatNose
48246,DogMouth
48247,CatEye
48248,DogMouth
48249,CatNose
48250,DogFace
48251,CatEye
48252,CatEye
48253,DogMouth
48254,DogEye
48255,CatFace
48256,CatEye
48257,DogMouth
48258,DogEye
48259,DogEye
48260,CatEye
48261,CatNose
48262,CatEye
48263,DogEye
48264,CatNose
48265,CatNose
48266,DogEye
48267,CatFace
48268,DogFace
48269,DogEye
48270,CatEye
48271,CatFace
48272,CatNose
48273,DogEye
48274,CatMouth
48275,CatNose
48276,DogEye
48277,CatMouth
48278,CatEye
48279,CatNose
48280,CatNose
48281,DogNose
48282,DogEye
48283,CatFace
48284,DogMouth
48285,DogEye
48286,CatFace
48287,CatEye
48288,DogMouth
48289,CatMouth
48290,CatEye
48291,CatEye
48292,DogMouth
48293,DogMouth
48294,CatNose
48295,DogFace
48296,CatMouth
48297,CatNose
48298,DogMouth
48299,CatEye
48300,DogFace
48301,DogFace
48302,DogFace
48303,CatFace
48304,CatFace
48305,DogEye
48306,CatEye
48307,DogNose
48308,CatFace
48309,CatEye
48310,DogEye
48311,CatEye
48312,DogFace
48313,DogEye
48314,DogFace
48315,CatFace
48316,DogMouth
48317,CatEye
48318,CatEye
48319,CatNose
48320,CatNose
48321,CatFace
48322,DogFace
48323,CatEye
48324,DogNose
48325,DogEye
48326,DogFace
48327,CatMouth
48328,CatMouth
48329,DogNose
48330,CatMouth
48331,CatNose
48332,CatMouth
48333,DogMouth
48334,DogEye
48335,DogNose
48336,DogFace
48337,CatMouth
48338,CatFace
48339,CatMouth
48340,DogNose
48341,CatNose
48342,DogEye
48343,CatEye
48344,DogNose
48345,CatEye
48346,DogNose
48347,CatMouth
48348,DogEye
48349,DogMouth
48350,CatEye
48351,CatEye
48352,DogNose
48353,DogFace
48354,DogEye
48355,DogFace
48356,DogEye
48357,CatEye
48358,DogNose
48359,DogEye
48360,DogNose
48361,DogEye
48362,DogMouth
48363,DogEye
48364,CatEye
48365,DogEye
48366,DogFace
48367,DogFace
48368,DogNose
48369,DogMouth
48370,CatFace
48371,DogMouth
48372,CatNose
48373,CatNose
48374,CatNose
48375,CatMouth
48376,CatNose
48377,CatNose
48378,CatEye
48379,CatEye
48380,CatMouth
48381,DogEye
48382,CatEye
48383,CatMouth
48384,DogFace
48385,CatEye
48386,CatEye
48387,CatEye
48388,DogNose
48389,DogFace
48390,DogEye
48391,CatNose
48392,DogEye
48393,CatFace
48394,CatFace
48395,CatMouth
48396,CatNose
48397,CatFace
48398,CatNose
48399,CatFace
48400,CatEye
48401,DogMouth
48402,DogMouth
48403,DogFace
48404,DogMouth
48405,CatNose
48406,CatEye
48407,DogMouth
48408,DogEye
48409,CatEye
48410,CatEye
48411,DogFace
48412,CatNose
48413,DogNose
48414,DogEye
48415,DogFace
48416,DogFace
48417,CatNose
48418,CatEye
48419,CatNose
48420,CatMouth
48421,DogNose
48422,CatFace
48423,CatNose
48424,CatEye
48425,DogFace
48426,DogEye
48427,CatEye
48428,DogNose
48429,CatFace
48430,CatNose
48431,DogEye
48432,CatFace
48433,DogMouth
48434,DogNose
48435,DogNose
48436,CatNose
48437,CatEye
48438,CatEye
48439,CatMouth
48440,CatNose
48441,CatNose
48442,DogEye
48443,CatMouth
48444,CatEye
48445,DogEye
48446,CatEye
48447,CatFace
48448,DogMouth
48449,CatEye
48450,CatEye
48451,DogEye
48452,DogEye
48453,DogEye
48454,CatMouth
48455,CatEye
48456,CatEye
48457,CatMouth
48458,DogFace
48459,CatMouth
48460,CatEye
48461,CatFace
48462,CatEye
48463,DogNose
48464,CatEye
48465,DogMouth
48466,CatEye
48467,CatMouth
48468,CatMouth
48469,CatEye
48470,CatMouth
48471,CatEye
48472,DogEye
48473,CatEye
48474,CatEye
48475,CatMouth
48476,DogEye
48477,CatEye
48478,DogFace
48479,DogMouth
48480,DogEye
48481,CatNose
48482,DogNose
48483,CatEye
48484,CatNose
48485,CatEye
48486,DogFace
48487,CatEye
48488,DogEye
48489,CatEye
48490,CatFace
48491,DogNose
48492,CatNose
48493,CatFace
48494,DogNose
48495,CatFace
48496,DogMouth
48497,CatFace
48498,CatEye
48499,DogNose
48500,CatFace
48501,CatMouth
48502,CatFace
48503,DogEye
48504,CatFace
48505,DogEye
48506,DogFace
48507,DogEye
48508,DogEye
48509,CatFace
48510,DogEye
48511,DogMouth
48512,DogEye
48513,CatNose
48514,CatEye
48515,DogFace
48516,DogFace
48517,CatFace
48518,CatEye
48519,DogNose
48520,DogFace
48521,CatEye
48522,CatEye
48523,CatFace
48524,CatFace
48525,CatMouth
48526,DogFace
48527,DogEye
48528,DogFace
48529,CatMouth
48530,CatEye
48531,CatFace
48532,DogFace
48533,DogEye
48534,CatMouth
48535,CatEye
48536,CatFace
48537,CatEye
48538,DogMouth
48539,DogFace
48540,DogMouth
48541,CatFace
48542,DogEye
48543,DogEye
48544,CatMouth
48545,CatEye
48546,DogNose
48547,DogEye
48548,DogEye
48549,CatEye
48550,DogNose
48551,CatEye
48552,DogNose
48553,DogFace
48554,CatFace
48555,DogEye
48556,CatEye
48557,DogEye
48558,CatMouth
48559,DogEye
48560,DogEye
48561,CatNose
48562,DogEye
48563,DogNose
48564,CatEye
48565,DogMouth
48566,CatMouth
48567,DogNose
48568,DogNose
48569,DogEye
48570,CatMouth
48571,DogEye
48572,DogNose
48573,DogEye
48574,DogMouth
48575,CatFace
48576,DogMouth
48577,DogNose
48578,DogFace
48579,CatFace
48580,CatEye
48581,CatMouth
48582,DogEye
48583,DogEye
48584,CatNose
48585,CatNose
48586,CatMouth
48587,CatNose
48588,DogEye
48589,CatFace
48590,CatFace
48591,DogFace
48592,CatFace
48593,CatEye
48594,CatMouth
48595,CatNose
48596,CatFace
48597,DogEye
48598,CatEye
48599,DogMouth
48600,DogFace
48601,CatNose
48602,CatMouth
48603,DogEye
48604,CatNose
48605,CatMouth
48606,DogNose
48607,CatNose
48608,CatEye
48609,CatEye
48610,CatEye
48611,DogFace
48612,DogNose
48613,DogEye
48614,CatFace
48615,CatEye
48616,DogEye
48617,CatEye
48618,CatEye
48619,CatEye
48620,CatEye
48621,DogNose
48622,CatEye
48623,DogEye
48624,DogMouth
48625,CatNose
48626,CatEye
48627,DogFace
48628,CatMouth
48629,DogNose
48630,CatFace
48631,CatFace
48632,DogNose
48633,DogEye
48634,CatEye
48635,DogEye
48636,CatNose
48637,DogNose
48638,DogEye
48639,CatNose
48640,DogNose
48641,DogFace
48642,DogMouth
48643,CatEye
48644,CatFace
48645,CatEye
48646,DogEye
48647,DogNose
48648,CatEye
48649,CatFace
48650,CatFace
48651,CatEye
48652,CatEye
48653,DogEye
48654,DogFace
48655,DogMouth
48656,CatNose
48657,CatEye
48658,CatMouth
48659,DogEye
48660,CatMouth
48661,DogFace
48662,DogMouth
48663,CatEye
48664,DogEye
48665,CatMouth
48666,CatNose
48667,CatMouth
48668,DogEye
48669,DogEye
48670,DogEye
48671,CatFace
48672,CatFace
48673,DogNose
48674,CatMouth
48675,CatFace
48676,CatMouth
48677,DogNose
48678,CatFace
48679,DogEye
48680,CatMouth
48681,CatFace
48682,CatFace
48683,CatFace
48684,DogNose
48685,CatFace
48686,DogEye
48687,CatNose
48688,CatEye
48689,CatMouth
48690,CatNose
48691,CatFace
48692,CatNose
48693,CatEye
48694,DogMouth
48695,CatMouth
48696,DogMouth
48697,DogMouth
48698,CatEye
48699,DogFace
48700,CatMouth
48701,DogEye
48702,DogEye
48703,CatEye
48704,CatMouth
48705,DogMouth
48706,CatMouth
48707,CatFace
48708,CatNose
48709,CatMouth
48710,CatEye
48711,DogFace
48712,CatEye
48713,CatMouth
48714,DogEye
48715,DogFace
48716,DogEye
48717,DogMouth
48718,DogMouth
48719,CatEye
48720,CatMouth
48721,CatMouth
48722,CatEye
48723,DogEye
48724,CatMouth
48725,CatEye
48726,CatNose
48727,CatEye
48728,DogMouth
48729,CatEye
48730,CatFace
48731,DogNose
48732,DogEye
48733,DogEye
48734,CatMouth
48735,CatEye
48736,DogMouth
48737,DogFace
48738,CatNose
48739,DogNose
48740,DogEye
48741,CatEye
48742,CatFace
48743,DogEye
48744,CatMouth
48745,CatEye
48746,CatEye
48747,DogNose
48748,DogEye
48749,CatMouth
48750,CatNose
48751,DogFace
48752,DogMouth
48753,CatFace
48754,CatFace
48755,CatNose
48756,CatFace
48757,CatEye
48758,CatFace
48759,CatFace
48760,DogNose
48761,DogNose
48762,CatEye
48763,CatNose
48764,DogEye
48765,DogFace
48766,DogEye
48767,DogEye
48768,DogEye
48769,DogEye
48770,DogNose
48771,DogEye
48772,CatMouth
48773,CatFace
48774,DogFace
48775,CatFace
48776,DogEye
48777,CatMouth
48778,CatEye
48779,CatEye
48780,CatMouth
48781,CatEye
48782,DogNose
48783,DogEye
48784,DogNose
48785,CatEye
48786,DogMouth
48787,DogFace
48788,CatFace
48789,CatEye
48790,DogFace
48791,CatEye
48792,DogMouth
48793,DogEye
48794,CatFace
48795,CatNose
48796,CatNose
48797,CatEye
48798,DogEye
48799,DogNose
48800,DogEye
48801,CatNose
48802,DogMouth
48803,DogFace
48804,CatMouth
48805,DogFace
48806,DogFace
48807,DogEye
48808,CatNose
48809,DogEye
48810,CatEye
48811,CatEye
48812,CatEye
48813,CatNose
48814,DogEye
48815,DogEye
48816,DogNose
48817,DogMouth
48818,DogEye
48819,DogEye
48820,DogEye
48821,CatEye
48822,DogMouth
48823,CatEye
48824,CatEye
48825,DogNose
48826,DogNose
48827,DogNose
48828,DogMouth
48829,CatEye
48830,CatFace
48831,DogNose
48832,CatEye
48833,DogEye
48834,CatEye
48835,CatFace
48836,DogFace
48837,CatEye
48838,DogNose
48839,DogEye
48840,DogMouth
48841,CatEye
48842,CatEye
48843,CatFace
48844,CatMouth
48845,DogNose
48846,DogEye
48847,DogNose
48848,CatMouth
48849,CatFace
48850,DogMouth
48851,DogFace
48852,CatNose
48853,DogMouth
48854,CatEye
48855,DogNose
48856,CatEye
48857,CatMouth
48858,CatEye
48859,DogEye
48860,DogEye
48861,CatEye
48862,CatNose
48863,DogFace
48864,DogMouth
48865,DogEye
48866,CatEye
48867,CatMouth
48868,CatMouth
48869,CatFace
48870,DogNose
48871,CatMouth
48872,DogNose
48873,DogEye
48874,DogNose
48875,CatMouth
48876,CatNose
48877,DogFace
48878,CatEye
48879,CatEye
48880,DogNose
48881,DogFace
48882,CatEye
48883,CatMouth
48884,DogEye
48885,CatEye
48886,DogMouth
48887,CatEye
48888,DogFace
48889,DogFace
48890,DogEye
48891,DogEye
48892,DogNose
48893,CatMouth
48894,CatEye
48895,CatEye
48896,CatFace
48897,CatEye
48898,DogEye
48899,CatFace
48900,DogMouth
48901,CatFace
48902,DogMouth
48903,DogFace
48904,DogEye
48905,CatEye
48906,CatMouth
48907,DogNose
48908,CatMouth
48909,CatMouth
48910,DogNose
48911,CatMouth
48912,DogEye
48913,DogEye
48914,DogNose
48915,CatNose
48916,CatNose
48917,CatEye
48918,DogFace
48919,DogEye
48920,CatNose
48921,DogEye
48922,CatEye
48923,DogFace
48924,DogEye
48925,CatEye
48926,DogEye
48927,DogEye
48928,CatNose
48929,DogEye
48930,CatMouth
48931,DogFace
48932,DogEye
48933,CatFace
48934,CatFace
48935,CatFace
48936,CatEye
48937,DogEye
48938,DogEye
48939,CatEye
48940,CatEye
48941,CatFace
48942,CatFace
48943,CatEye
48944,CatMouth
48945,CatFace
48946,CatFace
48947,CatEye
48948,DogEye
48949,CatNose
48950,CatEye
48951,CatFace
48952,CatNose
48953,CatEye
48954,DogFace
48955,CatNose
48956,DogEye
48957,DogEye
48958,CatMouth
48959,CatEye
48960,DogFace
48961,DogMouth
48962,DogFace
48963,CatNose
48964,DogMouth
48965,DogFace
48966,DogMouth
48967,DogMouth
48968,DogEye
48969,DogMouth
48970,DogMouth
48971,CatEye
48972,DogEye
48973,DogEye
48974,CatEye
48975,DogEye
48976,CatNose
48977,CatNose
48978,CatEye
48979,CatMouth
48980,CatNose
48981,DogNose
48982,DogMouth
48983,CatFace
48984,CatEye
48985,DogMouth
48986,CatMouth
48987,CatMouth
48988,CatMouth
48989,DogEye
48990,DogEye
48991,CatNose
48992,CatFace
48993,CatMouth
48994,DogEye
48995,CatMouth
48996,CatFace
48997,CatFace
48998,CatEye
48999,DogFace
49000,CatEye
49001,DogFace
49002,CatEye
49003,CatNose
49004,DogEye
49005,CatFace
49006,CatEye
49007,CatEye
49008,DogFace
49009,DogEye
49010,DogFace
49011,DogFace
49012,CatNose
49013,DogMouth
49014,DogFace
49015,DogMouth
49016,CatFace
49017,DogEye
49018,DogFace
49019,DogEye
49020,CatEye
49021,CatMouth
49022,CatFace
49023,DogMouth
49024,CatFace
49025,CatEye
49026,CatMouth
49027,CatEye
49028,CatNose
49029,CatEye
49030,DogEye
49031,DogEye
49032,DogMouth
49033,DogEye
49034,CatEye
49035,DogNose
49036,CatMouth
49037,DogEye
49038,DogNose
49039,CatEye
49040,CatNose
49041,CatEye
49042,DogNose
49043,CatMouth
49044,CatMouth
49045,CatNose
49046,DogEye
49047,CatFace
49048,CatNose
49049,DogEye
49050,CatFace
49051,CatFace
49052,DogFace
49053,CatMouth
49054,CatMouth
49055,CatEye
49056,DogFace
49057,CatMouth
49058,DogEye
49059,CatNose
49060,CatMouth
49061,DogMouth
49062,DogNose
49063,DogEye
49064,CatFace
49065,CatNose
49066,DogNose
49067,DogEye
49068,DogNose
49069,DogEye
49070,CatEye
49071,CatMouth
49072,DogMouth
49073,CatMouth
49074,DogFace
49075,CatFace
49076,CatFace
49077,CatNose
49078,CatFace
49079,CatEye
49080,DogEye
49081,CatMouth
49082,CatEye
49083,CatFace
49084,CatEye
49085,DogEye
49086,DogMouth
49087,CatFace
49088,DogFace
49089,CatEye
49090,CatNose
49091,CatEye
49092,CatMouth
49093,CatNose
49094,CatEye
49095,DogEye
49096,CatMouth
49097,CatFace
49098,DogMouth
49099,DogNose
49100,DogMouth
49101,DogEye
49102,DogNose
49103,DogFace
49104,DogEye
49105,DogNose
49106,CatFace
49107,CatEye
49108,DogFace
49109,DogFace
49110,CatMouth
49111,CatFace
49112,DogNose
49113,CatEye
49114,CatMouth
49115,CatMouth
49116,DogEye
49117,DogFace
49118,CatFace
49119,DogEye
49120,CatNose
49121,DogMouth
49122,CatNose
49123,DogFace
49124,CatEye
49125,DogMouth
49126,DogEye
49127,CatMouth
49128,CatNose
49129,CatEye
49130,CatEye
49131,CatFace
49132,DogEye
49133,DogNose
49134,DogMouth
49135,CatFace
49136,DogEye
49137,CatMouth
49138,CatMouth
49139,DogFace
49140,DogMouth
49141,CatEye
49142,DogMouth
49143,DogEye
49144,CatEye
49145,CatNose
49146,DogEye
49147,CatMouth
49148,DogEye
49149,DogNose
49150,DogEye
49151,CatEye
49152,DogFace
49153,DogMouth
49154,CatMouth
49155,CatNose
49156,CatEye
49157,CatNose
49158,CatNose
49159,DogEye
49160,DogEye
49161,CatNose
49162,DogFace
49163,DogFace
49164,DogNose
49165,DogMouth
49166,DogEye
49167,DogEye
49168,CatEye
49169,CatEye
49170,CatNose
49171,CatNose
49172,DogNose
49173,CatFace
49174,DogMouth
49175,CatEye
49176,CatNose
49177,CatMouth
49178,DogMouth
49179,DogMouth
49180,CatEye
49181,CatFace
49182,CatNose
49183,CatNose
49184,CatFace
49185,CatNose
49186,DogFace
49187,CatNose
49188,CatFace
49189,CatNose
49190,CatNose
49191,CatNose
49192,DogEye
49193,CatMouth
49194,CatFace
49195,DogFace
49196,CatMouth
49197,DogMouth
49198,CatMouth
49199,DogFace
49200,DogFace
49201,CatFace
49202,CatNose
49203,DogEye
49204,DogEye
49205,DogEye
49206,CatMouth
49207,DogNose
49208,CatEye
49209,CatEye
49210,CatFace
49211,DogNose
49212,DogFace
49213,DogEye
49214,CatFace
49215,CatNose
49216,CatEye
49217,DogFace
49218,CatEye
49219,CatEye
49220,CatMouth
49221,CatFace
49222,DogFace
49223,CatEye
49224,CatFace
49225,DogMouth
49226,DogFace
49227,CatMouth
49228,DogNose
49229,DogFace
49230,CatFace
49231,DogMouth
49232,DogNose
49233,DogEye
49234,CatMouth
49235,CatEye
49236,DogNose
49237,CatMouth
49238,CatEye
49239,CatEye
49240,CatMouth
49241,DogMouth
49242,DogFace
49243,CatNose
49244,CatNose
49245,CatFace
49246,CatEye
49247,CatEye
49248,DogNose
49249,DogNose
49250,DogMouth
49251,DogEye
49252,CatEye
49253,DogFace
49254,CatMouth
49255,DogEye
49256,CatMouth
49257,CatEye
49258,CatEye
49259,CatMouth
49260,CatFace
49261,CatEye
49262,CatMouth
49263,CatFace
49264,CatMouth
49265,CatEye
49266,DogEye
49267,DogNose
49268,CatFace
49269,CatNose
49270,CatFace
49271,CatNose
49272,DogMouth
49273,DogEye
49274,CatEye
49275,DogFace
49276,CatNose
49277,DogFace
49278,CatFace
49279,DogEye
49280,DogMouth
49281,CatMouth
49282,CatNose
49283,CatNose
49284,CatFace
49285,CatFace
49286,CatMouth
49287,DogFace
49288,DogNose
49289,CatNose
49290,CatEye
49291,CatEye
49292,CatEye
49293,CatFace
49294,DogNose
49295,CatEye
49296,DogMouth
49297,DogEye
49298,DogEye
49299,DogEye
49300,DogEye
49301,DogMouth
49302,DogFace
49303,DogEye
49304,DogEye
49305,CatNose
49306,CatFace
49307,CatFace
49308,CatNose
49309,DogFace
49310,CatFace
49311,DogMouth
49312,CatFace
49313,CatEye
49314,CatMouth
49315,CatFace
49316,CatFace
49317,DogMouth
49318,DogEye
49319,CatEye
49320,CatFace
49321,CatNose
49322,CatMouth
49323,DogFace
49324,CatEye
49325,DogEye
49326,CatEye
49327,DogMouth
49328,CatMouth
49329,DogEye
49330,DogNose
49331,CatEye
49332,CatNose
49333,CatEye
49334,DogMouth
49335,CatEye
49336,DogMouth
49337,CatMouth
49338,DogEye
49339,DogEye
49340,CatFace
49341,CatEye
49342,CatMouth
49343,DogEye
49344,CatMouth
49345,DogEye
49346,CatFace
49347,CatEye
49348,DogEye
49349,CatMouth
49350,DogNose
49351,CatMouth
49352,CatNose
49353,CatEye
49354,CatMouth
49355,CatEye
49356,CatNose
49357,DogFace
49358,DogEye
49359,DogNose
49360,DogEye
49361,CatEye
49362,DogEye
49363,CatMouth
49364,DogNose
49365,CatNose
49366,CatEye
49367,DogFace
49368,DogEye
49369,DogNose
49370,CatNose
49371,CatFace
49372,DogEye
49373,CatNose
49374,CatEye
49375,CatMouth
49376,CatEye
49377,CatMouth
49378,CatMouth
49379,CatFace
49380,CatEye
49381,CatMouth
49382,CatNose
49383,CatFace
49384,CatEye
49385,CatNose
49386,CatNose
49387,DogMouth
49388,DogMouth
49389,CatMouth
49390,DogMouth
49391,DogNose
49392,DogEye
49393,CatEye
49394,CatFace
49395,DogNose
49396,DogMouth
49397,CatEye
49398,DogFace
49399,DogEye
49400,CatFace
49401,DogNose
49402,CatNose
49403,DogMouth
49404,DogMouth
49405,DogFace
49406,CatEye
49407,CatFace
49408,DogMouth
49409,DogNose
49410,CatNose
49411,CatMouth
49412,DogMouth
49413,CatFace
49414,CatFace
49415,CatFace
49416,CatEye
49417,DogEye
49418,CatEye
49419,CatEye
49420,DogFace
49421,CatFace
49422,DogEye
49423,DogEye
49424,DogMouth
49425,DogFace
49426,CatMouth
49427,CatEye
49428,DogEye
49429,CatNose
49430,CatNose
49431,DogEye
49432,DogEye
49433,CatFace
49434,CatMouth
49435,DogMouth
49436,DogFace
49437,DogEye
49438,CatFace
49439,DogEye
49440,CatEye
49441,DogMouth
49442,CatEye
49443,CatFace
49444,CatEye
49445,CatFace
49446,DogEye
49447,CatEye
49448,DogNose
49449,CatFace
49450,CatMouth
49451,DogMouth
49452,DogEye
49453,CatMouth
49454,CatFace
49455,CatFace
49456,CatMouth
49457,CatMouth
49458,CatEye
49459,DogFace
49460,CatFace
49461,CatEye
49462,CatNose
49463,CatMouth
49464,DogEye
49465,CatEye
49466,CatFace
49467,DogNose
49468,DogMouth
49469,DogEye
49470,CatNose
49471,DogNose
49472,CatEye
49473,DogFace
49474,DogEye
49475,DogNose
49476,CatEye
49477,CatMouth
49478,CatEye
49479,CatNose
49480,CatNose
49481,CatMouth
49482,DogFace
49483,CatFace
49484,CatEye
49485,CatMouth
49486,DogFace
49487,DogEye
49488,CatMouth
49489,CatMouth
49490,CatNose
49491,CatEye
49492,DogMouth
49493,CatFace
49494,DogNose
49495,CatEye
49496,DogEye
49497,CatEye
49498,CatFace
49499,CatEye
49500,CatEye
49501,CatEye
49502,CatEye
49503,DogMouth
49504,CatMouth
49505,DogNose
49506,DogNose
49507,DogFace
49508,DogEye
49509,DogFace
49510,DogEye
49511,DogFace
49512,DogEye
49513,CatNose
49514,CatEye
49515,CatMouth
49516,CatEye
49517,CatEye
49518,CatFace
49519,CatEye
49520,DogFace
49521,CatFace
49522,DogEye
49523,DogEye
49524,CatEye
49525,DogNose
49526,DogNose
49527,DogEye
49528,DogMouth
49529,CatNose
49530,CatNose
49531,DogMouth
49532,DogFace
49533,CatEye
49534,DogEye
49535,DogNose
49536,CatFace
49537,CatFace
49538,CatEye
49539,CatFace
49540,CatNose
49541,CatFace
49542,CatFace
49543,CatFace
49544,DogEye
49545,CatEye
49546,DogNose
49547,DogFace
49548,DogEye
49549,CatFace
49550,CatNose
49551,DogFace
49552,CatMouth
49553,DogFace
49554,CatEye
49555,DogFace
49556,CatEye
49557,CatEye
49558,DogFace
49559,CatNose
49560,DogMouth
49561,CatNose
49562,DogFace
49563,CatFace
49564,DogEye
49565,CatEye
49566,DogEye
49567,DogMouth
49568,DogEye
49569,CatMouth
49570,DogEye
49571,CatEye
49572,DogEye
49573,CatEye
49574,DogEye
49575,DogNose
49576,CatMouth
49577,CatNose
49578,CatFace
49579,CatEye
49580,DogNose
49581,DogEye
49582,CatFace
49583,CatEye
49584,CatNose
49585,DogFace
49586,CatMouth
49587,DogEye
49588,CatMouth
49589,CatEye
49590,CatNose
49591,DogFace
49592,DogNose
49593,DogFace
49594,DogFace
49595,CatEye
49596,CatFace
49597,CatNose
49598,CatEye
49599,CatMouth
49600,DogEye
49601,DogMouth
49602,DogFace
49603,DogEye
49604,CatEye
49605,DogMouth
49606,DogEye
49607,CatFace
49608,DogEye
49609,DogFace
49610,CatEye
49611,CatNose
49612,DogEye
49613,DogFace
49614,CatMouth
49615,DogEye
49616,CatMouth
49617,DogEye
49618,CatNose
49619,CatFace
49620,CatFace
49621,DogEye
49622,DogNose
49623,CatNose
49624,CatFace
49625,CatEye
49626,CatNose
49627,DogFace
49628,CatNose
49629,CatEye
49630,DogMouth
49631,CatEye
49632,DogMouth
49633,DogFace
49634,DogEye
49635,DogMouth
49636,DogMouth
49637,DogNose
49638,CatFace
49639,CatFace
49640,DogNose
49641,CatMouth
49642,DogEye
49643,CatMouth
49644,DogEye
49645,DogEye
49646,DogMouth
49647,DogEye
49648,CatNose
49649,CatEye
49650,DogMouth
49651,CatNose
49652,CatFace
49653,CatNose
49654,CatNose
49655,DogMouth
49656,CatFace
49657,DogEye
49658,CatMouth
49659,DogEye
49660,DogMouth
49661,DogEye
49662,CatEye
49663,DogNose
49664,DogMouth
49665,DogFace
49666,DogMouth
49667,CatMouth
49668,CatMouth
49669,DogEye
49670,DogNose
49671,DogEye
49672,DogMouth
49673,CatFace
49674,DogNose
49675,DogNose
49676,CatMouth
49677,DogEye
49678,CatEye
49679,DogEye
49680,DogMouth
49681,CatMouth
49682,DogEye
49683,CatEye
49684,CatEye
49685,CatMouth
49686,CatNose
49687,DogFace
49688,CatMouth
49689,CatNose
49690,CatNose
49691,CatFace
49692,DogEye
49693,CatEye
49694,CatMouth
49695,DogNose
49696,CatFace
49697,DogFace
49698,CatMouth
49699,DogEye
49700,CatMouth
49701,CatNose
49702,DogMouth
49703,CatEye
49704,CatEye
49705,CatEye
49706,CatEye
49707,CatNose
49708,DogNose
49709,DogMouth
49710,CatNose
49711,CatFace
49712,CatMouth
49713,DogFace
49714,DogFace
49715,DogEye
49716,DogEye
49717,CatNose
49718,DogMouth
49719,DogMouth
49720,CatMouth
49721,CatEye
49722,CatFace
49723,CatEye
49724,DogFace
49725,DogEye
49726,CatNose
49727,CatFace
49728,CatNose
49729,CatFace
49730,CatMouth
49731,DogEye
49732,DogNose
49733,CatEye
49734,DogNose
49735,CatMouth
49736,DogEye
49737,DogFace
49738,CatEye
49739,DogFace
49740,CatMouth
49741,DogEye
49742,DogEye
49743,CatFace
49744,DogFace
49745,DogFace
49746,DogNose
49747,CatEye
49748,CatMouth
49749,CatFace
49750,CatMouth
49751,CatEye
49752,CatEye
49753,CatEye
49754,CatEye
49755,DogFace
49756,DogMouth
49757,CatNose
49758,CatFace
49759,DogNose
49760,DogEye
49761,DogNose
49762,CatFace
49763,DogMouth
49764,CatEye
49765,CatEye
49766,DogNose
49767,CatEye
49768,DogEye
49769,CatMouth
49770,CatNose
49771,DogFace
49772,DogMouth
49773,DogMouth
49774,DogFace
49775,CatNose
49776,CatEye
49777,DogNose
49778,CatFace
49779,CatFace
49780,CatEye
49781,CatFace
49782,DogMouth
49783,DogNose
49784,CatNose
49785,DogNose
49786,CatEye
49787,DogEye
49788,CatMouth
49789,DogMouth
49790,DogFace
49791,DogEye
49792,DogMouth
49793,CatMouth
49794,DogMouth
49795,CatEye
49796,DogMouth
49797,CatEye
49798,CatNose
49799,CatMouth
49800,DogNose
49801,DogMouth
49802,DogMouth
49803,CatEye
49804,DogMouth
49805,CatEye
49806,DogFace
49807,DogFace
49808,DogNose
49809,DogNose
49810,CatMouth
49811,CatEye
49812,CatEye
49813,CatMouth
49814,DogEye
49815,CatNose
49816,CatEye
49817,DogEye
49818,DogEye
49819,CatEye
49820,DogEye
49821,CatEye
49822,DogEye
49823,CatFace
49824,CatNose
49825,DogEye
49826,DogNose
49827,DogEye
49828,CatFace
49829,DogNose
49830,DogEye
49831,CatEye
49832,CatNose
49833,CatFace
49834,DogEye
49835,CatMouth
49836,CatMouth
49837,DogFace
49838,CatNose
49839,DogFace
49840,DogNose
49841,CatNose
49842,CatEye
49843,CatEye
49844,DogFace
49845,CatMouth
49846,DogEye
49847,CatEye
49848,CatFace
49849,DogFace
49850,DogEye
49851,DogFace
49852,CatNose
49853,DogEye
49854,CatMouth
49855,CatNose
49856,CatEye
49857,CatNose
49858,CatEye
49859,DogFace
49860,CatEye
49861,DogEye
49862,CatEye
49863,CatFace
49864,CatEye
49865,CatMouth
49866,DogEye
49867,DogMouth
49868,DogFace
49869,DogNose
49870,DogFace
49871,CatEye
49872,CatEye
49873,DogEye
49874,DogEye
49875,DogFace
49876,DogEye
49877,CatMouth
49878,CatEye
49879,CatMouth
49880,CatNose
49881,CatNose
49882,DogFace
49883,CatEye
49884,DogFace
49885,CatFace
49886,DogMouth
49887,CatMouth
49888,DogMouth
49889,CatEye
49890,CatNose
49891,CatMouth
49892,DogFace
49893,CatFace
49894,CatFace
49895,CatMouth
49896,CatEye
49897,CatEye
49898,CatFace
49899,DogFace
49900,CatEye
49901,CatEye
49902,DogEye
49903,CatMouth
49904,CatEye
49905,DogFace
49906,CatNose
49907,CatNose
49908,CatNose
49909,CatMouth
49910,DogEye
49911,DogFace
49912,DogMouth
49913,CatEye
49914,DogMouth
49915,DogNose
49916,DogEye
49917,DogFace
49918,DogNose
49919,CatMouth
49920,CatEye
49921,CatEye
49922,CatMouth
49923,CatEye
49924,DogMouth
49925,CatEye
49926,DogFace
49927,DogEye
49928,CatMouth
49929,CatNose
49930,CatEye
49931,CatFace
49932,DogNose
49933,CatEye
49934,CatMouth
49935,DogEye
49936,DogEye
49937,DogFace
49938,CatMouth
49939,CatEye
49940,CatEye
49941,CatEye
49942,DogFace
49943,CatNose
49944,CatEye
49945,DogMouth
49946,CatMouth
49947,DogEye
49948,CatMouth
49949,DogEye
49950,DogEye
49951,CatNose
49952,CatEye
49953,DogFace
49954,DogMouth
49955,DogMouth
49956,DogMouth
49957,CatMouth
49958,DogEye
49959,DogEye
49960,DogEye
49961,CatFace
49962,DogNose
49963,DogEye
49964,CatMouth
49965,CatEye
49966,CatEye
49967,DogFace
49968,DogMouth
49969,DogNose
49970,DogEye
49971,CatEye
49972,CatMouth
49973,CatFace
49974,DogEye
49975,CatMouth
49976,CatNose
49977,CatEye
49978,CatMouth
49979,DogFace
49980,CatFace
49981,CatNose
49982,CatFace
49983,DogNose
49984,CatEye
49985,CatFace
49986,DogMouth
49987,CatEye
49988,CatNose
49989,DogNose
49990,CatEye
49991,DogMouth
49992,CatEye
49993,DogFace
49994,CatFace
49995,CatEye
49996,DogEye
49997,DogEye
49998,DogNose
49999,DogMouth
50000,CatNose
50001,DogMouth
50002,DogFace
50003,DogEye
50004,DogMouth
50005,DogEye
50006,CatFace
50007,CatEye
50008,CatEye
50009,DogEye
50010,DogMouth
50011,CatNose
50012,DogEye
50013,CatEye
50014,DogFace
50015,DogFace
50016,CatEye
50017,CatEye
50018,CatMouth
50019,CatFace
50020,DogEye
50021,CatEye
50022,CatEye
50023,CatEye
50024,CatNose
50025,CatNose
50026,CatEye
50027,DogFace
50028,DogNose
50029,DogEye
50030,CatEye
50031,DogFace
50032,DogFace
50033,CatFace
50034,CatEye
50035,CatFace
50036,DogNose
50037,CatMouth
50038,DogEye
50039,DogMouth
50040,DogEye
50041,CatEye
50042,CatEye
50043,DogMouth
50044,CatEye
50045,CatMouth
50046,DogMouth
50047,CatNose
50048,CatNose
50049,DogEye
50050,CatEye
50051,CatMouth
50052,DogMouth
50053,CatFace
50054,DogEye
50055,CatMouth
50056,DogFace
50057,CatEye
50058,CatMouth
50059,DogEye
50060,CatNose
50061,DogEye
50062,CatEye
50063,DogEye
50064,DogEye
50065,DogEye
50066,DogMouth
50067,CatEye
50068,DogNose
50069,CatMouth
50070,DogEye
50071,CatEye
50072,DogEye
50073,CatMouth
50074,CatFace
50075,CatEye
50076,CatNose
50077,CatMouth
50078,CatNose
50079,DogNose
50080,CatFace
50081,CatEye
50082,CatEye
50083,CatEye
50084,CatNose
50085,DogEye
50086,DogEye
50087,DogEye
50088,CatFace
50089,DogEye
50090,DogMouth
50091,DogFace
50092,DogFace
50093,CatEye
50094,DogMouth
50095,DogFace
50096,CatNose
50097,CatFace
50098,CatMouth
50099,CatEye
50100,DogEye
50101,DogMouth
50102,CatNose
50103,DogFace
50104,CatFace
50105,CatEye
50106,CatMouth
50107,CatMouth
50108,DogFace
50109,CatMouth
50110,CatEye
50111,DogNose
50112,DogEye
50113,DogNose
50114,CatEye
50115,DogNose
50116,DogFace
50117,CatEye
50118,CatFace
50119,CatEye
50120,DogMouth
50121,DogEye
50122,DogMouth
50123,CatEye
50124,CatMouth
50125,CatNose
50126,CatMouth
50127,CatEye
50128,DogFace
50129,CatMouth
50130,CatNose
50131,DogMouth
50132,CatNose
50133,CatMouth
50134,CatMouth
50135,DogEye
50136,CatEye
50137,CatMouth
50138,CatMouth
50139,CatEye
50140,CatMouth
50141,CatNose
50142,DogEye
50143,CatMouth
50144,DogEye
50145,DogFace
50146,DogEye
50147,CatFace
50148,DogMouth
50149,CatMouth
50150,CatNose
50151,DogNose
50152,CatMouth
50153,CatMouth
50154,DogNose
50155,CatEye
50156,DogFace
50157,CatEye
50158,DogMouth
50159,DogEye
50160,DogFace
50161,CatEye
50162,DogEye
50163,DogFace
50164,CatMouth
50165,DogFace
50166,DogNose
50167,CatMouth
50168,DogEye
50169,CatNose
50170,CatMouth
50171,CatFace
50172,CatFace
50173,CatEye
50174,CatFace
50175,DogMouth
50176,CatEye
50177,CatMouth
50178,CatEye
50179,DogEye
50180,DogFace
50181,CatMouth
50182,DogFace
50183,CatEye
50184,DogEye
50185,CatFace
50186,DogEye
50187,CatEye
50188,DogNose
50189,CatNose
50190,CatEye
50191,DogNose
50192,DogNose
50193,DogEye
50194,DogNose
50195,CatMouth
50196,DogEye
50197,CatNose
50198,CatEye
50199,DogEye
50200,CatFace
50201,CatNose
50202,CatEye
50203,DogNose
50204,DogEye
50205,CatFace
50206,DogFace
50207,CatFace
50208,CatMouth
50209,DogEye
50210,DogEye
50211,CatFace
50212,DogEye
50213,DogFace
50214,CatFace
50215,DogMouth
50216,DogEye
50217,CatNose
50218,CatEye
50219,CatEye
50220,DogNose
50221,DogEye
50222,DogFace
50223,DogEye
50224,DogFace
50225,CatFace
50226,DogEye
50227,DogEye
50228,DogNose
50229,CatEye
50230,CatFace
50231,DogMouth
50232,CatMouth
50233,CatEye
50234,CatNose
50235,CatEye
50236,DogEye
50237,CatEye
50238,CatFace
50239,CatMouth
50240,CatFace
50241,CatEye
50242,CatFace
50243,CatMouth
50244,DogEye
50245,CatEye
50246,DogEye
50247,CatEye
50248,DogEye
50249,DogEye
50250,DogEye
50251,DogEye
50252,CatMouth
50253,CatEye
50254,CatNose
50255,CatEye
50256,DogEye
50257,CatFace
50258,DogEye
50259,DogFace
50260,CatMouth
50261,CatEye
50262,DogEye
50263,DogMouth
50264,DogFace
50265,CatEye
50266,CatFace
50267,CatMouth
50268,DogMouth
50269,DogFace
50270,CatMouth
50271,CatFace
50272,DogMouth
50273,CatMouth
50274,CatFace
50275,CatMouth
50276,CatEye
50277,DogEye
50278,CatNose
50279,CatNose
50280,DogNose
50281,DogMouth
50282,DogMouth
50283,CatFace
50284,CatEye
50285,CatEye
50286,CatNose
50287,DogFace
50288,CatFace
50289,CatMouth
50290,CatMouth
50291,DogFace
50292,CatMouth
50293,CatNose
50294,DogEye
50295,CatFace
50296,CatEye
50297,CatMouth
50298,DogEye
50299,CatNose
50300,CatFace
50301,CatEye
50302,CatEye
50303,DogFace
50304,CatEye
50305,CatEye
50306,CatMouth
50307,DogNose
50308,DogFace
50309,CatFace
50310,CatEye
50311,CatFace
50312,DogMouth
50313,CatEye
50314,CatNose
50315,DogEye
50316,DogEye
50317,CatMouth
50318,CatMouth
50319,DogNose
50320,CatEye
50321,CatEye
50322,CatEye
50323,CatNose
50324,DogNose
50325,DogFace
50326,CatNose
50327,DogFace
50328,CatEye
50329,CatEye
50330,DogFace
50331,CatNose
50332,DogEye
50333,CatEye
50334,DogNose
50335,DogFace
50336,CatMouth
50337,DogNose
50338,CatEye
50339,DogFace
50340,CatEye
50341,CatEye
50342,CatFace
50343,CatFace
50344,DogMouth
50345,DogNose
50346,DogEye
50347,CatEye
50348,DogMouth
50349,CatMouth
50350,DogMouth
50351,DogFace
50352,DogFace
50353,CatMouth
50354,DogEye
50355,CatEye
50356,DogNose
50357,CatEye
50358,DogNose
50359,CatNose
50360,DogEye
50361,DogMouth
50362,CatEye
50363,DogEye
50364,CatMouth
50365,CatFace
50366,CatNose
50367,DogMouth
50368,CatEye
50369,CatEye
50370,DogFace
50371,DogEye
50372,DogMouth
50373,CatEye
50374,CatEye
50375,CatFace
50376,CatMouth
50377,CatEye
50378,CatMouth
50379,DogNose
50380,CatMouth
50381,CatEye
50382,CatFace
50383,CatFace
50384,DogFace
50385,CatFace
50386,CatEye
50387,DogEye
50388,DogNose
50389,CatFace
50390,CatEye
50391,CatNose
50392,DogEye
50393,CatEye
50394,CatNose
50395,CatNose
50396,CatNose
50397,CatFace
50398,DogFace
50399,DogEye
50400,CatNose
50401,DogMouth
50402,DogEye
50403,CatFace
50404,DogMouth
50405,CatMouth
50406,DogNose
50407,CatFace
50408,CatFace
50409,CatNose
50410,CatFace
50411,DogFace
50412,CatEye
50413,DogNose
50414,DogMouth
50415,DogEye
50416,DogEye
50417,CatFace
50418,DogMouth
50419,CatEye
50420,DogNose
50421,CatNose
50422,DogFace
50423,CatNose
50424,DogEye
50425,DogMouth
50426,DogEye
50427,CatEye
50428,DogEye
50429,CatEye
50430,CatFace
50431,CatMouth
50432,DogFace
50433,DogMouth
50434,DogFace
50435,CatMouth
50436,DogFace
50437,CatNose
50438,CatMouth
50439,DogEye
50440,CatEye
50441,CatNose
50442,DogFace
50443,DogEye
50444,DogFace
50445,DogEye
50446,CatMouth
50447,CatEye
50448,CatMouth
50449,DogNose
50450,DogEye
50451,DogFace
50452,DogMouth
50453,DogEye
50454,CatFace
50455,DogFace
50456,CatNose
50457,CatEye
50458,CatNose
50459,CatEye
50460,CatMouth
50461,DogMouth
50462,DogNose
50463,CatFace
50464,CatMouth
50465,DogEye
50466,DogMouth
50467,CatEye
50468,DogMouth
50469,DogEye
50470,DogFace
50471,DogEye
50472,CatEye
50473,CatEye
50474,CatMouth
50475,DogEye
50476,DogNose
50477,DogNose
50478,DogEye
50479,CatFace
50480,CatNose
50481,DogMouth
50482,CatFace
50483,CatFace
50484,DogNose
50485,DogFace
50486,DogEye
50487,DogEye
50488,CatFace
50489,DogMouth
50490,DogFace
50491,CatFace
50492,DogEye
50493,CatEye
50494,DogNose
50495,CatNose
50496,CatNose
50497,CatFace
50498,CatFace
50499,DogEye
50500,CatFace
50501,CatFace
50502,DogEye
50503,CatEye
50504,DogMouth
50505,CatEye
50506,CatFace
50507,CatMouth
50508,DogMouth
50509,DogNose
50510,DogMouth
50511,CatEye
50512,DogFace
50513,CatMouth
50514,CatMouth
50515,DogEye
50516,CatEye
50517,CatMouth
50518,DogMouth
50519,DogEye
50520,CatEye
50521,CatNose
50522,DogEye
50523,DogFace
50524,CatNose
50525,CatNose
50526,CatFace
50527,DogEye
50528,DogEye
50529,CatFace
50530,DogMouth
50531,CatEye
50532,DogEye
50533,DogFace
50534,DogMouth
50535,CatMouth
50536,DogEye
50537,CatNose
50538,CatEye
50539,CatFace
50540,DogMouth
50541,CatNose
50542,CatMouth
50543,CatEye
50544,CatMouth
50545,CatEye
50546,CatNose
50547,CatFace
50548,CatEye
50549,DogMouth
50550,CatFace
50551,DogEye
50552,DogFace
50553,CatFace
50554,CatEye
50555,DogNose
50556,DogNose
50557,DogMouth
50558,DogNose
50559,CatEye
50560,CatNose
50561,DogEye
50562,DogEye
50563,CatEye
50564,DogFace
50565,DogEye
50566,CatFace
50567,CatEye
50568,DogFace
50569,CatNose
50570,DogEye
50571,CatMouth
50572,DogFace
50573,CatNose
50574,DogEye
50575,DogMouth
50576,CatFace
50577,CatMouth
50578,DogMouth
50579,DogEye
50580,DogNose
50581,CatEye
50582,DogNose
50583,CatEye
50584,DogEye
50585,DogMouth
50586,DogNose
50587,CatFace
50588,DogEye
50589,DogEye
50590,CatEye
50591,CatEye
50592,CatEye
50593,CatEye
50594,CatFace
50595,DogFace
50596,DogFace
50597,DogEye
50598,CatMouth
50599,DogMouth
50600,CatNose
50601,CatFace
50602,DogNose
50603,CatMouth
50604,DogMouth
50605,CatMouth
50606,DogNose
50607,DogMouth
50608,DogNose
50609,DogEye
50610,DogFace
50611,DogNose
50612,CatMouth
50613,CatFace
50614,CatNose
50615,DogMouth
50616,CatEye
50617,CatMouth
50618,DogEye
50619,DogEye
50620,DogMouth
50621,DogMouth
50622,CatMouth
50623,CatMouth
50624,CatFace
50625,CatNose
50626,DogEye
50627,DogFace
50628,CatMouth
50629,CatEye
50630,DogFace
50631,DogEye
50632,CatNose
50633,CatFace
50634,CatFace
50635,DogEye
50636,DogEye
50637,CatFace
50638,CatMouth
50639,DogNose
50640,DogNose
50641,CatNose
50642,DogFace
50643,DogMouth
50644,CatEye
50645,DogEye
50646,CatMouth
50647,DogFace
50648,DogEye
50649,CatNose
50650,CatEye
50651,CatNose
50652,DogEye
50653,CatEye
50654,CatEye
50655,CatFace
50656,CatNose
50657,DogMouth
50658,DogFace
50659,DogFace
50660,DogEye
50661,CatEye
50662,CatMouth
50663,DogMouth
50664,DogMouth
50665,DogEye
50666,DogMouth
50667,CatMouth
50668,CatEye
50669,DogFace
50670,CatMouth
50671,DogFace
50672,CatMouth
50673,CatEye
50674,CatMouth
50675,CatEye
50676,DogFace
50677,DogMouth
50678,DogMouth
50679,DogNose
50680,CatMouth
50681,DogMouth
50682,CatFace
50683,DogFace
50684,DogFace
50685,CatEye
50686,CatNose
50687,CatFace
50688,CatEye
50689,DogEye
50690,DogEye
50691,CatFace
50692,DogMouth
50693,DogMouth
50694,CatFace
50695,DogFace
50696,DogFace
50697,DogNose
50698,CatEye
50699,CatEye
50700,CatNose
50701,CatEye
50702,CatEye
50703,CatEye
50704,CatMouth
50705,DogEye
50706,DogNose
50707,DogMouth
50708,CatMouth
50709,CatFace
50710,DogMouth
50711,DogNose
50712,CatFace
50713,CatEye
50714,CatMouth
50715,DogMouth
50716,DogEye
50717,CatFace
50718,DogEye
50719,CatFace
50720,CatFace
50721,CatEye
50722,CatNose
50723,CatMouth
50724,DogFace
50725,CatEye
50726,DogMouth
50727,CatEye
50728,CatMouth
50729,DogEye
50730,CatMouth
50731,CatFace
50732,CatEye
50733,DogNose
50734,CatFace
50735,CatEye
50736,DogFace
50737,DogEye
50738,CatFace
50739,CatNose
50740,CatEye
50741,DogNose
50742,DogMouth
50743,CatEye
50744,DogEye
50745,CatEye
50746,CatFace
50747,DogFace
50748,CatFace
50749,DogEye
50750,DogEye
50751,CatFace
50752,DogEye
50753,CatNose
50754,CatEye
50755,DogEye
50756,DogEye
50757,DogEye
50758,DogFace
50759,CatEye
50760,CatEye
50761,DogMouth
50762,DogMouth
50763,DogMouth
50764,DogEye
50765,CatEye
50766,CatEye
50767,DogEye
50768,CatMouth
50769,CatEye
50770,CatMouth
50771,DogFace
50772,DogEye
50773,CatEye
50774,CatNose
50775,CatFace
50776,DogFace
50777,DogNose
50778,CatMouth
50779,CatEye
50780,CatNose
50781,CatNose
50782,DogNose
50783,DogEye
50784,DogMouth
50785,DogEye
50786,DogEye
50787,DogMouth
50788,CatEye
50789,CatEye
50790,CatEye
50791,CatEye
50792,CatEye
50793,CatEye
50794,CatNose
50795,DogMouth
50796,CatNose
50797,CatEye
50798,DogFace
50799,CatEye
50800,DogEye
50801,CatNose
50802,DogNose
50803,CatEye
50804,DogFace
50805,DogEye
50806,DogEye
50807,CatFace
50808,DogMouth
50809,CatEye
50810,CatEye
50811,CatEye
50812,DogMouth
50813,DogEye
50814,CatEye
50815,CatNose
50816,CatEye
50817,DogNose
50818,CatNose
50819,DogFace
50820,CatMouth
50821,CatFace
50822,CatFace
50823,CatEye
50824,DogMouth
50825,DogEye
50826,CatNose
50827,DogEye
50828,CatEye
50829,CatEye
50830,CatMouth
50831,DogEye
50832,CatMouth
50833,CatFace
50834,DogEye
50835,DogEye
50836,CatEye
50837,DogEye
50838,DogEye
50839,CatNose
50840,DogNose
50841,CatEye
50842,CatFace
50843,CatMouth
50844,CatMouth
50845,CatEye
50846,DogFace
50847,CatFace
50848,CatEye
50849,CatEye
50850,DogEye
50851,CatFace
50852,DogNose
50853,DogNose
50854,CatFace
50855,DogEye
50856,CatNose
50857,CatFace
50858,CatNose
50859,CatEye
50860,DogEye
50861,DogEye
50862,DogEye
50863,CatEye
50864,CatMouth
50865,DogEye
50866,CatEye
50867,CatNose
50868,DogEye
50869,CatMouth
50870,DogFace
50871,CatEye
50872,CatEye
50873,DogNose
50874,CatNose
50875,DogFace
50876,CatEye
50877,CatEye
50878,DogEye
50879,DogMouth
50880,CatEye
50881,DogNose
50882,CatMouth
50883,CatEye
50884,CatFace
50885,DogEye
50886,CatFace
50887,DogMouth
50888,CatNose
50889,CatMouth
50890,CatNose
50891,DogEye
50892,CatNose
50893,CatMouth
50894,CatFace
50895,DogEye
50896,CatFace
50897,CatMouth
50898,CatMouth
50899,DogFace
50900,CatEye
50901,CatFace
50902,CatEye
50903,CatMouth
50904,DogFace
50905,DogFace
50906,DogEye
50907,CatFace
50908,DogEye
50909,CatEye
50910,DogEye
50911,CatEye
50912,DogMouth
50913,CatEye
50914,CatEye
50915,DogNose
50916,DogMouth
50917,DogEye
50918,CatEye
50919,DogEye
50920,DogMouth
50921,DogEye
50922,DogNose
50923,CatEye
50924,CatEye
50925,CatMouth
50926,CatEye
50927,CatFace
50928,CatMouth
50929,DogFace
50930,CatMouth
50931,DogFace
50932,CatEye
50933,DogNose
50934,CatEye
50935,DogEye
50936,DogEye
50937,CatFace
50938,DogFace
50939,DogEye
50940,CatEye
50941,DogNose
50942,DogNose
50943,DogEye
50944,CatFace
50945,CatEye
50946,CatFace
50947,DogFace
50948,CatNose
50949,DogNose
50950,CatEye
50951,DogFace
50952,CatMouth
50953,CatFace
50954,CatMouth
50955,CatMouth
50956,CatFace
50957,CatEye
50958,DogEye
50959,DogEye
50960,DogEye
50961,CatFace
50962,CatEye
50963,CatNose
50964,CatFace
50965,DogNose
50966,CatEye
50967,CatEye
50968,CatNose
50969,DogMouth
50970,DogNose
50971,CatFace
50972,DogEye
50973,CatNose
50974,CatEye
50975,CatEye
50976,CatNose
50977,DogEye
50978,DogMouth
50979,DogEye
50980,CatNose
50981,CatEye
50982,DogEye
50983,DogEye
50984,CatFace
50985,CatMouth
50986,DogEye
50987,CatMouth
50988,CatNose
50989,DogEye
50990,CatFace
50991,CatEye
50992,CatNose
50993,CatFace
50994,CatFace
50995,CatEye
50996,DogFace
50997,CatMouth
50998,CatFace
50999,CatEye
51000,CatNose
51001,CatMouth
51002,CatEye
51003,CatEye
51004,CatEye
51005,CatEye
51006,DogNose
51007,CatNose
51008,DogNose
51009,DogEye
51010,DogEye
51011,DogMouth
51012,CatEye
51013,DogMouth
51014,CatNose
51015,CatNose
51016,DogEye
51017,DogEye
51018,CatMouth
51019,CatEye
51020,DogFace
51021,CatEye
51022,CatEye
51023,DogFace
51024,CatNose
51025,CatEye
51026,DogFace
51027,DogFace
51028,CatFace
51029,CatMouth
51030,DogMouth
51031,DogMouth
51032,DogMouth
51033,CatNose
51034,CatMouth
51035,CatNose
51036,DogEye
51037,CatEye
51038,CatEye
51039,CatFace
51040,CatMouth
51041,DogNose
51042,CatEye
51043,CatNose
51044,CatEye
51045,CatEye
51046,CatNose
51047,CatEye
51048,DogEye
51049,DogEye
51050,CatNose
51051,CatEye
51052,CatMouth
51053,DogNose
51054,DogEye
51055,CatMouth
51056,DogNose
51057,CatNose
51058,CatMouth
51059,CatEye
51060,CatEye
51061,DogFace
51062,CatNose
51063,DogEye
51064,DogNose
51065,CatFace
51066,DogEye
51067,DogNose
51068,CatEye
51069,CatMouth
51070,DogNose
51071,DogNose
51072,CatEye
51073,CatNose
51074,DogEye
51075,CatNose
51076,CatEye
51077,CatEye
51078,CatMouth
51079,CatMouth
51080,DogFace
51081,CatNose
51082,DogEye
51083,DogMouth
51084,DogMouth
51085,CatEye
51086,DogNose
51087,DogFace
51088,CatEye
51089,CatEye
51090,CatMouth
51091,DogNose
51092,DogFace
51093,CatMouth
51094,DogEye
51095,CatEye
51096,CatNose
51097,DogMouth
51098,DogEye
51099,CatNose
51100,CatFace
51101,CatEye
51102,DogMouth
51103,CatNose
51104,DogMouth
51105,CatFace
51106,CatNose
51107,CatFace
51108,CatFace
51109,CatFace
51110,DogEye
51111,DogFace
51112,CatNose
51113,CatEye
51114,CatEye
51115,CatNose
51116,CatEye
51117,CatNose
51118,CatMouth
51119,CatEye
51120,CatFace
51121,CatEye
51122,DogMouth
51123,DogMouth
51124,CatFace
51125,CatNose
51126,CatEye
51127,CatNose
51128,CatFace
51129,CatFace
51130,DogEye
51131,DogMouth
51132,DogMouth
51133,CatFace
51134,CatNose
51135,DogEye
51136,CatMouth
51137,CatMouth
51138,DogEye
51139,CatEye
51140,DogNose
51141,CatNose
51142,CatNose
51143,DogFace
51144,DogEye
51145,CatEye
51146,CatEye
51147,DogMouth
51148,CatEye
51149,CatMouth
51150,DogMouth
51151,DogEye
51152,DogNose
51153,CatNose
51154,CatFace
51155,CatEye
51156,CatMouth
51157,DogMouth
51158,CatEye
51159,CatFace
51160,DogFace
51161,CatFace
51162,CatEye
51163,DogEye
51164,DogEye
51165,DogEye
51166,CatMouth
51167,CatNose
51168,DogNose
51169,CatNose
51170,CatEye
51171,DogFace
51172,CatEye
51173,CatEye
51174,DogEye
51175,DogNose
51176,CatEye
51177,CatEye
51178,CatMouth
51179,CatNose
51180,CatFace
51181,DogMouth
51182,DogMouth
51183,DogFace
51184,DogNose
51185,DogNose
51186,DogEye
51187,CatNose
51188,DogEye
51189,DogFace
51190,CatEye
51191,DogEye
51192,CatFace
51193,CatEye
51194,CatMouth
51195,CatMouth
51196,DogNose
51197,CatMouth
51198,DogNose
51199,DogNose
51200,DogNose
51201,DogNose
51202,CatEye
51203,DogEye
51204,DogEye
51205,CatMouth
51206,CatNose
51207,CatNose
51208,DogMouth
51209,CatEye
51210,DogMouth
51211,DogNose
51212,CatNose
51213,DogNose
51214,CatMouth
51215,CatFace
51216,DogFace
51217,DogMouth
51218,CatFace
51219,DogEye
51220,CatNose
51221,DogNose
51222,DogEye
51223,CatFace
51224,DogEye
51225,DogEye
51226,CatEye
51227,DogFace
51228,CatFace
51229,DogFace
51230,CatMouth
51231,DogNose
51232,DogEye
51233,DogNose
51234,DogEye
51235,DogNose
51236,CatNose
51237,CatEye
51238,CatNose
51239,DogFace
51240,CatEye
51241,CatEye
51242,CatFace
51243,DogEye
51244,CatEye
51245,CatNose
51246,DogEye
51247,DogNose
51248,CatFace
51249,CatFace
51250,CatFace
51251,CatFace
51252,DogEye
51253,DogMouth
51254,CatMouth
51255,CatMouth
51256,CatEye
51257,CatEye
51258,CatNose
51259,CatMouth
51260,CatEye
51261,CatNose
51262,CatNose
51263,CatEye
51264,CatFace
51265,CatNose
51266,CatNose
51267,CatFace
51268,CatNose
51269,DogMouth
51270,CatEye
51271,DogEye
51272,CatEye
51273,CatFace
51274,CatEye
51275,DogFace
51276,CatEye
51277,DogMouth
51278,CatEye
51279,DogNose
51280,CatFace
51281,DogEye
51282,CatEye
51283,DogNose
51284,CatNose
51285,CatNose
51286,CatEye
51287,DogEye
51288,DogMouth
51289,CatNose
51290,DogNose
51291,DogMouth
51292,DogFace
51293,CatNose
51294,CatEye
51295,CatMouth
51296,DogEye
51297,CatMouth
51298,DogNose
51299,CatFace
51300,CatEye
51301,DogNose
51302,CatNose
51303,CatEye
51304,DogFace
51305,CatEye
51306,DogMouth
51307,DogEye
51308,DogEye
51309,DogEye
51310,CatNose
51311,CatEye
51312,DogFace
51313,CatNose
51314,CatEye
51315,DogMouth
51316,CatNose
51317,CatNose
51318,DogEye
51319,CatMouth
51320,DogMouth
51321,CatEye
51322,DogMouth
51323,CatEye
51324,DogEye
51325,CatNose
51326,CatEye
51327,DogEye
51328,CatEye
51329,DogEye
51330,DogEye
51331,CatEye
51332,DogEye
51333,DogEye
51334,DogEye
51335,DogEye
51336,DogNose
51337,DogMouth
51338,DogEye
51339,CatNose
51340,CatMouth
51341,CatEye
51342,DogMouth
51343,CatMouth
51344,CatMouth
51345,CatNose
51346,CatEye
51347,CatMouth
51348,CatFace
51349,DogNose
51350,DogNose
51351,DogFace
51352,DogFace
51353,CatFace
51354,DogEye
51355,CatNose
51356,DogNose
51357,CatEye
51358,CatEye
51359,DogFace
51360,CatEye
51361,DogMouth
51362,DogFace
51363,CatMouth
51364,DogFace
51365,DogEye
51366,CatMouth
51367,DogMouth
51368,CatEye
51369,CatMouth
51370,CatEye
51371,CatFace
51372,CatEye
51373,CatNose
51374,CatFace
51375,DogEye
51376,CatEye
51377,CatNose
51378,DogEye
51379,CatEye
51380,CatFace
51381,CatMouth
51382,CatMouth
51383,CatNose
51384,DogEye
51385,DogNose
51386,CatEye
51387,DogNose
51388,DogEye
51389,DogMouth
51390,DogFace
51391,CatEye
51392,CatNose
51393,CatFace
51394,CatMouth
51395,CatEye
51396,CatNose
51397,CatEye
51398,DogNose
51399,DogFace
51400,DogEye
51401,DogEye
51402,CatMouth
51403,CatEye
51404,CatFace
51405,DogEye
51406,DogEye
51407,CatNose
51408,DogEye
51409,CatEye
51410,CatMouth
51411,CatEye
51412,CatEye
51413,CatEye
51414,CatEye
51415,DogEye
51416,DogEye
51417,DogNose
51418,CatEye
51419,CatNose
51420,DogEye
51421,CatFace
51422,CatFace
51423,CatNose
51424,CatEye
51425,CatFace
51426,CatEye
51427,DogFace
51428,CatEye
51429,DogNose
51430,CatEye
51431,CatEye
51432,CatFace
51433,DogNose
51434,DogEye
51435,CatEye
51436,CatMouth
51437,DogEye
51438,CatEye
51439,CatEye
51440,DogMouth
51441,CatNose
51442,CatFace
51443,DogFace
51444,CatNose
51445,DogEye
51446,DogNose
51447,CatEye
51448,CatNose
51449,CatMouth
51450,DogEye
51451,CatNose
51452,CatFace
51453,DogNose
51454,DogEye
51455,CatFace
51456,CatNose
51457,DogEye
51458,DogMouth
51459,CatFace
51460,CatEye
51461,CatFace
51462,DogEye
51463,CatMouth
51464,CatNose
51465,DogFace
51466,CatNose
51467,CatFace
51468,DogMouth
51469,CatFace
51470,CatMouth
51471,CatNose
51472,CatEye
51473,CatNose
51474,DogMouth
51475,DogEye
51476,CatFace
51477,DogEye
51478,DogEye
51479,CatFace
51480,CatMouth
51481,CatNose
51482,CatEye
51483,DogNose
51484,CatNose
51485,DogNose
51486,DogMouth
51487,DogEye
51488,DogEye
51489,DogMouth
51490,CatEye
51491,CatFace
51492,CatEye
51493,DogEye
51494,DogFace
51495,DogNose
51496,DogEye
51497,DogEye
51498,DogEye
51499,CatMouth
51500,CatFace
51501,CatMouth
51502,DogEye
51503,DogMouth
51504,DogEye
51505,CatEye
51506,DogNose
51507,CatFace
51508,DogEye
51509,CatFace
51510,DogEye
51511,DogFace
51512,DogNose
51513,CatEye
51514,CatMouth
51515,DogMouth
51516,CatFace
51517,CatEye
51518,CatMouth
51519,DogEye
51520,DogMouth
51521,CatFace
51522,CatMouth
51523,CatEye
51524,CatEye
51525,CatEye
51526,DogEye
51527,DogFace
51528,CatNose
51529,DogMouth
51530,DogEye
51531,CatEye
51532,DogEye
51533,CatEye
51534,CatNose
51535,CatEye
51536,CatFace
51537,CatEye
51538,CatEye
51539,CatMouth
51540,CatNose
51541,DogEye
51542,CatFace
51543,DogMouth
51544,DogEye
51545,CatEye
51546,DogNose
51547,CatNose
51548,CatMouth
51549,CatEye
51550,DogFace
51551,CatMouth
51552,DogEye
51553,CatFace
51554,DogMouth
51555,CatFace
51556,CatMouth
51557,CatNose
51558,CatNose
51559,CatNose
51560,DogMouth
51561,CatNose
51562,CatFace
51563,CatEye
51564,DogMouth
51565,CatMouth
51566,DogNose
51567,DogFace
51568,CatNose
51569,CatFace
51570,CatFace
51571,CatFace
51572,CatNose
51573,CatEye
51574,CatFace
51575,CatNose
51576,CatEye
51577,CatNose
51578,DogEye
51579,DogNose
51580,CatEye
51581,DogEye
51582,DogNose
51583,DogMouth
51584,CatMouth
51585,DogFace
51586,CatMouth
51587,CatEye
51588,CatEye
51589,DogFace
51590,DogFace
51591,CatFace
51592,DogNose
51593,DogNose
51594,CatEye
51595,DogNose
51596,CatEye
51597,CatMouth
51598,CatEye
51599,DogEye
51600,CatFace
51601,CatNose
51602,CatMouth
51603,CatEye
51604,DogMouth
51605,CatFace
51606,DogNose
51607,CatNose
51608,DogNose
51609,CatEye
51610,CatNose
51611,CatNose
51612,CatNose
51613,CatMouth
51614,DogFace
51615,DogFace
51616,CatMouth
51617,CatEye
51618,CatMouth
51619,CatEye
51620,CatFace
51621,CatEye
51622,CatFace
51623,DogMouth
51624,DogFace
51625,DogFace
51626,DogEye
51627,DogEye
51628,CatEye
51629,CatMouth
51630,CatEye
51631,CatEye
51632,DogEye
51633,DogNose
51634,CatMouth
51635,DogMouth
51636,CatEye
51637,CatEye
51638,CatEye
51639,DogMouth
51640,CatNose
51641,DogNose
51642,DogNose
51643,DogFace
51644,DogNose
51645,CatEye
51646,CatFace
51647,DogEye
51648,DogEye
51649,CatFace
51650,DogNose
51651,DogMouth
51652,DogEye
51653,CatEye
51654,CatEye
51655,CatNose
51656,CatMouth
51657,CatMouth
51658,CatEye
51659,DogNose
51660,CatEye
51661,CatNose
51662,CatEye
51663,CatMouth
51664,CatFace
51665,CatFace
51666,CatEye
51667,CatNose
51668,CatNose
51669,DogNose
51670,CatNose
51671,DogEye
51672,DogMouth
51673,CatEye
51674,DogNose
51675,DogEye
51676,CatEye
51677,DogEye
51678,DogNose
51679,DogMouth
51680,CatEye
51681,CatNose
51682,CatEye
51683,CatEye
51684,DogEye
51685,DogEye
51686,CatEye
51687,DogFace
51688,DogEye
51689,DogNose
51690,CatNose
51691,DogNose
51692,DogEye
51693,DogMouth
51694,CatNose
51695,CatEye
51696,CatMouth
51697,DogEye
51698,DogNose
51699,CatNose
51700,CatFace
51701,CatMouth
51702,DogNose
51703,CatMouth
51704,CatEye
51705,DogEye
51706,DogEye
51707,CatMouth
51708,CatEye
51709,DogNose
51710,CatFace
51711,CatMouth
51712,CatFace
51713,CatEye
51714,CatMouth
51715,DogNose
51716,DogFace
51717,DogMouth
51718,CatEye
51719,DogEye
51720,CatEye
51721,DogFace
51722,CatEye
51723,DogFace
51724,DogEye
51725,DogNose
51726,DogMouth
51727,CatNose
51728,DogFace
51729,CatEye
51730,DogMouth
51731,DogFace
51732,CatMouth
51733,DogMouth
51734,DogMouth
51735,CatEye
51736,DogEye
51737,CatMouth
51738,DogMouth
51739,CatEye
51740,CatFace
51741,DogEye
51742,CatEye
51743,DogEye
51744,DogEye
51745,CatFace
51746,CatNose
51747,DogEye
51748,DogNose
51749,CatFace
51750,DogFace
51751,DogEye
51752,CatNose
51753,DogEye
51754,DogEye
51755,DogEye
51756,CatEye
51757,CatEye
51758,DogNose
51759,CatEye
51760,CatEye
51761,DogMouth
51762,CatEye
51763,DogEye
51764,CatEye
51765,CatMouth
51766,CatMouth
51767,DogNose
51768,DogFace
51769,DogMouth
51770,CatEye
51771,DogNose
51772,CatNose
51773,DogFace
51774,CatFace
51775,DogMouth
51776,DogFace
51777,CatEye
51778,DogEye
51779,CatNose
51780,DogFace
51781,CatMouth
51782,DogEye
51783,CatMouth
51784,CatEye
51785,DogNose
51786,DogNose
51787,CatNose
51788,DogEye
51789,CatEye
51790,DogNose
51791,CatEye
51792,CatEye
51793,CatFace
51794,DogEye
51795,CatEye
51796,DogNose
51797,CatMouth
51798,DogEye
51799,DogFace
51800,DogFace
51801,CatMouth
51802,CatMouth
51803,CatNose
51804,DogFace
51805,CatFace
51806,DogEye
51807,DogMouth
51808,DogEye
51809,DogMouth
51810,DogEye
51811,DogMouth
51812,CatFace
51813,CatNose
51814,DogMouth
51815,CatEye
51816,CatEye
51817,CatNose
51818,CatNose
51819,CatEye
51820,DogEye
51821,CatMouth
51822,DogEye
51823,DogFace
51824,CatMouth
51825,CatFace
51826,DogFace
51827,CatNose
51828,DogNose
51829,CatNose
51830,CatFace
51831,DogEye
51832,CatFace
51833,DogMouth
51834,DogEye
51835,CatMouth
51836,DogEye
51837,CatMouth
51838,CatFace
51839,DogEye
51840,DogEye
51841,DogEye
51842,DogEye
51843,CatMouth
51844,DogFace
51845,DogMouth
51846,DogFace
51847,CatNose
51848,CatEye
51849,CatMouth
51850,CatNose
51851,CatEye
51852,CatEye
51853,DogFace
51854,DogFace
51855,CatEye
51856,DogMouth
51857,DogEye
51858,DogEye
51859,CatNose
51860,DogEye
51861,CatFace
51862,CatEye
51863,CatEye
51864,CatMouth
51865,DogEye
51866,CatEye
51867,DogFace
51868,CatNose
51869,CatNose
51870,DogMouth
51871,CatEye
51872,CatMouth
51873,CatFace
51874,CatFace
51875,DogFace
51876,CatEye
51877,CatMouth
51878,CatNose
51879,CatNose
51880,DogFace
51881,CatFace
51882,CatNose
51883,DogNose
51884,CatNose
51885,DogEye
51886,CatFace
51887,CatEye
51888,DogNose
51889,CatEye
51890,CatNose
51891,CatMouth
51892,DogEye
51893,CatMouth
51894,CatEye
51895,CatEye
51896,DogMouth
51897,CatEye
51898,DogFace
51899,DogMouth
51900,DogMouth
51901,CatEye
51902,CatEye
51903,DogFace
51904,CatMouth
51905,DogMouth
51906,CatFace
51907,DogMouth
51908,DogEye
51909,CatEye
51910,CatMouth
51911,DogFace
51912,CatFace
51913,DogFace
51914,DogMouth
51915,DogNose
51916,DogMouth
51917,DogNose
51918,CatEye
51919,CatEye
51920,CatEye
51921,DogMouth
51922,DogEye
51923,DogMouth
51924,DogEye
51925,CatNose
51926,DogNose
51927,CatMouth
51928,DogEye
51929,CatFace
51930,DogEye
51931,DogEye
51932,DogNose
51933,CatFace
51934,DogEye
51935,CatEye
51936,CatMouth
51937,DogFace
51938,DogEye
51939,DogFace
51940,DogEye
51941,DogEye
51942,DogFace
51943,CatFace
51944,DogEye
51945,DogEye
51946,CatNose
51947,CatEye
51948,CatEye
51949,CatEye
51950,CatMouth
51951,CatFace
51952,CatNose
51953,CatEye
51954,CatMouth
51955,DogFace
51956,CatMouth
51957,CatFace
51958,CatFace
51959,CatMouth
51960,CatFace
51961,CatNose
51962,CatEye
51963,CatEye
51964,CatNose
51965,CatNose
51966,CatNose
51967,DogMouth
51968,DogEye
51969,CatMouth
51970,DogEye
51971,CatFace
51972,DogFace
51973,DogNose
51974,CatFace
51975,CatNose
51976,DogEye
51977,CatEye
51978,CatMouth
51979,DogEye
51980,CatNose
51981,CatFace
51982,CatNose
51983,CatEye
51984,DogFace
51985,DogEye
51986,CatMouth
51987,DogEye
51988,CatFace
51989,DogNose
51990,DogMouth
51991,CatMouth
51992,CatNose
51993,DogFace
51994,CatMouth
51995,DogNose
51996,CatNose
51997,DogEye
51998,CatMouth
51999,DogMouth
52000,DogMouth
52001,DogFace
52002,CatNose
52003,DogMouth
52004,CatNose
52005,DogNose
52006,CatFace
52007,CatFace
52008,DogEye
52009,DogFace
52010,DogMouth
52011,CatNose
52012,CatNose
52013,CatMouth
52014,DogMouth
52015,CatNose
52016,CatNose
52017,CatNose
52018,DogEye
52019,CatNose
52020,CatFace
52021,CatEye
52022,CatFace
52023,CatMouth
52024,CatEye
52025,CatFace
52026,DogNose
52027,DogFace
52028,CatNose
52029,DogNose
52030,CatEye
52031,CatEye
52032,DogNose
52033,DogNose
52034,CatFace
52035,CatEye
52036,CatEye
52037,CatEye
52038,CatEye
52039,CatEye
52040,CatNose
52041,DogEye
52042,CatEye
52043,DogEye
52044,CatMouth
52045,CatEye
52046,CatMouth
52047,DogEye
52048,DogMouth
52049,CatMouth
52050,DogEye
52051,DogEye
52052,CatNose
52053,DogFace
52054,DogFace
52055,CatEye
52056,DogEye
52057,CatEye
52058,CatFace
52059,DogEye
52060,DogFace
52061,CatEye
52062,CatEye
52063,DogEye
52064,DogEye
52065,DogEye
52066,CatNose
52067,CatFace
52068,CatEye
52069,CatEye
52070,CatNose
52071,CatEye
52072,CatFace
52073,CatNose
52074,CatMouth
52075,CatNose
52076,CatNose
52077,DogEye
52078,CatEye
52079,CatNose
52080,DogNose
52081,CatMouth
52082,DogFace
52083,CatFace
52084,DogEye
52085,CatMouth
52086,CatFace
52087,DogFace
52088,DogEye
52089,DogEye
52090,DogEye
52091,CatEye
52092,DogFace
52093,CatEye
52094,CatEye
52095,DogEye
52096,CatNose
52097,CatMouth
52098,DogMouth
52099,CatMouth
52100,CatNose
52101,CatMouth
52102,CatEye
52103,CatNose
52104,CatFace
52105,DogEye
52106,CatEye
52107,CatEye
52108,DogNose
52109,DogMouth
52110,CatFace
52111,DogFace
52112,DogMouth
52113,DogFace
52114,CatNose
52115,CatEye
52116,CatFace
52117,DogFace
52118,CatEye
52119,DogMouth
52120,DogNose
52121,CatEye
52122,CatMouth
52123,DogNose
52124,CatNose
52125,DogEye
52126,DogFace
52127,CatNose
52128,CatEye
52129,CatMouth
52130,CatEye
52131,CatMouth
52132,CatEye
52133,CatEye
52134,DogEye
52135,CatMouth
52136,DogFace
52137,CatEye
52138,CatFace
52139,DogNose
52140,DogNose
52141,CatFace
52142,DogEye
52143,DogEye
52144,DogFace
52145,CatFace
52146,DogEye
52147,CatEye
52148,DogEye
52149,CatEye
52150,CatEye
52151,CatEye
52152,CatNose
52153,CatFace
52154,CatEye
52155,DogEye
52156,DogMouth
52157,DogMouth
52158,CatFace
52159,DogMouth
52160,DogMouth
52161,DogEye
52162,DogEye
52163,CatNose
52164,CatNose
52165,CatEye
52166,DogFace
52167,DogNose
52168,DogFace
52169,CatFace
52170,DogEye
52171,CatFace
52172,DogFace
52173,CatMouth
52174,DogEye
52175,DogMouth
52176,CatEye
52177,DogEye
52178,CatEye
52179,CatEye
52180,CatEye
52181,DogNose
52182,DogMouth
52183,CatEye
52184,CatEye
52185,DogFace
52186,DogNose
52187,DogFace
52188,CatNose
52189,CatEye
52190,CatEye
52191,CatEye
52192,CatMouth
52193,CatNose
52194,CatFace
52195,CatMouth
52196,DogFace
52197,CatFace
52198,CatNose
52199,CatNose
52200,DogNose
52201,CatFace
52202,CatEye
52203,CatEye
52204,CatNose
52205,CatMouth
52206,DogNose
52207,CatNose
52208,CatMouth
52209,DogEye
52210,DogNose
52211,CatEye
52212,CatNose
52213,DogMouth
52214,DogFace
52215,DogEye
52216,CatFace
52217,CatFace
52218,DogEye
52219,DogNose
52220,DogNose
52221,CatFace
52222,DogNose
52223,DogMouth
52224,CatEye
52225,DogMouth
52226,CatMouth
52227,CatMouth
52228,CatMouth
52229,DogNose
52230,DogMouth
52231,CatFace
52232,CatMouth
52233,DogNose
52234,DogNose
52235,CatEye
52236,CatEye
52237,CatEye
52238,CatEye
52239,CatEye
52240,CatFace
52241,CatNose
52242,CatEye
52243,CatNose
52244,CatEye
52245,DogEye
52246,CatNose
52247,CatMouth
52248,CatFace
52249,CatFace
52250,CatEye
52251,DogEye
52252,DogFace
52253,CatEye
52254,CatEye
52255,CatFace
52256,DogEye
52257,CatFace
52258,DogFace
52259,CatMouth
52260,CatEye
52261,CatEye
52262,DogEye
52263,DogFace
52264,CatMouth
52265,CatEye
52266,DogFace
52267,CatNose
52268,CatMouth
52269,CatEye
52270,CatNose
52271,CatEye
52272,DogNose
52273,DogEye
52274,DogFace
52275,DogNose
52276,CatFace
52277,CatNose
52278,CatEye
52279,DogEye
52280,CatEye
52281,DogEye
52282,DogEye
52283,CatEye
52284,CatMouth
52285,DogMouth
52286,CatNose
52287,DogEye
52288,DogFace
52289,DogMouth
52290,DogEye
52291,CatFace
52292,DogFace
52293,CatMouth
52294,CatFace
52295,DogMouth
52296,DogEye
52297,CatNose
52298,DogEye
52299,CatEye
52300,DogNose
52301,CatNose
52302,DogFace
52303,CatEye
52304,CatEye
52305,CatEye
52306,CatMouth
52307,DogMouth
52308,CatMouth
52309,CatEye
52310,CatMouth
52311,DogFace
52312,DogFace
52313,DogMouth
52314,CatFace
52315,CatFace
52316,CatEye
52317,DogEye
52318,DogEye
52319,CatEye
52320,DogEye
52321,CatMouth
52322,DogMouth
52323,CatEye
52324,DogFace
52325,DogFace
52326,CatEye
52327,CatFace
52328,DogFace
52329,CatEye
52330,CatMouth
52331,DogNose
52332,DogFace
52333,CatEye
52334,CatMouth
52335,DogNose
52336,CatFace
52337,DogMouth
52338,CatMouth
52339,CatFace
52340,CatEye
52341,DogNose
52342,CatEye
52343,DogEye
52344,DogNose
52345,CatMouth
52346,DogNose
52347,DogEye
52348,CatEye
52349,DogEye
52350,DogEye
52351,CatMouth
52352,DogMouth
52353,CatEye
52354,CatFace
52355,DogFace
52356,CatMouth
52357,DogFace
52358,CatMouth
52359,DogEye
52360,DogNose
52361,DogFace
52362,CatNose
52363,CatFace
52364,DogMouth
52365,CatMouth
52366,CatMouth
52367,CatNose
52368,DogEye
52369,CatEye
52370,CatMouth
52371,CatFace
52372,CatEye
52373,CatEye
52374,CatMouth
52375,DogNose
52376,CatMouth
52377,CatEye
52378,DogEye
52379,DogNose
52380,DogFace
52381,CatMouth
52382,DogEye
52383,DogNose
52384,CatNose
52385,DogMouth
52386,CatMouth
52387,DogEye
52388,DogMouth
52389,DogMouth
52390,CatNose
52391,CatMouth
52392,DogEye
52393,DogNose
52394,CatEye
52395,CatEye
52396,CatEye
52397,DogMouth
52398,DogEye
52399,DogEye
52400,DogEye
52401,DogEye
52402,DogMouth
52403,DogNose
52404,CatEye
52405,CatEye
52406,DogMouth
52407,CatEye
52408,DogFace
52409,CatMouth
52410,DogFace
52411,CatEye
52412,CatEye
52413,CatEye
52414,DogFace
52415,DogNose
52416,CatEye
52417,CatEye
52418,CatMouth
52419,DogFace
52420,CatEye
52421,CatNose
52422,CatMouth
52423,DogEye
52424,CatEye
52425,DogEye
52426,DogMouth
52427,CatEye
52428,DogEye
52429,DogMouth
52430,CatEye
52431,DogEye
52432,DogEye
52433,DogEye
52434,DogMouth
52435,DogEye
52436,DogFace
52437,CatFace
52438,DogNose
52439,DogNose
52440,DogEye
52441,DogMouth
52442,DogFace
52443,DogEye
52444,CatMouth
52445,CatEye
52446,DogEye
52447,DogEye
52448,CatEye
52449,CatEye
52450,CatEye
52451,CatNose
52452,CatNose
52453,CatMouth
52454,DogFace
52455,CatMouth
52456,DogMouth
52457,DogFace
52458,CatNose
52459,DogNose
52460,DogEye
52461,CatFace
52462,CatEye
52463,DogNose
52464,CatNose
52465,CatFace
52466,CatEye
52467,DogNose
52468,DogMouth
52469,CatNose
52470,CatNose
52471,CatNose
52472,DogEye
52473,DogEye
52474,CatEye
52475,CatEye
52476,CatMouth
52477,DogEye
52478,DogFace
52479,CatFace
52480,DogNose
52481,CatEye
52482,DogNose
52483,CatFace
52484,CatNose
52485,DogMouth
52486,DogEye
52487,CatEye
52488,CatFace
52489,CatNose
52490,DogNose
52491,CatEye
52492,DogMouth
52493,DogEye
52494,DogFace
52495,CatEye
52496,DogEye
52497,DogEye
52498,DogNose
52499,DogMouth
52500,DogFace
52501,CatNose
52502,CatEye
52503,CatFace
52504,CatNose
52505,CatEye
52506,DogFace
52507,DogFace
52508,DogNose
52509,DogFace
52510,CatEye
52511,CatFace
52512,DogEye
52513,CatFace
52514,DogMouth
52515,CatEye
52516,CatMouth
52517,DogFace
52518,CatFace
52519,CatEye
52520,CatNose
52521,DogMouth
52522,CatNose
52523,DogNose
52524,CatEye
52525,CatNose
52526,CatEye
52527,CatNose
52528,CatNose
52529,CatNose
52530,DogMouth
52531,CatFace
52532,DogEye
52533,CatFace
52534,DogEye
52535,CatEye
52536,CatFace
52537,CatEye
52538,CatEye
52539,CatFace
52540,DogFace
52541,CatMouth
52542,CatEye
52543,DogMouth
52544,CatEye
52545,CatFace
52546,CatFace
52547,DogNose
52548,DogEye
52549,CatNose
52550,CatMouth
52551,DogNose
52552,CatFace
52553,CatEye
52554,DogEye
52555,DogMouth
52556,CatMouth
52557,CatMouth
52558,CatEye
52559,CatNose
52560,DogFace
52561,CatNose
52562,DogEye
52563,DogFace
52564,CatFace
52565,DogEye
52566,CatFace
52567,DogEye
52568,DogEye
52569,CatEye
52570,DogFace
52571,DogMouth
52572,CatMouth
52573,DogFace
52574,DogEye
52575,DogEye
52576,DogFace
52577,DogEye
52578,DogFace
52579,DogEye
52580,DogFace
52581,DogNose
52582,DogMouth
52583,DogEye
52584,CatFace
52585,CatEye
52586,DogEye
52587,CatNose
52588,CatNose
52589,DogEye
52590,DogNose
52591,CatFace
52592,CatNose
52593,CatEye
52594,DogMouth
52595,DogFace
52596,DogMouth
52597,DogEye
52598,DogEye
52599,CatEye
52600,CatEye
52601,DogFace
52602,CatEye
52603,DogEye
52604,DogNose
52605,CatEye
52606,CatEye
52607,DogFace
52608,DogMouth
52609,DogEye
52610,CatEye
52611,CatEye
52612,DogEye
52613,DogNose
52614,CatEye
52615,CatNose
52616,DogNose
52617,CatNose
52618,DogEye
52619,DogEye
52620,DogEye
52621,DogNose
52622,CatEye
52623,DogNose
52624,DogNose
52625,DogFace
52626,DogEye
52627,CatEye
52628,CatNose
52629,CatEye
52630,DogEye
52631,CatFace
52632,CatEye
52633,CatNose
52634,DogFace
52635,CatEye
52636,CatEye
52637,DogMouth
52638,DogNose
52639,CatEye
52640,DogEye
52641,CatEye
52642,DogMouth
52643,DogMouth
52644,CatFace
52645,DogFace
52646,DogMouth
52647,CatEye
52648,DogEye
52649,CatNose
52650,CatEye
52651,CatNose
52652,DogEye
52653,DogMouth
52654,CatEye
52655,CatFace
52656,CatNose
52657,CatNose
52658,CatEye
52659,CatNose
52660,CatMouth
52661,CatEye
52662,DogEye
52663,DogNose
52664,DogEye
52665,DogMouth
52666,CatEye
52667,CatNose
52668,DogNose
52669,CatFace
52670,DogNose
52671,DogMouth
52672,CatMouth
52673,CatMouth
52674,CatMouth
52675,DogFace
52676,CatEye
52677,DogEye
52678,DogNose
52679,DogEye
52680,CatMouth
52681,CatFace
52682,CatEye
52683,DogFace
52684,CatNose
52685,DogMouth
52686,DogNose
52687,DogFace
52688,DogEye
52689,DogEye
52690,CatEye
52691,CatEye
52692,CatNose
52693,CatEye
52694,DogEye
52695,DogEye
52696,CatFace
52697,CatEye
52698,CatMouth
52699,DogEye
52700,CatNose
52701,DogFace
52702,DogFace
52703,CatEye
52704,CatEye
52705,DogEye
52706,CatMouth
52707,DogEye
52708,DogMouth
52709,DogNose
52710,DogEye
52711,CatEye
52712,DogEye
52713,DogMouth
52714,CatNose
52715,DogEye
52716,CatNose
52717,DogNose
52718,DogFace
52719,DogMouth
52720,DogEye
52721,DogFace
52722,CatNose
52723,CatEye
52724,DogEye
52725,DogNose
52726,DogMouth
52727,CatMouth
52728,CatEye
52729,CatEye
52730,CatMouth
52731,CatMouth
52732,CatEye
52733,DogNose
52734,CatMouth
52735,DogFace
52736,CatFace
52737,DogMouth
52738,DogEye
52739,CatEye
52740,DogNose
52741,DogEye
52742,DogFace
52743,CatEye
52744,CatNose
52745,CatNose
52746,CatFace
52747,DogNose
52748,CatNose
52749,DogFace
52750,DogNose
52751,DogMouth
52752,DogNose
52753,DogNose
52754,DogEye
52755,DogEye
52756,DogEye
52757,CatEye
52758,CatMouth
52759,CatEye
52760,DogEye
52761,CatFace
52762,CatEye
52763,CatEye
52764,DogEye
52765,DogNose
52766,DogMouth
52767,DogMouth
52768,CatEye
52769,DogMouth
52770,DogNose
52771,DogNose
52772,CatEye
52773,DogEye
52774,DogFace
52775,CatNose
52776,CatEye
52777,CatEye
52778,CatEye
52779,CatEye
52780,CatNose
52781,DogEye
52782,CatEye
52783,DogEye
52784,DogEye
52785,CatMouth
52786,DogMouth
52787,DogEye
52788,CatEye
52789,DogFace
52790,CatNose
52791,DogMouth
52792,CatEye
52793,DogNose
52794,DogNose
52795,CatNose
52796,CatMouth
52797,DogEye
52798,DogMouth
52799,DogNose
52800,DogMouth
52801,DogFace
52802,DogEye
52803,DogEye
52804,CatEye
52805,CatNose
52806,CatEye
52807,DogFace
52808,CatNose
52809,CatFace
52810,CatEye
52811,CatEye
52812,CatEye
52813,CatEye
52814,DogEye
52815,DogEye
52816,CatMouth
52817,CatEye
52818,DogNose
52819,DogEye
52820,DogNose
52821,DogEye
52822,CatFace
52823,DogEye
52824,DogMouth
52825,DogMouth
52826,DogEye
52827,CatEye
52828,CatEye
52829,DogMouth
52830,CatNose
52831,CatNose
52832,DogEye
52833,DogEye
52834,DogEye
52835,CatEye
52836,CatNose
52837,CatFace
52838,DogMouth
52839,DogEye
52840,CatNose
52841,CatNose
52842,CatNose
52843,CatMouth
52844,CatEye
52845,DogFace
52846,DogMouth
52847,DogNose
52848,CatNose
52849,CatEye
52850,CatNose
52851,CatMouth
52852,CatNose
52853,DogFace
52854,CatFace
52855,CatFace
52856,CatEye
52857,CatNose
52858,CatNose
52859,DogEye
52860,CatFace
52861,DogMouth
52862,CatNose
52863,DogFace
52864,DogEye
52865,CatMouth
52866,CatNose
52867,CatNose
52868,DogNose
52869,CatMouth
52870,DogEye
52871,CatFace
52872,DogMouth
52873,DogEye
52874,CatNose
52875,DogNose
52876,CatMouth
52877,CatFace
52878,CatEye
52879,DogEye
52880,DogEye
52881,CatNose
52882,CatMouth
52883,CatEye
52884,DogMouth
52885,CatNose
52886,CatEye
52887,CatEye
52888,CatMouth
52889,CatEye
52890,CatMouth
52891,CatNose
52892,CatEye
52893,CatFace
52894,DogMouth
52895,DogMouth
52896,CatEye
52897,DogFace
52898,DogMouth
52899,DogEye
52900,CatNose
52901,CatEye
52902,DogNose
52903,DogEye
52904,CatNose
52905,DogFace
52906,CatNose
52907,CatEye
52908,DogEye
52909,DogEye
52910,CatEye
52911,DogMouth
52912,DogNose
52913,CatEye
52914,CatEye
52915,CatNose
52916,DogNose
52917,DogMouth
52918,CatFace
52919,CatMouth
52920,CatNose
52921,CatNose
52922,CatMouth
52923,DogFace
52924,CatEye
52925,DogNose
52926,CatFace
52927,DogEye
52928,CatEye
52929,CatNose
52930,CatEye
52931,CatNose
52932,DogMouth
52933,DogEye
52934,CatFace
52935,DogEye
52936,CatMouth
52937,CatFace
52938,CatEye
52939,CatFace
52940,CatMouth
52941,DogMouth
52942,CatEye
52943,DogNose
52944,CatNose
52945,CatNose
52946,DogEye
52947,DogEye
52948,CatMouth
52949,CatFace
52950,CatEye
52951,DogEye
52952,DogEye
52953,DogMouth
52954,CatMouth
52955,DogFace
52956,DogEye
52957,CatEye
52958,CatFace
52959,CatEye
52960,DogFace
52961,CatNose
52962,CatMouth
52963,CatNose
52964,DogFace
52965,DogMouth
52966,DogEye
52967,CatNose
52968,CatEye
52969,CatFace
52970,CatEye
52971,CatNose
52972,DogEye
52973,CatNose
52974,CatMouth
52975,CatMouth
52976,DogEye
52977,CatEye
52978,DogFace
52979,CatMouth
52980,CatEye
52981,CatEye
52982,DogEye
52983,CatEye
52984,DogEye
52985,DogEye
52986,DogFace
52987,DogMouth
52988,DogEye
52989,CatEye
52990,DogEye
52991,CatFace
52992,DogFace
52993,CatEye
52994,CatFace
52995,CatFace
52996,CatNose
52997,CatFace
52998,CatNose
52999,CatEye
53000,CatEye
53001,CatEye
53002,DogEye
53003,CatNose
53004,CatMouth
53005,CatNose
53006,CatEye
53007,CatEye
53008,DogEye
53009,CatNose
53010,DogNose
53011,DogEye
53012,DogMouth
53013,DogEye
53014,DogFace
53015,CatFace
53016,CatEye
53017,CatEye
53018,CatEye
53019,DogFace
53020,DogEye
53021,DogFace
53022,CatNose
53023,CatMouth
53024,CatNose
53025,DogEye
53026,CatEye
53027,DogFace
53028,DogFace
53029,DogNose
53030,CatNose
53031,CatMouth
53032,DogMouth
53033,DogEye
53034,DogFace
53035,CatEye
53036,CatNose
53037,DogNose
53038,CatEye
53039,CatEye
53040,CatNose
53041,DogMouth
53042,CatMouth
53043,CatMouth
53044,CatMouth
53045,DogFace
53046,CatEye
53047,DogNose
53048,DogFace
53049,DogEye
53050,CatFace
53051,CatEye
53052,DogMouth
53053,CatEye
53054,CatNose
53055,CatNose
53056,CatEye
53057,CatNose
53058,DogMouth
53059,CatMouth
53060,CatMouth
53061,DogNose
53062,CatFace
53063,DogEye
53064,DogMouth
53065,CatMouth
53066,DogEye
53067,DogEye
53068,DogMouth
53069,DogNose
53070,CatNose
53071,DogFace
53072,DogMouth
53073,CatEye
53074,CatEye
53075,CatEye
53076,CatNose
53077,DogMouth
53078,DogEye
53079,DogFace
53080,DogFace
53081,DogNose
53082,CatNose
53083,CatMouth
53084,DogEye
53085,DogFace
53086,CatNose
53087,DogMouth
53088,CatMouth
53089,DogFace
53090,DogNose
53091,CatEye
53092,DogFace
53093,CatEye
53094,CatFace
53095,CatEye
53096,DogNose
53097,DogFace
53098,DogNose
53099,CatMouth
53100,DogMouth
53101,DogFace
53102,CatEye
53103,DogMouth
53104,DogFace
53105,CatMouth
53106,CatFace
53107,CatMouth
53108,CatFace
53109,CatMouth
53110,CatEye
53111,DogFace
53112,DogFace
53113,DogNose
53114,DogMouth
53115,CatFace
53116,DogNose
53117,DogNose
53118,CatNose
53119,CatMouth
53120,CatMouth
53121,CatEye
53122,DogMouth
53123,DogMouth
53124,DogFace
53125,CatEye
53126,CatFace
53127,DogEye
53128,DogEye
53129,CatNose
53130,CatEye
53131,DogEye
53132,DogEye
53133,CatNose
53134,CatNose
53135,DogNose
53136,CatNose
53137,CatEye
53138,CatEye
53139,DogEye
53140,CatEye
53141,DogMouth
53142,CatNose
53143,CatFace
53144,DogNose
53145,CatEye
53146,CatNose
53147,CatEye
53148,CatEye
53149,CatEye
53150,DogFace
53151,DogMouth
53152,CatEye
53153,DogNose
53154,DogMouth
53155,CatEye
53156,DogFace
53157,DogEye
53158,CatEye
53159,DogFace
53160,DogFace
53161,CatNose
53162,DogNose
53163,CatMouth
53164,CatEye
53165,CatMouth
53166,CatEye
53167,CatNose
53168,CatEye
53169,CatMouth
53170,CatEye
53171,CatNose
53172,DogEye
53173,CatEye
53174,CatEye
53175,DogFace
53176,DogFace
53177,CatFace
53178,CatMouth
53179,DogMouth
53180,DogFace
53181,CatMouth
53182,CatNose
53183,CatNose
53184,CatNose
53185,CatMouth
53186,DogNose
53187,DogNose
53188,CatMouth
53189,CatMouth
53190,CatFace
53191,DogMouth
53192,CatNose
53193,DogFace
53194,DogEye
53195,CatNose
53196,CatEye
53197,DogMouth
53198,DogMouth
53199,CatMouth
53200,CatFace
53201,DogNose
53202,CatEye
53203,CatMouth
53204,CatNose
53205,DogFace
53206,CatFace
53207,CatMouth
53208,CatFace
53209,CatNose
53210,DogMouth
53211,CatEye
53212,CatEye
53213,CatEye
53214,DogFace
53215,CatFace
53216,CatEye
53217,CatNose
53218,DogMouth
53219,CatNose
53220,DogNose
53221,DogEye
53222,DogEye
53223,CatNose
53224,DogNose
53225,CatMouth
53226,CatMouth
53227,DogEye
53228,DogNose
53229,CatFace
53230,CatNose
53231,DogNose
53232,DogEye
53233,DogMouth
53234,CatNose
53235,CatEye
53236,CatMouth
53237,CatFace
53238,CatEye
53239,DogEye
53240,CatNose
53241,DogFace
53242,CatFace
53243,CatFace
53244,CatMouth
53245,CatFace
53246,DogEye
53247,CatFace
53248,DogMouth
53249,DogEye
53250,CatFace
53251,CatEye
53252,DogFace
53253,DogFace
53254,DogEye
53255,CatEye
53256,CatMouth
53257,DogMouth
53258,CatNose
53259,DogEye
53260,CatEye
53261,DogMouth
53262,DogNose
53263,DogEye
53264,CatFace
53265,DogFace
53266,CatEye
53267,DogNose
53268,DogMouth
53269,CatEye
53270,CatMouth
53271,CatEye
53272,DogFace
53273,DogMouth
53274,DogFace
53275,DogMouth
53276,CatNose
53277,DogFace
53278,CatMouth
53279,CatEye
53280,DogEye
53281,DogFace
53282,DogNose
53283,DogEye
53284,CatEye
53285,CatFace
53286,CatNose
53287,CatNose
53288,CatEye
53289,DogEye
53290,DogEye
53291,DogMouth
53292,CatNose
53293,CatEye
53294,CatEye
53295,DogNose
53296,DogEye
53297,DogEye
53298,CatNose
53299,DogEye
53300,DogFace
53301,DogMouth
53302,CatEye
53303,CatEye
53304,CatFace
53305,CatFace
53306,CatFace
53307,CatMouth
53308,DogMouth
53309,CatEye
53310,DogEye
53311,CatEye
53312,CatNose
53313,CatNose
53314,CatNose
53315,CatMouth
53316,CatMouth
53317,DogFace
53318,DogEye
53319,CatMouth
53320,DogMouth
53321,CatNose
53322,CatEye
53323,DogMouth
53324,CatMouth
53325,CatFace
53326,CatEye
53327,DogEye
53328,DogFace
53329,DogNose
53330,DogFace
53331,DogEye
53332,DogEye
53333,DogNose
53334,DogEye
53335,DogMouth
53336,CatMouth
53337,CatEye
53338,CatFace
53339,CatMouth
53340,CatMouth
53341,CatEye
53342,DogFace
53343,CatEye
53344,CatEye
53345,CatEye
53346,CatNose
53347,DogEye
53348,CatNose
53349,CatFace
53350,CatMouth
53351,CatEye
53352,CatEye
53353,CatNose
53354,DogEye
53355,CatEye
53356,CatFace
53357,DogMouth
53358,CatEye
53359,DogNose
53360,CatEye
53361,CatEye
53362,CatEye
53363,DogNose
53364,CatFace
53365,DogEye
53366,DogEye
53367,DogFace
53368,DogEye
53369,CatEye
53370,CatMouth
53371,CatNose
53372,DogNose
53373,DogEye
53374,CatNose
53375,CatEye
53376,DogFace
53377,DogNose
53378,DogMouth
53379,CatEye
53380,DogEye
53381,DogEye
53382,CatNose
53383,CatEye
53384,CatEye
53385,DogEye
53386,DogMouth
53387,CatNose
53388,CatFace
53389,DogMouth
53390,CatNose
53391,CatFace
53392,CatEye
53393,CatMouth
53394,CatFace
53395,CatEye
53396,CatFace
53397,CatEye
53398,CatFace
53399,DogEye
53400,CatMouth
53401,DogEye
53402,CatEye
53403,DogEye
53404,CatEye
53405,DogFace
53406,CatNose
53407,DogNose
53408,CatFace
53409,DogMouth
53410,DogMouth
53411,DogFace
53412,DogNose
53413,DogNose
53414,DogEye
53415,CatEye
53416,CatMouth
53417,DogEye
53418,CatFace
53419,CatFace
53420,CatMouth
53421,DogMouth
53422,CatEye
53423,DogMouth
53424,DogNose
53425,DogFace
53426,CatFace
53427,CatFace
53428,DogEye
53429,CatEye
53430,DogEye
53431,DogEye
53432,CatEye
53433,CatEye
53434,CatNose
53435,CatEye
53436,DogEye
53437,DogFace
53438,CatMouth
53439,DogMouth
53440,DogEye
53441,CatNose
53442,CatNose
53443,CatNose
53444,DogMouth
53445,DogNose
53446,CatFace
53447,CatEye
53448,CatMouth
53449,CatFace
53450,CatEye
53451,DogFace
53452,DogNose
53453,CatEye
53454,DogNose
53455,DogFace
53456,DogFace
53457,CatFace
53458,CatMouth
53459,DogEye
53460,CatFace
53461,DogEye
53462,DogEye
53463,CatMouth
53464,DogFace
53465,CatFace
53466,CatFace
53467,DogMouth
53468,DogFace
53469,CatMouth
53470,CatEye
53471,DogEye
53472,CatMouth
53473,DogFace
53474,DogEye
53475,CatMouth
53476,CatFace
53477,DogEye
53478,CatEye
53479,CatNose
53480,DogFace
53481,CatEye
53482,DogNose
53483,CatEye
53484,CatNose
53485,CatEye
53486,CatEye
53487,DogNose
53488,DogNose
53489,DogEye
53490,CatEye
53491,CatNose
53492,DogMouth
53493,CatNose
53494,DogEye
53495,CatEye
53496,DogMouth
53497,DogNose
53498,DogEye
53499,CatMouth
53500,DogEye
53501,CatEye
53502,CatNose
53503,CatEye
53504,CatFace
53505,CatFace
53506,DogEye
53507,DogEye
53508,DogEye
53509,CatMouth
53510,DogNose
53511,CatEye
53512,CatFace
53513,CatNose
53514,CatNose
53515,CatEye
53516,DogEye
53517,DogNose
53518,CatMouth
53519,CatFace
53520,CatFace
53521,CatEye
53522,DogMouth
53523,CatEye
53524,CatEye
53525,DogFace
53526,CatEye
53527,CatEye
53528,DogNose
53529,DogFace
53530,CatFace
53531,CatMouth
53532,DogNose
53533,CatEye
53534,DogMouth
53535,CatNose
53536,DogFace
53537,CatFace
53538,DogNose
53539,CatNose
53540,CatEye
53541,DogFace
53542,DogFace
53543,DogEye
53544,CatEye
53545,DogMouth
53546,DogNose
53547,CatFace
53548,CatEye
53549,DogMouth
53550,DogEye
53551,DogFace
53552,CatEye
53553,CatEye
53554,CatMouth
53555,CatFace
53556,DogEye
53557,CatNose
53558,DogEye
53559,CatEye
53560,CatEye
53561,CatEye
53562,DogNose
53563,DogMouth
53564,CatEye
53565,CatMouth
53566,DogFace
53567,CatFace
53568,DogEye
53569,CatEye
53570,DogNose
53571,CatEye
53572,DogFace
53573,DogMouth
53574,CatMouth
53575,CatMouth
53576,CatEye
53577,CatNose
53578,DogEye
53579,CatEye
53580,DogNose
53581,CatFace
53582,DogNose
53583,DogEye
53584,CatNose
53585,DogFace
53586,CatEye
53587,DogEye
53588,DogFace
53589,DogEye
53590,DogFace
53591,DogNose
53592,CatEye
53593,CatMouth
53594,CatFace
53595,CatEye
53596,CatEye
53597,DogMouth
53598,DogEye
53599,CatEye
53600,CatMouth
53601,CatEye
53602,CatEye
53603,CatEye
53604,DogEye
53605,CatEye
53606,CatMouth
53607,DogMouth
53608,CatEye
53609,CatMouth
53610,CatFace
53611,CatMouth
53612,CatMouth
53613,DogFace
53614,CatEye
53615,DogEye
53616,CatEye
53617,DogNose
53618,CatNose
53619,DogEye
53620,DogFace
53621,DogMouth
53622,DogFace
53623,CatFace
53624,CatNose
53625,DogEye
53626,DogEye
53627,CatMouth
53628,CatMouth
53629,CatEye
53630,DogEye
53631,DogMouth
53632,DogEye
53633,DogFace
53634,DogMouth
53635,CatFace
53636,DogFace
53637,CatEye
53638,CatNose
53639,CatEye
53640,DogMouth
53641,CatEye
53642,CatEye
53643,CatEye
53644,CatMouth
53645,CatEye
53646,CatMouth
53647,CatEye
53648,CatEye
53649,DogFace
53650,DogEye
53651,CatFace
53652,DogNose
53653,DogEye
53654,DogEye
53655,DogNose
53656,DogMouth
53657,DogMouth
53658,DogEye
53659,CatMouth
53660,DogNose
53661,DogFace
53662,DogNose
53663,CatEye
53664,CatEye
53665,CatEye
53666,CatMouth
53667,CatMouth
53668,CatFace
53669,DogEye
53670,DogEye
53671,CatMouth
53672,CatEye
53673,CatEye
53674,CatFace
53675,DogMouth
53676,CatMouth
53677,CatMouth
53678,DogMouth
53679,CatEye
53680,DogNose
53681,DogMouth
53682,DogEye
53683,DogFace
53684,DogEye
53685,DogEye
53686,DogMouth
53687,CatMouth
53688,DogMouth
53689,CatFace
53690,CatNose
53691,DogFace
53692,DogEye
53693,DogMouth
53694,CatEye
53695,CatMouth
53696,CatEye
53697,DogEye
53698,DogEye
53699,DogEye
53700,CatNose
53701,CatMouth
53702,DogNose
53703,CatMouth
53704,DogNose
53705,CatEye
53706,DogMouth
53707,CatEye
53708,CatEye
53709,DogMouth
53710,CatNose
53711,CatEye
53712,DogNose
53713,CatEye
53714,CatFace
53715,CatEye
53716,CatEye
53717,CatNose
53718,CatEye
53719,CatEye
53720,CatMouth
53721,CatEye
53722,CatFace
53723,CatEye
53724,DogEye
53725,DogMouth
53726,CatEye
53727,DogMouth
53728,CatFace
53729,DogNose
53730,CatFace
53731,DogEye
53732,CatMouth
53733,CatFace
53734,CatMouth
53735,DogMouth
53736,DogNose
53737,CatEye
53738,DogMouth
53739,DogFace
53740,DogEye
53741,DogFace
53742,DogEye
53743,CatFace
53744,CatFace
53745,CatMouth
53746,CatEye
53747,CatFace
53748,DogEye
53749,CatNose
53750,CatEye
53751,CatEye
53752,CatEye
53753,CatMouth
53754,DogMouth
53755,CatEye
53756,CatFace
53757,CatMouth
53758,CatEye
53759,DogMouth
53760,DogFace
53761,CatEye
53762,DogFace
53763,CatEye
53764,CatNose
53765,DogMouth
53766,DogFace
53767,CatEye
53768,DogFace
53769,CatEye
53770,CatMouth
53771,DogEye
53772,DogMouth
53773,CatEye
53774,CatEye
53775,DogNose
53776,CatFace
53777,CatEye
53778,CatFace
53779,CatMouth
53780,DogFace
53781,CatNose
53782,CatNose
53783,DogEye
53784,CatFace
53785,CatNose
53786,DogNose
53787,CatEye
53788,CatNose
53789,DogEye
53790,CatEye
53791,DogMouth
53792,DogFace
53793,DogNose
53794,DogMouth
53795,DogNose
53796,DogEye
53797,DogMouth
53798,DogEye
53799,CatFace
53800,DogEye
53801,CatNose
53802,CatNose
53803,DogNose
53804,CatMouth
53805,CatEye
53806,CatMouth
53807,CatMouth
53808,CatEye
53809,CatMouth
53810,DogEye
53811,CatNose
53812,DogMouth
53813,DogMouth
53814,DogEye
53815,DogFace
53816,DogMouth
53817,DogNose
53818,DogFace
53819,CatEye
53820,DogEye
53821,DogFace
53822,CatEye
53823,CatEye
53824,DogNose
53825,DogMouth
53826,CatNose
53827,CatNose
53828,CatFace
53829,CatEye
53830,CatNose
53831,DogMouth
53832,DogEye
53833,DogMouth
53834,DogNose
53835,DogEye
53836,CatMouth
53837,CatMouth
53838,CatEye
53839,CatEye
53840,CatNose
53841,DogEye
53842,DogEye
53843,CatNose
53844,CatFace
53845,CatEye
53846,CatMouth
53847,CatFace
53848,CatEye
53849,CatEye
53850,DogNose
53851,CatMouth
53852,DogFace
53853,CatFace
53854,CatNose
53855,DogNose
53856,DogEye
53857,DogEye
53858,CatEye
53859,DogEye
53860,DogNose
53861,DogEye
53862,CatNose
53863,CatMouth
53864,CatMouth
53865,DogNose
53866,CatNose
53867,CatEye
53868,DogNose
53869,CatEye
53870,DogEye
53871,DogMouth
53872,CatEye
53873,CatNose
53874,CatMouth
53875,DogNose
53876,CatFace
53877,CatEye
53878,CatNose
53879,DogEye
53880,DogEye
53881,DogEye
53882,CatFace
53883,CatEye
53884,CatFace
53885,DogEye
53886,CatEye
53887,CatEye
53888,CatFace
53889,CatEye
53890,CatEye
53891,CatFace
53892,DogEye
53893,CatEye
53894,DogMouth
53895,CatFace
53896,DogEye
53897,CatFace
53898,DogNose
53899,CatNose
53900,CatFace
53901,CatFace
53902,CatEye
53903,CatEye
53904,CatMouth
53905,CatNose
53906,DogNose
53907,CatNose
53908,DogNose
53909,CatNose
53910,DogMouth
53911,CatNose
53912,CatFace
53913,DogFace
53914,DogMouth
53915,CatEye
53916,CatMouth
53917,CatMouth
53918,CatEye
53919,DogMouth
53920,CatFace
53921,DogFace
53922,DogNose
53923,DogEye
53924,CatMouth
53925,DogMouth
53926,DogEye
53927,DogFace
53928,DogEye
53929,CatMouth
53930,CatNose
53931,CatFace
53932,DogEye
53933,DogFace
53934,DogNose
53935,CatNose
53936,CatNose
53937,CatNose
53938,CatFace
53939,CatEye
53940,CatEye
53941,CatMouth
53942,DogMouth
53943,CatNose
53944,DogEye
53945,DogMouth
53946,DogFace
53947,CatEye
53948,DogEye
53949,CatFace
53950,CatFace
53951,DogNose
53952,CatEye
53953,CatMouth
53954,CatEye
53955,CatEye
53956,CatEye
53957,CatMouth
53958,DogNose
53959,DogFace
53960,DogMouth
53961,DogEye
53962,CatEye
53963,CatMouth
53964,DogFace
53965,DogEye
53966,CatFace
53967,DogMouth
53968,DogNose
53969,CatFace
53970,CatNose
53971,DogEye
53972,DogMouth
53973,CatEye
53974,DogMouth
53975,CatEye
53976,CatNose
53977,DogMouth
53978,DogMouth
53979,CatEye
53980,CatEye
53981,CatNose
53982,DogFace
53983,DogEye
53984,CatMouth
53985,DogNose
53986,CatMouth
53987,DogEye
53988,DogFace
53989,DogFace
53990,DogEye
53991,CatNose
53992,CatFace
53993,CatEye
53994,DogNose
53995,CatEye
53996,CatEye
53997,CatNose
53998,CatFace
53999,DogNose
54000,CatEye
54001,CatMouth
54002,CatMouth
54003,DogEye
54004,DogEye
54005,CatMouth
54006,CatMouth
54007,DogFace
54008,DogFace
54009,CatEye
54010,CatMouth
54011,CatEye
54012,DogEye
54013,CatFace
54014,DogEye
54015,CatEye
54016,DogNose
54017,CatEye
54018,DogEye
54019,CatMouth
54020,CatFace
54021,CatEye
54022,DogMouth
54023,DogFace
54024,CatNose
54025,CatEye
54026,DogEye
54027,CatFace
54028,DogNose
54029,CatEye
54030,CatEye
54031,DogNose
54032,DogMouth
54033,CatEye
54034,DogMouth
54035,CatEye
54036,CatMouth
54037,CatEye
54038,CatNose
54039,CatEye
54040,CatMouth
54041,CatFace
54042,CatMouth
54043,CatNose
54044,CatMouth
54045,CatFace
54046,DogMouth
54047,DogMouth
54048,CatNose
54049,CatMouth
54050,DogEye
54051,DogEye
54052,CatNose
54053,CatNose
54054,DogEye
54055,DogNose
54056,DogNose
54057,DogEye
54058,CatNose
54059,CatFace
54060,DogNose
54061,DogFace
54062,CatFace
54063,CatNose
54064,DogEye
54065,DogEye
54066,CatFace
54067,CatEye
54068,CatFace
54069,DogFace
54070,DogMouth
54071,DogFace
54072,DogMouth
54073,CatNose
54074,CatFace
54075,CatEye
54076,CatEye
54077,CatFace
54078,DogFace
54079,DogEye
54080,DogFace
54081,DogEye
54082,CatEye
54083,DogFace
54084,CatFace
54085,DogEye
54086,CatEye
54087,DogNose
54088,DogFace
54089,DogMouth
54090,DogEye
54091,CatEye
54092,DogFace
54093,CatEye
54094,CatEye
54095,CatNose
54096,CatFace
54097,CatEye
54098,CatEye
54099,CatMouth
54100,DogEye
54101,CatNose
54102,DogMouth
54103,CatFace
54104,DogEye
54105,CatNose
54106,DogEye
54107,CatFace
54108,DogEye
54109,DogNose
54110,DogNose
54111,DogMouth
54112,DogEye
54113,CatNose
54114,CatEye
54115,CatFace
54116,CatEye
54117,DogEye
54118,CatNose
54119,DogEye
54120,CatMouth
54121,CatNose
54122,CatNose
54123,CatFace
54124,DogNose
54125,CatMouth
54126,CatMouth
54127,CatEye
54128,DogMouth
54129,DogEye
54130,DogEye
54131,DogEye
54132,CatEye
54133,CatEye
54134,CatEye
54135,DogEye
54136,DogEye
54137,DogMouth
54138,CatFace
54139,CatMouth
54140,CatFace
54141,CatFace
54142,CatMouth
54143,CatNose
54144,CatEye
54145,CatMouth
54146,CatNose
54147,CatNose
54148,DogEye
54149,CatEye
54150,DogFace
54151,CatMouth
54152,DogFace
54153,CatFace
54154,CatMouth
54155,DogMouth
54156,CatMouth
54157,DogEye
54158,CatFace
54159,CatFace
54160,CatEye
54161,DogMouth
54162,CatFace
54163,CatNose
54164,DogNose
54165,DogMouth
54166,DogMouth
54167,DogMouth
54168,CatFace
54169,DogNose
54170,DogMouth
54171,DogNose
54172,CatNose
54173,DogMouth
54174,CatMouth
54175,CatNose
54176,CatEye
54177,DogNose
54178,CatEye
54179,DogEye
54180,DogEye
54181,DogEye
54182,CatMouth
54183,DogEye
54184,DogFace
54185,DogEye
54186,DogEye
54187,DogFace
54188,CatMouth
54189,CatMouth
54190,CatMouth
54191,CatMouth
54192,CatFace
54193,CatEye
54194,CatEye
54195,CatEye
54196,DogEye
54197,CatMouth
54198,DogFace
54199,DogEye
54200,CatMouth
54201,DogFace
54202,CatNose
54203,CatEye
54204,DogEye
54205,DogNose
54206,CatNose
54207,CatEye
54208,DogMouth
54209,CatNose
54210,DogMouth
54211,CatNose
54212,DogEye
54213,CatNose
54214,CatNose
54215,DogEye
54216,CatNose
54217,DogFace
54218,CatEye
54219,DogMouth
54220,CatEye
54221,CatNose
54222,CatEye
54223,CatFace
54224,CatEye
54225,DogNose
54226,DogMouth
54227,DogFace
54228,CatEye
54229,CatFace
54230,CatNose
54231,CatNose
54232,DogEye
54233,DogMouth
54234,DogFace
54235,CatFace
54236,CatFace
54237,CatNose
54238,CatFace
54239,DogEye
54240,DogNose
54241,DogMouth
54242,CatFace
54243,CatEye
54244,CatNose
54245,CatEye
54246,CatEye
54247,DogNose
54248,CatNose
54249,DogEye
54250,CatEye
54251,CatFace
54252,CatEye
54253,CatEye
54254,DogFace
54255,CatFace
54256,DogEye
54257,DogEye
54258,DogEye
54259,CatEye
54260,CatNose
54261,CatFace
54262,DogNose
54263,CatMouth
54264,CatEye
54265,DogEye
54266,DogEye
54267,DogEye
54268,DogFace
54269,CatMouth
54270,CatNose
54271,DogNose
54272,CatEye
54273,CatMouth
54274,CatNose
54275,DogEye
54276,DogEye
54277,DogNose
54278,DogNose
54279,CatMouth
54280,CatFace
54281,CatEye
54282,DogEye
54283,DogNose
54284,CatFace
54285,CatFace
54286,DogEye
54287,DogEye
54288,DogFace
54289,CatMouth
54290,DogEye
54291,DogMouth
54292,CatFace
54293,DogMouth
54294,DogNose
54295,CatEye
54296,CatEye
54297,DogEye
54298,DogFace
54299,CatNose
54300,CatEye
54301,DogFace
54302,CatMouth
54303,DogEye
54304,DogFace
54305,DogFace
54306,DogNose
54307,CatEye
54308,DogMouth
54309,DogEye
54310,CatFace
54311,CatEye
54312,DogNose
54313,CatFace
54314,DogEye
54315,DogEye
54316,DogFace
54317,DogNose
54318,CatEye
54319,DogEye
54320,DogEye
54321,CatMouth
54322,CatNose
54323,CatMouth
54324,CatMouth
54325,DogNose
54326,DogEye
54327,DogEye
54328,CatMouth
54329,CatEye
54330,CatMouth
54331,CatFace
54332,DogEye
54333,DogMouth
54334,CatMouth
54335,CatEye
54336,CatEye
54337,CatEye
54338,CatEye
54339,DogEye
54340,CatMouth
54341,DogEye
54342,CatFace
54343,DogFace
54344,DogEye
54345,CatEye
54346,DogEye
54347,DogMouth
54348,CatEye
54349,CatEye
54350,CatEye
54351,CatNose
54352,DogFace
54353,DogEye
54354,CatEye
54355,CatNose
54356,DogEye
54357,CatMouth
54358,CatMouth
54359,DogFace
54360,CatEye
54361,DogNose
54362,CatEye
54363,CatEye
54364,CatEye
54365,DogNose
54366,CatEye
54367,DogFace
54368,CatEye
54369,CatEye
54370,DogEye
54371,CatEye
54372,CatEye
54373,CatFace
54374,DogEye
54375,CatEye
54376,CatEye
54377,CatFace
54378,DogNose
54379,DogEye
54380,DogMouth
54381,CatNose
54382,CatNose
54383,CatFace
54384,CatFace
54385,DogMouth
54386,DogFace
54387,CatNose
54388,CatFace
54389,DogEye
54390,CatNose
54391,CatEye
54392,CatEye
54393,DogEye
54394,CatFace
54395,DogMouth
54396,DogEye
54397,CatFace
54398,CatNose
54399,CatMouth
54400,DogMouth
54401,DogNose
54402,CatNose
54403,CatNose
54404,DogNose
54405,DogMouth
54406,CatEye
54407,DogEye
54408,CatEye
54409,DogEye
54410,CatFace
54411,CatEye
54412,DogNose
54413,DogNose
54414,DogNose
54415,DogEye
54416,CatEye
54417,CatFace
54418,CatEye
54419,DogEye
54420,CatMouth
54421,CatEye
54422,DogNose
54423,CatFace
54424,DogEye
54425,CatEye
54426,DogNose
54427,CatFace
54428,DogEye
54429,CatMouth
54430,CatFace
54431,CatMouth
54432,DogFace
54433,DogMouth
54434,CatEye
54435,CatNose
54436,CatNose
54437,CatEye
54438,DogEye
54439,DogEye
54440,DogEye
54441,DogFace
54442,CatEye
54443,CatEye
54444,CatNose
54445,CatEye
54446,CatNose
54447,CatFace
54448,CatMouth
54449,DogMouth
54450,CatFace
54451,DogNose
54452,CatFace
54453,DogNose
54454,CatFace
54455,DogMouth
54456,CatMouth
54457,CatEye
54458,CatEye
54459,DogEye
54460,DogEye
54461,DogEye
54462,CatNose
54463,CatFace
54464,DogMouth
54465,CatEye
54466,DogNose
54467,CatEye
54468,CatNose
54469,CatEye
54470,DogMouth
54471,DogNose
54472,DogFace
54473,CatEye
54474,CatEye
54475,DogMouth
54476,DogEye
54477,DogEye
54478,DogNose
54479,CatFace
54480,DogEye
54481,CatFace
54482,CatFace
54483,DogNose
54484,DogNose
54485,DogFace
54486,DogNose
54487,DogMouth
54488,DogMouth
54489,DogEye
54490,CatFace
54491,CatEye
54492,DogNose
54493,CatMouth
54494,CatNose
54495,DogMouth
54496,DogEye
54497,CatMouth
54498,DogNose
54499,DogEye
54500,DogNose
54501,DogMouth
54502,CatNose
54503,CatMouth
54504,DogEye
54505,CatFace
54506,CatNose
54507,CatFace
54508,DogMouth
54509,CatMouth
54510,DogNose
54511,DogNose
54512,DogEye
54513,CatNose
54514,DogEye
54515,DogNose
54516,CatEye
54517,DogEye
54518,CatMouth
54519,DogEye
54520,DogNose
54521,DogNose
54522,CatFace
54523,DogEye
54524,DogMouth
54525,CatMouth
54526,CatEye
54527,CatFace
54528,CatEye
54529,DogFace
54530,CatFace
54531,CatNose
54532,CatFace
54533,DogNose
54534,CatEye
54535,CatMouth
54536,DogFace
54537,CatNose
54538,CatMouth
54539,CatFace
54540,CatFace
54541,CatEye
54542,DogMouth
54543,CatEye
54544,CatEye
54545,CatEye
54546,CatEye
54547,DogMouth
54548,CatEye
54549,CatNose
54550,DogEye
54551,DogFace
54552,CatEye
54553,CatEye
54554,CatEye
54555,DogEye
54556,CatEye
54557,DogNose
54558,CatEye
54559,DogNose
54560,DogEye
54561,DogNose
54562,DogFace
54563,CatEye
54564,DogMouth
54565,DogEye
54566,CatFace
54567,CatEye
54568,CatFace
54569,CatNose
54570,DogFace
54571,DogFace
54572,DogFace
54573,CatMouth
54574,CatEye
54575,CatFace
54576,DogEye
54577,DogEye
54578,DogFace
54579,CatMouth
54580,CatFace
54581,DogEye
54582,DogEye
54583,CatEye
54584,DogEye
54585,DogMouth
54586,CatNose
54587,DogEye
54588,DogFace
54589,DogNose
54590,DogMouth
54591,DogFace
54592,CatEye
54593,CatMouth
54594,DogEye
54595,DogEye
54596,CatNose
54597,DogNose
54598,DogMouth
54599,DogFace
54600,CatEye
54601,CatNose
54602,CatEye
54603,CatFace
54604,CatNose
54605,DogFace
54606,DogEye
54607,DogMouth
54608,CatEye
54609,CatMouth
54610,CatFace
54611,CatFace
54612,CatEye
54613,DogEye
54614,DogEye
54615,CatMouth
54616,CatNose
54617,DogFace
54618,DogMouth
54619,CatEye
54620,DogEye
54621,CatMouth
54622,CatMouth
54623,CatFace
54624,DogEye
54625,DogFace
54626,CatEye
54627,CatFace
54628,DogMouth
54629,CatEye
54630,DogNose
54631,DogFace
54632,DogNose
54633,CatMouth
54634,DogMouth
54635,DogEye
54636,CatNose
54637,DogNose
54638,DogMouth
54639,DogFace
54640,DogFace
54641,CatMouth
54642,CatNose
54643,DogEye
54644,CatEye
54645,CatEye
54646,CatEye
54647,CatFace
54648,DogEye
54649,CatNose
54650,CatNose
54651,CatEye
54652,DogEye
54653,CatEye
54654,DogNose
54655,CatNose
54656,CatEye
54657,DogFace
54658,DogEye
54659,CatEye
54660,CatEye
54661,CatFace
54662,DogNose
54663,CatEye
54664,CatEye
54665,DogFace
54666,CatEye
54667,CatMouth
54668,DogNose
54669,CatEye
54670,DogEye
54671,DogMouth
54672,CatFace
54673,CatFace
54674,DogEye
54675,CatEye
54676,CatNose
54677,CatNose
54678,CatFace
54679,CatEye
54680,DogEye
54681,DogFace
54682,CatEye
54683,DogEye
54684,CatFace
54685,CatEye
54686,DogMouth
54687,CatFace
54688,CatEye
54689,CatEye
54690,CatNose
54691,DogFace
54692,CatNose
54693,DogEye
54694,DogFace
54695,CatMouth
54696,DogNose
54697,DogFace
54698,CatFace
54699,DogEye
54700,DogEye
54701,CatEye
54702,DogMouth
54703,DogMouth
54704,DogMouth
54705,DogNose
54706,CatEye
54707,CatMouth
54708,CatNose
54709,CatFace
54710,DogMouth
54711,CatFace
54712,DogEye
54713,DogEye
54714,CatMouth
54715,CatEye
54716,DogFace
54717,CatEye
54718,CatMouth
54719,DogEye
54720,DogFace
54721,CatFace
54722,CatMouth
54723,DogFace
54724,CatEye
54725,DogFace
54726,DogEye
54727,CatFace
54728,CatMouth
54729,DogEye
54730,DogFace
54731,DogEye
54732,DogEye
54733,DogFace
54734,CatEye
54735,DogEye
54736,CatFace
54737,CatEye
54738,CatNose
54739,CatMouth
54740,DogEye
54741,DogNose
54742,CatEye
54743,CatNose
54744,CatMouth
54745,DogMouth
54746,CatEye
54747,DogMouth
54748,CatMouth
54749,CatEye
54750,CatMouth
54751,CatFace
54752,CatEye
54753,CatMouth
54754,DogEye
54755,CatMouth
54756,DogMouth
54757,DogMouth
54758,DogMouth
54759,DogNose
54760,DogFace
54761,DogEye
54762,CatFace
54763,CatEye
54764,DogMouth
54765,DogEye
54766,CatEye
54767,DogMouth
54768,CatEye
54769,DogNose
54770,DogEye
54771,CatEye
54772,CatEye
54773,CatEye
54774,DogFace
54775,CatNose
54776,DogEye
54777,CatEye
54778,DogNose
54779,CatMouth
54780,CatFace
54781,DogFace
54782,CatEye
54783,CatNose
54784,CatNose
54785,DogEye
54786,DogNose
54787,DogMouth
54788,DogMouth
54789,CatEye
54790,CatEye
54791,DogNose
54792,DogEye
54793,CatEye
54794,CatMouth
54795,DogMouth
54796,DogEye
54797,CatNose
54798,CatMouth
54799,DogEye
54800,CatFace
54801,DogFace
54802,CatEye
54803,DogMouth
54804,CatEye
54805,CatFace
54806,DogNose
54807,CatEye
54808,CatEye
54809,DogMouth
54810,CatNose
54811,CatEye
54812,DogEye
54813,DogMouth
54814,CatFace
54815,CatEye
54816,DogEye
54817,DogNose
54818,CatEye
54819,CatNose
54820,CatNose
54821,CatEye
54822,CatEye
54823,CatMouth
54824,DogNose
54825,DogEye
54826,DogMouth
54827,DogNose
54828,CatEye
54829,CatEye
54830,CatMouth
54831,CatFace
54832,DogFace
54833,CatEye
54834,CatEye
54835,DogEye
54836,DogMouth
54837,DogMouth
54838,CatEye
54839,DogEye
54840,DogEye
54841,DogFace
54842,DogEye
54843,CatEye
54844,CatNose
54845,DogMouth
54846,DogEye
54847,DogEye
54848,CatEye
54849,CatNose
54850,DogEye
54851,DogEye
54852,CatFace
54853,DogFace
54854,DogFace
54855,DogEye
54856,CatMouth
54857,CatEye
54858,CatEye
54859,CatNose
54860,CatEye
54861,DogEye
54862,DogFace
54863,DogFace
54864,CatMouth
54865,DogEye
54866,CatEye
54867,DogFace
54868,CatNose
54869,CatNose
54870,CatFace
54871,CatMouth
54872,CatFace
54873,CatMouth
54874,CatNose
54875,DogNose
54876,DogMouth
54877,CatEye
54878,CatEye
54879,DogFace
54880,CatMouth
54881,CatNose
54882,DogEye
54883,CatEye
54884,DogEye
54885,CatFace
54886,DogNose
54887,CatEye
54888,CatEye
54889,CatFace
54890,DogNose
54891,CatMouth
54892,CatNose
54893,DogFace
54894,CatMouth
54895,DogEye
54896,DogNose
54897,CatNose
54898,DogNose
54899,DogFace
54900,DogEye
54901,DogEye
54902,CatEye
54903,DogMouth
54904,CatNose
54905,DogFace
54906,DogMouth
54907,CatMouth
54908,DogNose
54909,CatEye
54910,DogEye
54911,DogEye
54912,CatEye
54913,CatMouth
54914,DogFace
54915,CatMouth
54916,CatFace
54917,DogNose
54918,CatFace
54919,CatEye
54920,CatEye
54921,CatMouth
54922,CatEye
54923,DogNose
54924,DogEye
54925,DogEye
54926,CatEye
54927,DogNose
54928,CatEye
54929,DogMouth
54930,DogEye
54931,DogFace
54932,CatMouth
54933,DogEye
54934,CatMouth
54935,CatMouth
54936,CatEye
54937,CatEye
54938,CatEye
54939,CatEye
54940,CatMouth
54941,CatFace
54942,DogNose
54943,DogEye
54944,DogEye
54945,DogEye
54946,CatEye
54947,DogEye
54948,CatFace
54949,DogEye
54950,DogFace
54951,DogFace
54952,DogNose
54953,CatMouth
54954,DogMouth
54955,CatFace
54956,DogMouth
54957,CatNose
54958,DogFace
54959,DogFace
54960,DogEye
54961,CatFace
54962,DogFace
54963,DogMouth
54964,CatFace
54965,DogEye
54966,DogEye
54967,CatEye
54968,CatNose
54969,CatMouth
54970,DogEye
54971,DogFace
54972,CatEye
54973,CatNose
54974,DogNose
54975,CatFace
54976,CatMouth
54977,DogFace
54978,CatNose
54979,DogEye
54980,CatEye
54981,DogNose
54982,CatEye
54983,CatMouth
54984,DogEye
54985,DogMouth
54986,CatEye
54987,CatEye
54988,DogEye
54989,DogFace
54990,DogEye
54991,CatMouth
54992,DogEye
54993,CatNose
54994,CatMouth
54995,CatNose
54996,CatFace
54997,DogFace
54998,CatNose
54999,DogMouth
55000,CatMouth
55001,CatEye
55002,CatMouth
55003,CatNose
55004,CatNose
55005,DogEye
55006,DogNose
55007,CatNose
55008,CatFace
55009,DogMouth
55010,DogEye
55011,CatEye
55012,DogFace
55013,DogMouth
55014,CatNose
55015,CatMouth
55016,CatEye
55017,CatEye
55018,DogFace
55019,DogEye
55020,DogFace
55021,DogFace
55022,DogFace
55023,CatFace
55024,CatEye
55025,DogMouth
55026,DogEye
55027,CatNose
55028,CatMouth
55029,DogEye
55030,DogFace
55031,DogEye
55032,DogEye
55033,CatFace
55034,CatEye
55035,CatMouth
55036,DogNose
55037,CatFace
55038,CatFace
55039,CatEye
55040,CatFace
55041,DogEye
55042,CatMouth
55043,CatMouth
55044,DogNose
55045,DogNose
55046,DogEye
55047,CatFace
55048,DogFace
55049,DogMouth
55050,CatEye
55051,CatNose
55052,CatEye
55053,CatFace
55054,DogEye
55055,DogEye
55056,CatFace
55057,DogEye
55058,CatMouth
55059,DogEye
55060,DogEye
55061,CatEye
55062,CatEye
55063,CatEye
55064,DogNose
55065,CatMouth
55066,DogNose
55067,CatNose
55068,CatFace
55069,CatFace
55070,CatFace
55071,CatEye
55072,DogFace
55073,CatEye
55074,DogMouth
55075,CatFace
55076,CatMouth
55077,DogMouth
55078,CatEye
55079,DogEye
55080,DogMouth
55081,CatEye
55082,DogFace
55083,CatEye
55084,DogEye
55085,CatMouth
55086,DogEye
55087,CatMouth
55088,DogMouth
55089,DogEye
55090,CatFace
55091,DogMouth
55092,DogMouth
55093,DogMouth
55094,CatEye
55095,DogEye
55096,CatNose
55097,CatEye
55098,CatNose
55099,CatFace
55100,CatMouth
55101,DogEye
55102,CatFace
55103,CatEye
55104,CatNose
55105,CatEye
55106,CatNose
55107,CatNose
55108,CatNose
55109,CatEye
55110,CatFace
55111,CatNose
55112,DogMouth
55113,DogMouth
55114,DogEye
55115,CatMouth
55116,CatMouth
55117,CatEye
55118,CatMouth
55119,DogEye
55120,CatEye
55121,CatEye
55122,DogEye
55123,CatEye
55124,DogEye
55125,DogEye
55126,CatEye
55127,CatFace
55128,DogMouth
55129,CatMouth
55130,DogFace
55131,DogEye
55132,DogNose
55133,CatFace
55134,CatFace
55135,DogEye
55136,DogEye
55137,DogFace
55138,CatNose
55139,CatFace
55140,CatMouth
55141,DogMouth
55142,DogEye
55143,CatMouth
55144,CatEye
55145,CatEye
55146,DogNose
55147,CatEye
55148,CatNose
55149,CatEye
55150,CatEye
55151,DogEye
55152,CatMouth
55153,DogEye
55154,CatFace
55155,CatNose
55156,DogFace
55157,DogNose
55158,DogEye
55159,CatMouth
55160,CatMouth
55161,CatEye
55162,CatEye
55163,CatFace
55164,DogNose
55165,CatFace
55166,CatEye
55167,CatNose
55168,DogFace
55169,DogFace
55170,DogMouth
55171,CatFace
55172,CatFace
55173,DogEye
55174,CatEye
55175,CatNose
55176,DogMouth
55177,DogMouth
55178,DogEye
55179,DogMouth
55180,DogEye
55181,CatEye
55182,CatNose
55183,CatNose
55184,DogEye
55185,CatNose
55186,DogFace
55187,DogMouth
55188,CatEye
55189,CatNose
55190,DogEye
55191,DogNose
55192,DogFace
55193,DogEye
55194,DogNose
55195,DogNose
55196,CatMouth
55197,CatEye
55198,DogEye
55199,DogEye
55200,DogMouth
55201,DogMouth
55202,CatEye
55203,CatEye
55204,DogFace
55205,CatFace
55206,CatEye
55207,CatNose
55208,CatEye
55209,DogFace
55210,CatFace
55211,CatEye
55212,CatNose
55213,DogEye
55214,CatEye
55215,DogFace
55216,DogMouth
55217,CatMouth
55218,CatEye
55219,DogEye
55220,CatNose
55221,DogFace
55222,CatFace
55223,CatEye
55224,DogMouth
55225,CatFace
55226,CatFace
55227,DogFace
55228,DogMouth
55229,CatEye
55230,DogNose
55231,CatMouth
55232,DogNose
55233,DogFace
55234,CatNose
55235,CatNose
55236,DogFace
55237,CatFace
55238,CatEye
55239,DogMouth
55240,DogFace
55241,DogEye
55242,CatNose
55243,CatNose
55244,CatMouth
55245,DogEye
55246,CatEye
55247,CatMouth
55248,DogMouth
55249,DogEye
55250,CatNose
55251,DogEye
55252,CatMouth
55253,DogFace
55254,CatNose
55255,CatEye
55256,DogEye
55257,CatEye
55258,DogMouth
55259,CatNose
55260,DogMouth
55261,DogEye
55262,CatMouth
55263,CatNose
55264,CatEye
55265,DogNose
55266,DogEye
55267,CatEye
55268,DogNose
55269,DogEye
55270,CatFace
55271,CatEye
55272,CatEye
55273,CatEye
55274,CatEye
55275,CatNose
55276,CatEye
55277,DogMouth
55278,DogEye
55279,CatNose
55280,CatNose
55281,DogFace
55282,CatEye
55283,CatEye
55284,DogNose
55285,DogEye
55286,CatFace
55287,CatFace
55288,CatEye
55289,DogMouth
55290,DogNose
55291,CatEye
55292,CatEye
55293,CatMouth
55294,CatEye
55295,CatMouth
55296,DogEye
55297,CatEye
55298,CatNose
55299,DogMouth
55300,DogNose
55301,CatNose
55302,DogFace
55303,CatEye
55304,DogMouth
55305,CatMouth
55306,CatEye
55307,CatMouth
55308,CatEye
55309,CatEye
55310,CatMouth
55311,DogEye
55312,DogEye
55313,CatMouth
55314,DogMouth
55315,CatEye
55316,DogEye
55317,DogEye
55318,DogEye
55319,CatEye
55320,DogMouth
55321,DogFace
55322,DogFace
55323,CatFace
55324,DogNose
55325,DogNose
55326,CatNose
55327,DogMouth
55328,DogNose
55329,DogNose
55330,CatMouth
55331,CatNose
55332,CatEye
55333,CatNose
55334,CatFace
55335,DogMouth
55336,DogMouth
55337,DogMouth
55338,CatFace
55339,CatNose
55340,DogFace
55341,CatFace
55342,DogFace
55343,CatEye
55344,DogMouth
55345,DogEye
55346,DogMouth
55347,DogFace
55348,DogFace
55349,CatNose
55350,CatNose
55351,CatFace
55352,DogFace
55353,DogEye
55354,CatMouth
55355,CatMouth
55356,DogMouth
55357,CatMouth
55358,DogEye
55359,CatEye
55360,CatMouth
55361,DogMouth
55362,DogEye
55363,DogMouth
55364,DogMouth
55365,DogMouth
55366,DogFace
55367,CatMouth
55368,CatEye
55369,CatFace
55370,DogEye
55371,CatEye
55372,CatFace
55373,CatEye
55374,DogFace
55375,DogNose
55376,CatMouth
55377,DogEye
55378,CatMouth
55379,CatEye
55380,DogEye
55381,CatFace
55382,CatNose
55383,CatNose
55384,DogNose
55385,CatEye
55386,DogEye
55387,CatEye
55388,CatEye
55389,CatFace
55390,DogNose
55391,CatEye
55392,CatNose
55393,DogNose
55394,DogEye
55395,DogEye
55396,CatEye
55397,DogFace
55398,DogEye
55399,CatMouth
55400,DogFace
55401,CatMouth
55402,CatEye
55403,DogEye
55404,CatEye
55405,CatMouth
55406,DogEye
55407,CatEye
55408,CatEye
55409,DogNose
55410,CatMouth
55411,CatEye
55412,CatEye
55413,CatNose
55414,DogEye
55415,DogFace
55416,CatMouth
55417,CatNose
55418,CatFace
55419,CatMouth
55420,CatEye
55421,DogFace
55422,DogEye
55423,DogNose
55424,DogNose
55425,CatFace
55426,DogEye
55427,DogEye
55428,CatFace
55429,CatNose
55430,CatFace
55431,DogEye
55432,DogFace
55433,CatFace
55434,DogEye
55435,DogFace
55436,DogEye
55437,CatEye
55438,DogEye
55439,CatNose
55440,CatEye
55441,CatFace
55442,DogMouth
55443,DogEye
55444,CatFace
55445,CatMouth
55446,CatEye
55447,DogEye
55448,DogEye
55449,CatFace
55450,DogMouth
55451,CatEye
55452,CatEye
55453,CatMouth
55454,CatEye
55455,CatNose
55456,DogEye
55457,DogNose
55458,DogEye
55459,DogMouth
55460,DogNose
55461,DogNose
55462,CatNose
55463,DogEye
55464,CatNose
55465,DogEye
55466,DogFace
55467,CatMouth
55468,DogFace
55469,CatEye
55470,DogNose
55471,CatMouth
55472,CatNose
55473,DogNose
55474,DogFace
55475,CatMouth
55476,CatEye
55477,CatMouth
55478,CatFace
55479,CatMouth
55480,CatEye
55481,DogFace
55482,CatFace
55483,CatNose
55484,DogEye
55485,CatFace
55486,CatEye
55487,CatNose
55488,CatMouth
55489,DogEye
55490,DogFace
55491,CatMouth
55492,CatEye
55493,DogEye
55494,DogNose
55495,CatFace
55496,DogEye
55497,DogFace
55498,CatEye
55499,DogFace
55500,CatFace
55501,DogMouth
55502,DogEye
55503,DogEye
55504,CatEye
55505,CatEye
55506,DogMouth
55507,CatMouth
55508,DogNose
55509,CatNose
55510,CatEye
55511,CatMouth
55512,DogEye
55513,CatMouth
55514,CatNose
55515,DogEye
55516,CatNose
55517,CatEye
55518,CatNose
55519,CatEye
55520,CatFace
55521,DogFace
55522,DogMouth
55523,DogMouth
55524,DogEye
55525,DogNose
55526,DogNose
55527,DogMouth
55528,DogNose
55529,CatFace
55530,DogFace
55531,CatEye
55532,DogEye
55533,DogNose
55534,CatEye
55535,DogFace
55536,DogEye
55537,DogNose
55538,DogEye
55539,CatMouth
55540,DogEye
55541,DogMouth
55542,CatEye
55543,DogEye
55544,DogEye
55545,CatEye
55546,CatMouth
55547,CatMouth
55548,DogMouth
55549,CatEye
55550,CatEye
55551,CatEye
55552,DogNose
55553,CatMouth
55554,DogEye
55555,DogMouth
55556,CatMouth
55557,CatNose
55558,CatMouth
55559,CatEye
55560,CatEye
55561,CatFace
55562,CatFace
55563,DogEye
55564,CatMouth
55565,DogEye
55566,CatMouth
55567,CatNose
55568,CatEye
55569,CatFace
55570,CatEye
55571,CatMouth
55572,CatFace
55573,CatEye
55574,CatMouth
55575,CatMouth
55576,CatNose
55577,DogEye
55578,CatNose
55579,CatEye
55580,CatMouth
55581,DogFace
55582,DogEye
55583,CatMouth
55584,CatEye
55585,DogEye
55586,CatEye
55587,CatMouth
55588,CatEye
55589,DogMouth
55590,DogEye
55591,CatEye
55592,DogEye
55593,DogFace
55594,CatEye
55595,DogMouth
55596,CatEye
55597,CatMouth
55598,CatEye
55599,CatEye
55600,DogMouth
55601,DogMouth
55602,CatNose
55603,DogEye
55604,CatFace
55605,DogFace
55606,CatEye
55607,DogFace
55608,CatMouth
55609,DogFace
55610,CatEye
55611,CatEye
55612,CatEye
55613,DogNose
55614,DogEye
55615,CatMouth
55616,DogFace
55617,DogNose
55618,DogMouth
55619,DogMouth
55620,DogEye
55621,DogNose
55622,CatFace
55623,CatNose
55624,DogEye
55625,CatNose
55626,DogNose
55627,CatMouth
55628,DogEye
55629,CatMouth
55630,DogEye
55631,DogEye
55632,CatEye
55633,CatFace
55634,DogEye
55635,CatMouth
55636,DogMouth
55637,DogEye
55638,CatMouth
55639,CatNose
55640,DogNose
55641,DogFace
55642,CatEye
55643,CatEye
55644,CatEye
55645,DogNose
55646,CatNose
55647,CatFace
55648,CatNose
55649,CatMouth
55650,CatEye
55651,CatFace
55652,DogNose
55653,DogMouth
55654,DogFace
55655,CatNose
55656,DogMouth
55657,CatNose
55658,CatEye
55659,DogNose
55660,CatMouth
55661,DogFace
55662,DogMouth
55663,CatEye
55664,DogMouth
55665,DogMouth
55666,CatEye
55667,CatEye
55668,DogMouth
55669,DogNose
55670,DogMouth
55671,DogFace
55672,CatNose
55673,CatEye
55674,CatFace
55675,CatNose
55676,CatEye
55677,DogFace
55678,DogNose
55679,CatMouth
55680,CatMouth
55681,DogNose
55682,CatNose
55683,CatMouth
55684,CatEye
55685,CatEye
55686,CatNose
55687,CatEye
55688,CatEye
55689,DogFace
55690,CatFace
55691,CatMouth
55692,CatEye
55693,DogMouth
55694,DogFace
55695,CatEye
55696,DogFace
55697,DogFace
55698,CatFace
55699,DogFace
55700,DogFace
55701,DogNose
55702,CatNose
55703,CatEye
55704,CatEye
55705,DogEye
55706,DogEye
55707,CatFace
55708,CatEye
55709,CatNose
55710,CatFace
55711,DogEye
55712,CatEye
55713,DogEye
55714,DogEye
55715,CatEye
55716,CatMouth
55717,CatMouth
55718,DogFace
55719,DogNose
55720,DogMouth
55721,CatEye
55722,DogNose
55723,CatMouth
55724,CatMouth
55725,CatNose
55726,CatNose
55727,CatFace
55728,CatMouth
55729,CatEye
55730,CatFace
55731,DogEye
55732,CatFace
55733,DogNose
55734,DogEye
55735,CatEye
55736,DogEye
55737,CatNose
55738,DogFace
55739,DogNose
55740,DogEye
55741,DogMouth
55742,CatFace
55743,DogNose
55744,CatMouth
55745,CatMouth
55746,DogNose
55747,DogEye
55748,CatFace
55749,CatNose
55750,CatEye
55751,CatNose
55752,DogNose
55753,CatEye
55754,CatMouth
55755,CatEye
55756,DogEye
55757,CatEye
55758,CatEye
55759,DogFace
55760,CatEye
55761,DogEye
55762,DogMouth
55763,DogFace
55764,CatFace
55765,CatEye
55766,DogEye
55767,DogEye
55768,DogEye
55769,DogEye
55770,CatMouth
55771,DogEye
55772,DogEye
55773,CatMouth
55774,DogFace
55775,DogMouth
55776,CatMouth
55777,CatFace
55778,CatEye
55779,CatEye
55780,CatMouth
55781,CatEye
55782,DogMouth
55783,CatFace
55784,DogFace
55785,CatEye
55786,DogEye
55787,DogFace
55788,CatEye
55789,CatEye
55790,CatEye
55791,DogNose
55792,CatEye
55793,CatMouth
55794,DogEye
55795,CatEye
55796,DogEye
55797,CatEye
55798,CatMouth
55799,DogEye
55800,DogEye
55801,DogFace
55802,DogEye
55803,DogMouth
55804,CatNose
55805,DogEye
55806,CatMouth
55807,CatNose
55808,CatNose
55809,DogNose
55810,CatNose
55811,DogEye
55812,DogEye
55813,CatEye
55814,CatEye
55815,CatNose
55816,DogNose
55817,DogEye
55818,CatNose
55819,DogFace
55820,DogNose
55821,DogMouth
55822,CatFace
55823,CatEye
55824,CatEye
55825,CatMouth
55826,CatEye
55827,CatMouth
55828,DogFace
55829,CatEye
55830,DogEye
55831,CatEye
55832,DogFace
55833,CatNose
55834,CatNose
55835,CatEye
55836,DogMouth
55837,CatEye
55838,CatEye
55839,CatNose
55840,DogNose
55841,CatFace
55842,DogMouth
55843,CatFace
55844,CatEye
55845,DogNose
55846,CatEye
55847,CatNose
55848,CatEye
55849,DogEye
55850,DogNose
55851,DogEye
55852,DogNose
55853,CatEye
55854,CatMouth
55855,CatEye
55856,DogEye
55857,DogEye
55858,DogFace
55859,DogEye
55860,DogFace
55861,CatMouth
55862,DogNose
55863,CatEye
55864,DogEye
55865,DogNose
55866,DogNose
55867,DogNose
55868,DogEye
55869,DogMouth
55870,CatEye
55871,CatFace
55872,DogEye
55873,DogEye
55874,DogMouth
55875,CatEye
55876,CatEye
55877,DogFace
55878,DogNose
55879,DogFace
55880,CatEye
55881,CatFace
55882,CatEye
55883,CatNose
55884,DogNose
55885,CatFace
55886,CatFace
55887,DogEye
55888,CatEye
55889,CatMouth
55890,CatFace
55891,CatEye
55892,CatFace
55893,CatNose
55894,CatEye
55895,CatEye
55896,CatFace
55897,CatNose
55898,CatFace
55899,CatFace
55900,DogEye
55901,CatNose
55902,CatEye
55903,CatFace
55904,DogFace
55905,DogMouth
55906,CatEye
55907,DogFace
55908,CatNose
55909,CatNose
55910,DogFace
55911,CatEye
55912,DogNose
55913,DogNose
55914,CatMouth
55915,CatMouth
55916,CatEye
55917,DogNose
55918,CatEye
55919,DogEye
55920,CatFace
55921,CatFace
55922,DogFace
55923,DogFace
55924,DogEye
55925,DogFace
55926,DogNose
55927,CatNose
55928,CatEye
55929,DogMouth
55930,CatNose
55931,CatEye
55932,CatNose
55933,CatNose
55934,DogNose
55935,CatEye
55936,CatNose
55937,DogEye
55938,DogFace
55939,CatMouth
55940,CatEye
55941,CatMouth
55942,DogFace
55943,DogFace
55944,DogEye
55945,CatMouth
55946,DogEye
55947,CatEye
55948,DogMouth
55949,CatEye
55950,CatNose
55951,DogEye
55952,CatEye
55953,CatEye
55954,CatEye
55955,CatEye
55956,DogEye
55957,CatEye
55958,DogNose
55959,CatMouth
55960,DogEye
55961,DogFace
55962,CatNose
55963,DogFace
55964,CatEye
55965,DogFace
55966,CatEye
55967,CatMouth
55968,CatFace
55969,CatEye
55970,DogEye
55971,DogNose
55972,DogNose
55973,DogNose
55974,DogNose
55975,CatMouth
55976,DogFace
55977,DogEye
55978,DogMouth
55979,CatEye
55980,DogNose
55981,DogEye
55982,DogEye
55983,CatEye
55984,CatEye
55985,DogFace
55986,CatMouth
55987,CatFace
55988,CatNose
55989,CatNose
55990,CatFace
55991,CatEye
55992,CatMouth
55993,DogFace
55994,DogNose
55995,CatNose
55996,CatMouth
55997,DogMouth
55998,CatMouth
55999,DogEye
56000,CatFace
56001,DogFace
56002,CatEye
56003,CatFace
56004,DogNose
56005,CatEye
56006,DogMouth
56007,CatFace
56008,CatEye
56009,DogNose
56010,DogEye
56011,CatMouth
56012,DogFace
56013,DogEye
56014,CatEye
56015,DogNose
56016,DogNose
56017,CatFace
56018,CatNose
56019,DogEye
56020,CatMouth
56021,DogNose
56022,CatEye
56023,CatFace
56024,CatFace
56025,CatNose
56026,DogEye
56027,DogNose
56028,CatEye
56029,CatMouth
56030,CatMouth
56031,CatFace
56032,CatEye
56033,CatEye
56034,DogFace
56035,CatFace
56036,DogMouth
56037,CatFace
56038,CatNose
56039,CatNose
56040,DogMouth
56041,CatEye
56042,DogFace
56043,CatMouth
56044,DogEye
56045,CatEye
56046,DogMouth
56047,DogEye
56048,DogEye
56049,CatEye
56050,DogEye
56051,DogEye
56052,DogEye
56053,CatEye
56054,CatFace
56055,DogEye
56056,DogMouth
56057,CatMouth
56058,DogFace
56059,CatNose
56060,DogMouth
56061,DogEye
56062,DogEye
56063,DogFace
56064,DogNose
56065,CatEye
56066,CatNose
56067,DogEye
56068,DogEye
56069,CatNose
56070,DogEye
56071,CatMouth
56072,DogMouth
56073,CatMouth
56074,CatNose
56075,DogMouth
56076,DogFace
56077,CatEye
56078,CatEye
56079,CatNose
56080,CatEye
56081,CatNose
56082,CatEye
56083,CatNose
56084,DogFace
56085,DogEye
56086,CatFace
56087,CatEye
56088,CatEye
56089,CatEye
56090,DogEye
56091,DogFace
56092,CatNose
56093,DogNose
56094,CatMouth
56095,CatMouth
56096,DogEye
56097,DogEye
56098,CatFace
56099,CatEye
56100,DogNose
56101,CatFace
56102,CatMouth
56103,CatFace
56104,DogEye
56105,CatFace
56106,DogFace
56107,DogNose
56108,CatEye
56109,CatEye
56110,DogEye
56111,DogFace
56112,CatEye
56113,DogEye
56114,CatFace
56115,CatFace
56116,DogFace
56117,DogFace
56118,DogMouth
56119,CatMouth
56120,DogFace
56121,DogEye
56122,DogMouth
56123,DogMouth
56124,DogMouth
56125,CatMouth
56126,DogEye
56127,CatMouth
56128,CatEye
56129,CatEye
56130,CatMouth
56131,CatNose
56132,CatEye
56133,DogEye
56134,CatNose
56135,CatEye
56136,DogMouth
56137,DogEye
56138,CatEye
56139,DogNose
56140,CatEye
56141,CatFace
56142,DogEye
56143,DogEye
56144,CatEye
56145,DogEye
56146,CatFace
56147,CatFace
56148,CatFace
56149,CatEye
56150,CatNose
56151,DogNose
56152,DogEye
56153,DogFace
56154,DogEye
56155,DogMouth
56156,DogEye
56157,CatNose
56158,DogMouth
56159,DogNose
56160,CatNose
56161,CatEye
56162,CatFace
56163,CatMouth
56164,CatEye
56165,CatEye
56166,CatFace
56167,DogFace
56168,CatFace
56169,CatEye
56170,DogEye
56171,DogFace
56172,CatFace
56173,CatMouth
56174,CatFace
56175,DogEye
56176,CatFace
56177,DogFace
56178,DogNose
56179,CatEye
56180,DogEye
56181,DogEye
56182,CatFace
56183,DogEye
56184,CatEye
56185,DogEye
56186,DogFace
56187,DogNose
56188,CatEye
56189,DogNose
56190,CatFace
56191,DogFace
56192,CatMouth
56193,DogNose
56194,DogFace
56195,DogEye
56196,CatFace
56197,CatFace
56198,DogNose
56199,DogEye
56200,CatNose
56201,DogEye
56202,CatMouth
56203,DogEye
56204,CatEye
56205,CatFace
56206,CatEye
56207,DogNose
56208,DogEye
56209,CatFace
56210,CatFace
56211,CatEye
56212,CatEye
56213,DogNose
56214,CatEye
56215,CatFace
56216,DogEye
56217,CatMouth
56218,CatFace
56219,DogEye
56220,DogEye
56221,CatFace
56222,DogEye
56223,CatNose
56224,CatEye
56225,DogMouth
56226,CatEye
56227,CatEye
56228,DogNose
56229,CatEye
56230,CatEye
56231,DogEye
56232,CatEye
56233,CatMouth
56234,CatFace
56235,CatNose
56236,DogMouth
56237,CatMouth
56238,DogFace
56239,CatNose
56240,DogNose
56241,DogMouth
56242,CatNose
56243,CatFace
56244,DogFace
56245,DogNose
56246,DogMouth
56247,CatMouth
56248,DogNose
56249,CatEye
56250,CatNose
56251,DogEye
56252,CatNose
56253,CatNose
56254,CatNose
56255,DogMouth
56256,DogEye
56257,DogFace
56258,DogEye
56259,DogEye
56260,DogMouth
56261,CatEye
56262,CatMouth
56263,CatNose
56264,DogFace
56265,DogFace
56266,CatEye
56267,CatMouth
56268,CatMouth
56269,CatMouth
56270,DogFace
56271,CatEye
56272,DogEye
56273,CatEye
56274,CatFace
56275,CatNose
56276,CatFace
56277,CatEye
56278,DogNose
56279,CatEye
56280,DogFace
56281,CatEye
56282,DogFace
56283,CatNose
56284,CatEye
56285,DogFace
56286,CatEye
56287,CatMouth
56288,CatFace
56289,CatEye
56290,CatMouth
56291,CatEye
56292,CatMouth
56293,CatFace
56294,DogEye
56295,CatEye
56296,DogEye
56297,CatMouth
56298,CatMouth
56299,DogNose
56300,DogMouth
56301,DogEye
56302,DogEye
56303,DogEye
56304,CatMouth
56305,DogNose
56306,CatNose
56307,CatEye
56308,CatFace
56309,DogEye
56310,CatEye
56311,DogEye
56312,CatFace
56313,CatMouth
56314,DogFace
56315,DogMouth
56316,DogEye
56317,DogFace
56318,DogEye
56319,DogNose
56320,DogMouth
56321,DogFace
56322,DogMouth
56323,DogEye
56324,CatMouth
56325,CatNose
56326,CatEye
56327,DogMouth
56328,CatNose
56329,CatNose
56330,CatNose
56331,CatMouth
56332,CatFace
56333,CatEye
56334,CatEye
56335,CatEye
56336,CatNose
56337,DogMouth
56338,DogNose
56339,CatFace
56340,CatEye
56341,CatMouth
56342,CatEye
56343,DogMouth
56344,CatFace
56345,DogFace
56346,CatNose
56347,DogMouth
56348,DogEye
56349,DogEye
56350,CatMouth
56351,DogMouth
56352,CatFace
56353,CatMouth
56354,CatNose
56355,DogEye
56356,CatEye
56357,CatNose
56358,DogEye
56359,CatEye
56360,CatFace
56361,CatMouth
56362,CatEye
56363,CatFace
56364,DogEye
56365,DogFace
56366,CatMouth
56367,DogNose
56368,DogNose
56369,CatNose
56370,DogEye
56371,DogEye
56372,CatEye
56373,CatFace
56374,CatEye
56375,DogEye
56376,CatEye
56377,CatFace
56378,DogFace
56379,CatNose
56380,CatNose
56381,DogFace
56382,DogFace
56383,DogEye
56384,CatNose
56385,CatNose
56386,DogMouth
56387,DogEye
56388,CatNose
56389,CatEye
56390,DogEye
56391,DogEye
56392,CatEye
56393,CatFace
56394,DogMouth
56395,DogEye
56396,CatFace
56397,CatEye
56398,CatMouth
56399,CatNose
56400,CatEye
56401,DogEye
56402,DogEye
56403,CatFace
56404,DogEye
56405,DogEye
56406,CatNose
56407,CatEye
56408,DogNose
56409,DogFace
56410,DogFace
56411,DogEye
56412,CatFace
56413,CatEye
56414,DogEye
56415,DogMouth
56416,CatMouth
56417,DogEye
56418,DogEye
56419,DogNose
56420,DogEye
56421,CatFace
56422,DogEye
56423,DogFace
56424,DogNose
56425,CatEye
56426,CatFace
56427,CatFace
56428,DogEye
56429,DogFace
56430,CatFace
56431,DogNose
56432,CatEye
56433,DogFace
56434,CatEye
56435,DogEye
56436,CatEye
56437,CatEye
56438,CatFace
56439,DogNose
56440,DogFace
56441,CatNose
56442,DogEye
56443,DogMouth
56444,CatMouth
56445,DogNose
56446,DogFace
56447,CatEye
56448,DogNose
56449,DogFace
56450,DogMouth
56451,CatNose
56452,DogMouth
56453,CatMouth
56454,CatMouth
56455,DogEye
56456,CatMouth
56457,CatEye
56458,CatFace
56459,CatNose
56460,CatNose
56461,CatMouth
56462,CatEye
56463,CatMouth
56464,CatEye
56465,DogNose
56466,DogFace
56467,CatFace
56468,DogMouth
56469,DogEye
56470,DogMouth
56471,CatEye
56472,CatEye
56473,CatMouth
56474,DogEye
56475,CatEye
56476,CatNose
56477,CatNose
56478,DogEye
56479,DogFace
56480,DogNose
56481,DogFace
56482,CatFace
56483,DogMouth
56484,DogMouth
56485,CatNose
56486,CatEye
56487,DogEye
56488,DogFace
56489,DogEye
56490,DogNose
56491,DogEye
56492,DogNose
56493,CatEye
56494,DogEye
56495,CatEye
56496,CatEye
56497,DogNose
56498,DogNose
56499,CatNose
56500,CatEye
56501,DogEye
56502,DogEye
56503,CatEye
56504,DogEye
56505,DogEye
56506,CatFace
56507,DogMouth
56508,DogEye
56509,DogFace
56510,DogEye
56511,DogNose
56512,CatMouth
56513,CatEye
56514,CatMouth
56515,DogEye
56516,CatMouth
56517,CatMouth
56518,DogMouth
56519,DogEye
56520,DogMouth
56521,DogNose
56522,DogEye
56523,DogFace
56524,DogEye
56525,DogFace
56526,CatEye
56527,CatFace
56528,CatMouth
56529,CatFace
56530,CatEye
56531,CatNose
56532,CatMouth
56533,CatEye
56534,CatEye
56535,CatNose
56536,DogNose
56537,CatNose
56538,CatNose
56539,DogNose
56540,CatEye
56541,CatEye
56542,CatMouth
56543,CatFace
56544,DogEye
56545,DogNose
56546,CatNose
56547,CatFace
56548,CatFace
56549,DogNose
56550,DogEye
56551,CatEye
56552,DogEye
56553,CatEye
56554,DogMouth
56555,DogMouth
56556,CatEye
56557,CatNose
56558,DogFace
56559,CatFace
56560,DogFace
56561,CatFace
56562,CatEye
56563,CatNose
56564,CatFace
56565,DogNose
56566,CatEye
56567,DogEye
56568,DogEye
56569,CatEye
56570,DogEye
56571,DogMouth
56572,CatMouth
56573,CatNose
56574,CatMouth
56575,DogEye
56576,CatEye
56577,DogEye
56578,DogEye
56579,DogNose
56580,CatEye
56581,DogEye
56582,CatNose
56583,CatEye
56584,DogMouth
56585,DogEye
56586,CatMouth
56587,DogEye
56588,DogEye
56589,DogFace
56590,CatEye
56591,CatNose
56592,CatFace
56593,CatFace
56594,CatEye
56595,CatNose
56596,CatEye
56597,CatNose
56598,DogMouth
56599,CatEye
56600,CatEye
56601,DogEye
56602,CatFace
56603,DogFace
56604,CatFace
56605,CatFace
56606,DogMouth
56607,DogMouth
56608,CatFace
56609,DogNose
56610,CatEye
56611,DogNose
56612,CatEye
56613,DogNose
56614,CatEye
56615,DogEye
56616,DogEye
56617,CatMouth
56618,DogEye
56619,DogMouth
56620,CatEye
56621,CatEye
56622,CatFace
56623,DogNose
56624,CatMouth
56625,DogEye
56626,DogFace
56627,DogEye
56628,CatEye
56629,CatEye
56630,DogNose
56631,CatEye
56632,DogMouth
56633,DogEye
56634,CatEye
56635,CatNose
56636,CatEye
56637,CatEye
56638,DogFace
56639,CatMouth
56640,CatMouth
56641,DogFace
56642,CatEye
56643,CatFace
56644,CatMouth
56645,DogFace
56646,CatMouth
56647,CatFace
56648,DogNose
56649,DogMouth
56650,DogFace
56651,CatMouth
56652,DogEye
56653,DogEye
56654,CatEye
56655,DogFace
56656,CatFace
56657,CatEye
56658,CatNose
56659,CatMouth
56660,CatNose
56661,CatEye
56662,CatFace
56663,CatEye
56664,DogMouth
56665,DogMouth
56666,CatEye
56667,DogEye
56668,CatEye
56669,DogFace
56670,CatMouth
56671,CatNose
56672,CatEye
56673,DogNose
56674,DogMouth
56675,DogMouth
56676,CatFace
56677,CatEye
56678,CatFace
56679,DogNose
56680,DogEye
56681,CatMouth
56682,CatFace
56683,CatFace
56684,CatFace
56685,CatNose
56686,DogEye
56687,DogEye
56688,DogEye
56689,DogFace
56690,DogFace
56691,CatEye
56692,DogNose
56693,CatMouth
56694,CatEye
56695,CatEye
56696,CatMouth
56697,DogEye
56698,DogFace
56699,CatEye
56700,CatFace
56701,CatEye
56702,DogNose
56703,DogFace
56704,DogEye
56705,DogFace
56706,DogEye
56707,CatEye
56708,CatEye
56709,CatFace
56710,DogFace
56711,CatNose
56712,CatMouth
56713,CatEye
56714,DogEye
56715,CatFace
56716,DogNose
56717,CatMouth
56718,DogEye
56719,CatFace
56720,CatEye
56721,DogEye
56722,CatEye
56723,DogMouth
56724,CatEye
56725,CatNose
56726,CatEye
56727,CatNose
56728,CatEye
56729,DogEye
56730,DogEye
56731,DogNose
56732,DogMouth
56733,CatMouth
56734,CatEye
56735,CatEye
56736,CatEye
56737,DogEye
56738,DogEye
56739,CatMouth
56740,DogMouth
56741,CatMouth
56742,CatNose
56743,CatEye
56744,DogFace
56745,CatEye
56746,DogEye
56747,DogEye
56748,CatEye
56749,CatEye
56750,CatNose
56751,DogEye
56752,CatNose
56753,CatMouth
56754,CatNose
56755,DogMouth
56756,DogMouth
56757,CatEye
56758,DogEye
56759,CatEye
56760,DogEye
56761,CatFace
56762,CatEye
56763,CatFace
56764,DogEye
56765,CatNose
56766,DogMouth
56767,CatNose
56768,CatFace
56769,DogMouth
56770,CatEye
56771,CatMouth
56772,CatEye
56773,DogEye
56774,DogEye
56775,CatEye
56776,DogNose
56777,DogNose
56778,DogNose
56779,DogMouth
56780,CatMouth
56781,CatFace
56782,DogEye
56783,DogMouth
56784,CatFace
56785,CatEye
56786,DogNose
56787,CatMouth
56788,CatMouth
56789,DogMouth
56790,CatNose
56791,CatEye
56792,CatFace
56793,CatFace
56794,DogEye
56795,CatFace
56796,DogNose
56797,DogEye
56798,CatEye
56799,CatEye
56800,CatFace
56801,CatMouth
56802,CatNose
56803,DogFace
56804,CatNose
56805,CatEye
56806,CatEye
56807,DogNose
56808,CatEye
56809,CatFace
56810,CatNose
56811,DogFace
56812,DogEye
56813,CatEye
56814,CatEye
56815,CatFace
56816,DogMouth
56817,DogEye
56818,CatFace
56819,CatEye
56820,CatEye
56821,CatFace
56822,DogFace
56823,CatMouth
56824,CatNose
56825,CatEye
56826,CatFace
56827,CatEye
56828,CatMouth
56829,DogNose
56830,CatEye
56831,DogEye
56832,DogEye
56833,DogMouth
56834,CatEye
56835,DogFace
56836,CatNose
56837,CatEye
56838,CatFace
56839,CatMouth
56840,DogEye
56841,DogMouth
56842,DogNose
56843,DogMouth
56844,CatFace
56845,DogMouth
56846,DogMouth
56847,CatNose
56848,CatNose
56849,DogFace
56850,DogFace
56851,CatMouth
56852,CatFace
56853,DogMouth
56854,CatNose
56855,CatNose
56856,DogNose
56857,CatEye
56858,DogFace
56859,CatEye
56860,DogEye
56861,DogMouth
56862,DogEye
56863,CatNose
56864,CatEye
56865,DogNose
56866,DogNose
56867,CatMouth
56868,DogMouth
56869,CatEye
56870,CatNose
56871,CatEye
56872,DogNose
56873,DogEye
56874,CatEye
56875,CatNose
56876,DogFace
56877,CatMouth
56878,DogNose
56879,CatEye
56880,CatNose
56881,CatFace
56882,CatEye
56883,DogNose
56884,DogNose
56885,DogEye
56886,DogFace
56887,CatEye
56888,CatNose
56889,CatFace
56890,CatEye
56891,DogFace
56892,CatFace
56893,DogMouth
56894,DogFace
56895,CatEye
56896,CatNose
56897,DogNose
56898,DogFace
56899,CatEye
56900,CatNose
56901,DogMouth
56902,CatEye
56903,CatMouth
56904,CatFace
56905,CatEye
56906,DogEye
56907,CatEye
56908,DogEye
56909,DogEye
56910,DogFace
56911,DogMouth
56912,DogMouth
56913,CatMouth
56914,DogFace
56915,DogEye
56916,DogNose
56917,CatFace
56918,DogNose
56919,CatMouth
56920,DogMouth
56921,CatEye
56922,CatEye
56923,CatFace
56924,CatMouth
56925,CatNose
56926,DogMouth
56927,CatEye
56928,DogFace
56929,DogEye
56930,CatEye
56931,CatNose
56932,DogFace
56933,DogEye
56934,DogNose
56935,DogEye
56936,DogMouth
56937,DogFace
56938,DogFace
56939,DogMouth
56940,CatFace
56941,DogEye
56942,DogNose
56943,DogEye
56944,CatEye
56945,DogEye
56946,CatEye
56947,DogEye
56948,CatEye
56949,CatMouth
56950,CatEye
56951,CatNose
56952,CatEye
56953,CatFace
56954,DogFace
56955,CatEye
56956,CatFace
56957,CatEye
56958,CatEye
56959,CatNose
56960,DogEye
56961,DogNose
56962,CatMouth
56963,DogMouth
56964,CatNose
56965,DogEye
56966,DogEye
56967,CatFace
56968,CatMouth
56969,CatFace
56970,CatNose
56971,CatFace
56972,DogEye
56973,CatEye
56974,CatEye
56975,CatEye
56976,CatEye
56977,CatEye
56978,DogNose
56979,CatFace
56980,CatMouth
56981,DogNose
56982,DogNose
56983,DogFace
56984,CatEye
56985,DogEye
56986,DogFace
56987,CatEye
56988,DogNose
56989,CatNose
56990,DogNose
56991,CatMouth
56992,CatFace
56993,CatEye
56994,DogEye
56995,CatEye
56996,DogEye
56997,CatEye
56998,DogEye
56999,DogMouth
57000,CatEye
57001,CatEye
57002,CatEye
57003,CatNose
57004,DogEye
57005,DogEye
57006,CatFace
57007,CatNose
57008,DogMouth
57009,CatEye
57010,DogMouth
57011,CatEye
57012,DogMouth
57013,CatFace
57014,CatFace
57015,DogFace
57016,CatEye
57017,CatEye
57018,CatNose
57019,CatNose
57020,CatEye
57021,CatMouth
57022,CatNose
57023,DogFace
57024,DogMouth
57025,CatEye
57026,DogEye
57027,CatNose
57028,CatNose
57029,DogMouth
57030,DogEye
57031,DogMouth
57032,CatMouth
57033,CatFace
57034,DogFace
57035,CatMouth
57036,DogEye
57037,CatFace
57038,DogFace
57039,DogFace
57040,CatNose
57041,DogNose
57042,CatEye
57043,CatNose
57044,CatEye
57045,DogNose
57046,DogEye
57047,CatFace
57048,DogMouth
57049,CatFace
57050,CatEye
57051,DogMouth
57052,CatNose
57053,DogEye
57054,DogEye
57055,DogMouth
57056,CatEye
57057,CatEye
57058,DogEye
57059,DogMouth
57060,DogMouth
57061,CatEye
57062,CatMouth
57063,DogFace
57064,CatFace
57065,CatEye
57066,DogEye
57067,CatEye
57068,CatNose
57069,DogFace
57070,DogEye
57071,CatNose
57072,DogMouth
57073,CatEye
57074,CatMouth
57075,CatEye
57076,CatFace
57077,CatMouth
57078,DogEye
57079,CatMouth
57080,CatEye
57081,DogNose
57082,CatEye
57083,CatEye
57084,DogEye
57085,DogMouth
57086,CatEye
57087,DogEye
57088,CatEye
57089,DogEye
57090,CatNose
57091,DogFace
57092,DogEye
57093,CatFace
57094,CatEye
57095,DogMouth
57096,CatNose
57097,CatFace
57098,DogEye
57099,CatEye
57100,CatEye
57101,CatEye
57102,CatFace
57103,DogNose
57104,CatNose
57105,CatMouth
57106,CatMouth
57107,CatNose
57108,CatNose
57109,CatEye
57110,DogEye
57111,DogMouth
57112,CatEye
57113,CatEye
57114,CatMouth
57115,DogNose
57116,DogEye
57117,CatFace
57118,CatMouth
57119,DogFace
57120,CatMouth
57121,DogFace
57122,CatEye
57123,CatEye
57124,CatNose
57125,DogEye
57126,DogEye
57127,DogEye
57128,DogEye
57129,CatFace
57130,CatNose
57131,DogNose
57132,DogNose
57133,CatEye
57134,CatEye
57135,DogNose
57136,DogEye
57137,DogEye
57138,DogNose
57139,CatNose
57140,CatEye
57141,DogFace
57142,DogNose
57143,DogFace
57144,CatNose
57145,DogFace
57146,DogEye
57147,DogFace
57148,DogFace
57149,CatFace
57150,CatEye
57151,CatEye
57152,CatFace
57153,CatNose
57154,DogEye
57155,DogFace
57156,DogNose
57157,CatFace
57158,CatEye
57159,DogEye
57160,CatEye
57161,DogMouth
57162,DogMouth
57163,CatMouth
57164,DogMouth
57165,CatFace
57166,CatMouth
57167,CatEye
57168,CatFace
57169,CatFace
57170,CatEye
57171,CatEye
57172,CatMouth
57173,CatMouth
57174,DogEye
57175,DogNose
57176,CatFace
57177,DogMouth
57178,CatMouth
57179,DogEye
57180,CatEye
57181,CatMouth
57182,CatMouth
57183,CatNose
57184,DogEye
57185,CatFace
57186,CatEye
57187,CatFace
57188,DogNose
57189,CatEye
57190,CatNose
57191,CatEye
57192,DogEye
57193,CatFace
57194,DogEye
57195,CatNose
57196,CatNose
57197,DogEye
57198,DogMouth
57199,CatMouth
57200,CatMouth
57201,DogFace
57202,DogEye
57203,CatEye
57204,DogMouth
57205,CatNose
57206,CatNose
57207,CatMouth
57208,DogEye
57209,CatEye
57210,DogFace
57211,DogMouth
57212,DogMouth
57213,DogEye
57214,DogEye
57215,CatEye
57216,CatEye
57217,CatMouth
57218,CatNose
57219,DogEye
57220,DogEye
57221,CatNose
57222,DogEye
57223,CatNose
57224,CatNose
57225,CatNose
57226,CatEye
57227,DogEye
57228,CatMouth
57229,DogMouth
57230,DogEye
57231,DogEye
57232,DogMouth
57233,CatNose
57234,CatNose
57235,CatFace
57236,DogEye
57237,CatNose
57238,CatEye
57239,CatFace
57240,CatMouth
57241,DogEye
57242,CatNose
57243,CatEye
57244,DogMouth
57245,CatEye
57246,CatMouth
57247,DogMouth
57248,CatNose
57249,DogFace
57250,DogEye
57251,DogMouth
57252,DogNose
57253,DogFace
57254,CatEye
57255,CatEye
57256,CatEye
57257,DogFace
57258,DogMouth
57259,DogNose
57260,CatMouth
57261,CatMouth
57262,DogNose
57263,DogNose
57264,DogFace
57265,DogFace
57266,DogEye
57267,CatEye
57268,CatEye
57269,DogEye
57270,CatEye
57271,DogMouth
57272,DogEye
57273,DogMouth
57274,DogMouth
57275,CatMouth
57276,DogEye
57277,CatEye
57278,CatFace
57279,CatNose
57280,DogFace
57281,CatEye
57282,DogFace
57283,CatNose
57284,CatEye
57285,CatNose
57286,DogNose
57287,DogFace
57288,CatMouth
57289,DogNose
57290,CatFace
57291,DogMouth
57292,CatNose
57293,CatNose
57294,CatNose
57295,DogFace
57296,CatNose
57297,CatFace
57298,CatFace
57299,DogFace
57300,CatEye
57301,CatMouth
57302,CatNose
57303,CatEye
57304,CatEye
57305,DogEye
57306,DogFace
57307,CatEye
57308,CatFace
57309,CatNose
57310,DogFace
57311,CatMouth
57312,CatEye
57313,CatMouth
57314,DogNose
57315,DogFace
57316,DogEye
57317,CatNose
57318,CatNose
57319,CatEye
57320,CatEye
57321,CatFace
57322,CatEye
57323,DogMouth
57324,CatEye
57325,CatEye
57326,DogNose
57327,CatEye
57328,DogNose
57329,CatEye
57330,DogNose
57331,CatMouth
57332,CatEye
57333,DogFace
57334,CatMouth
57335,DogEye
57336,DogFace
57337,DogEye
57338,DogEye
57339,DogMouth
57340,CatFace
57341,CatFace
57342,DogFace
57343,CatEye
57344,CatFace
57345,CatEye
57346,CatEye
57347,CatEye
57348,CatMouth
57349,CatEye
57350,DogFace
57351,DogEye
57352,DogEye
57353,CatNose
57354,DogFace
57355,DogEye
57356,CatEye
57357,CatEye
57358,DogEye
57359,DogNose
57360,DogFace
57361,DogMouth
57362,DogEye
57363,DogNose
57364,DogNose
57365,CatEye
57366,DogEye
57367,CatFace
57368,DogFace
57369,CatNose
57370,CatNose
57371,DogEye
57372,DogEye
57373,DogEye
57374,DogMouth
57375,CatFace
57376,CatFace
57377,CatEye
57378,DogEye
57379,CatMouth
57380,DogFace
57381,DogFace
57382,CatNose
57383,CatMouth
57384,CatFace
57385,DogEye
57386,DogFace
57387,CatEye
57388,CatEye
57389,DogEye
57390,DogNose
57391,DogFace
57392,CatFace
57393,DogMouth
57394,CatNose
57395,CatFace
57396,CatFace
57397,CatEye
57398,CatEye
57399,CatMouth
57400,CatMouth
57401,DogNose
57402,CatEye
57403,CatEye
57404,CatEye
57405,CatFace
57406,DogMouth
57407,CatEye
57408,CatMouth
57409,CatEye
57410,DogMouth
57411,DogFace
57412,DogFace
57413,DogEye
57414,DogEye
57415,DogEye
57416,DogEye
57417,CatMouth
57418,CatMouth
57419,CatMouth
57420,DogEye
57421,DogEye
57422,CatMouth
57423,CatEye
57424,DogNose
57425,DogFace
57426,CatEye
57427,CatMouth
57428,CatEye
57429,DogFace
57430,DogMouth
57431,CatNose
57432,DogEye
57433,DogEye
57434,DogMouth
57435,DogEye
57436,CatEye
57437,CatNose
57438,CatEye
57439,CatFace
57440,DogEye
57441,CatFace
57442,CatNose
57443,CatNose
57444,DogMouth
57445,DogNose
57446,CatNose
57447,CatEye
57448,DogFace
57449,DogEye
57450,DogFace
57451,DogEye
57452,DogFace
57453,CatFace
57454,DogFace
57455,CatMouth
57456,DogNose
57457,CatFace
57458,CatFace
57459,CatFace
57460,CatMouth
57461,CatFace
57462,DogFace
57463,CatEye
57464,DogEye
57465,CatEye
57466,DogEye
57467,CatFace
57468,CatFace
57469,DogNose
57470,CatEye
57471,DogNose
57472,CatNose
57473,CatNose
57474,DogNose
57475,DogNose
57476,DogFace
57477,DogEye
57478,CatEye
57479,DogMouth
57480,DogEye
57481,CatMouth
57482,CatEye
57483,DogEye
57484,DogMouth
57485,CatEye
57486,CatNose
57487,CatNose
57488,CatEye
57489,DogFace
57490,CatEye
57491,CatEye
57492,CatNose
57493,DogNose
57494,DogFace
57495,CatNose
57496,CatNose
57497,DogEye
57498,DogFace
57499,DogEye
57500,DogEye
57501,DogEye
57502,CatFace
57503,CatEye
57504,DogFace
57505,DogFace
57506,DogEye
57507,CatEye
57508,DogFace
57509,CatFace
57510,CatEye
57511,CatMouth
57512,CatMouth
57513,CatEye
57514,DogEye
57515,CatMouth
57516,CatMouth
57517,CatEye
57518,CatNose
57519,CatNose
57520,CatEye
57521,CatFace
57522,CatNose
57523,CatEye
57524,DogFace
57525,CatMouth
57526,CatMouth
57527,DogFace
57528,DogMouth
57529,DogMouth
57530,CatEye
57531,CatEye
57532,CatEye
57533,DogMouth
57534,DogMouth
57535,CatNose
57536,CatEye
57537,CatMouth
57538,DogNose
57539,CatMouth
57540,CatEye
57541,CatNose
57542,CatMouth
57543,DogNose
57544,CatMouth
57545,DogEye
57546,CatEye
57547,DogMouth
57548,DogNose
57549,DogEye
57550,DogEye
57551,CatEye
57552,CatFace
57553,CatNose
57554,CatMouth
57555,CatEye
57556,CatFace
57557,CatEye
57558,CatNose
57559,CatEye
57560,CatMouth
57561,DogMouth
57562,CatFace
57563,DogNose
57564,DogEye
57565,CatNose
57566,DogEye
57567,DogEye
57568,DogEye
57569,DogFace
57570,DogEye
57571,CatNose
57572,CatEye
57573,CatEye
57574,DogEye
57575,DogEye
57576,CatEye
57577,DogEye
57578,DogMouth
57579,DogEye
57580,DogEye
57581,DogNose
57582,CatMouth
57583,DogMouth
57584,DogEye
57585,CatNose
57586,DogFace
57587,CatNose
57588,DogEye
57589,DogMouth
57590,CatFace
57591,DogEye
57592,CatEye
57593,CatNose
57594,CatEye
57595,CatMouth
57596,CatEye
57597,DogMouth
57598,DogNose
57599,CatNose
57600,DogEye
57601,CatFace
57602,DogEye
57603,DogMouth
57604,DogNose
57605,DogNose
57606,DogEye
57607,CatFace
57608,CatEye
57609,DogMouth
57610,CatMouth
57611,CatEye
57612,CatMouth
57613,DogEye
57614,DogEye
57615,CatNose
57616,DogMouth
57617,DogEye
57618,DogEye
57619,DogNose
57620,CatMouth
57621,DogEye
57622,DogEye
57623,DogEye
57624,DogMouth
57625,CatFace
57626,DogFace
57627,CatMouth
57628,DogEye
57629,CatFace
57630,DogNose
57631,CatFace
57632,CatFace
57633,DogMouth
57634,DogMouth
57635,DogMouth
57636,CatEye
57637,CatEye
57638,CatEye
57639,CatFace
57640,DogFace
57641,CatEye
57642,CatEye
57643,CatEye
57644,DogNose
57645,DogFace
57646,DogNose
57647,CatEye
57648,DogEye
57649,CatEye
57650,DogEye
57651,CatEye
57652,DogEye
57653,DogFace
57654,DogNose
57655,CatEye
57656,CatMouth
57657,CatEye
57658,CatFace
57659,DogFace
57660,DogEye
57661,DogMouth
57662,DogMouth
57663,DogNose
57664,CatMouth
57665,DogNose
57666,CatFace
57667,DogFace
57668,CatNose
57669,CatMouth
57670,CatEye
57671,CatEye
57672,CatEye
57673,CatNose
57674,CatMouth
57675,CatMouth
57676,CatMouth
57677,CatEye
57678,CatNose
57679,CatMouth
57680,DogEye
57681,CatNose
57682,CatNose
57683,CatNose
57684,CatMouth
57685,DogEye
57686,DogEye
57687,DogEye
57688,DogMouth
57689,CatMouth
57690,DogNose
57691,CatEye
57692,CatEye
57693,CatMouth
57694,DogEye
57695,DogMouth
57696,DogEye
57697,CatNose
57698,DogMouth
57699,DogEye
57700,DogNose
57701,CatFace
57702,DogFace
57703,CatNose
57704,CatEye
57705,DogFace
57706,CatEye
57707,CatFace
57708,DogMouth
57709,CatNose
57710,DogMouth
57711,CatFace
57712,DogEye
57713,DogEye
57714,CatMouth
57715,DogMouth
57716,DogEye
57717,DogEye
57718,DogMouth
57719,DogFace
57720,CatFace
57721,DogEye
57722,CatMouth
57723,DogMouth
57724,CatEye
57725,CatEye
57726,DogNose
57727,CatEye
57728,CatNose
57729,CatFace
57730,DogFace
57731,DogMouth
57732,CatNose
57733,DogNose
57734,DogMouth
57735,CatFace
57736,DogEye
57737,CatFace
57738,DogEye
57739,DogEye
57740,CatFace
57741,DogEye
57742,CatFace
57743,DogEye
57744,CatEye
57745,DogMouth
57746,CatEye
57747,DogNose
57748,DogEye
57749,DogEye
57750,DogEye
57751,DogMouth
57752,CatNose
57753,CatEye
57754,CatNose
57755,DogFace
57756,CatFace
57757,DogEye
57758,CatEye
57759,DogMouth
57760,CatFace
57761,CatNose
57762,DogMouth
57763,DogMouth
57764,DogEye
57765,CatFace
57766,CatEye
57767,DogMouth
57768,DogMouth
57769,CatMouth
57770,CatNose
57771,DogFace
57772,CatNose
57773,CatEye
57774,CatEye
57775,CatNose
57776,CatNose
57777,CatEye
57778,DogEye
57779,CatEye
57780,CatEye
57781,CatNose
57782,CatNose
57783,CatMouth
57784,DogEye
57785,CatNose
57786,CatEye
57787,DogEye
57788,CatNose
57789,CatNose
57790,CatEye
57791,DogMouth
57792,CatMouth
57793,DogNose
57794,DogFace
57795,DogMouth
57796,CatMouth
57797,DogMouth
57798,CatEye
57799,DogNose
57800,DogEye
57801,CatNose
57802,CatFace
57803,DogEye
57804,CatEye
57805,DogMouth
57806,CatNose
57807,DogNose
57808,DogEye
57809,CatNose
57810,CatNose
57811,DogEye
57812,DogMouth
57813,DogNose
57814,DogNose
57815,CatMouth
57816,DogFace
57817,CatFace
57818,DogMouth
57819,CatEye
57820,DogNose
57821,CatEye
57822,DogFace
57823,CatNose
57824,CatNose
57825,CatEye
57826,DogMouth
57827,CatFace
57828,DogMouth
57829,CatNose
57830,CatEye
57831,DogEye
57832,DogMouth
57833,DogMouth
57834,CatEye
57835,CatEye
57836,CatEye
57837,DogEye
57838,CatNose
57839,DogFace
57840,DogEye
57841,CatFace
57842,DogMouth
57843,DogNose
57844,CatNose
57845,CatNose
57846,DogEye
57847,DogEye
57848,CatEye
57849,CatEye
57850,CatNose
57851,DogEye
57852,CatEye
57853,DogMouth
57854,CatEye
57855,DogMouth
57856,DogEye
57857,DogEye
57858,CatEye
57859,DogEye
57860,CatFace
57861,DogNose
57862,CatMouth
57863,CatNose
57864,CatMouth
57865,DogFace
57866,DogEye
57867,DogEye
57868,DogEye
57869,CatMouth
57870,DogMouth
57871,DogEye
57872,DogNose
57873,DogEye
57874,DogNose
57875,CatNose
57876,CatEye
57877,DogEye
57878,DogNose
57879,CatMouth
57880,DogEye
57881,DogEye
57882,CatMouth
57883,DogNose
57884,CatNose
57885,CatEye
57886,CatMouth
57887,DogMouth
57888,CatEye
57889,CatMouth
57890,CatFace
57891,CatEye
57892,CatMouth
57893,CatFace
57894,DogEye
57895,CatFace
57896,CatNose
57897,CatEye
57898,DogFace
57899,CatEye
57900,DogMouth
57901,CatEye
57902,CatNose
57903,DogEye
57904,CatFace
57905,CatNose
57906,CatEye
57907,DogFace
57908,DogEye
57909,DogFace
57910,DogNose
57911,CatMouth
57912,DogNose
57913,DogNose
57914,DogNose
57915,DogEye
57916,DogMouth
57917,DogEye
57918,CatEye
57919,CatEye
57920,CatEye
57921,DogNose
57922,CatNose
57923,CatFace
57924,CatEye
57925,DogEye
57926,DogMouth
57927,DogEye
57928,DogEye
57929,CatFace
57930,DogNose
57931,DogMouth
57932,CatNose
57933,CatNose
57934,DogMouth
57935,DogEye
57936,DogMouth
57937,DogNose
57938,DogMouth
57939,DogFace
57940,DogEye
57941,CatEye
57942,DogEye
57943,DogNose
57944,CatMouth
57945,CatNose
57946,CatMouth
57947,CatEye
57948,DogNose
57949,CatFace
57950,CatFace
57951,CatFace
57952,CatEye
57953,DogMouth
57954,DogEye
57955,CatFace
57956,CatMouth
57957,CatMouth
57958,CatEye
57959,DogNose
57960,DogEye
57961,DogNose
57962,DogEye
57963,CatEye
57964,CatFace
57965,DogFace
57966,CatFace
57967,CatNose
57968,DogMouth
57969,CatFace
57970,CatFace
57971,CatMouth
57972,DogEye
57973,CatEye
57974,DogFace
57975,DogEye
57976,CatEye
57977,CatMouth
57978,CatEye
57979,CatEye
57980,DogNose
57981,CatNose
57982,CatEye
57983,DogMouth
57984,CatEye
57985,CatEye
57986,DogFace
57987,DogMouth
57988,CatFace
57989,CatMouth
57990,CatEye
57991,DogNose
57992,CatMouth
57993,DogMouth
57994,CatEye
57995,DogNose
57996,DogNose
57997,CatNose
57998,CatEye
57999,CatEye
58000,DogFace
58001,CatNose
58002,CatEye
58003,CatEye
58004,DogNose
58005,CatEye
58006,DogEye
58007,DogNose
58008,CatMouth
58009,CatEye
58010,CatEye
58011,CatEye
58012,CatMouth
58013,DogNose
58014,CatEye
58015,DogNose
58016,CatFace
58017,DogEye
58018,CatFace
58019,CatEye
58020,CatFace
58021,CatFace
58022,DogEye
58023,CatMouth
58024,DogEye
58025,CatNose
58026,CatFace
58027,DogMouth
58028,CatEye
58029,CatEye
58030,DogNose
58031,CatFace
58032,CatEye
58033,CatNose
58034,CatFace
58035,CatEye
58036,CatNose
58037,DogMouth
58038,CatMouth
58039,DogNose
58040,DogEye
58041,CatEye
58042,CatNose
58043,CatEye
58044,CatMouth
58045,DogEye
58046,CatNose
58047,DogEye
58048,DogEye
58049,DogMouth
58050,CatMouth
58051,DogFace
58052,DogMouth
58053,CatFace
58054,CatMouth
58055,DogNose
58056,CatEye
58057,CatFace
58058,DogFace
58059,DogFace
58060,DogNose
58061,CatEye
58062,DogNose
58063,DogMouth
58064,CatNose
58065,CatNose
58066,CatEye
58067,CatMouth
58068,DogEye
58069,DogFace
58070,DogEye
58071,CatMouth
58072,DogEye
58073,CatNose
58074,CatEye
58075,DogMouth
58076,CatFace
58077,CatFace
58078,DogNose
58079,CatEye
58080,DogFace
58081,CatEye
58082,DogNose
58083,DogMouth
58084,CatFace
58085,CatEye
58086,CatFace
58087,DogMouth
58088,CatMouth
58089,CatEye
58090,DogEye
58091,DogEye
58092,CatFace
58093,CatNose
58094,CatMouth
58095,DogEye
58096,DogEye
58097,DogEye
58098,CatEye
58099,DogNose
58100,CatNose
58101,CatFace
58102,DogFace
58103,CatFace
58104,DogEye
58105,CatEye
58106,DogEye
58107,DogFace
58108,CatEye
58109,DogMouth
58110,DogEye
58111,DogFace
58112,DogEye
58113,CatEye
58114,DogMouth
58115,DogFace
58116,CatEye
58117,CatNose
58118,DogNose
58119,CatEye
58120,DogMouth
58121,CatFace
58122,DogNose
58123,DogMouth
58124,DogMouth
58125,DogEye
58126,DogFace
58127,DogNose
58128,DogMouth
58129,CatEye
58130,CatMouth
58131,CatNose
58132,DogNose
58133,CatFace
58134,CatNose
58135,CatFace
58136,DogMouth
58137,CatEye
58138,CatFace
58139,CatEye
58140,CatEye
58141,DogNose
58142,CatNose
58143,CatEye
58144,DogFace
58145,CatEye
58146,CatFace
58147,CatNose
58148,CatEye
58149,CatEye
58150,DogEye
58151,DogFace
58152,DogEye
58153,CatEye
58154,CatMouth
58155,DogNose
58156,DogNose
58157,DogNose
58158,DogNose
58159,DogEye
58160,CatFace
58161,CatFace
58162,DogMouth
58163,CatNose
58164,CatEye
58165,CatEye
58166,CatFace
58167,CatFace
58168,CatMouth
58169,DogEye
58170,CatMouth
58171,CatNose
58172,DogEye
58173,DogNose
58174,CatEye
58175,DogMouth
58176,DogMouth
58177,CatMouth
58178,DogEye
58179,CatFace
58180,CatEye
58181,DogEye
58182,CatEye
58183,DogNose
58184,CatFace
58185,DogEye
58186,CatMouth
58187,CatMouth
58188,CatEye
58189,DogFace
58190,DogFace
58191,CatMouth
58192,DogEye
58193,DogEye
58194,CatMouth
58195,CatNose
58196,CatFace
58197,DogEye
58198,DogFace
58199,DogEye
58200,DogMouth
58201,DogEye
58202,CatEye
58203,CatFace
58204,DogMouth
58205,CatEye
58206,DogEye
58207,CatEye
58208,CatEye
58209,DogMouth
58210,CatEye
58211,DogEye
58212,DogNose
58213,CatEye
58214,CatEye
58215,CatFace
58216,DogEye
58217,CatEye
58218,DogNose
58219,CatNose
58220,CatEye
58221,CatEye
58222,DogEye
58223,DogNose
58224,DogNose
58225,CatEye
58226,CatMouth
58227,DogMouth
58228,DogMouth
58229,DogMouth
58230,CatNose
58231,DogEye
58232,CatEye
58233,CatMouth
58234,DogEye
58235,DogEye
58236,DogFace
58237,CatEye
58238,DogEye
58239,DogEye
58240,CatNose
58241,CatEye
58242,DogNose
58243,CatMouth
58244,DogEye
58245,CatFace
58246,CatEye
58247,CatFace
58248,DogEye
58249,DogEye
58250,CatFace
58251,CatEye
58252,CatEye
58253,CatEye
58254,DogNose
58255,DogFace
58256,DogNose
58257,DogFace
58258,DogNose
58259,DogNose
58260,DogMouth
58261,CatEye
58262,CatEye
58263,CatEye
58264,DogNose
58265,DogEye
58266,CatNose
58267,CatMouth
58268,CatEye
58269,DogEye
58270,CatNose
58271,CatNose
58272,DogMouth
58273,CatMouth
58274,CatNose
58275,CatNose
58276,DogMouth
58277,DogEye
58278,CatFace
58279,CatMouth
58280,CatNose
58281,CatFace
58282,CatEye
58283,CatEye
58284,DogEye
58285,CatNose
58286,DogEye
58287,CatNose
58288,CatEye
58289,CatEye
58290,CatEye
58291,CatEye
58292,DogMouth
58293,DogEye
58294,CatFace
58295,DogEye
58296,DogNose
58297,CatEye
58298,CatMouth
58299,CatMouth
58300,CatFace
58301,CatEye
58302,DogFace
58303,CatEye
58304,CatEye
58305,DogMouth
58306,DogNose
58307,CatFace
58308,DogEye
58309,DogMouth
58310,DogEye
58311,CatEye
58312,CatMouth
58313,DogEye
58314,DogEye
58315,CatMouth
58316,CatEye
58317,DogFace
58318,DogFace
58319,DogFace
58320,CatMouth
58321,DogMouth
58322,CatNose
58323,DogMouth
58324,CatMouth
58325,CatEye
58326,CatMouth
58327,CatNose
58328,DogFace
58329,CatEye
58330,CatEye
58331,CatEye
58332,CatFace
58333,DogEye
58334,CatFace
58335,CatEye
58336,CatNose
58337,DogEye
58338,DogMouth
58339,CatNose
58340,DogMouth
58341,CatMouth
58342,DogNose
58343,CatNose
58344,DogEye
58345,CatEye
58346,DogFace
58347,CatMouth
58348,CatEye
58349,CatMouth
58350,DogEye
58351,CatEye
58352,CatMouth
58353,CatNose
58354,CatEye
58355,CatNose
58356,CatEye
58357,DogMouth
58358,CatMouth
58359,CatEye
58360,DogEye
58361,CatNose
58362,DogEye
58363,CatFace
58364,CatNose
58365,DogFace
58366,DogEye
58367,CatNose
58368,CatFace
58369,CatEye
58370,DogMouth
58371,CatFace
58372,CatNose
58373,DogEye
58374,CatEye
58375,CatNose
58376,CatNose
58377,CatFace
58378,DogEye
58379,CatFace
58380,CatEye
58381,CatEye
58382,CatEye
58383,CatMouth
58384,CatFace
58385,DogNose
58386,DogEye
58387,CatEye
58388,DogEye
58389,DogEye
58390,CatEye
58391,DogEye
58392,CatMouth
58393,DogMouth
58394,CatEye
58395,DogNose
58396,DogNose
58397,CatEye
58398,DogNose
58399,CatNose
58400,DogEye
58401,CatEye
58402,DogEye
58403,DogEye
58404,DogFace
58405,CatNose
58406,CatEye
58407,CatMouth
58408,DogNose
58409,CatEye
58410,DogEye
58411,DogNose
58412,CatNose
58413,DogEye
58414,CatNose
58415,DogEye
58416,CatEye
58417,CatEye
58418,CatMouth
58419,CatEye
58420,CatFace
58421,DogEye
58422,CatNose
58423,DogFace
58424,CatFace
58425,DogEye
58426,DogEye
58427,CatEye
58428,CatEye
58429,DogFace
58430,DogEye
58431,DogFace
58432,CatEye
58433,DogEye
58434,DogEye
58435,DogFace
58436,CatMouth
58437,CatNose
58438,DogEye
58439,DogMouth
58440,DogEye
58441,DogFace
58442,DogEye
58443,CatFace
58444,CatEye
58445,DogMouth
58446,DogEye
58447,DogFace
58448,CatEye
58449,CatNose
58450,DogEye
58451,CatMouth
58452,DogEye
58453,CatMouth
58454,CatMouth
58455,CatFace
58456,CatFace
58457,DogEye
58458,CatNose
58459,CatEye
58460,CatEye
58461,DogMouth
58462,DogEye
58463,DogFace
58464,DogFace
58465,CatFace
58466,DogEye
58467,DogEye
58468,CatFace
58469,CatNose
58470,DogEye
58471,DogNose
58472,CatEye
58473,CatEye
58474,CatEye
58475,CatEye
58476,CatEye
58477,DogFace
58478,DogEye
58479,CatMouth
58480,CatEye
58481,CatFace
58482,DogNose
58483,DogEye
58484,DogMouth
58485,CatFace
58486,DogFace
58487,CatNose
58488,DogEye
58489,DogNose
58490,DogFace
58491,DogMouth
58492,DogEye
58493,DogMouth
58494,CatNose
58495,DogEye
58496,DogEye
58497,CatFace
58498,CatFace
58499,CatEye
58500,DogEye
58501,CatFace
58502,CatFace
58503,CatMouth
58504,DogFace
58505,DogMouth
58506,CatEye
58507,DogEye
58508,DogNose
58509,CatFace
58510,DogEye
58511,CatEye
58512,DogNose
58513,CatEye
58514,DogNose
58515,CatMouth
58516,CatFace
58517,CatNose
58518,CatEye
58519,DogNose
58520,CatEye
58521,DogEye
58522,DogNose
58523,CatEye
58524,DogMouth
58525,CatMouth
58526,CatMouth
58527,CatEye
58528,DogMouth
58529,CatEye
58530,DogFace
58531,CatNose
58532,DogNose
58533,DogEye
58534,DogEye
58535,CatMouth
58536,CatEye
58537,CatEye
58538,CatEye
58539,DogFace
58540,DogNose
58541,DogEye
58542,CatEye
58543,CatFace
58544,DogEye
58545,DogEye
58546,CatFace
58547,DogFace
58548,CatMouth
58549,CatNose
58550,DogFace
58551,CatNose
58552,DogEye
58553,DogMouth
58554,CatMouth
58555,CatEye
58556,DogEye
58557,CatNose
58558,DogNose
58559,CatEye
58560,CatNose
58561,DogMouth
58562,CatFace
58563,CatEye
58564,CatEye
58565,CatNose
58566,DogEye
58567,CatMouth
58568,CatEye
58569,DogEye
58570,DogEye
58571,CatEye
58572,CatEye
58573,CatNose
58574,CatNose
58575,CatNose
58576,CatMouth
58577,DogEye
58578,DogEye
58579,CatMouth
58580,CatEye
58581,DogFace
58582,DogEye
58583,DogFace
58584,DogEye
58585,CatNose
58586,CatEye
58587,DogEye
58588,DogEye
58589,DogFace
58590,CatMouth
58591,CatEye
58592,CatNose
58593,CatMouth
58594,CatFace
58595,CatNose
58596,DogNose
58597,CatNose
58598,DogFace
58599,CatNose
58600,CatEye
58601,DogNose
58602,DogNose
58603,DogNose
58604,DogEye
58605,CatEye
58606,CatNose
58607,DogEye
58608,DogFace
58609,DogEye
58610,DogEye
58611,CatEye
58612,CatNose
58613,CatEye
58614,DogEye
58615,DogMouth
58616,DogEye
58617,CatEye
58618,DogFace
58619,CatNose
58620,DogEye
58621,CatEye
58622,DogEye
58623,CatFace
58624,CatMouth
58625,CatMouth
58626,CatEye
58627,CatNose
58628,CatFace
58629,DogFace
58630,DogMouth
58631,CatMouth
58632,CatFace
58633,CatFace
58634,DogFace
58635,CatEye
58636,CatEye
58637,DogFace
58638,CatMouth
58639,DogFace
58640,DogEye
58641,DogEye
58642,CatFace
58643,DogMouth
58644,DogFace
58645,DogEye
58646,DogEye
58647,CatFace
58648,CatFace
58649,DogFace
58650,DogFace
58651,CatMouth
58652,CatMouth
58653,CatNose
58654,DogEye
58655,CatNose
58656,CatNose
58657,DogFace
58658,CatMouth
58659,CatMouth
58660,CatFace
58661,CatNose
58662,DogEye
58663,CatMouth
58664,DogNose
58665,CatMouth
58666,DogMouth
58667,CatNose
58668,CatEye
58669,DogEye
58670,DogNose
58671,CatNose
58672,CatMouth
58673,DogNose
58674,CatEye
58675,DogEye
58676,CatEye
58677,CatEye
58678,CatEye
58679,CatNose
58680,CatEye
58681,CatNose
58682,CatEye
58683,DogNose
58684,DogMouth
58685,CatNose
58686,CatEye
58687,DogNose
58688,CatFace
58689,DogMouth
58690,CatEye
58691,CatFace
58692,CatNose
58693,DogEye
58694,DogNose
58695,CatMouth
58696,CatEye
58697,DogFace
58698,DogFace
58699,CatEye
58700,DogNose
58701,DogNose
58702,CatNose
58703,CatEye
58704,CatNose
58705,CatFace
58706,CatEye
58707,CatEye
58708,CatMouth
58709,DogFace
58710,CatEye
58711,DogFace
58712,CatEye
58713,CatEye
58714,CatEye
58715,CatEye
58716,DogNose
58717,DogEye
58718,DogEye
58719,CatMouth
58720,DogEye
58721,CatEye
58722,CatEye
58723,CatEye
58724,DogEye
58725,CatNose
58726,CatFace
58727,DogNose
58728,DogFace
58729,DogEye
58730,CatEye
58731,DogNose
58732,CatEye
58733,DogMouth
58734,DogEye
58735,DogEye
58736,CatMouth
58737,CatNose
58738,DogEye
58739,DogMouth
58740,DogEye
58741,CatNose
58742,CatFace
58743,DogFace
58744,DogNose
58745,CatEye
58746,DogEye
58747,CatEye
58748,CatFace
58749,CatFace
58750,CatEye
58751,CatEye
58752,DogEye
58753,DogNose
58754,CatMouth
58755,DogMouth
58756,CatFace
58757,DogNose
58758,DogMouth
58759,CatEye
58760,DogEye
58761,DogFace
58762,DogNose
58763,CatNose
58764,DogFace
58765,CatEye
58766,DogMouth
58767,CatNose
58768,CatFace
58769,DogEye
58770,CatFace
58771,CatMouth
58772,CatMouth
58773,DogMouth
58774,CatEye
58775,DogFace
58776,CatFace
58777,CatEye
58778,CatNose
58779,CatEye
58780,DogMouth
58781,CatNose
58782,CatEye
58783,CatEye
58784,CatMouth
58785,DogFace
58786,DogEye
58787,DogEye
58788,CatNose
58789,CatFace
58790,DogEye
58791,CatEye
58792,DogNose
58793,CatNose
58794,CatNose
58795,DogEye
58796,DogNose
58797,DogEye
58798,DogEye
58799,DogEye
58800,CatNose
58801,CatEye
58802,DogNose
58803,DogMouth
58804,DogEye
58805,DogMouth
58806,CatFace
58807,DogFace
58808,DogNose
58809,CatNose
58810,DogNose
58811,DogNose
58812,CatFace
58813,CatEye
58814,CatMouth
58815,DogEye
58816,CatNose
58817,DogEye
58818,CatFace
58819,DogEye
58820,CatNose
58821,DogEye
58822,CatEye
58823,CatEye
58824,CatFace
58825,DogMouth
58826,CatNose
58827,DogMouth
58828,DogMouth
58829,CatFace
58830,CatMouth
58831,DogFace
58832,CatEye
58833,CatFace
58834,DogEye
58835,CatEye
58836,DogMouth
58837,CatEye
58838,DogEye
58839,DogEye
58840,CatNose
58841,CatEye
58842,CatEye
58843,DogEye
58844,CatFace
58845,DogMouth
58846,DogNose
58847,CatEye
58848,CatNose
58849,DogMouth
58850,DogMouth
58851,CatFace
58852,CatMouth
58853,CatMouth
58854,DogNose
58855,DogEye
58856,DogNose
58857,DogEye
58858,CatFace
58859,DogEye
58860,CatEye
58861,CatEye
58862,CatEye
58863,DogFace
58864,DogMouth
58865,CatFace
58866,CatNose
58867,DogEye
58868,CatEye
58869,DogEye
58870,DogEye
58871,DogNose
58872,DogEye
58873,CatEye
58874,CatEye
58875,CatEye
58876,DogMouth
58877,CatMouth
58878,CatFace
58879,DogEye
58880,DogEye
58881,DogEye
58882,DogFace
58883,CatEye
58884,DogMouth
58885,CatNose
58886,CatEye
58887,CatNose
58888,CatEye
58889,CatEye
58890,DogMouth
58891,CatEye
58892,DogNose
58893,CatMouth
58894,CatEye
58895,CatNose
58896,DogEye
58897,CatEye
58898,DogNose
58899,DogEye
58900,CatEye
58901,CatEye
58902,CatEye
58903,CatNose
58904,CatFace
58905,DogNose
58906,CatEye
58907,DogNose
58908,DogFace
58909,CatFace
58910,CatMouth
58911,DogNose
58912,CatMouth
58913,DogEye
58914,DogEye
58915,DogNose
58916,CatEye
58917,DogNose
58918,DogFace
58919,DogEye
58920,CatFace
58921,CatEye
58922,DogEye
58923,CatEye
58924,DogEye
58925,CatNose
58926,CatMouth
58927,DogEye
58928,CatNose
58929,DogMouth
58930,CatEye
58931,CatMouth
58932,CatMouth
58933,DogMouth
58934,DogEye
58935,CatFace
58936,DogMouth
58937,CatEye
58938,DogMouth
58939,DogNose
58940,DogNose
58941,DogMouth
58942,CatEye
58943,CatMouth
58944,DogNose
58945,CatFace
58946,DogMouth
58947,CatNose
58948,CatFace
58949,CatFace
58950,CatNose
58951,DogNose
58952,CatFace
58953,CatFace
58954,CatMouth
58955,DogMouth
58956,CatEye
58957,DogNose
58958,CatNose
58959,CatEye
58960,DogFace
58961,CatNose
58962,DogEye
58963,DogNose
58964,CatFace
58965,DogEye
58966,CatNose
58967,DogEye
58968,CatEye
58969,DogEye
58970,DogEye
58971,CatFace
58972,DogEye
58973,DogNose
58974,DogFace
58975,CatMouth
58976,CatMouth
58977,DogNose
58978,DogMouth
58979,CatMouth
58980,DogFace
58981,DogEye
58982,CatNose
58983,CatFace
58984,DogFace
58985,CatMouth
58986,CatMouth
58987,DogEye
58988,DogFace
58989,DogEye
58990,CatEye
58991,CatNose
58992,DogFace
58993,DogNose
58994,DogMouth
58995,CatEye
58996,CatNose
58997,CatFace
58998,DogNose
58999,CatEye
59000,CatMouth
59001,CatEye
59002,DogFace
59003,CatEye
59004,DogEye
59005,CatMouth
59006,DogNose
59007,DogMouth
59008,CatFace
59009,CatNose
59010,CatEye
59011,CatFace
59012,DogMouth
59013,CatEye
59014,DogFace
59015,CatFace
59016,CatEye
59017,DogMouth
59018,CatNose
59019,DogMouth
59020,CatEye
59021,DogEye
59022,CatNose
59023,DogFace
59024,CatMouth
59025,CatFace
59026,CatNose
59027,DogMouth
59028,DogMouth
59029,CatFace
59030,CatEye
59031,CatMouth
59032,CatEye
59033,DogEye
59034,CatMouth
59035,DogMouth
59036,DogEye
59037,DogNose
59038,DogNose
59039,CatNose
59040,DogMouth
59041,DogEye
59042,CatEye
59043,CatFace
59044,DogMouth
59045,CatEye
59046,CatEye
59047,DogNose
59048,DogMouth
59049,DogFace
59050,DogMouth
59051,DogFace
59052,CatEye
59053,DogEye
59054,CatEye
59055,CatNose
59056,DogNose
59057,DogEye
59058,DogMouth
59059,CatFace
59060,CatEye
59061,CatNose
59062,CatMouth
59063,DogNose
59064,CatNose
59065,CatFace
59066,DogEye
59067,DogEye
59068,DogMouth
59069,CatMouth
59070,DogEye
59071,DogEye
59072,DogFace
59073,DogMouth
59074,CatEye
59075,CatMouth
59076,CatEye
59077,CatEye
59078,CatMouth
59079,CatEye
59080,DogEye
59081,DogFace
59082,DogMouth
59083,CatNose
59084,DogNose
59085,CatEye
59086,CatFace
59087,DogNose
59088,DogNose
59089,CatMouth
59090,CatNose
59091,CatNose
59092,DogMouth
59093,DogEye
59094,DogFace
59095,DogMouth
59096,DogEye
59097,CatMouth
59098,CatFace
59099,DogMouth
59100,DogMouth
59101,DogEye
59102,CatEye
59103,CatEye
59104,CatFace
59105,CatNose
59106,CatFace
59107,DogMouth
59108,CatMouth
59109,DogEye
59110,CatEye
59111,DogMouth
59112,CatEye
59113,DogFace
59114,CatEye
59115,DogNose
59116,DogEye
59117,DogEye
59118,DogEye
59119,DogEye
59120,CatEye
59121,CatFace
59122,CatFace
59123,DogEye
59124,CatEye
59125,DogMouth
59126,CatEye
59127,CatEye
59128,DogNose
59129,DogMouth
59130,CatEye
59131,DogNose
59132,CatEye
59133,CatEye
59134,CatNose
59135,CatEye
59136,DogNose
59137,CatMouth
59138,CatMouth
59139,CatEye
59140,DogFace
59141,CatEye
59142,DogFace
59143,CatNose
59144,DogMouth
59145,DogNose
59146,CatNose
59147,DogMouth
59148,CatFace
59149,CatEye
59150,CatMouth
59151,CatNose
59152,DogMouth
59153,CatEye
59154,CatNose
59155,DogNose
59156,CatEye
59157,DogNose
59158,CatEye
59159,DogEye
59160,CatFace
59161,CatNose
59162,CatEye
59163,DogEye
59164,DogEye
59165,CatMouth
59166,DogNose
59167,CatEye
59168,CatEye
59169,CatFace
59170,DogEye
59171,DogNose
59172,DogFace
59173,CatFace
59174,DogNose
59175,DogFace
59176,CatEye
59177,CatEye
59178,DogEye
59179,CatEye
59180,CatFace
59181,CatEye
59182,CatMouth
59183,DogFace
59184,CatNose
59185,DogEye
59186,CatNose
59187,CatNose
59188,DogEye
59189,CatEye
59190,DogNose
59191,DogFace
59192,DogEye
59193,DogEye
59194,DogFace
59195,CatEye
59196,CatEye
59197,DogMouth
59198,CatEye
59199,DogMouth
59200,CatEye
59201,CatNose
59202,CatEye
59203,CatEye
59204,DogNose
59205,CatFace
59206,CatNose
59207,CatEye
59208,CatEye
59209,DogEye
59210,CatEye
59211,DogEye
59212,DogEye
59213,DogFace
59214,DogMouth
59215,DogNose
59216,CatEye
59217,CatMouth
59218,CatEye
59219,CatNose
59220,CatNose
59221,CatEye
59222,CatMouth
59223,DogEye
59224,CatEye
59225,DogMouth
59226,DogEye
59227,CatEye
59228,CatFace
59229,CatFace
59230,CatNose
59231,DogEye
59232,CatFace
59233,CatEye
59234,CatEye
59235,DogMouth
59236,DogFace
59237,DogEye
59238,CatEye
59239,CatEye
59240,DogFace
59241,DogNose
59242,CatFace
59243,DogEye
59244,DogFace
59245,DogEye
59246,CatNose
59247,CatFace
59248,DogNose
59249,CatFace
59250,CatEye
59251,DogMouth
59252,DogFace
59253,DogNose
59254,DogEye
59255,CatEye
59256,DogEye
59257,DogEye
59258,DogNose
59259,CatFace
59260,CatMouth
59261,CatEye
59262,CatEye
59263,DogMouth
59264,DogNose
59265,DogEye
59266,DogFace
59267,DogMouth
59268,DogEye
59269,CatMouth
59270,CatFace
59271,DogNose
59272,CatNose
59273,DogNose
59274,DogEye
59275,CatEye
59276,DogEye
59277,DogEye
59278,CatMouth
59279,CatEye
59280,DogFace
59281,DogMouth
59282,DogNose
59283,CatEye
59284,CatNose
59285,DogFace
59286,CatMouth
59287,CatEye
59288,CatEye
59289,DogEye
59290,CatEye
59291,CatEye
59292,DogEye
59293,DogFace
59294,DogEye
59295,DogEye
59296,DogNose
59297,DogFace
59298,DogEye
59299,DogNose
59300,DogNose
59301,CatEye
59302,DogNose
59303,DogEye
59304,DogEye
59305,CatEye
59306,DogEye
59307,CatFace
59308,CatMouth
59309,CatNose
59310,DogNose
59311,CatEye
59312,CatFace
59313,DogMouth
59314,CatEye
59315,CatMouth
59316,DogFace
59317,CatFace
59318,DogFace
59319,CatMouth
59320,DogEye
59321,CatEye
59322,CatEye
59323,DogFace
59324,DogEye
59325,CatFace
59326,DogNose
59327,DogMouth
59328,DogMouth
59329,DogFace
59330,DogFace
59331,DogEye
59332,CatMouth
59333,CatEye
59334,DogEye
59335,CatEye
59336,DogEye
59337,DogNose
59338,DogFace
59339,CatEye
59340,CatEye
59341,DogEye
59342,CatEye
59343,DogNose
59344,CatFace
59345,CatFace
59346,DogMouth
59347,DogNose
59348,DogNose
59349,CatFace
59350,CatNose
59351,CatMouth
59352,CatNose
59353,CatNose
59354,DogEye
59355,DogFace
59356,CatEye
59357,DogMouth
59358,CatFace
59359,DogFace
59360,CatEye
59361,CatFace
59362,CatMouth
59363,DogMouth
59364,DogMouth
59365,CatEye
59366,DogEye
59367,CatEye
59368,DogEye
59369,DogNose
59370,CatFace
59371,CatFace
59372,CatEye
59373,DogFace
59374,CatFace
59375,CatEye
59376,DogEye
59377,CatNose
59378,DogMouth
59379,DogEye
59380,DogEye
59381,CatEye
59382,DogNose
59383,CatFace
59384,CatEye
59385,CatMouth
59386,CatEye
59387,DogNose
59388,CatFace
59389,CatEye
59390,DogMouth
59391,DogNose
59392,DogMouth
59393,CatEye
59394,DogEye
59395,DogEye
59396,CatNose
59397,CatMouth
59398,CatFace
59399,CatEye
59400,DogEye
59401,CatFace
59402,DogEye
59403,CatMouth
59404,CatFace
59405,DogMouth
59406,CatEye
59407,CatMouth
59408,DogEye
59409,DogMouth
59410,DogFace
59411,DogEye
59412,CatEye
59413,CatMouth
59414,CatEye
59415,DogNose
59416,CatEye
59417,CatNose
59418,CatNose
59419,DogNose
59420,CatNose
59421,CatNose
59422,CatMouth
59423,DogEye
59424,CatEye
59425,CatMouth
59426,DogEye
59427,DogEye
59428,CatMouth
59429,CatEye
59430,CatEye
59431,DogEye
59432,DogEye
59433,CatEye
59434,CatNose
59435,DogFace
59436,CatEye
59437,CatEye
59438,CatEye
59439,DogMouth
59440,DogFace
59441,CatEye
59442,CatEye
59443,CatFace
59444,CatEye
59445,DogEye
59446,CatNose
59447,DogEye
59448,DogEye
59449,CatEye
59450,CatEye
59451,DogFace
59452,DogEye
59453,CatEye
59454,CatEye
59455,DogMouth
59456,DogEye
59457,CatMouth
59458,DogEye
59459,DogEye
59460,DogFace
59461,DogEye
59462,DogNose
59463,DogFace
59464,DogFace
59465,CatEye
59466,DogFace
59467,CatNose
59468,DogNose
59469,CatEye
59470,CatEye
59471,DogNose
59472,CatNose
59473,DogEye
59474,CatEye
59475,CatEye
59476,DogEye
59477,DogMouth
59478,DogMouth
59479,DogEye
59480,CatFace
59481,DogNose
59482,CatEye
59483,CatFace
59484,DogMouth
59485,CatEye
59486,DogFace
59487,CatEye
59488,DogNose
59489,CatMouth
59490,CatFace
59491,CatEye
59492,DogMouth
59493,CatFace
59494,CatNose
59495,CatFace
59496,CatFace
59497,CatFace
59498,DogEye
59499,DogMouth
59500,CatEye
59501,CatMouth
59502,CatMouth
59503,DogEye
59504,DogNose
59505,CatEye
59506,DogEye
59507,CatEye
59508,DogEye
59509,CatEye
59510,DogEye
59511,CatNose
59512,CatNose
59513,DogNose
59514,CatFace
59515,CatEye
59516,CatNose
59517,CatNose
59518,CatFace
59519,CatEye
59520,CatNose
59521,CatFace
59522,DogNose
59523,CatFace
59524,DogFace
59525,CatEye
59526,CatFace
59527,CatMouth
59528,CatEye
59529,CatNose
59530,CatNose
59531,CatNose
59532,DogEye
59533,DogNose
59534,DogEye
59535,DogEye
59536,DogFace
59537,CatNose
59538,DogNose
59539,DogNose
59540,DogNose
59541,CatEye
59542,DogEye
59543,CatEye
59544,CatFace
59545,DogEye
59546,CatEye
59547,DogEye
59548,CatMouth
59549,DogEye
59550,CatEye
59551,CatFace
59552,DogFace
59553,CatEye
59554,DogNose
59555,CatFace
59556,CatEye
59557,CatEye
59558,CatEye
59559,CatMouth
59560,CatMouth
59561,DogEye
59562,CatEye
59563,CatNose
59564,CatNose
59565,DogEye
59566,CatEye
59567,DogMouth
59568,DogFace
59569,CatFace
59570,CatFace
59571,CatEye
59572,CatFace
59573,CatMouth
59574,DogNose
59575,CatFace
59576,CatMouth
59577,DogEye
59578,DogEye
59579,CatFace
59580,CatEye
59581,DogNose
59582,CatMouth
59583,CatEye
59584,CatEye
59585,DogFace
59586,CatNose
59587,CatNose
59588,CatFace
59589,CatEye
59590,DogEye
59591,CatEye
59592,DogEye
59593,DogEye
59594,DogEye
59595,DogMouth
59596,CatEye
59597,DogEye
59598,CatEye
59599,DogFace
59600,DogEye
59601,DogFace
59602,DogNose
59603,CatMouth
59604,DogMouth
59605,DogMouth
59606,DogEye
59607,DogNose
59608,CatNose
59609,CatMouth
59610,CatEye
59611,DogFace
59612,CatFace
59613,CatMouth
59614,DogNose
59615,CatMouth
59616,CatMouth
59617,DogMouth
59618,CatEye
59619,CatEye
59620,CatNose
59621,DogFace
59622,CatMouth
59623,DogNose
59624,CatEye
59625,DogEye
59626,DogNose
59627,CatEye
59628,CatFace
59629,DogEye
59630,DogNose
59631,CatNose
59632,CatEye
59633,DogMouth
59634,DogMouth
59635,CatNose
59636,CatMouth
59637,CatEye
59638,DogEye
59639,CatEye
59640,CatEye
59641,CatEye
59642,CatEye
59643,DogNose
59644,DogNose
59645,DogEye
59646,CatNose
59647,DogEye
59648,DogFace
59649,CatMouth
59650,CatEye
59651,CatNose
59652,DogFace
59653,CatMouth
59654,DogEye
59655,CatNose
59656,CatNose
59657,CatFace
59658,CatFace
59659,CatMouth
59660,CatMouth
59661,CatEye
59662,DogMouth
59663,CatMouth
59664,DogMouth
59665,CatFace
59666,CatEye
59667,DogNose
59668,DogEye
59669,DogEye
59670,DogEye
59671,CatEye
59672,DogEye
59673,CatEye
59674,CatNose
59675,DogMouth
59676,CatEye
59677,DogEye
59678,CatFace
59679,CatEye
59680,DogEye
59681,CatEye
59682,CatEye
59683,DogEye
59684,CatEye
59685,CatEye
59686,DogMouth
59687,DogMouth
59688,DogEye
59689,DogEye
59690,CatNose
59691,DogMouth
59692,CatNose
59693,DogNose
59694,CatEye
59695,DogEye
59696,DogEye
59697,CatEye
59698,CatFace
59699,CatFace
59700,CatEye
59701,CatEye
59702,DogMouth
59703,DogNose
59704,DogEye
59705,CatMouth
59706,DogFace
59707,DogNose
59708,DogNose
59709,CatMouth
59710,CatMouth
59711,CatEye
59712,DogNose
59713,DogEye
59714,DogEye
59715,CatMouth
59716,DogNose
59717,CatEye
59718,CatNose
59719,CatNose
59720,DogMouth
59721,DogMouth
59722,DogNose
59723,DogEye
59724,CatFace
59725,CatFace
59726,CatFace
59727,CatNose
59728,CatEye
59729,CatEye
59730,DogFace
59731,CatMouth
59732,CatNose
59733,CatNose
59734,CatEye
59735,DogFace
59736,CatFace
59737,CatMouth
59738,DogMouth
59739,CatMouth
59740,CatEye
59741,CatMouth
59742,CatFace
59743,CatFace
59744,DogEye
59745,CatEye
59746,DogEye
59747,DogMouth
59748,CatEye
59749,DogEye
59750,DogEye
59751,DogEye
59752,DogEye
59753,DogEye
59754,CatNose
59755,CatNose
59756,CatEye
59757,CatEye
59758,CatEye
59759,CatEye
59760,CatNose
59761,CatMouth
59762,CatNose
59763,CatMouth
59764,CatEye
59765,DogFace
59766,CatFace
59767,DogEye
59768,CatEye
59769,DogFace
59770,CatMouth
59771,DogNose
59772,DogEye
59773,CatFace
59774,DogNose
59775,CatNose
59776,DogNose
59777,DogEye
59778,DogEye
59779,DogEye
59780,CatEye
59781,CatFace
59782,CatEye
59783,DogNose
59784,DogEye
59785,DogEye
59786,DogEye
59787,DogNose
59788,CatEye
59789,DogEye
59790,CatFace
59791,DogFace
59792,DogEye
59793,CatEye
59794,CatEye
59795,CatEye
59796,CatEye
59797,DogMouth
59798,DogFace
59799,CatFace
59800,CatEye
59801,CatEye
59802,CatMouth
59803,CatFace
59804,DogNose
59805,CatEye
59806,DogEye
59807,CatEye
59808,CatMouth
59809,DogEye
59810,DogEye
59811,CatEye
59812,CatNose
59813,CatEye
59814,CatFace
59815,CatEye
59816,CatEye
59817,CatFace
59818,DogEye
59819,DogFace
59820,CatEye
59821,CatEye
59822,DogEye
59823,CatEye
59824,DogFace
59825,CatEye
59826,DogMouth
59827,DogFace
59828,CatEye
59829,CatFace
59830,DogEye
59831,CatEye
59832,CatMouth
59833,CatEye
59834,DogMouth
59835,CatEye
59836,DogNose
59837,CatEye
59838,CatMouth
59839,DogNose
59840,DogNose
59841,DogMouth
59842,DogEye
59843,CatEye
59844,CatMouth
59845,CatEye
59846,CatEye
59847,DogEye
59848,DogEye
59849,CatEye
59850,DogEye
59851,CatFace
59852,CatNose
59853,DogEye
59854,CatFace
59855,CatNose
59856,DogFace
59857,DogEye
59858,CatFace
59859,DogNose
59860,CatFace
59861,DogEye
59862,CatEye
59863,CatEye
59864,CatEye
59865,CatNose
59866,CatEye
59867,CatEye
59868,CatFace
59869,CatMouth
59870,CatMouth
59871,DogMouth
59872,DogEye
59873,CatNose
59874,DogEye
59875,CatFace
59876,CatEye
59877,DogNose
59878,CatEye
59879,CatEye
59880,CatNose
59881,CatEye
59882,CatEye
59883,DogNose
59884,CatEye
59885,CatEye
59886,CatEye
59887,DogEye
59888,DogEye
59889,DogFace
59890,DogMouth
59891,DogMouth
59892,DogMouth
59893,CatEye
59894,CatEye
59895,DogNose
59896,CatEye
59897,DogMouth
59898,DogEye
59899,CatMouth
59900,CatNose
59901,CatNose
59902,DogFace
59903,CatFace
59904,DogEye
59905,DogFace
59906,CatNose
59907,CatNose
59908,DogNose
59909,CatEye
59910,DogNose
59911,CatMouth
59912,CatMouth
59913,CatEye
59914,DogMouth
59915,CatEye
59916,DogMouth
59917,DogNose
59918,DogEye
59919,DogEye
59920,CatMouth
59921,CatMouth
59922,CatNose
59923,DogMouth
59924,CatEye
59925,CatFace
59926,DogNose
59927,CatNose
59928,CatFace
59929,DogEye
59930,DogEye
59931,CatMouth
59932,CatNose
59933,CatFace
59934,DogNose
59935,DogMouth
59936,DogMouth
59937,DogEye
59938,CatNose
59939,CatEye
59940,CatNose
59941,DogEye
59942,DogNose
59943,DogEye
59944,DogMouth
59945,DogFace
59946,CatMouth
59947,DogMouth
59948,CatMouth
59949,DogEye
59950,DogNose
59951,DogEye
59952,DogEye
59953,DogFace
59954,DogNose
59955,DogFace
59956,DogMouth
59957,CatMouth
59958,CatNose
59959,DogMouth
59960,CatFace
59961,CatFace
59962,DogNose
59963,DogEye
59964,CatEye
59965,CatEye
59966,DogEye
59967,DogEye
59968,DogEye
59969,CatEye
59970,CatMouth
59971,DogFace
59972,DogNose
59973,CatNose
59974,DogEye
59975,DogEye
59976,CatEye
59977,CatFace
59978,CatNose
59979,DogEye
59980,CatMouth
59981,CatMouth
59982,CatFace
59983,CatEye
59984,DogNose
59985,CatFace
59986,CatNose
59987,CatFace
59988,CatFace
59989,DogEye
59990,CatFace
59991,DogNose
59992,CatEye
59993,DogMouth
59994,CatEye
59995,DogEye
59996,CatEye
59997,CatEye
59998,CatEye
59999,CatMouth
60000,CatNose
60001,CatFace
60002,CatEye
60003,DogNose
60004,DogEye
60005,DogNose
60006,DogMouth
60007,CatMouth
60008,DogNose
60009,DogEye
60010,CatEye
60011,DogEye
60012,DogEye
60013,CatNose
60014,CatMouth
60015,CatFace
60016,CatEye
60017,CatEye
60018,DogNose
60019,DogEye
60020,DogFace
60021,CatFace
60022,CatEye
60023,DogNose
60024,DogMouth
60025,DogEye
60026,CatFace
60027,DogMouth
60028,CatNose
60029,DogNose
60030,DogEye
60031,CatFace
60032,DogFace
60033,CatNose
60034,CatFace
60035,DogMouth
60036,CatEye
60037,DogMouth
60038,CatMouth
60039,DogFace
60040,DogFace
60041,CatEye
60042,CatFace
60043,DogEye
60044,DogNose
60045,CatEye
60046,DogEye
60047,CatEye
60048,DogNose
60049,DogMouth
60050,CatNose
60051,CatEye
60052,CatEye
60053,DogFace
60054,DogFace
60055,CatFace
60056,DogEye
60057,DogNose
60058,DogMouth
60059,DogEye
60060,DogEye
60061,DogFace
60062,CatNose
60063,DogNose
60064,CatMouth
60065,CatMouth
60066,DogEye
60067,CatMouth
60068,CatNose
60069,CatMouth
60070,CatEye
60071,DogNose
60072,CatMouth
60073,CatNose
60074,CatEye
60075,DogMouth
60076,DogMouth
60077,DogMouth
60078,CatEye
60079,DogNose
60080,DogEye
60081,CatMouth
60082,CatEye
60083,CatNose
60084,CatMouth
60085,CatEye
60086,CatFace
60087,CatFace
60088,CatFace
60089,DogFace
60090,DogFace
60091,CatFace
60092,CatEye
60093,DogEye
60094,DogNose
60095,DogMouth
60096,DogMouth
60097,DogMouth
60098,DogMouth
60099,CatFace
60100,CatEye
60101,DogEye
60102,DogFace
60103,CatNose
60104,CatEye
60105,CatMouth
60106,DogFace
60107,CatMouth
60108,CatNose
60109,CatEye
60110,CatEye
60111,CatNose
60112,DogFace
60113,DogEye
60114,CatMouth
60115,CatEye
60116,CatFace
60117,CatMouth
60118,DogFace
60119,DogMouth
60120,CatEye
60121,DogMouth
60122,DogEye
60123,CatMouth
60124,DogMouth
60125,DogMouth
60126,CatEye
60127,DogMouth
60128,DogFace
60129,CatEye
60130,CatFace
60131,CatEye
60132,CatNose
60133,DogEye
60134,DogFace
60135,CatFace
60136,CatMouth
60137,CatMouth
60138,CatEye
60139,CatFace
60140,CatNose
60141,CatEye
60142,DogMouth
60143,DogFace
60144,CatNose
60145,DogEye
60146,CatEye
60147,DogEye
60148,DogFace
60149,CatFace
60150,DogNose
60151,CatFace
60152,CatNose
60153,CatEye
60154,CatNose
60155,DogFace
60156,CatEye
60157,CatEye
60158,CatFace
60159,DogFace
60160,DogMouth
60161,DogFace
60162,DogFace
60163,DogEye
60164,CatEye
60165,DogNose
60166,CatMouth
60167,CatMouth
60168,CatFace
60169,CatFace
60170,DogEye
60171,CatFace
60172,DogMouth
60173,DogMouth
60174,DogEye
60175,CatEye
60176,CatMouth
60177,CatEye
60178,CatMouth
60179,CatFace
60180,DogFace
60181,CatNose
60182,CatMouth
60183,DogEye
60184,DogMouth
60185,DogEye
60186,DogMouth
60187,DogFace
60188,CatEye
60189,CatEye
60190,DogFace
60191,CatEye
60192,CatEye
60193,CatMouth
60194,CatEye
60195,DogFace
60196,DogNose
60197,DogMouth
60198,CatEye
60199,CatMouth
60200,CatEye
60201,DogFace
60202,DogFace
60203,DogFace
60204,DogEye
60205,CatEye
60206,DogEye
60207,DogNose
60208,CatNose
60209,CatEye
60210,DogEye
60211,CatEye
60212,CatEye
60213,DogMouth
60214,CatMouth
60215,DogNose
60216,CatFace
60217,DogFace
60218,CatEye
60219,CatMouth
60220,CatEye
60221,CatNose
60222,CatMouth
60223,DogNose
60224,CatMouth
60225,DogFace
60226,CatEye
60227,DogEye
60228,DogFace
60229,DogFace
60230,CatEye
60231,DogFace
60232,DogNose
60233,DogEye
60234,DogFace
60235,DogFace
60236,CatEye
60237,DogFace
60238,CatFace
60239,DogMouth
60240,CatMouth
60241,CatMouth
60242,DogFace
60243,CatEye
60244,DogFace
60245,DogFace
60246,CatNose
60247,CatFace
60248,CatEye
60249,CatEye
60250,CatMouth
60251,CatFace
60252,CatMouth
60253,CatMouth
60254,DogEye
60255,DogNose
60256,DogFace
60257,DogMouth
60258,CatNose
60259,CatFace
60260,CatNose
60261,DogNose
60262,CatNose
60263,CatMouth
60264,CatFace
60265,DogEye
60266,CatEye
60267,DogEye
60268,CatEye
60269,DogEye
60270,DogEye
60271,CatNose
60272,CatEye
60273,CatMouth
60274,CatMouth
60275,CatNose
60276,DogEye
60277,CatNose
60278,CatNose
60279,CatEye
60280,DogMouth
60281,CatEye
60282,CatEye
60283,CatEye
60284,CatEye
60285,CatEye
60286,CatEye
60287,DogNose
60288,CatNose
60289,CatEye
60290,DogFace
60291,CatFace
60292,DogNose
60293,DogFace
60294,DogFace
60295,CatMouth
60296,DogFace
60297,CatNose
60298,CatMouth
60299,CatMouth
60300,DogNose
60301,DogEye
60302,CatFace
60303,DogNose
60304,DogMouth
60305,DogFace
60306,CatNose
60307,CatEye
60308,DogEye
60309,CatMouth
60310,DogEye
60311,CatMouth
60312,CatEye
60313,CatEye
60314,CatFace
60315,DogEye
60316,DogEye
60317,CatFace
60318,CatEye
60319,DogEye
60320,DogNose
60321,DogFace
60322,DogEye
60323,CatEye
60324,CatMouth
60325,CatEye
60326,CatEye
60327,CatEye
60328,CatMouth
60329,CatMouth
60330,DogEye
60331,CatEye
60332,CatFace
60333,DogEye
60334,CatFace
60335,CatFace
60336,CatEye
60337,CatNose
60338,DogNose
60339,CatEye
60340,CatFace
60341,CatNose
60342,CatEye
60343,CatEye
60344,CatEye
60345,DogEye
60346,DogMouth
60347,DogEye
60348,CatMouth
60349,CatFace
60350,DogEye
60351,CatFace
60352,DogFace
60353,CatNose
60354,DogNose
60355,CatMouth
60356,CatNose
60357,CatEye
60358,DogFace
60359,CatEye
60360,DogMouth
60361,CatMouth
60362,DogEye
60363,CatEye
60364,DogNose
60365,CatNose
60366,CatFace
60367,DogNose
60368,DogEye
60369,DogMouth
60370,DogEye
60371,DogMouth
60372,DogEye
60373,CatEye
60374,DogNose
60375,DogNose
60376,DogEye
60377,CatEye
60378,CatEye
60379,DogEye
60380,CatNose
60381,CatEye
60382,CatNose
60383,CatEye
60384,CatEye
60385,CatNose
60386,DogFace
60387,DogEye
60388,CatFace
60389,DogMouth
60390,CatMouth
60391,DogEye
60392,DogFace
60393,CatNose
60394,CatEye
60395,DogEye
60396,DogEye
60397,DogMouth
60398,CatNose
60399,CatEye
60400,DogFace
60401,CatMouth
60402,DogEye
60403,DogMouth
60404,CatNose
60405,CatEye
60406,DogFace
60407,DogEye
60408,DogEye
60409,CatNose
60410,DogFace
60411,CatMouth
60412,CatMouth
60413,CatMouth
60414,DogNose
60415,DogFace
60416,DogEye
60417,DogMouth
60418,DogEye
60419,CatNose
60420,CatEye
60421,DogFace
60422,CatEye
60423,CatEye
60424,DogEye
60425,CatMouth
60426,DogEye
60427,CatFace
60428,CatNose
60429,CatEye
60430,CatNose
60431,CatFace
60432,CatFace
60433,DogNose
60434,DogNose
60435,DogEye
60436,DogEye
60437,CatEye
60438,CatMouth
60439,CatNose
60440,CatFace
60441,CatNose
60442,CatEye
60443,DogEye
60444,CatEye
60445,CatMouth
60446,CatEye
60447,DogEye
60448,CatFace
60449,CatEye
60450,DogEye
60451,DogNose
60452,CatMouth
60453,CatNose
60454,DogMouth
60455,CatEye
60456,CatEye
60457,CatNose
60458,DogFace
60459,CatMouth
60460,DogEye
60461,DogFace
60462,CatNose
60463,CatFace
60464,CatFace
60465,DogEye
60466,CatNose
60467,CatNose
60468,DogFace
60469,DogNose
60470,CatNose
60471,CatMouth
60472,DogFace
60473,DogFace
60474,CatMouth
60475,DogFace
60476,CatEye
60477,CatEye
60478,CatEye
60479,DogEye
60480,CatMouth
60481,CatFace
60482,DogFace
60483,DogEye
60484,DogEye
60485,DogNose
60486,CatMouth
60487,DogEye
60488,DogMouth
60489,CatNose
60490,DogEye
60491,DogFace
60492,CatFace
60493,DogNose
60494,DogEye
60495,CatFace
60496,DogEye
60497,CatFace
60498,CatEye
60499,CatMouth
60500,CatEye
60501,CatEye
60502,DogMouth
60503,DogMouth
60504,DogFace
60505,CatNose
60506,DogMouth
60507,CatFace
60508,DogEye
60509,CatNose
60510,CatEye
60511,CatMouth
60512,CatEye
60513,DogNose
60514,CatEye
60515,CatEye
60516,DogEye
60517,DogMouth
60518,CatEye
60519,CatFace
60520,CatEye
60521,DogEye
60522,DogMouth
60523,DogEye
60524,CatEye
60525,CatEye
60526,CatEye
60527,DogNose
60528,DogEye
60529,CatEye
60530,DogMouth
60531,DogFace
60532,DogMouth
60533,DogEye
60534,CatEye
60535,DogNose
60536,CatMouth
60537,CatFace
60538,DogEye
60539,DogNose
60540,DogMouth
60541,CatNose
60542,CatNose
60543,CatFace
60544,CatFace
60545,CatMouth
60546,DogEye
60547,DogFace
60548,CatMouth
60549,CatEye
60550,DogEye
60551,CatFace
60552,CatMouth
60553,DogEye
60554,CatNose
60555,DogFace
60556,CatEye
60557,DogNose
60558,DogMouth
60559,DogMouth
60560,DogEye
60561,DogNose
60562,DogEye
60563,CatEye
60564,CatFace
60565,CatFace
60566,CatEye
60567,DogEye
60568,DogEye
60569,CatNose
60570,CatFace
60571,CatEye
60572,CatEye
60573,CatNose
60574,DogEye
60575,CatFace
60576,CatFace
60577,DogEye
60578,DogMouth
60579,DogMouth
60580,DogMouth
60581,CatEye
60582,DogFace
60583,DogEye
60584,CatEye
60585,DogFace
60586,DogEye
60587,CatEye
60588,CatMouth
60589,DogFace
60590,CatNose
60591,CatNose
60592,CatNose
60593,DogEye
60594,CatEye
60595,DogEye
60596,CatEye
60597,CatEye
60598,CatMouth
60599,CatFace
60600,DogNose
60601,DogEye
60602,CatEye
60603,CatEye
60604,CatMouth
60605,DogFace
60606,CatEye
60607,DogFace
60608,DogNose
60609,DogNose
60610,CatEye
60611,CatNose
60612,CatEye
60613,CatEye
60614,DogFace
60615,CatEye
60616,CatEye
60617,CatFace
60618,CatNose
60619,CatMouth
60620,DogNose
60621,CatMouth
60622,CatFace
60623,CatNose
60624,CatMouth
60625,CatEye
60626,DogEye
60627,CatNose
60628,CatEye
60629,CatNose
60630,DogEye
60631,DogMouth
60632,DogNose
60633,CatMouth
60634,DogMouth
60635,CatNose
60636,CatMouth
60637,CatEye
60638,DogMouth
60639,DogNose
60640,DogEye
60641,DogMouth
60642,DogNose
60643,CatNose
60644,DogEye
60645,DogEye
60646,CatMouth
60647,CatMouth
60648,DogFace
60649,DogEye
60650,DogEye
60651,DogEye
60652,CatEye
60653,CatEye
60654,CatEye
60655,DogFace
60656,CatMouth
60657,DogMouth
60658,CatNose
60659,DogEye
60660,CatNose
60661,CatNose
60662,DogMouth
60663,CatMouth
60664,DogFace
60665,CatEye
60666,CatNose
60667,CatEye
60668,CatNose
60669,DogEye
60670,CatNose
60671,CatEye
60672,CatEye
60673,DogNose
60674,CatEye
60675,DogNose
60676,DogFace
60677,DogEye
60678,CatEye
60679,DogEye
60680,CatNose
60681,CatEye
60682,CatMouth
60683,CatEye
60684,DogEye
60685,CatNose
60686,DogEye
60687,DogMouth
60688,CatEye
60689,CatMouth
60690,CatEye
60691,CatEye
60692,DogEye
60693,CatEye
60694,CatEye
60695,DogEye
60696,DogEye
60697,CatEye
60698,CatFace
60699,CatEye
60700,DogEye
60701,CatEye
60702,DogNose
60703,DogFace
60704,CatFace
60705,CatMouth
60706,CatMouth
60707,DogEye
60708,CatEye
60709,CatMouth
60710,DogNose
60711,DogEye
60712,DogEye
60713,DogMouth
60714,CatEye
60715,CatNose
60716,DogFace
60717,CatMouth
60718,DogNose
60719,DogEye
60720,DogFace
60721,CatMouth
60722,DogMouth
60723,CatFace
60724,CatMouth
60725,CatEye
60726,DogMouth
60727,DogEye
60728,CatMouth
60729,CatEye
60730,DogFace
60731,CatEye
60732,DogEye
60733,DogFace
60734,DogEye
60735,CatNose
60736,CatFace
60737,DogEye
60738,DogMouth
60739,DogEye
60740,CatNose
60741,CatEye
60742,DogNose
60743,DogFace
60744,DogEye
60745,DogEye
60746,CatNose
60747,CatFace
60748,CatMouth
60749,DogFace
60750,DogFace
60751,CatNose
60752,CatNose
60753,DogEye
60754,CatFace
60755,CatFace
60756,DogEye
60757,DogNose
60758,CatFace
60759,DogFace
60760,CatFace
60761,DogEye
60762,CatNose
60763,DogFace
60764,DogEye
60765,CatEye
60766,CatEye
60767,CatEye
60768,CatEye
60769,DogFace
60770,CatEye
60771,DogEye
60772,CatFace
60773,CatMouth
60774,CatEye
60775,DogNose
60776,CatEye
60777,DogFace
60778,DogMouth
60779,CatMouth
60780,DogEye
60781,CatEye
60782,CatFace
60783,DogEye
60784,CatMouth
60785,CatMouth
60786,CatEye
60787,DogMouth
60788,CatEye
60789,DogMouth
60790,DogEye
60791,DogMouth
60792,CatFace
60793,CatEye
60794,DogEye
60795,CatFace
60796,CatEye
60797,DogFace
60798,CatEye
60799,DogMouth
60800,DogMouth
60801,CatNose
60802,CatMouth
60803,CatNose
60804,DogEye
60805,CatNose
60806,DogNose
60807,CatFace
60808,CatNose
60809,CatEye
60810,CatEye
60811,DogMouth
60812,DogNose
60813,CatMouth
60814,DogNose
60815,CatEye
60816,DogMouth
60817,DogEye
60818,CatEye
60819,CatMouth
60820,CatEye
60821,DogFace
60822,DogNose
60823,DogEye
60824,CatNose
60825,DogNose
60826,DogMouth
60827,DogEye
60828,CatEye
60829,CatEye
60830,DogNose
60831,CatEye
60832,CatNose
60833,DogEye
60834,DogFace
60835,DogEye
60836,CatMouth
60837,DogFace
60838,CatEye
60839,DogEye
60840,DogEye
60841,CatNose
60842,DogMouth
60843,DogFace
60844,DogEye
60845,CatNose
60846,CatFace
60847,DogEye
60848,DogNose
60849,CatMouth
60850,DogFace
60851,DogFace
60852,DogFace
60853,DogNose
60854,DogEye
60855,CatFace
60856,DogNose
60857,CatEye
60858,CatNose
60859,CatEye
60860,DogFace
60861,CatNose
60862,DogFace
60863,CatEye
60864,DogMouth
60865,DogEye
60866,CatEye
60867,CatFace
60868,CatFace
60869,CatEye
60870,DogNose
60871,DogMouth
60872,CatFace
60873,DogMouth
60874,CatEye
60875,CatNose
60876,DogMouth
60877,DogEye
60878,CatEye
60879,CatEye
60880,DogEye
60881,CatEye
60882,CatNose
60883,DogEye
60884,DogEye
60885,DogEye
60886,CatEye
60887,DogFace
60888,CatEye
60889,CatMouth
60890,CatMouth
60891,CatEye
60892,DogMouth
60893,CatNose
60894,DogNose
60895,DogMouth
60896,DogEye
60897,CatEye
60898,DogMouth
60899,DogNose
60900,DogMouth
60901,CatFace
60902,DogEye
60903,CatMouth
60904,DogFace
60905,CatEye
60906,DogFace
60907,CatNose
60908,DogEye
60909,CatNose
60910,DogEye
60911,CatEye
60912,CatMouth
60913,DogEye
60914,CatNose
60915,CatNose
60916,DogEye
60917,DogEye
60918,CatNose
60919,DogEye
60920,CatEye
60921,DogMouth
60922,CatMouth
60923,DogFace
60924,DogNose
60925,DogMouth
60926,CatFace
60927,DogEye
60928,CatMouth
60929,CatEye
60930,CatEye
60931,DogEye
60932,DogNose
60933,CatEye
60934,DogEye
60935,DogMouth
60936,DogMouth
60937,DogEye
60938,CatEye
60939,DogFace
60940,DogFace
60941,CatNose
60942,DogFace
60943,CatEye
60944,CatFace
60945,DogNose
60946,DogEye
60947,CatFace
60948,CatEye
60949,DogMouth
60950,DogFace
60951,DogNose
60952,DogNose
60953,CatFace
60954,CatNose
60955,CatMouth
60956,DogNose
60957,CatFace
60958,CatMouth
60959,DogEye
60960,DogEye
60961,DogFace
60962,CatEye
60963,CatFace
60964,DogNose
60965,CatFace
60966,DogMouth
60967,DogNose
60968,CatEye
60969,DogFace
60970,DogMouth
60971,CatEye
60972,CatFace
60973,CatEye
60974,CatNose
60975,CatEye
60976,DogFace
60977,CatEye
60978,CatEye
60979,CatMouth
60980,DogNose
60981,DogEye
60982,DogEye
60983,CatNose
60984,DogMouth
60985,DogEye
60986,DogFace
60987,DogMouth
60988,CatNose
60989,CatNose
60990,CatEye
60991,CatEye
60992,CatNose
60993,CatEye
60994,DogNose
60995,DogMouth
60996,DogFace
60997,DogNose
60998,DogEye
60999,DogEye
61000,CatMouth
61001,CatNose
61002,CatNose
61003,CatFace
61004,DogEye
61005,CatFace
61006,DogFace
61007,DogEye
61008,DogNose
61009,DogEye
61010,DogNose
61011,CatMouth
61012,CatEye
61013,CatFace
61014,DogFace
61015,CatEye
61016,DogMouth
61017,DogMouth
61018,CatFace
61019,CatEye
61020,DogMouth
61021,CatEye
61022,DogFace
61023,CatMouth
61024,CatNose
61025,CatEye
61026,CatFace
61027,CatFace
61028,CatMouth
61029,DogNose
61030,DogEye
61031,CatEye
61032,DogFace
61033,DogNose
61034,CatNose
61035,DogEye
61036,CatNose
61037,CatNose
61038,CatEye
61039,CatEye
61040,CatEye
61041,CatFace
61042,DogEye
61043,DogMouth
61044,CatMouth
61045,CatNose
61046,DogEye
61047,DogFace
61048,DogNose
61049,CatEye
61050,DogEye
61051,DogMouth
61052,DogEye
61053,CatEye
61054,DogFace
61055,CatNose
61056,DogNose
61057,DogMouth
61058,CatNose
61059,CatEye
61060,DogEye
61061,CatFace
61062,DogEye
61063,CatEye
61064,DogEye
61065,DogEye
61066,DogFace
61067,DogNose
61068,DogNose
61069,DogEye
61070,DogEye
61071,DogEye
61072,DogNose
61073,DogEye
61074,DogFace
61075,CatEye
61076,DogMouth
61077,DogFace
61078,CatEye
61079,CatNose
61080,DogNose
61081,DogMouth
61082,CatMouth
61083,DogEye
61084,DogMouth
61085,DogFace
61086,DogNose
61087,CatNose
61088,DogNose
61089,DogEye
61090,CatEye
61091,CatEye
61092,CatFace
61093,CatFace
61094,CatEye
61095,DogEye
61096,DogNose
61097,DogMouth
61098,DogEye
61099,DogEye
61100,CatFace
61101,DogMouth
61102,DogEye
61103,DogEye
61104,CatEye
61105,CatMouth
61106,CatEye
61107,CatNose
61108,DogEye
61109,DogNose
61110,CatNose
61111,CatMouth
61112,DogFace
61113,CatEye
61114,CatEye
61115,CatEye
61116,CatNose
61117,DogEye
61118,CatNose
61119,DogFace
61120,CatEye
61121,DogMouth
61122,DogEye
61123,CatFace
61124,CatEye
61125,CatFace
61126,DogEye
61127,CatEye
61128,DogNose
61129,DogMouth
61130,CatNose
61131,DogMouth
61132,CatEye
61133,CatNose
61134,DogNose
61135,CatFace
61136,DogMouth
61137,CatEye
61138,DogEye
61139,CatEye
61140,DogMouth
61141,CatFace
61142,DogEye
61143,CatMouth
61144,DogEye
61145,CatEye
61146,CatFace
61147,CatEye
61148,DogFace
61149,DogFace
61150,DogEye
61151,DogNose
61152,CatEye
61153,CatFace
61154,DogFace
61155,DogNose
61156,CatNose
61157,DogMouth
61158,DogEye
61159,DogNose
61160,CatEye
61161,CatNose
61162,CatMouth
61163,CatNose
61164,DogMouth
61165,CatEye
61166,CatEye
61167,CatEye
61168,DogMouth
61169,CatEye
61170,DogMouth
61171,CatEye
61172,CatNose
61173,CatEye
61174,DogMouth
61175,CatMouth
61176,CatFace
61177,DogFace
61178,CatEye
61179,CatEye
61180,CatEye
61181,CatFace
61182,CatFace
61183,DogEye
61184,DogFace
61185,CatFace
61186,DogNose
61187,CatFace
61188,CatEye
61189,CatFace
61190,DogMouth
61191,DogFace
61192,DogNose
61193,CatNose
61194,DogEye
61195,CatFace
61196,CatNose
61197,DogMouth
61198,CatEye
61199,CatNose
61200,DogFace
61201,CatEye
61202,CatFace
61203,CatEye
61204,DogNose
61205,DogNose
61206,DogNose
61207,CatFace
61208,DogEye
61209,CatFace
61210,DogMouth
61211,CatEye
61212,CatFace
61213,CatEye
61214,DogNose
61215,CatEye
61216,DogEye
61217,CatFace
61218,DogMouth
61219,DogFace
61220,CatEye
61221,DogFace
61222,DogMouth
61223,DogEye
61224,DogFace
61225,CatMouth
61226,CatFace
61227,CatNose
61228,DogEye
61229,CatEye
61230,CatEye
61231,DogEye
61232,CatEye
61233,DogMouth
61234,CatNose
61235,CatEye
61236,DogMouth
61237,DogNose
61238,CatMouth
61239,DogEye
61240,CatFace
61241,DogNose
61242,DogMouth
61243,CatMouth
61244,DogMouth
61245,CatMouth
61246,DogFace
61247,CatEye
61248,CatNose
61249,CatMouth
61250,CatMouth
61251,DogEye
61252,DogFace
61253,CatMouth
61254,CatMouth
61255,CatFace
61256,DogEye
61257,CatEye
61258,DogMouth
61259,DogNose
61260,DogMouth
61261,CatEye
61262,DogNose
61263,DogFace
61264,CatNose
61265,CatEye
61266,DogEye
61267,CatEye
61268,DogMouth
61269,DogFace
61270,DogFace
61271,CatMouth
61272,DogFace
61273,DogNose
61274,CatFace
61275,CatNose
61276,DogEye
61277,CatFace
61278,DogFace
61279,DogEye
61280,CatMouth
61281,CatEye
61282,CatNose
61283,CatEye
61284,CatMouth
61285,CatMouth
61286,DogFace
61287,DogFace
61288,DogEye
61289,CatFace
61290,CatMouth
61291,DogEye
61292,DogEye
61293,DogFace
61294,CatMouth
61295,CatFace
61296,CatNose
61297,CatFace
61298,DogEye
61299,CatMouth
61300,DogEye
61301,CatEye
61302,CatMouth
61303,DogEye
61304,CatNose
61305,DogMouth
61306,DogNose
61307,DogMouth
61308,CatNose
61309,DogFace
61310,CatFace
61311,CatNose
61312,DogEye
61313,CatNose
61314,CatEye
61315,CatMouth
61316,CatEye
61317,CatEye
61318,DogNose
61319,CatEye
61320,DogMouth
61321,DogEye
61322,DogEye
61323,DogEye
61324,CatEye
61325,CatNose
61326,DogNose
61327,DogEye
61328,CatMouth
61329,DogFace
61330,CatEye
61331,CatFace
61332,CatNose
61333,DogNose
61334,CatNose
61335,CatFace
61336,CatEye
61337,CatEye
61338,CatNose
61339,CatEye
61340,CatNose
61341,DogMouth
61342,CatEye
61343,DogEye
61344,CatNose
61345,DogEye
61346,CatFace
61347,DogFace
61348,DogMouth
61349,CatFace
61350,CatEye
61351,DogMouth
61352,DogFace
61353,DogFace
61354,CatMouth
61355,CatNose
61356,CatMouth
61357,DogNose
61358,CatMouth
61359,CatNose
61360,DogEye
61361,CatMouth
61362,DogEye
61363,DogFace
61364,DogEye
61365,CatFace
61366,CatNose
61367,CatNose
61368,DogMouth
61369,DogNose
61370,DogEye
61371,CatNose
61372,DogNose
61373,DogEye
61374,CatMouth
61375,CatFace
61376,CatNose
61377,CatNose
61378,DogNose
61379,CatEye
61380,DogEye
61381,DogFace
61382,CatMouth
61383,DogEye
61384,CatEye
61385,DogEye
61386,CatNose
61387,CatNose
61388,CatMouth
61389,CatNose
61390,DogNose
61391,CatEye
61392,CatNose
61393,CatFace
61394,CatNose
61395,CatNose
61396,DogNose
61397,DogFace
61398,DogEye
61399,CatEye
61400,CatNose
61401,CatMouth
61402,CatMouth
61403,DogNose
61404,CatEye
61405,CatFace
61406,CatEye
61407,CatMouth
61408,DogEye
61409,DogMouth
61410,CatEye
61411,DogEye
61412,CatMouth
61413,CatEye
61414,DogEye
61415,DogFace
61416,DogMouth
61417,CatNose
61418,CatNose
61419,DogNose
61420,DogFace
61421,DogNose
61422,DogEye
61423,DogNose
61424,CatNose
61425,DogMouth
61426,CatEye
61427,CatFace
61428,DogNose
61429,CatMouth
61430,CatEye
61431,DogEye
61432,DogMouth
61433,CatEye
61434,CatEye
61435,DogFace
61436,CatEye
61437,CatMouth
61438,DogEye
61439,CatMouth
61440,DogFace
61441,DogEye
61442,DogMouth
61443,DogNose
61444,CatMouth
61445,CatFace
61446,CatEye
61447,DogNose
61448,CatFace
61449,CatMouth
61450,DogMouth
61451,CatNose
61452,DogNose
61453,DogEye
61454,DogMouth
61455,CatNose
61456,DogNose
61457,DogMouth
61458,CatEye
61459,DogEye
61460,CatMouth
61461,CatMouth
61462,CatFace
61463,DogNose
61464,DogMouth
61465,CatMouth
61466,DogFace
61467,DogEye
61468,DogMouth
61469,CatFace
61470,DogNose
61471,CatEye
61472,DogFace
61473,DogMouth
61474,CatNose
61475,CatMouth
61476,DogEye
61477,CatMouth
61478,DogEye
61479,CatNose
61480,CatFace
61481,DogEye
61482,DogNose
61483,DogEye
61484,DogEye
61485,CatEye
61486,DogFace
61487,DogMouth
61488,DogNose
61489,CatEye
61490,DogEye
61491,DogFace
61492,DogMouth
61493,CatFace
61494,CatEye
61495,CatNose
61496,CatNose
61497,CatEye
61498,DogFace
61499,CatEye
61500,CatEye
61501,CatEye
61502,CatEye
61503,CatMouth
61504,DogEye
61505,DogEye
61506,DogMouth
61507,DogEye
61508,DogEye
61509,CatEye
61510,DogNose
61511,DogEye
61512,DogMouth
61513,CatEye
61514,DogEye
61515,CatEye
61516,CatNose
61517,DogFace
61518,DogEye
61519,DogNose
61520,DogNose
61521,DogMouth
61522,DogMouth
61523,DogEye
61524,DogEye
61525,CatEye
61526,DogEye
61527,CatEye
61528,CatEye
61529,CatEye
61530,DogNose
61531,CatMouth
61532,CatEye
61533,DogEye
61534,CatEye
61535,DogNose
61536,CatEye
61537,CatNose
61538,DogMouth
61539,DogNose
61540,CatEye
61541,CatNose
61542,CatNose
61543,CatMouth
61544,DogFace
61545,CatMouth
61546,DogFace
61547,DogEye
61548,DogNose
61549,DogFace
61550,CatMouth
61551,DogEye
61552,CatFace
61553,DogEye
61554,DogEye
61555,CatEye
61556,CatEye
61557,DogFace
61558,DogFace
61559,DogMouth
61560,DogNose
61561,DogEye
61562,CatFace
61563,DogEye
61564,DogEye
61565,CatMouth
61566,DogEye
61567,DogNose
61568,CatEye
61569,CatFace
61570,DogEye
61571,CatNose
61572,DogEye
61573,CatFace
61574,CatFace
61575,CatNose
61576,DogEye
61577,CatMouth
61578,CatMouth
61579,CatEye
61580,CatEye
61581,CatFace
61582,DogNose
61583,CatMouth
61584,CatEye
61585,DogEye
61586,DogEye
61587,DogEye
61588,CatEye
61589,CatFace
61590,CatFace
61591,CatNose
61592,CatNose
61593,DogEye
61594,CatNose
61595,DogMouth
61596,CatFace
61597,CatEye
61598,CatMouth
61599,CatEye
61600,DogEye
61601,DogNose
61602,CatMouth
61603,CatFace
61604,DogMouth
61605,CatFace
61606,DogNose
61607,CatNose
61608,CatNose
61609,DogEye
61610,DogEye
61611,CatMouth
61612,CatNose
61613,CatNose
61614,DogFace
61615,DogFace
61616,DogMouth
61617,DogEye
61618,DogEye
61619,CatMouth
61620,DogEye
61621,CatMouth
61622,DogNose
61623,CatEye
61624,CatMouth
61625,DogEye
61626,CatFace
61627,CatFace
61628,CatFace
61629,CatEye
61630,CatMouth
61631,CatMouth
61632,DogFace
61633,DogNose
61634,CatFace
61635,CatEye
61636,CatNose
61637,DogMouth
61638,CatFace
61639,DogEye
61640,DogFace
61641,CatNose
61642,CatEye
61643,CatEye
61644,DogMouth
61645,DogFace
61646,CatEye
61647,DogEye
61648,CatFace
61649,DogFace
61650,DogEye
61651,CatMouth
61652,DogFace
61653,CatMouth
61654,DogEye
61655,CatEye
61656,DogEye
61657,DogMouth
61658,CatFace
61659,CatFace
61660,CatFace
61661,CatNose
61662,DogMouth
61663,DogMouth
61664,DogEye
61665,DogNose
61666,CatNose
61667,DogNose
61668,CatEye
61669,CatEye
61670,DogNose
61671,CatEye
61672,CatEye
61673,CatMouth
61674,DogEye
61675,CatEye
61676,CatEye
61677,CatMouth
61678,DogFace
61679,CatFace
61680,CatNose
61681,DogEye
61682,DogFace
61683,CatMouth
61684,DogFace
61685,CatEye
61686,CatMouth
61687,CatFace
61688,DogNose
61689,DogMouth
61690,CatNose
61691,DogEye
61692,DogEye
61693,DogNose
61694,DogEye
61695,CatEye
61696,CatEye
61697,CatFace
61698,CatNose
61699,DogEye
61700,DogMouth
61701,CatNose
61702,DogEye
61703,CatFace
61704,CatMouth
61705,CatEye
61706,DogNose
61707,CatMouth
61708,CatEye
61709,CatEye
61710,CatEye
61711,CatFace
61712,CatNose
61713,CatMouth
61714,DogEye
61715,CatMouth
61716,DogEye
61717,DogFace
61718,CatEye
61719,CatEye
61720,DogEye
61721,CatFace
61722,CatFace
61723,CatMouth
61724,CatEye
61725,DogEye
61726,CatEye
61727,CatEye
61728,DogEye
61729,CatEye
61730,CatEye
61731,DogFace
61732,CatNose
61733,DogNose
61734,CatMouth
61735,DogMouth
61736,DogFace
61737,CatMouth
61738,CatNose
61739,CatFace
61740,CatNose
61741,DogEye
61742,CatEye
61743,CatEye
61744,CatEye
61745,DogNose
61746,DogNose
61747,CatMouth
61748,CatEye
61749,CatEye
61750,DogEye
61751,DogMouth
61752,DogNose
61753,CatNose
61754,DogEye
61755,CatEye
61756,CatNose
61757,CatFace
61758,DogEye
61759,CatEye
61760,DogMouth
61761,DogFace
61762,CatFace
61763,CatEye
61764,DogEye
61765,CatEye
61766,CatEye
61767,CatMouth
61768,DogMouth
61769,CatEye
61770,CatNose
61771,DogEye
61772,CatMouth
61773,DogEye
61774,DogNose
61775,CatNose
61776,CatNose
61777,CatFace
61778,DogEye
61779,CatMouth
61780,CatEye
61781,DogEye
61782,DogEye
61783,CatMouth
61784,DogEye
61785,CatNose
61786,CatMouth
61787,CatMouth
61788,DogNose
61789,CatEye
61790,DogEye
61791,CatMouth
61792,DogMouth
61793,CatNose
61794,CatMouth
61795,CatMouth
61796,DogMouth
61797,DogNose
61798,DogNose
61799,CatMouth
61800,DogEye
61801,DogEye
61802,DogEye
61803,CatNose
61804,CatEye
61805,CatFace
61806,CatNose
61807,CatEye
61808,DogFace
61809,DogNose
61810,CatMouth
61811,CatNose
61812,DogMouth
61813,DogEye
61814,CatMouth
61815,CatNose
61816,CatEye
61817,CatFace
61818,CatEye
61819,CatMouth
61820,DogNose
61821,CatFace
61822,CatEye
61823,DogNose
61824,CatEye
61825,DogFace
61826,DogEye
61827,DogEye
61828,CatFace
61829,DogEye
61830,CatEye
61831,CatMouth
61832,CatEye
61833,CatFace
61834,CatEye
61835,CatMouth
61836,CatFace
61837,CatFace
61838,CatMouth
61839,CatNose
61840,DogMouth
61841,DogEye
61842,CatEye
61843,DogFace
61844,CatMouth
61845,CatEye
61846,DogNose
61847,DogEye
61848,CatMouth
61849,DogNose
61850,DogEye
61851,DogNose
61852,CatFace
61853,DogNose
61854,CatNose
61855,CatMouth
61856,DogMouth
61857,DogNose
61858,DogFace
61859,DogNose
61860,CatFace
61861,CatNose
61862,CatNose
61863,DogEye
61864,CatMouth
61865,DogNose
61866,DogMouth
61867,CatMouth
61868,DogEye
61869,DogMouth
61870,CatEye
61871,CatEye
61872,CatMouth
61873,CatEye
61874,CatEye
61875,DogNose
61876,CatEye
61877,CatEye
61878,CatNose
61879,CatEye
61880,CatEye
61881,DogFace
61882,CatFace
61883,DogFace
61884,CatEye
61885,CatEye
61886,CatEye
61887,CatNose
61888,DogMouth
61889,CatNose
61890,CatEye
61891,DogMouth
61892,DogFace
61893,CatMouth
61894,CatFace
61895,CatNose
61896,DogEye
61897,CatFace
61898,CatEye
61899,DogEye
61900,CatEye
61901,CatNose
61902,CatFace
61903,CatNose
61904,DogMouth
61905,DogEye
61906,DogEye
61907,DogFace
61908,CatNose
61909,CatEye
61910,DogNose
61911,DogMouth
61912,CatEye
61913,CatNose
61914,CatEye
61915,CatEye
61916,CatEye
61917,DogFace
61918,DogMouth
61919,CatNose
61920,DogEye
61921,CatFace
61922,DogFace
61923,CatNose
61924,DogEye
61925,DogFace
61926,DogMouth
61927,CatEye
61928,CatMouth
61929,CatNose
61930,DogNose
61931,DogNose
61932,CatMouth
61933,DogMouth
61934,CatFace
61935,CatMouth
61936,CatEye
61937,DogNose
61938,DogNose
61939,CatFace
61940,CatEye
61941,CatMouth
61942,DogEye
61943,CatFace
61944,DogEye
61945,DogEye
61946,CatEye
61947,DogFace
61948,CatNose
61949,CatFace
61950,CatFace
61951,DogFace
61952,CatEye
61953,CatNose
61954,DogNose
61955,DogNose
61956,DogFace
61957,DogMouth
61958,DogNose
61959,CatFace
61960,DogFace
61961,CatEye
61962,DogMouth
61963,DogMouth
61964,DogNose
61965,DogFace
61966,DogEye
61967,CatMouth
61968,DogMouth
61969,CatMouth
61970,CatMouth
61971,DogNose
61972,CatFace
61973,CatNose
61974,CatMouth
61975,CatEye
61976,CatMouth
61977,DogMouth
61978,CatMouth
61979,CatEye
61980,CatEye
61981,CatFace
61982,CatNose
61983,DogEye
61984,CatNose
61985,CatFace
61986,DogMouth
61987,CatEye
61988,CatNose
61989,CatFace
61990,DogEye
61991,DogEye
61992,CatNose
61993,DogFace
61994,CatEye
61995,CatEye
61996,DogFace
61997,CatEye
61998,CatMouth
61999,CatNose
62000,CatMouth
62001,DogEye
62002,DogMouth
62003,DogFace
62004,CatMouth
62005,CatFace
62006,CatMouth
62007,DogEye
62008,DogNose
62009,DogMouth
62010,CatEye
62011,CatNose
62012,DogEye
62013,CatEye
62014,CatFace
62015,CatEye
62016,DogNose
62017,DogEye
62018,DogEye
62019,DogEye
62020,DogEye
62021,CatEye
62022,CatNose
62023,CatMouth
62024,CatFace
62025,DogMouth
62026,CatNose
62027,CatEye
62028,CatMouth
62029,DogEye
62030,DogEye
62031,CatFace
62032,DogMouth
62033,CatEye
62034,DogEye
62035,CatEye
62036,DogMouth
62037,CatMouth
62038,CatNose
62039,CatEye
62040,CatEye
62041,CatFace
62042,DogMouth
62043,DogMouth
62044,DogMouth
62045,CatEye
62046,DogFace
62047,CatEye
62048,CatMouth
62049,DogEye
62050,CatEye
62051,CatEye
62052,DogEye
62053,CatEye
62054,DogFace
62055,DogMouth
62056,DogEye
62057,CatEye
62058,DogNose
62059,DogEye
62060,DogNose
62061,CatEye
62062,CatFace
62063,DogFace
62064,CatNose
62065,CatEye
62066,DogEye
62067,DogNose
62068,CatEye
62069,DogFace
62070,DogFace
62071,DogEye
62072,DogFace
62073,DogNose
62074,CatMouth
62075,CatNose
62076,DogFace
62077,CatMouth
62078,CatEye
62079,CatFace
62080,CatEye
62081,CatEye
62082,DogMouth
62083,CatNose
62084,DogMouth
62085,CatNose
62086,CatFace
62087,DogEye
62088,CatEye
62089,CatFace
62090,CatFace
62091,DogMouth
62092,DogEye
62093,DogEye
62094,CatEye
62095,CatMouth
62096,DogEye
62097,CatEye
62098,DogMouth
62099,CatEye
62100,CatEye
62101,CatFace
62102,CatEye
62103,CatMouth
62104,CatMouth
62105,CatEye
62106,CatEye
62107,DogMouth
62108,DogMouth
62109,CatFace
62110,DogMouth
62111,CatMouth
62112,DogFace
62113,DogEye
62114,DogMouth
62115,CatFace
62116,CatMouth
62117,DogEye
62118,CatMouth
62119,DogMouth
62120,DogMouth
62121,DogEye
62122,DogFace
62123,CatEye
62124,CatFace
62125,CatEye
62126,DogNose
62127,CatEye
62128,DogNose
62129,CatFace
62130,DogEye
62131,CatFace
62132,DogNose
62133,CatEye
62134,CatFace
62135,CatEye
62136,CatEye
62137,CatEye
62138,DogNose
62139,CatNose
62140,CatEye
62141,CatFace
62142,CatFace
62143,CatMouth
62144,CatEye
62145,CatEye
62146,CatFace
62147,CatFace
62148,CatMouth
62149,CatMouth
62150,CatMouth
62151,DogNose
62152,CatFace
62153,CatFace
62154,CatMouth
62155,CatNose
62156,DogMouth
62157,CatEye
62158,DogEye
62159,DogFace
62160,CatEye
62161,DogMouth
62162,CatNose
62163,DogFace
62164,CatFace
62165,CatMouth
62166,DogFace
62167,CatFace
62168,DogEye
62169,DogEye
62170,CatMouth
62171,CatNose
62172,DogFace
62173,DogEye
62174,CatMouth
62175,CatNose
62176,DogEye
62177,DogNose
62178,DogEye
62179,DogMouth
62180,DogEye
62181,CatNose
62182,CatEye
62183,DogNose
62184,DogNose
62185,DogMouth
62186,CatFace
62187,CatFace
62188,DogNose
62189,DogMouth
62190,CatFace
62191,DogMouth
62192,DogMouth
62193,CatFace
62194,DogMouth
62195,DogEye
62196,DogNose
62197,CatEye
62198,CatEye
62199,DogEye
62200,CatEye
62201,CatNose
62202,CatMouth
62203,CatFace
62204,CatNose
62205,CatEye
62206,DogEye
62207,CatMouth
62208,CatEye
62209,CatEye
62210,DogNose
62211,CatEye
62212,CatFace
62213,CatFace
62214,DogFace
62215,DogFace
62216,CatEye
62217,DogEye
62218,CatEye
62219,CatEye
62220,CatEye
62221,CatNose
62222,CatNose
62223,CatFace
62224,DogNose
62225,DogNose
62226,CatNose
62227,CatNose
62228,CatNose
62229,CatEye
62230,DogEye
62231,CatMouth
62232,DogFace
62233,DogEye
62234,CatEye
62235,CatEye
62236,CatMouth
62237,CatFace
62238,CatFace
62239,CatFace
62240,CatFace
62241,DogMouth
62242,CatMouth
62243,DogNose
62244,CatEye
62245,DogEye
62246,CatMouth
62247,CatMouth
62248,DogEye
62249,CatEye
62250,CatMouth
62251,CatFace
62252,CatEye
62253,CatNose
62254,DogNose
62255,DogMouth
62256,CatEye
62257,CatMouth
62258,CatEye
62259,CatEye
62260,CatFace
62261,DogMouth
62262,CatEye
62263,DogFace
62264,CatEye
62265,DogEye
62266,CatEye
62267,CatNose
62268,CatEye
62269,DogFace
62270,CatNose
62271,DogMouth
62272,DogNose
62273,DogFace
62274,DogEye
62275,DogNose
62276,DogMouth
62277,CatEye
62278,DogNose
62279,CatMouth
62280,CatNose
62281,DogNose
62282,CatFace
62283,DogMouth
62284,CatEye
62285,CatMouth
62286,CatEye
62287,DogMouth
62288,DogFace
62289,DogEye
62290,CatNose
62291,DogEye
62292,DogMouth
62293,CatMouth
62294,CatMouth
62295,CatFace
62296,DogMouth
62297,DogNose
62298,CatEye
62299,DogEye
62300,CatFace
62301,CatNose
62302,CatEye
62303,CatNose
62304,DogNose
62305,CatFace
62306,DogMouth
62307,CatNose
62308,DogFace
62309,CatNose
62310,DogEye
62311,DogEye
62312,CatNose
62313,CatEye
62314,CatNose
62315,CatEye
62316,CatNose
62317,DogEye
62318,CatNose
62319,CatEye
62320,CatEye
62321,DogEye
62322,CatNose
62323,CatEye
62324,DogMouth
62325,CatMouth
62326,CatFace
62327,CatMouth
62328,CatFace
62329,DogEye
62330,CatEye
62331,DogFace
62332,DogFace
62333,DogEye
62334,DogEye
62335,DogMouth
62336,CatEye
62337,DogMouth
62338,DogMouth
62339,DogFace
62340,CatMouth
62341,CatNose
62342,CatNose
62343,DogMouth
62344,DogFace
62345,DogNose
62346,DogFace
62347,DogFace
62348,CatMouth
62349,DogFace
62350,DogEye
62351,CatEye
62352,CatEye
62353,CatMouth
62354,CatFace
62355,CatEye
62356,DogEye
62357,CatNose
62358,DogMouth
62359,DogFace
62360,CatEye
62361,CatEye
62362,DogMouth
62363,CatNose
62364,DogEye
62365,CatEye
62366,DogFace
62367,DogEye
62368,CatFace
62369,DogNose
62370,CatMouth
62371,CatNose
62372,DogEye
62373,DogEye
62374,CatNose
62375,CatFace
62376,CatEye
62377,CatEye
62378,DogFace
62379,CatFace
62380,CatEye
62381,CatMouth
62382,CatEye
62383,CatNose
62384,CatMouth
62385,DogEye
62386,CatFace
62387,DogMouth
62388,CatEye
62389,CatMouth
62390,DogEye
62391,CatMouth
62392,DogEye
62393,DogMouth
62394,CatEye
62395,CatEye
62396,CatMouth
62397,CatFace
62398,DogEye
62399,CatEye
62400,DogFace
62401,DogFace
62402,DogFace
62403,CatEye
62404,DogMouth
62405,DogNose
62406,CatFace
62407,CatNose
62408,CatEye
62409,CatNose
62410,CatNose
62411,CatMouth
62412,CatMouth
62413,CatNose
62414,CatEye
62415,DogEye
62416,DogNose
62417,DogMouth
62418,CatMouth
62419,CatMouth
62420,CatNose
62421,CatEye
62422,CatFace
62423,CatEye
62424,CatNose
62425,CatEye
62426,CatNose
62427,CatNose
62428,CatFace
62429,CatEye
62430,DogEye
62431,DogFace
62432,DogEye
62433,CatEye
62434,DogFace
62435,DogFace
62436,CatEye
62437,DogFace
62438,DogEye
62439,CatMouth
62440,CatFace
62441,CatMouth
62442,DogMouth
62443,DogEye
62444,CatMouth
62445,CatEye
62446,DogEye
62447,CatFace
62448,CatNose
62449,DogNose
62450,DogNose
62451,DogFace
62452,CatMouth
62453,DogEye
62454,DogMouth
62455,CatMouth
62456,DogNose
62457,DogNose
62458,DogNose
62459,DogMouth
62460,CatEye
62461,CatEye
62462,CatFace
62463,DogEye
62464,CatFace
62465,DogFace
62466,CatNose
62467,CatEye
62468,CatEye
62469,DogNose
62470,CatNose
62471,DogFace
62472,CatFace
62473,CatFace
62474,CatEye
62475,DogEye
62476,CatEye
62477,DogEye
62478,DogMouth
62479,CatNose
62480,CatEye
62481,CatNose
62482,CatEye
62483,DogMouth
62484,DogFace
62485,DogEye
62486,DogMouth
62487,DogEye
62488,DogEye
62489,DogEye
62490,DogEye
62491,CatEye
62492,CatEye
62493,CatMouth
62494,CatFace
62495,CatEye
62496,CatEye
62497,DogMouth
62498,DogNose
62499,CatFace
62500,CatEye
62501,DogEye
62502,DogFace
62503,CatEye
62504,CatFace
62505,DogNose
62506,CatEye
62507,CatMouth
62508,DogEye
62509,CatEye
62510,CatEye
62511,CatNose
62512,DogNose
62513,CatNose
62514,CatMouth
62515,CatEye
62516,DogNose
62517,DogMouth
62518,CatMouth
62519,DogEye
62520,DogFace
62521,DogFace
62522,DogEye
62523,DogMouth
62524,CatEye
62525,CatEye
62526,DogEye
62527,DogMouth
62528,DogFace
62529,DogNose
62530,CatMouth
62531,CatFace
62532,CatFace
62533,CatNose
62534,DogMouth
62535,CatFace
62536,DogFace
62537,DogEye
62538,CatEye
62539,CatFace
62540,DogEye
62541,DogFace
62542,CatNose
62543,DogEye
62544,DogEye
62545,DogFace
62546,DogEye
62547,CatEye
62548,CatMouth
62549,DogNose
62550,CatFace
62551,DogNose
62552,CatNose
62553,CatMouth
62554,CatMouth
62555,DogNose
62556,DogMouth
62557,CatEye
62558,DogFace
62559,CatMouth
62560,DogEye
62561,CatMouth
62562,CatNose
62563,CatEye
62564,DogFace
62565,CatFace
62566,CatEye
62567,CatEye
62568,CatMouth
62569,DogMouth
62570,CatNose
62571,DogNose
62572,CatMouth
62573,CatEye
62574,CatEye
62575,DogMouth
62576,DogEye
62577,CatMouth
62578,CatEye
62579,CatEye
62580,DogNose
62581,CatMouth
62582,CatEye
62583,CatEye
62584,CatFace
62585,DogEye
62586,CatMouth
62587,DogMouth
62588,CatEye
62589,DogEye
62590,DogEye
62591,CatMouth
62592,DogNose
62593,CatFace
62594,DogEye
62595,DogFace
62596,DogMouth
62597,CatNose
62598,CatEye
62599,DogEye
62600,DogEye
62601,CatNose
62602,CatEye
62603,CatEye
62604,DogNose
62605,CatFace
62606,CatMouth
62607,CatEye
62608,DogNose
62609,CatNose
62610,CatEye
62611,DogMouth
62612,CatFace
62613,CatEye
62614,CatMouth
62615,CatFace
62616,DogEye
62617,CatFace
62618,CatEye
62619,CatEye
62620,CatNose
62621,CatEye
62622,CatFace
62623,DogEye
62624,CatEye
62625,DogEye
62626,CatEye
62627,CatEye
62628,DogEye
62629,CatFace
62630,DogEye
62631,CatEye
62632,DogEye
62633,CatEye
62634,DogFace
62635,CatEye
62636,CatEye
62637,CatEye
62638,CatNose
62639,CatEye
62640,CatMouth
62641,CatNose
62642,DogFace
62643,DogEye
62644,DogMouth
62645,DogNose
62646,DogFace
62647,CatFace
62648,CatMouth
62649,CatNose
62650,CatEye
62651,CatEye
62652,DogFace
62653,DogEye
62654,CatNose
62655,CatEye
62656,CatFace
62657,CatEye
62658,DogEye
62659,CatNose
62660,CatEye
62661,CatNose
62662,DogMouth
62663,CatMouth
62664,DogEye
62665,CatEye
62666,DogEye
62667,CatMouth
62668,CatEye
62669,DogMouth
62670,DogMouth
62671,DogMouth
62672,CatNose
62673,CatEye
62674,CatMouth
62675,DogNose
62676,CatEye
62677,DogMouth
62678,DogEye
62679,DogNose
62680,CatFace
62681,DogNose
62682,CatFace
62683,CatEye
62684,CatMouth
62685,CatEye
62686,DogEye
62687,CatEye
62688,CatFace
62689,DogFace
62690,CatEye
62691,CatEye
62692,CatFace
62693,CatNose
62694,DogMouth
62695,DogFace
62696,CatEye
62697,CatNose
62698,CatNose
62699,DogFace
62700,DogEye
62701,DogFace
62702,CatEye
62703,DogMouth
62704,CatFace
62705,CatEye
62706,CatMouth
62707,CatFace
62708,DogEye
62709,CatEye
62710,CatNose
62711,CatMouth
62712,CatFace
62713,DogNose
62714,DogEye
62715,CatEye
62716,CatFace
62717,DogFace
62718,DogFace
62719,CatMouth
62720,CatEye
62721,DogMouth
62722,CatFace
62723,CatFace
62724,CatFace
62725,DogEye
62726,DogFace
62727,DogMouth
62728,CatEye
62729,CatNose
62730,CatMouth
62731,DogFace
62732,DogEye
62733,DogNose
62734,DogEye
62735,CatEye
62736,DogEye
62737,DogMouth
62738,CatEye
62739,CatNose
62740,DogNose
62741,CatNose
62742,DogMouth
62743,CatEye
62744,CatEye
62745,DogEye
62746,DogEye
62747,CatMouth
62748,DogEye
62749,CatEye
62750,CatEye
62751,CatNose
62752,CatNose
62753,CatFace
62754,CatEye
62755,DogMouth
62756,CatEye
62757,DogMouth
62758,DogFace
62759,CatFace
62760,CatFace
62761,DogMouth
62762,DogMouth
62763,CatFace
62764,DogNose
62765,CatFace
62766,DogNose
62767,CatEye
62768,DogNose
62769,CatMouth
62770,CatMouth
62771,DogFace
62772,DogFace
62773,CatFace
62774,CatMouth
62775,CatNose
62776,DogNose
62777,CatMouth
62778,CatEye
62779,DogEye
62780,DogNose
62781,DogEye
62782,DogFace
62783,CatEye
62784,CatEye
62785,CatMouth
62786,CatEye
62787,DogNose
62788,CatEye
62789,CatFace
62790,DogEye
62791,CatNose
62792,CatNose
62793,DogMouth
62794,DogNose
62795,DogMouth
62796,CatEye
62797,CatEye
62798,CatNose
62799,CatEye
62800,DogEye
62801,DogMouth
62802,CatEye
62803,CatNose
62804,DogEye
62805,DogEye
62806,CatFace
62807,CatMouth
62808,DogEye
62809,CatEye
62810,DogFace
62811,CatFace
62812,DogEye
62813,CatNose
62814,CatNose
62815,CatEye
62816,CatMouth
62817,CatNose
62818,CatEye
62819,DogEye
62820,DogEye
62821,CatNose
62822,DogEye
62823,DogFace
62824,CatEye
62825,CatFace
62826,DogNose
62827,CatEye
62828,DogEye
62829,CatFace
62830,CatMouth
62831,DogEye
62832,CatEye
62833,CatNose
62834,DogEye
62835,CatEye
62836,CatMouth
62837,DogFace
62838,DogFace
62839,CatEye
62840,CatFace
62841,DogEye
62842,CatMouth
62843,CatEye
62844,DogFace
62845,CatEye
62846,CatNose
62847,CatFace
62848,DogMouth
62849,CatEye
62850,DogEye
62851,CatEye
62852,CatEye
62853,DogEye
62854,CatEye
62855,DogEye
62856,DogEye
62857,DogMouth
62858,CatFace
62859,CatEye
62860,CatMouth
62861,DogEye
62862,CatMouth
62863,CatNose
62864,DogEye
62865,CatFace
62866,DogNose
62867,CatNose
62868,DogEye
62869,CatNose
62870,DogNose
62871,CatNose
62872,DogNose
62873,CatNose
62874,DogFace
62875,CatEye
62876,CatMouth
62877,CatEye
62878,DogFace
62879,CatEye
62880,DogNose
62881,CatNose
62882,DogEye
62883,DogFace
62884,DogFace
62885,CatNose
62886,DogEye
62887,DogEye
62888,CatFace
62889,DogEye
62890,CatEye
62891,DogNose
62892,DogEye
62893,CatMouth
62894,DogEye
62895,CatNose
62896,DogNose
62897,DogEye
62898,DogNose
62899,CatEye
62900,CatEye
62901,DogNose
62902,CatNose
62903,DogEye
62904,DogNose
62905,CatEye
62906,DogNose
62907,DogNose
62908,DogMouth
62909,CatEye
62910,CatEye
62911,CatFace
62912,DogEye
62913,CatEye
62914,CatFace
62915,CatMouth
62916,DogEye
62917,CatMouth
62918,DogMouth
62919,DogFace
62920,CatMouth
62921,CatEye
62922,DogNose
62923,CatFace
62924,CatNose
62925,CatEye
62926,CatEye
62927,CatNose
62928,CatNose
62929,CatEye
62930,CatEye
62931,DogEye
62932,CatEye
62933,CatMouth
62934,DogMouth
62935,CatEye
62936,CatEye
62937,CatMouth
62938,DogMouth
62939,DogFace
62940,DogEye
62941,DogEye
62942,DogFace
62943,CatFace
62944,DogFace
62945,DogNose
62946,CatNose
62947,CatEye
62948,CatEye
62949,DogMouth
62950,CatEye
62951,CatFace
62952,CatEye
62953,DogNose
62954,CatNose
62955,CatEye
62956,CatEye
62957,CatEye
62958,CatFace
62959,CatNose
62960,CatEye
62961,CatMouth
62962,CatNose
62963,DogMouth
62964,CatNose
62965,CatEye
62966,DogEye
62967,DogEye
62968,CatFace
62969,CatMouth
62970,DogEye
62971,DogEye
62972,CatEye
62973,DogEye
62974,DogFace
62975,CatNose
62976,CatFace
62977,CatEye
62978,CatNose
62979,CatFace
62980,CatFace
62981,DogFace
62982,DogNose
62983,CatMouth
62984,CatEye
62985,DogNose
62986,DogMouth
62987,CatEye
62988,DogMouth
62989,CatNose
62990,DogNose
62991,CatEye
62992,CatEye
62993,CatFace
62994,CatMouth
62995,CatFace
62996,DogEye
62997,DogNose
62998,CatEye
62999,CatMouth
63000,CatFace
63001,DogFace
63002,DogEye
63003,CatEye
63004,DogNose
63005,DogEye
63006,CatMouth
63007,DogEye
63008,CatFace
63009,CatMouth
63010,DogEye
63011,CatEye
63012,CatEye
63013,CatEye
63014,DogNose
63015,DogMouth
63016,DogFace
63017,CatEye
63018,CatNose
63019,DogEye
63020,DogFace
63021,DogEye
63022,DogNose
63023,DogFace
63024,DogEye
63025,CatEye
63026,CatEye
63027,DogEye
63028,CatEye
63029,DogNose
63030,CatMouth
63031,CatNose
63032,CatEye
63033,DogFace
63034,DogEye
63035,CatFace
63036,CatFace
63037,CatEye
63038,CatMouth
63039,CatEye
63040,CatEye
63041,DogMouth
63042,CatEye
63043,DogEye
63044,CatEye
63045,CatNose
63046,DogEye
63047,CatFace
63048,DogNose
63049,DogFace
63050,CatNose
63051,DogEye
63052,DogEye
63053,CatMouth
63054,CatNose
63055,CatEye
63056,CatEye
63057,CatFace
63058,DogNose
63059,DogEye
63060,CatFace
63061,CatMouth
63062,DogFace
63063,DogFace
63064,CatMouth
63065,DogNose
63066,DogMouth
63067,CatEye
63068,CatEye
63069,CatFace
63070,CatNose
63071,CatNose
63072,CatMouth
63073,DogEye
63074,DogEye
63075,CatEye
63076,DogMouth
63077,CatMouth
63078,CatEye
63079,DogMouth
63080,CatEye
63081,CatEye
63082,CatEye
63083,CatNose
63084,DogMouth
63085,DogNose
63086,DogEye
63087,DogNose
63088,DogMouth
63089,CatFace
63090,DogEye
63091,DogNose
63092,DogEye
63093,CatEye
63094,CatFace
63095,CatEye
63096,DogFace
63097,CatFace
63098,CatMouth
63099,CatFace
63100,DogEye
63101,CatNose
63102,DogMouth
63103,DogEye
63104,DogEye
63105,DogNose
63106,DogNose
63107,DogMouth
63108,DogMouth
63109,CatFace
63110,DogEye
63111,CatEye
63112,DogNose
63113,CatEye
63114,CatEye
63115,CatNose
63116,CatEye
63117,CatMouth
63118,DogMouth
63119,CatEye
63120,DogMouth
63121,CatEye
63122,DogEye
63123,DogNose
63124,DogEye
63125,DogFace
63126,DogMouth
63127,CatEye
63128,CatEye
63129,DogMouth
63130,CatNose
63131,DogFace
63132,CatFace
63133,CatEye
63134,CatNose
63135,CatNose
63136,CatEye
63137,DogNose
63138,CatEye
63139,CatMouth
63140,CatEye
63141,CatMouth
63142,DogFace
63143,CatMouth
63144,CatNose
63145,DogEye
63146,CatFace
63147,DogMouth
63148,DogMouth
63149,CatFace
63150,CatNose
63151,CatEye
63152,DogEye
63153,DogEye
63154,CatMouth
63155,CatMouth
63156,DogFace
63157,CatEye
63158,CatFace
63159,DogEye
63160,CatNose
63161,DogEye
63162,DogFace
63163,CatEye
63164,CatNose
63165,DogMouth
63166,DogFace
63167,CatMouth
63168,DogFace
63169,CatEye
63170,CatFace
63171,DogEye
63172,CatMouth
63173,DogFace
63174,CatFace
63175,CatNose
63176,DogNose
63177,DogEye
63178,DogEye
63179,CatEye
63180,DogEye
63181,CatFace
63182,CatNose
63183,CatNose
63184,DogMouth
63185,DogEye
63186,CatMouth
63187,DogEye
63188,DogFace
63189,CatEye
63190,CatEye
63191,CatEye
63192,CatMouth
63193,CatMouth
63194,CatNose
63195,DogMouth
63196,CatNose
63197,CatNose
63198,CatEye
63199,DogMouth
63200,CatEye
63201,CatEye
63202,DogEye
63203,CatNose
63204,DogEye
63205,CatNose
63206,CatEye
63207,DogNose
63208,CatNose
63209,CatFace
63210,CatEye
63211,CatEye
63212,CatMouth
63213,CatFace
63214,CatNose
63215,CatNose
63216,CatFace
63217,CatMouth
63218,DogNose
63219,CatMouth
63220,CatEye
63221,CatEye
63222,DogEye
63223,DogEye
63224,DogEye
63225,CatEye
63226,CatEye
63227,CatFace
63228,CatEye
63229,DogMouth
63230,CatEye
63231,DogMouth
63232,CatFace
63233,CatFace
63234,DogEye
63235,CatFace
63236,DogFace
63237,CatNose
63238,DogMouth
63239,DogEye
63240,CatMouth
63241,DogEye
63242,DogFace
63243,CatEye
63244,CatFace
63245,DogNose
63246,CatMouth
63247,DogEye
63248,CatMouth
63249,DogEye
63250,DogFace
63251,CatMouth
63252,DogFace
63253,DogEye
63254,CatNose
63255,CatEye
63256,CatFace
63257,CatEye
63258,CatMouth
63259,CatNose
63260,DogEye
63261,CatEye
63262,DogMouth
63263,DogEye
63264,CatMouth
63265,DogFace
63266,CatNose
63267,DogMouth
63268,CatEye
63269,DogEye
63270,DogEye
63271,CatFace
63272,DogNose
63273,DogEye
63274,CatMouth
63275,CatNose
63276,DogMouth
63277,CatEye
63278,CatFace
63279,DogEye
63280,CatEye
63281,DogEye
63282,DogNose
63283,CatMouth
63284,CatEye
63285,CatMouth
63286,DogNose
63287,CatEye
63288,CatEye
63289,CatEye
63290,DogEye
63291,CatEye
63292,CatMouth
63293,DogEye
63294,CatMouth
63295,CatEye
63296,CatEye
63297,CatFace
63298,DogEye
63299,CatNose
63300,CatEye
63301,DogMouth
63302,CatNose
63303,DogFace
63304,CatEye
63305,DogEye
63306,DogEye
63307,DogEye
63308,DogFace
63309,CatEye
63310,CatEye
63311,DogMouth
63312,DogFace
63313,CatNose
63314,CatMouth
63315,CatEye
63316,CatFace
63317,CatNose
63318,DogMouth
63319,DogEye
63320,DogEye
63321,DogFace
63322,CatNose
63323,CatEye
63324,DogMouth
63325,DogEye
63326,CatNose
63327,CatFace
63328,DogFace
63329,CatEye
63330,CatNose
63331,CatEye
63332,DogFace
63333,DogMouth
63334,CatFace
63335,CatNose
63336,CatFace
63337,DogEye
63338,DogNose
63339,CatEye
63340,DogEye
63341,DogEye
63342,CatEye
63343,DogEye
63344,DogEye
63345,CatEye
63346,CatMouth
63347,DogEye
63348,DogEye
63349,CatEye
63350,DogMouth
63351,CatEye
63352,DogEye
63353,DogNose
63354,CatEye
63355,CatFace
63356,DogFace
63357,CatEye
63358,DogMouth
63359,CatEye
63360,DogMouth
63361,DogNose
63362,CatFace
63363,DogFace
63364,DogFace
63365,DogNose
63366,DogFace
63367,CatFace
63368,DogNose
63369,CatMouth
63370,DogEye
63371,CatEye
63372,CatEye
63373,DogNose
63374,CatEye
63375,CatFace
63376,DogMouth
63377,CatEye
63378,CatEye
63379,DogFace
63380,DogMouth
63381,DogEye
63382,DogEye
63383,CatMouth
63384,CatMouth
63385,CatFace
63386,CatEye
63387,CatMouth
63388,DogEye
63389,DogEye
63390,CatEye
63391,DogMouth
63392,CatFace
63393,CatFace
63394,DogEye
63395,CatEye
63396,CatNose
63397,CatFace
63398,DogEye
63399,CatFace
63400,CatEye
63401,CatMouth
63402,CatEye
63403,DogMouth
63404,DogFace
63405,CatEye
63406,CatEye
63407,DogEye
63408,CatMouth
63409,DogEye
63410,CatMouth
63411,CatEye
63412,DogNose
63413,CatNose
63414,CatEye
63415,DogFace
63416,DogEye
63417,CatEye
63418,CatNose
63419,CatNose
63420,CatMouth
63421,DogNose
63422,CatEye
63423,CatNose
63424,DogEye
63425,CatMouth
63426,CatNose
63427,DogEye
63428,DogMouth
63429,CatMouth
63430,CatNose
63431,CatEye
63432,DogEye
63433,CatFace
63434,CatFace
63435,CatMouth
63436,DogMouth
63437,CatFace
63438,DogMouth
63439,DogFace
63440,DogNose
63441,CatFace
63442,CatNose
63443,CatEye
63444,DogFace
63445,CatMouth
63446,DogNose
63447,CatFace
63448,DogMouth
63449,CatFace
63450,CatEye
63451,DogFace
63452,DogEye
63453,CatEye
63454,CatFace
63455,CatNose
63456,CatNose
63457,CatNose
63458,CatNose
63459,CatFace
63460,CatEye
63461,DogEye
63462,DogMouth
63463,CatFace
63464,CatEye
63465,CatFace
63466,DogMouth
63467,CatMouth
63468,CatEye
63469,DogEye
63470,DogEye
63471,CatFace
63472,CatMouth
63473,CatEye
63474,DogFace
63475,DogEye
63476,DogMouth
63477,DogEye
63478,DogNose
63479,CatMouth
63480,CatFace
63481,CatEye
63482,DogMouth
63483,CatEye
63484,DogNose
63485,CatFace
63486,DogEye
63487,DogEye
63488,CatEye
63489,DogFace
63490,DogFace
63491,CatEye
63492,CatMouth
63493,CatNose
63494,DogEye
63495,DogFace
63496,CatFace
63497,CatEye
63498,CatFace
63499,CatFace
63500,CatEye
63501,DogNose
63502,DogEye
63503,CatNose
63504,CatEye
63505,DogFace
63506,DogEye
63507,CatFace
63508,CatEye
63509,CatFace
63510,DogEye
63511,DogMouth
63512,CatFace
63513,DogEye
63514,DogEye
63515,CatNose
63516,DogEye
63517,CatMouth
63518,CatMouth
63519,DogEye
63520,DogFace
63521,CatMouth
63522,DogFace
63523,CatEye
63524,DogNose
63525,CatNose
63526,DogMouth
63527,DogMouth
63528,CatEye
63529,CatMouth
63530,DogEye
63531,CatMouth
63532,DogMouth
63533,DogNose
63534,DogMouth
63535,CatNose
63536,CatEye
63537,DogMouth
63538,CatEye
63539,DogEye
63540,DogNose
63541,DogFace
63542,DogFace
63543,DogEye
63544,CatNose
63545,CatEye
63546,DogFace
63547,CatMouth
63548,CatNose
63549,DogEye
63550,DogFace
63551,CatEye
63552,DogEye
63553,CatNose
63554,DogMouth
63555,CatEye
63556,CatNose
63557,DogFace
63558,CatEye
63559,DogNose
63560,DogNose
63561,CatMouth
63562,DogEye
63563,CatEye
63564,DogEye
63565,CatNose
63566,DogNose
63567,DogNose
63568,DogEye
63569,CatEye
63570,CatMouth
63571,DogMouth
63572,CatEye
63573,DogNose
63574,CatEye
63575,CatEye
63576,DogEye
63577,CatNose
63578,DogMouth
63579,CatEye
63580,DogFace
63581,CatNose
63582,CatMouth
63583,CatEye
63584,CatFace
63585,DogNose
63586,CatMouth
63587,DogEye
63588,DogEye
63589,DogFace
63590,DogFace
63591,DogMouth
63592,CatFace
63593,CatFace
63594,CatEye
63595,CatFace
63596,CatEye
63597,DogMouth
63598,DogEye
63599,CatEye
63600,CatEye
63601,DogEye
63602,CatEye
63603,CatEye
63604,DogNose
63605,DogNose
63606,CatEye
63607,CatEye
63608,CatMouth
63609,CatMouth
63610,CatNose
63611,DogEye
63612,DogEye
63613,CatEye
63614,DogFace
63615,DogEye
63616,CatEye
63617,CatFace
63618,CatEye
63619,DogEye
63620,CatNose
63621,CatEye
63622,CatMouth
63623,DogEye
63624,CatEye
63625,CatMouth
63626,DogFace
63627,CatNose
63628,CatEye
63629,DogMouth
63630,CatMouth
63631,DogMouth
63632,CatFace
63633,CatFace
63634,CatFace
63635,DogEye
63636,CatNose
63637,DogEye
63638,DogEye
63639,CatEye
63640,CatEye
63641,DogEye
63642,CatNose
63643,CatEye
63644,DogFace
63645,CatEye
63646,CatMouth
63647,DogMouth
63648,CatMouth
63649,CatNose
63650,DogEye
63651,DogEye
63652,CatFace
63653,CatNose
63654,CatMouth
63655,CatMouth
63656,CatEye
63657,DogMouth
63658,DogEye
63659,DogMouth
63660,CatMouth
